scenario,as_of_date,sku_id,wh_id,region,category,brand,supplier_id,usable_units_s,lt_days_s,safety_stock_s,rop_s,forecast_demand_lt_s,projected_stock_after_lt_s,risk_level_s,recommended_action_s,reorder_qty_s
Base,2025-12-31,SKU0001,WH01,North,Home Care,SurfStyle,SUP5,259.0,6,53.97279269418089,168.96180368319187,117.111809,141.888191,No Risk,No Action,0.0
Base,2025-12-31,SKU0001,WH02,South,Home Care,SurfStyle,SUP5,13.0,6,56.23022745158588,175.57088679224523,112.715714,-99.715714,Critical Stockout Risk,Reorder Now,1269.821309648881
Base,2025-12-31,SKU0001,WH03,South,Home Care,SurfStyle,SUP5,310.0,6,55.00685850980463,169.33652883947494,99.890128,210.109872,No Risk,No Action,0.0
Base,2025-12-31,SKU0001,WH04,North,Home Care,SurfStyle,SUP5,435.0,6,57.475611056475785,172.99209457295927,106.171905,328.828095,No Risk,No Action,0.0
Base,2025-12-31,SKU0001,WH05,South,Home Care,SurfStyle,SUP5,219.0,6,58.64462182044602,179.50176467758888,111.137458,107.862542,No Risk,No Action,0.0
Base,2025-12-31,SKU0002,WH01,North,Personal Care,DailyEssentials,SUP13,54.0,7,14.381528230013132,43.996912845397745,26.4209542,27.5790458,No Risk,No Action,0.0
Base,2025-12-31,SKU0002,WH02,South,Personal Care,DailyEssentials,SUP13,50.0,7,15.171199027839624,45.017352873993474,23.4944794,26.5055206,No Risk,No Action,0.0
Base,2025-12-31,SKU0002,WH03,South,Personal Care,DailyEssentials,SUP13,77.0,7,17.20891953113404,49.90122722344174,32.7724916,44.2275084,No Risk,No Action,0.0
Base,2025-12-31,SKU0002,WH04,North,Personal Care,DailyEssentials,SUP13,4.0,7,15.41866410386483,45.49558718078791,27.5204021,-23.5204021,Critical Stockout Risk,Reorder Now,169.8040993538272
Base,2025-12-31,SKU0002,WH05,South,Personal Care,DailyEssentials,SUP13,94.0,7,15.79087923519265,46.79087923519265,28.7051105,65.2948895,No Risk,No Action,0.0
Base,2025-12-31,SKU0003,WH01,North,Personal Care,FreshFoods,SUP4,167.0,5,199.16112078449865,422.7874944108722,234.792664,-67.792664,Critical Stockout Risk,Reorder Now,1697.6919115043993
Base,2025-12-31,SKU0003,WH02,South,Personal Care,FreshFoods,SUP4,745.0,5,194.9299615129166,412.40248898544405,215.219445,529.780555,No Risk,No Action,0.0
Base,2025-12-31,SKU0003,WH03,South,Personal Care,FreshFoods,SUP4,1077.0,5,204.66116678825205,432.2435843706696,214.145105,862.8548949999999,No Risk,No Action,0.0
Base,2025-12-31,SKU0003,WH04,North,Personal Care,FreshFoods,SUP4,138.0,5,193.5400207045042,408.375185539669,212.68142,-74.68142,Critical Stockout Risk,Reorder Now,1663.98747730054
Base,2025-12-31,SKU0003,WH05,South,Personal Care,FreshFoods,SUP4,0.0,5,187.35070821156103,396.4715873324402,208.943503,-208.943503,Critical Stockout Risk,Reorder Now,1641.7085759840647
Base,2025-12-31,SKU0004,WH01,North,Home Care,GlowCare,SUP12,499.0,8,419.65611182940273,1060.3594085326995,622.347904,-123.34790399999997,Critical Stockout Risk,Reorder Now,2940.808012243158
Base,2025-12-31,SKU0004,WH02,South,Home Care,GlowCare,SUP12,407.0,8,432.7094644463414,1084.6655084023853,624.96431,-217.96430999999995,Critical Stockout Risk,Reorder Now,2966.520484119045
Base,2025-12-31,SKU0004,WH03,South,Home Care,GlowCare,SUP12,827.0,8,420.0718963777085,1063.3246436304557,717.177884,109.82211600000005,Reorder Soon,Reorder Soon,2946.653152334336
Base,2025-12-31,SKU0004,WH04,North,Home Care,GlowCare,SUP12,1549.0,8,416.0306874801052,1053.744973194391,650.679122,898.320878,No Risk,No Action,0.0
Base,2025-12-31,SKU0004,WH05,South,Home Care,GlowCare,SUP12,991.0,8,430.5179223826512,1087.5728674375962,691.82129,299.17871,Reorder Soon,Reorder Soon,2978.098361920666
Base,2025-12-31,SKU0005,WH01,North,Personal Care,GlowCare,SUP7,566.0,7,81.12279950818352,216.81510720049118,122.846707,443.153293,No Risk,No Action,0.0
Base,2025-12-31,SKU0005,WH02,South,Personal Care,GlowCare,SUP7,521.0,7,86.50165533333684,230.04011687179838,127.714357,393.285643,No Risk,No Action,0.0
Base,2025-12-31,SKU0005,WH03,South,Personal Care,GlowCare,SUP7,225.0,7,86.51876892466811,230.9803073862066,128.02702,96.97298,Reorder Soon,Reorder Soon,451.5416573406529
Base,2025-12-31,SKU0005,WH04,North,Personal Care,GlowCare,SUP7,245.0,7,86.76807976549547,230.30654130395703,134.193369,110.80663100000001,No Risk,No Action,0.0
Base,2025-12-31,SKU0005,WH05,South,Personal Care,GlowCare,SUP7,401.0,7,82.93658054185596,221.09042669570212,115.713127,285.286873,No Risk,No Action,0.0
Base,2025-12-31,SKU0006,WH01,North,Personal Care,DailyEssentials,SUP4,5.0,5,4.105356019601571,7.292169206414757,6.0110943,-1.0110943,Critical Stockout Risk,Reorder Now,143.66595219946964
Base,2025-12-31,SKU0006,WH02,South,Personal Care,DailyEssentials,SUP4,19.0,5,4.424026501822814,7.995455073251385,6.18695724,12.81304276,No Risk,No Action,0.0
Base,2025-12-31,SKU0006,WH03,South,Personal Care,DailyEssentials,SUP4,19.0,5,4.397281803628357,7.9137653201118745,6.3747678,12.6252322,No Risk,No Action,0.0
Base,2025-12-31,SKU0006,WH04,North,Personal Care,DailyEssentials,SUP4,3.0,5,3.528033446247561,6.440121358335473,6.1191627,-3.1191627000000004,Critical Stockout Risk,Reorder Now,137.3339127651988
Base,2025-12-31,SKU0006,WH05,South,Personal Care,DailyEssentials,SUP4,14.0,5,3.680450735537305,6.592538647625217,6.0358044,7.9641956,No Risk,No Action,0.0
Base,2025-12-31,SKU0007,WH01,North,Home Care,SurfStyle,SUP6,226.0,10,43.19561551895875,175.61319793654116,142.0834665,83.91653350000001,No Risk,No Action,0.0
Base,2025-12-31,SKU0007,WH02,South,Home Care,SurfStyle,SUP6,74.0,10,51.68060670326932,202.88939791206053,149.738739,-75.73873900000001,Critical Stockout Risk,Reorder Now,488.36223013744353
Base,2025-12-31,SKU0007,WH03,South,Home Care,SurfStyle,SUP6,20.0,10,46.217326611821136,184.78875518324972,136.723055,-116.72305499999999,Critical Stockout Risk,Reorder Now,467.5094507867445
Base,2025-12-31,SKU0007,WH04,North,Home Care,SurfStyle,SUP6,258.0,10,48.713484131175655,198.3838138015053,169.00227,88.99772999999999,No Risk,No Action,0.0
Base,2025-12-31,SKU0007,WH05,South,Home Care,SurfStyle,SUP6,29.0,10,46.65170358102039,189.8385167678336,133.83823,-104.83823000000001,Critical Stockout Risk,Reorder Now,475.2313246209383
Base,2025-12-31,SKU0008,WH01,North,Home Care,FreshFoods,SUP8,576.0,8,174.38268380299365,400.49257391288376,230.84263,345.15737,No Risk,No Action,0.0
Base,2025-12-31,SKU0008,WH02,South,Home Care,FreshFoods,SUP8,284.0,8,178.29480948111876,409.94316112947047,222.664567,61.335432999999995,Reorder Soon,Reorder Soon,584.2239050325663
Base,2025-12-31,SKU0008,WH03,South,Home Care,FreshFoods,SUP8,171.0,8,164.99373206966254,379.9387870147175,223.673647,-52.67364699999999,Critical Stockout Risk,Reorder Now,585.0926331685637
Base,2025-12-31,SKU0008,WH04,North,Home Care,FreshFoods,SUP8,499.0,8,170.69367969004887,392.75961375598297,218.97848,280.02152,No Risk,No Action,0.0
Base,2025-12-31,SKU0008,WH05,South,Home Care,FreshFoods,SUP8,821.0,8,172.77559560437842,397.83054065932345,227.208783,593.791217,No Risk,No Action,0.0
Base,2025-12-31,SKU0009,WH01,North,Personal Care,SurfStyle,SUP12,339.0,8,181.6161134021713,457.04468483074277,268.350266,70.64973400000002,Reorder Soon,Reorder Soon,618.2234917198974
Base,2025-12-31,SKU0009,WH02,South,Personal Care,SurfStyle,SUP12,745.0,8,194.7502193572105,490.48648309347413,291.317995,453.682005,No Risk,No Action,0.0
Base,2025-12-31,SKU0009,WH03,South,Personal Care,SurfStyle,SUP12,1425.0,8,194.10467184970184,488.52225426728427,297.006643,1127.993357,No Risk,No Action,0.0
Base,2025-12-31,SKU0009,WH04,North,Personal Care,SurfStyle,SUP12,308.0,8,198.20090125055287,497.89320894286055,283.542158,24.457842000000028,Reorder Soon,Reorder Soon,714.354747404399
Base,2025-12-31,SKU0009,WH05,South,Personal Care,SurfStyle,SUP12,0.0,8,192.2598515174437,481.4906207482129,260.603433,-260.603433,Critical Stockout Risk,Reorder Now,987.6444669020591
Base,2025-12-31,SKU0010,WH01,North,Home Care,SurfStyle,SUP10,51.0,9,28.59800166516912,92.58701265418011,60.4309292,-9.430929200000001,Critical Stockout Risk,Reorder Now,252.07909920969712
Base,2025-12-31,SKU0010,WH02,South,Home Care,SurfStyle,SUP10,107.0,9,28.36730158025889,91.3673015802589,64.1459237,42.8540763,No Risk,No Action,0.0
Base,2025-12-31,SKU0010,WH03,South,Home Care,SurfStyle,SUP10,88.0,9,28.453290651116035,91.74999394781933,50.7617779,37.2382221,Reorder Soon,Reorder Soon,250.7117480207257
Base,2025-12-31,SKU0010,WH04,North,Home Care,SurfStyle,SUP10,179.0,9,29.497835403034948,94.87146177666133,71.29357379999999,107.70642620000001,No Risk,No Action,0.0
Base,2025-12-31,SKU0010,WH05,South,Home Care,SurfStyle,SUP10,122.0,9,28.61487064121989,92.10937613572538,62.1174093,59.8825907,No Risk,No Action,0.0
Base,2025-12-31,SKU0011,WH01,North,Home Care,FreshFoods,SUP14,0.0,11,144.85669212078955,379.6039448680423,254.542094,-254.542094,Critical Stockout Risk,Reorder Now,678.3731756372731
Base,2025-12-31,SKU0011,WH02,South,Home Care,FreshFoods,SUP14,0.0,11,139.1304843566363,364.3282865544385,225.119125,-225.119125,Critical Stockout Risk,Reorder Now,650.943671169823
Base,2025-12-31,SKU0011,WH03,South,Home Care,FreshFoods,SUP14,334.0,11,144.31316768263935,378.93954130901295,254.653505,79.346495,Reorder Soon,Reorder Soon,431.861174093327
Base,2025-12-31,SKU0011,WH04,North,Home Care,FreshFoods,SUP14,0.0,11,141.15683418790852,372.2777133087876,224.139851,-224.139851,Critical Stockout Risk,Reorder Now,666.4315594626338
Base,2025-12-31,SKU0011,WH05,South,Home Care,FreshFoods,SUP14,355.0,11,149.56456826027642,393.8612715569797,252.360781,102.639219,Reorder Soon,Reorder Soon,440.67108027674834
Base,2025-12-31,SKU0012,WH01,North,Home Care,DailyEssentials,SUP14,142.0,11,44.95591600796118,150.48338853543368,111.229583,30.770416999999995,Reorder Soon,Reorder Soon,549.9761716529432
Base,2025-12-31,SKU0012,WH02,South,Home Care,DailyEssentials,SUP14,325.0,11,46.80432443932071,151.84828048327677,103.372742,221.62725799999998,No Risk,No Action,0.0
Base,2025-12-31,SKU0012,WH03,South,Home Care,DailyEssentials,SUP14,53.0,11,43.919523572861,144.0074356607731,105.838112,-52.838111999999995,Critical Stockout Risk,Reorder Now,535.6139999509431
Base,2025-12-31,SKU0012,WH04,North,Home Care,DailyEssentials,SUP14,157.0,11,45.65501662767287,150.45721442987067,115.2068885,41.793111499999995,No Risk,No Action,0.0
Base,2025-12-31,SKU0012,WH05,South,Home Care,DailyEssentials,SUP14,354.0,11,47.06990198290105,155.74023165323072,114.3924845,239.6075155,No Risk,No Action,0.0
Base,2025-12-31,SKU0013,WH01,North,Personal Care,FreshFoods,SUP12,21.0,8,43.06184124713819,98.71019289548984,59.8735872,-38.8735872,Critical Stockout Risk,Reorder Now,572.6703612726548
Base,2025-12-31,SKU0013,WH02,South,Personal Care,FreshFoods,SUP12,92.0,8,43.56445691075373,98.59742394372077,59.9878175,32.0121825,Reorder Soon,Reorder Soon,569.4951347982592
Base,2025-12-31,SKU0013,WH03,South,Personal Care,FreshFoods,SUP12,81.0,8,44.099952424774735,100.01204033686264,49.1069257,31.893074300000002,Reorder Soon,Reorder Soon,574.0257959764609
Base,2025-12-31,SKU0013,WH04,North,Personal Care,FreshFoods,SUP12,158.0,8,46.48792464836206,104.86155102198842,62.8492065,95.15079349999999,No Risk,No Action,0.0
Base,2025-12-31,SKU0013,WH05,South,Personal Care,FreshFoods,SUP12,213.0,8,44.86261182501504,101.47799644039965,51.8851824,161.1148176,No Risk,No Action,0.0
Base,2025-12-31,SKU0014,WH01,North,Personal Care,DailyEssentials,SUP10,27.0,9,15.623983536575272,46.87673078932253,30.8028449,-3.8028449,Critical Stockout Risk,Reorder Now,143.4279240771751
Base,2025-12-31,SKU0014,WH02,South,Personal Care,DailyEssentials,SUP10,68.0,9,16.116714412287106,49.644186939759635,30.1126649,37.8873351,No Risk,No Action,0.0
Base,2025-12-31,SKU0014,WH03,South,Personal Care,DailyEssentials,SUP10,42.0,9,16.675019531592014,51.19150304807553,31.006685,10.993314999999999,Reorder Soon,Reorder Soon,150.7311056486007
Base,2025-12-31,SKU0014,WH04,North,Personal Care,DailyEssentials,SUP10,47.0,9,17.53829001734585,54.527301006356836,28.6421818,18.3578182,Reorder Soon,Reorder Soon,156.03641815155223
Base,2025-12-31,SKU0014,WH05,South,Personal Care,DailyEssentials,SUP10,73.0,9,15.517202632208477,47.462257577263415,28.7480999,44.2519001,No Risk,No Action,0.0
Base,2025-12-31,SKU0015,WH01,North,Personal Care,FreshFoods,SUP5,8.0,6,14.3921275111439,33.710808829825226,18.6886312,-10.6886312,Critical Stockout Risk,Reorder Now,289.4280254832235
Base,2025-12-31,SKU0015,WH02,South,Personal Care,FreshFoods,SUP5,58.0,6,13.122988501936751,29.6724390513873,16.5689484,41.4310516,No Risk,No Action,0.0
Base,2025-12-31,SKU0015,WH03,South,Personal Care,FreshFoods,SUP5,54.0,6,13.740470536235302,30.68552548129025,16.4265084,37.5734916,No Risk,No Action,0.0
Base,2025-12-31,SKU0015,WH04,North,Personal Care,FreshFoods,SUP5,31.0,6,12.5986123779552,29.082128861471688,16.0259751,14.9740249,No Risk,No Action,0.0
Base,2025-12-31,SKU0015,WH05,South,Personal Care,FreshFoods,SUP5,4.0,6,14.193532118070666,32.721004645543196,16.721062500000002,-12.721062500000002,Critical Stockout Risk,Reorder Now,283.4392117730701
Base,2025-12-31,SKU0016,WH01,North,Personal Care,DailyEssentials,SUP7,835.0,7,266.38301296787995,662.8445514294185,400.417984,434.582016,No Risk,No Action,0.0
Base,2025-12-31,SKU0016,WH02,South,Personal Care,DailyEssentials,SUP7,277.0,7,277.0062359723256,686.390851356941,407.7437,-130.7437,Critical Stockout Risk,Reorder Now,2294.5316781231686
Base,2025-12-31,SKU0016,WH03,South,Personal Care,DailyEssentials,SUP7,844.0,7,280.28520949130046,695.9775171836081,401.985795,442.014205,No Risk,No Action,0.0
Base,2025-12-31,SKU0016,WH04,North,Personal Care,DailyEssentials,SUP7,852.0,7,270.61096599852425,670.7648121523705,440.503471,411.496529,No Risk,No Action,0.0
Base,2025-12-31,SKU0016,WH05,South,Personal Care,DailyEssentials,SUP7,855.0,7,261.4932116922403,648.8009039999326,406.619534,448.380466,No Risk,No Action,0.0
Base,2025-12-31,SKU0017,WH01,North,Personal Care,FreshFoods,SUP2,9.0,8,34.9983126619505,104.7125983762362,63.8039743,-54.8039743,Critical Stockout Risk,Reorder Now,483.3089232666823
Base,2025-12-31,SKU0017,WH02,South,Personal Care,FreshFoods,SUP2,52.0,8,38.621076135500246,118.2694277838519,74.131933,-22.131933000000004,Critical Stockout Risk,Reorder Now,516.5975220964924
Base,2025-12-31,SKU0017,WH03,South,Personal Care,FreshFoods,SUP2,257.0,8,37.44525312833536,111.02767071075291,66.8529925,190.1470075,No Risk,No Action,0.0
Base,2025-12-31,SKU0017,WH04,North,Personal Care,FreshFoods,SUP2,94.0,8,36.43092652257428,108.51883861048638,70.7740525,23.225947500000004,Reorder Soon,Reorder Soon,491.46788723017465
Base,2025-12-31,SKU0017,WH05,South,Personal Care,FreshFoods,SUP2,60.0,8,38.20278152121803,113.89508921352572,77.030073,-17.030073,Critical Stockout Risk,Reorder Now,503.6047243497784
Base,2025-12-31,SKU0018,WH01,North,Personal Care,SurfStyle,SUP6,29.0,10,89.64046250337013,282.1679350308426,199.345188,-170.345188,Critical Stockout Risk,Reorder Now,522.706396569304
Base,2025-12-31,SKU0018,WH02,South,Personal Care,SurfStyle,SUP6,503.0,10,95.63363694380122,300.02924133940564,199.650671,303.349329,No Risk,No Action,0.0
Base,2025-12-31,SKU0018,WH03,South,Personal Care,SurfStyle,SUP6,335.0,10,87.44041388165583,277.6601941014361,201.05223,133.94777,No Risk,No Action,0.0
Base,2025-12-31,SKU0018,WH04,North,Personal Care,SurfStyle,SUP6,242.0,10,91.8153945114078,289.3978120938254,195.84775,46.15225000000001,Reorder Soon,Reorder Soon,423.1953056216117
Base,2025-12-31,SKU0018,WH05,South,Personal Care,SurfStyle,SUP6,499.0,10,89.38516409973333,286.41813113270035,199.480133,299.519867,No Risk,No Action,0.0
Base,2025-12-31,SKU0019,WH01,North,Home Care,DailyEssentials,SUP14,154.0,11,143.0975958971784,408.9107827103652,248.429892,-94.429892,Critical Stockout Risk,Reorder Now,613.8671342654806
Base,2025-12-31,SKU0019,WH02,South,Home Care,DailyEssentials,SUP14,585.0,11,149.15571556775373,426.5732979853361,283.983504,301.016496,No Risk,No Action,0.0
Base,2025-12-31,SKU0019,WH03,South,Home Care,DailyEssentials,SUP14,243.0,11,137.8175943601727,391.4219899645683,234.774361,8.225639000000001,Reorder Soon,Reorder Soon,599.6039837547439
Base,2025-12-31,SKU0019,WH04,North,Home Care,DailyEssentials,SUP14,1093.0,11,145.63245601091384,412.89619227465005,268.122895,824.877105,No Risk,No Action,0.0
Base,2025-12-31,SKU0019,WH05,South,Home Care,DailyEssentials,SUP14,520.0,11,143.64319682152947,411.51132868966135,280.98833,239.01166999999998,No Risk,No Action,0.0
Base,2025-12-31,SKU0020,WH01,North,Home Care,GlowCare,SUP7,153.0,7,61.058839031138376,162.75114672344608,101.102242,51.897757999999996,Reorder Soon,Reorder Soon,428.7286373587704
Base,2025-12-31,SKU0020,WH02,South,Home Care,GlowCare,SUP7,162.0,7,61.1780448860765,161.10112180915343,88.0670605,73.9329395,No Risk,No Action,0.0
Base,2025-12-31,SKU0020,WH03,South,Home Care,GlowCare,SUP7,7.0,7,62.3393214985632,165.18547534471705,100.738698,-93.738698,Critical Stockout Risk,Reorder Now,431.154049717565
Base,2025-12-31,SKU0020,WH04,North,Home Care,GlowCare,SUP7,154.0,7,61.765782981586526,163.07347528927883,88.306952,65.693048,Reorder Soon,Reorder Soon,427.9171116692951
Base,2025-12-31,SKU0020,WH05,South,Home Care,GlowCare,SUP7,190.0,7,64.0707875308461,170.0707875308461,104.701681,85.298319,No Risk,No Action,0.0
Base,2025-12-31,SKU0021,WH01,North,Personal Care,FreshFoods,SUP2,87.0,8,17.026860307574196,52.543343824057715,40.2360218,46.7639782,No Risk,No Action,0.0
Base,2025-12-31,SKU0021,WH02,South,Personal Care,FreshFoods,SUP2,25.0,8,17.897720734718607,51.21640205339993,23.5693796,1.4306203999999987,Reorder Soon,Reorder Soon,213.6708658693748
Base,2025-12-31,SKU0021,WH03,South,Personal Care,FreshFoods,SUP2,51.0,8,15.793736817959756,47.96956099378393,30.7298604,20.2701396,No Risk,No Action,0.0
Base,2025-12-31,SKU0021,WH04,North,Personal Care,FreshFoods,SUP2,59.0,8,15.882753738242268,48.84978670527522,29.863266,29.136734,No Risk,No Action,0.0
Base,2025-12-31,SKU0021,WH05,South,Personal Care,FreshFoods,SUP2,0.0,8,16.3588798428748,49.0621765461715,35.1434734,-35.1434734,Critical Stockout Risk,Reorder Now,211.68845579907992
Base,2025-12-31,SKU0022,WH01,North,Personal Care,GlowCare,SUP10,23.0,9,21.97600538494186,71.22875263768911,46.0725416,-23.0725416,Critical Stockout Risk,Reorder Now,146.95137282318638
Base,2025-12-31,SKU0022,WH02,South,Personal Care,GlowCare,SUP10,111.0,9,22.003732361764754,70.06966642769882,50.7087182,60.2912818,No Risk,No Action,0.0
Base,2025-12-31,SKU0022,WH03,South,Personal Care,GlowCare,SUP10,9.0,9,21.978923656682294,70.24265992041856,45.2672217,-36.2672217,Critical Stockout Risk,Reorder Now,145.4684754185271
Base,2025-12-31,SKU0022,WH04,North,Personal Care,GlowCare,SUP10,40.0,9,21.96679269500604,70.7250344532478,50.7398551,-10.7398551,Critical Stockout Risk,Reorder Now,146.21180409804424
Base,2025-12-31,SKU0022,WH05,South,Personal Care,GlowCare,SUP10,63.0,9,20.80999554990604,67.09570983562034,43.5199707,19.480029299999998,Reorder Soon,Reorder Soon,142.45637954312062
Base,2025-12-31,SKU0023,WH01,North,Personal Care,SurfStyle,SUP15,101.0,6,41.7328234831255,95.79875754905957,56.405747000000005,44.594252999999995,No Risk,No Action,0.0
Base,2025-12-31,SKU0023,WH02,South,Personal Care,SurfStyle,SUP15,0.0,6,44.05423325383941,100.42785962746579,57.31574,-57.31574,Critical Stockout Risk,Reorder Now,474.111421461812
Base,2025-12-31,SKU0023,WH03,South,Personal Care,SurfStyle,SUP15,135.0,6,43.74538608462505,99.7893421285811,55.053269,79.946731,No Risk,No Action,0.0
Base,2025-12-31,SKU0023,WH04,North,Personal Care,SurfStyle,SUP15,230.0,6,43.04275762813448,99.35044993582679,60.548918,169.45108199999999,No Risk,No Action,0.0
Base,2025-12-31,SKU0023,WH05,South,Personal Care,SurfStyle,SUP15,223.0,6,41.44899847694806,94.72372375167333,53.28687,169.71313,No Risk,No Action,0.0
Base,2025-12-31,SKU0024,WH01,North,Personal Care,DailyEssentials,SUP14,604.0,11,146.0237793903494,413.8919112584813,270.977666,333.022334,No Risk,No Action,0.0
Base,2025-12-31,SKU0024,WH02,South,Personal Care,DailyEssentials,SUP14,497.0,11,148.74254810253285,420.59969095967574,276.561898,220.43810200000001,No Risk,No Action,0.0
Base,2025-12-31,SKU0024,WH03,South,Personal Care,DailyEssentials,SUP14,511.0,11,144.42389139113322,405.52279249003436,234.264675,276.735325,No Risk,No Action,0.0
Base,2025-12-31,SKU0024,WH04,North,Personal Care,DailyEssentials,SUP14,0.0,11,149.3893218295665,427.77393721418184,269.883911,-269.883911,Critical Stockout Risk,Reorder Now,782.0816295218741
Base,2025-12-31,SKU0024,WH05,South,Personal Care,DailyEssentials,SUP14,420.0,11,151.52787651748974,434.0223820119952,278.56622,141.43378,Reorder Soon,Reorder Soon,714.2674450218785
Base,2025-12-31,SKU0025,WH01,North,Personal Care,DailyEssentials,SUP5,119.0,6,88.12123256323119,215.4399138819125,125.91346,-6.913460000000001,Critical Stockout Risk,Reorder Now,549.6742999535295
Base,2025-12-31,SKU0025,WH02,South,Personal Care,DailyEssentials,SUP5,296.0,6,89.27050992499238,219.95182860631107,116.543479,179.456521,No Risk,No Action,0.0
Base,2025-12-31,SKU0025,WH03,South,Personal Care,DailyEssentials,SUP5,278.0,6,90.65372489459952,222.45592269679733,124.743089,153.256911,No Risk,No Action,0.0
Base,2025-12-31,SKU0025,WH04,North,Personal Care,DailyEssentials,SUP5,35.0,6,89.29187887026396,219.5116590900442,134.494711,-99.494711,Critical Stockout Risk,Reorder Now,555.9014989356825
Base,2025-12-31,SKU0025,WH05,South,Personal Care,DailyEssentials,SUP5,292.0,6,92.93971265833306,226.06059177921216,129.15919300000002,162.84080699999998,No Risk,No Action,0.0
Base,2025-12-31,SKU0026,WH01,North,Personal Care,FreshFoods,SUP7,519.0,7,183.07962814681437,493.3873204545067,317.258154,201.741846,No Risk,No Action,0.0
Base,2025-12-31,SKU0026,WH02,South,Personal Care,FreshFoods,SUP7,176.0,7,177.3922381638055,477.77685354842083,299.682907,-123.682907,Critical Stockout Risk,Reorder Now,902.5460843176518
Base,2025-12-31,SKU0026,WH03,South,Personal Care,FreshFoods,SUP7,430.0,7,178.12038744449342,483.50500282910883,286.51394500000004,143.48605499999996,Reorder Soon,Reorder Soon,764.5592572672509
Base,2025-12-31,SKU0026,WH04,North,Personal Care,FreshFoods,SUP7,1074.0,7,186.0195847130456,501.94266163612247,304.742066,769.257934,No Risk,No Action,0.0
Base,2025-12-31,SKU0026,WH05,South,Personal Care,FreshFoods,SUP7,137.0,7,179.7060053702676,487.3213899856522,317.90947,-180.90947,Critical Stockout Risk,Reorder Now,965.5521592164214
Base,2025-12-31,SKU0027,WH01,North,Personal Care,GlowCare,SUP8,310.0,8,102.76033237397804,234.62846424210989,123.6093815,186.39061850000002,No Risk,No Action,0.0
Base,2025-12-31,SKU0027,WH02,South,Personal Care,GlowCare,SUP8,134.0,8,103.56018057141873,237.88985090108906,125.356647,8.643353000000005,Reorder Soon,Reorder Soon,647.4396255659343
Base,2025-12-31,SKU0027,WH03,South,Personal Care,GlowCare,SUP8,239.0,8,103.31551887918884,235.447387011057,129.427587,109.57241300000001,No Risk,No Action,0.0
Base,2025-12-31,SKU0027,WH04,North,Personal Care,GlowCare,SUP8,237.0,8,97.75054827656729,223.8164823425014,127.437648,109.562352,No Risk,No Action,0.0
Base,2025-12-31,SKU0027,WH05,South,Personal Care,GlowCare,SUP8,240.0,8,97.3766404192718,222.73927778190915,116.577058,123.422942,No Risk,No Action,0.0
Base,2025-12-31,SKU0028,WH01,North,Home Care,DailyEssentials,SUP4,83.0,5,34.6898095311195,72.16233700364697,36.8475737,46.1524263,No Risk,No Action,0.0
Base,2025-12-31,SKU0028,WH02,South,Home Care,DailyEssentials,SUP4,33.0,5,35.406953201074245,73.97838177250281,39.0234375,-6.0234375,Critical Stockout Risk,Reorder Now,862.4434901164859
Base,2025-12-31,SKU0028,WH03,South,Home Care,DailyEssentials,SUP4,0.0,5,34.52341212933024,71.61132421724233,40.9639445,-40.9639445,Critical Stockout Risk,Reorder Now,845.6954202836592
Base,2025-12-31,SKU0028,WH04,North,Home Care,DailyEssentials,SUP4,80.0,5,35.30709439244351,73.4939075792567,42.043363,37.956637,No Risk,No Action,0.0
Base,2025-12-31,SKU0028,WH05,South,Home Care,DailyEssentials,SUP4,41.0,5,33.42188618326894,69.90540266678542,38.5508419,2.4491580999999982,Reorder Soon,Reorder Soon,838.7762637646658
Base,2025-12-31,SKU0029,WH01,North,Home Care,FreshFoods,SUP5,68.0,6,35.98047037563418,93.87058026574405,59.217313,8.782687000000003,Reorder Soon,Reorder Soon,278.27833429391967
Base,2025-12-31,SKU0029,WH02,South,Home Care,FreshFoods,SUP5,94.0,6,37.79807615006074,99.31455966654426,58.092026,35.907974,Reorder Soon,Reorder Soon,286.86195841650425
Base,2025-12-31,SKU0029,WH03,South,Home Care,FreshFoods,SUP5,82.0,6,33.57974094015794,87.97534533576234,55.365379,26.634621000000003,Reorder Soon,Reorder Soon,269.74854538496584
Base,2025-12-31,SKU0029,WH04,North,Home Care,FreshFoods,SUP5,95.0,6,37.398254516525306,96.54111165938245,58.68574,36.31426,Reorder Soon,Reorder Soon,281.2732029601643
Base,2025-12-31,SKU0029,WH05,South,Home Care,FreshFoods,SUP5,183.0,6,34.95057147284974,91.52200004427831,57.376999,125.623001,No Risk,No Action,0.0
Base,2025-12-31,SKU0030,WH01,North,Home Care,GlowCare,SUP4,158.0,5,62.02595897088151,149.44354138846393,87.042652,70.957348,No Risk,No Action,0.0
Base,2025-12-31,SKU0030,WH02,South,Home Care,GlowCare,SUP4,540.0,5,58.662567045430215,142.61861100147416,86.127904,453.872096,No Risk,No Action,0.0
Base,2025-12-31,SKU0030,WH03,South,Home Care,GlowCare,SUP4,196.0,5,61.548412077138,149.9550054837314,88.42702,107.57298,No Risk,No Action,0.0
Base,2025-12-31,SKU0030,WH04,North,Home Care,GlowCare,SUP4,156.0,5,60.71480317822207,147.30820977162864,86.656421,69.343579,No Risk,No Action,0.0
Base,2025-12-31,SKU0030,WH05,South,Home Care,GlowCare,SUP4,280.0,5,62.33669214710651,150.4136152240296,85.637459,194.362541,No Risk,No Action,0.0
Base,2025-12-31,SKU0031,WH01,North,Home Care,GlowCare,SUP15,42.0,6,41.31349930887747,94.98382897920715,46.7608959,-4.760895900000001,Critical Stockout Risk,Reorder Now,263.4529023932485
Base,2025-12-31,SKU0031,WH02,South,Home Care,GlowCare,SUP15,26.0,6,43.78014533714818,100.54937610637896,59.87379,-33.87379,Critical Stockout Risk,Reorder Now,270.95199979739795
Base,2025-12-31,SKU0031,WH03,South,Home Care,GlowCare,SUP15,21.0,6,41.44107034632595,94.71579562105123,51.69161,-30.691609999999997,Critical Stockout Risk,Reorder Now,262.4801498936209
Base,2025-12-31,SKU0031,WH04,North,Home Care,GlowCare,SUP15,157.0,6,41.79202968977648,95.33049122823802,55.035022,101.964978,No Risk,No Action,0.0
Base,2025-12-31,SKU0031,WH05,South,Home Care,GlowCare,SUP15,244.0,6,39.05589954921612,89.69326218657876,49.769421,194.230579,No Risk,No Action,0.0
Base,2025-12-31,SKU0032,WH01,North,Home Care,SurfStyle,SUP12,25.0,8,47.172300541186445,117.23823460712052,75.1215515,-50.121551499999995,Critical Stockout Risk,Reorder Now,623.9465462145906
Base,2025-12-31,SKU0032,WH02,South,Home Care,SurfStyle,SUP12,165.0,8,47.925625693440736,119.22232899014404,73.8417725,91.1582275,No Risk,No Action,0.0
Base,2025-12-31,SKU0032,WH03,South,Home Care,SurfStyle,SUP12,0.0,8,47.23468847374936,117.74018297924387,74.675353,-74.675353,Critical Stockout Risk,Reorder Now,625.9006585660575
Base,2025-12-31,SKU0032,WH04,North,Home Care,SurfStyle,SUP12,187.0,8,47.998865255571296,119.20765646436251,78.2942125,108.7057875,No Risk,No Action,0.0
Base,2025-12-31,SKU0032,WH05,South,Home Care,SurfStyle,SUP12,106.0,8,45.96982793649781,113.92587189254176,74.8798045,31.120195499999994,Reorder Soon,Reorder Soon,614.4803101838473
Base,2025-12-31,SKU0033,WH01,North,Foods & Refreshment,SurfStyle,SUP13,57.0,7,18.49257817575788,46.492578175757885,24.1853998,32.8146002,No Risk,No Action,0.0
Base,2025-12-31,SKU0033,WH02,South,Foods & Refreshment,SurfStyle,SUP13,62.0,7,19.656189965880955,50.96388227357326,30.4784477,31.5215523,No Risk,No Action,0.0
Base,2025-12-31,SKU0033,WH03,South,Foods & Refreshment,SurfStyle,SUP13,171.0,7,18.491214647366984,46.645060801213134,30.1035045,140.89649550000001,No Risk,No Action,0.0
Base,2025-12-31,SKU0033,WH04,North,Foods & Refreshment,SurfStyle,SUP13,34.0,7,20.284991766601543,51.05422253583232,29.9079543,4.0920457,Reorder Soon,Reorder Soon,343.27584655859874
Base,2025-12-31,SKU0033,WH05,South,Foods & Refreshment,SurfStyle,SUP13,136.0,7,18.19174315753392,46.268666234457,29.7759165,106.2240835,No Risk,No Action,0.0
Base,2025-12-31,SKU0034,WH01,North,Home Care,FreshFoods,SUP13,9.0,7,24.57141484858667,63.72526100243282,37.2882094,-28.2882094,Critical Stockout Risk,Reorder Now,161.85428767831303
Base,2025-12-31,SKU0034,WH02,South,Home Care,FreshFoods,SUP13,127.0,7,25.5845356984969,65.96915108311228,38.2021103,88.7978897,No Risk,No Action,0.0
Base,2025-12-31,SKU0034,WH03,South,Home Care,FreshFoods,SUP13,79.0,7,24.639717215565994,64.17817875402753,35.0770654,43.9229346,No Risk,No Action,0.0
Base,2025-12-31,SKU0034,WH04,North,Home Care,FreshFoods,SUP13,220.0,7,25.80706657722112,68.03783580799035,35.0602145,184.9397855,No Risk,No Action,0.0
Base,2025-12-31,SKU0034,WH05,South,Home Care,FreshFoods,SUP13,132.0,7,23.709404395152543,61.40171208746024,36.7752766,95.2247234,No Risk,No Action,0.0
Base,2025-12-31,SKU0035,WH01,North,Home Care,DailyEssentials,SUP15,64.0,6,23.73324519434808,54.12884958995247,25.6844836,38.3155164,No Risk,No Action,0.0
Base,2025-12-31,SKU0035,WH02,South,Home Care,DailyEssentials,SUP15,52.0,6,23.70203241829171,53.76796648422578,26.0639259,25.9360741,Reorder Soon,Reorder Soon,507.61598098166
Base,2025-12-31,SKU0035,WH03,South,Home Care,DailyEssentials,SUP15,100.0,6,24.218553319129345,54.74602584660187,29.3400107,70.6599893,No Risk,No Action,0.0
Base,2025-12-31,SKU0035,WH04,North,Home Care,DailyEssentials,SUP15,19.0,6,23.34835259184613,52.68901193250547,26.384525,-7.384525,Critical Stockout Risk,Reorder Now,501.4560442899555
Base,2025-12-31,SKU0035,WH05,South,Home Care,DailyEssentials,SUP15,63.0,6,22.60625959995559,50.69417168786768,25.2092416,37.7907584,No Risk,No Action,0.0
Base,2025-12-31,SKU0036,WH01,North,Home Care,SurfStyle,SUP2,0.0,8,19.393745665734837,60.09704236903154,36.7010302,-36.7010302,Critical Stockout Risk,Reorder Now,413.7459986529043
Base,2025-12-31,SKU0036,WH02,South,Home Care,SurfStyle,SUP2,21.0,8,17.717169384661364,54.112773780265755,34.0014408,-13.001440799999997,Critical Stockout Risk,Reorder Now,391.2402085944427
Base,2025-12-31,SKU0036,WH03,South,Home Care,SurfStyle,SUP2,75.0,8,17.37229667835536,55.35031865637734,35.249882400000004,39.750117599999996,No Risk,No Action,0.0
Base,2025-12-31,SKU0036,WH04,North,Home Care,SurfStyle,SUP2,20.0,8,18.32613110939043,56.3920651753245,35.403369,-15.403368999999998,Critical Stockout Risk,Reorder Now,400.1172354028658
Base,2025-12-31,SKU0036,WH05,South,Home Care,SurfStyle,SUP2,34.0,8,17.438586227058103,57.350674139146015,38.8572612,-4.8572612000000035,Critical Stockout Risk,Reorder Now,409.7049750745432
Base,2025-12-31,SKU0037,WH01,North,Home Care,DailyEssentials,SUP14,8.0,11,5.954778435076454,13.449283929581949,10.19262868,-2.1926286800000003,Critical Stockout Risk,Reorder Now,87.18123100349935
Base,2025-12-31,SKU0037,WH02,South,Home Care,DailyEssentials,SUP14,6.0,11,4.680522316840183,9.757445393763259,9.18302877,-3.18302877,Critical Stockout Risk,Reorder Now,71.7549386464873
Base,2025-12-31,SKU0037,WH03,South,Home Care,DailyEssentials,SUP14,16.0,11,5.19661704361855,11.361452208453716,7.88088056,8.11911944,No Risk,No Action,0.0
Base,2025-12-31,SKU0037,WH04,North,Home Care,DailyEssentials,SUP14,28.0,11,4.626536787388847,10.42873458958665,8.87506681,19.12493319,No Risk,No Action,0.0
Base,2025-12-31,SKU0037,WH05,South,Home Care,DailyEssentials,SUP14,8.0,11,5.888931566818584,12.899920577807595,8.6720115,-0.6720115,Critical Stockout Risk,Reorder Now,84.32204857248574
Base,2025-12-31,SKU0038,WH01,North,Personal Care,DailyEssentials,SUP1,512.0,10,75.65104505494223,228.83785824175544,149.211358,362.788642,No Risk,No Action,0.0
Base,2025-12-31,SKU0038,WH02,South,Personal Care,DailyEssentials,SUP1,174.0,10,77.13702522529847,235.81834390661714,164.641874,9.358125999999999,Reorder Soon,Reorder Soon,470.4095406362346
Base,2025-12-31,SKU0038,WH03,South,Personal Care,DailyEssentials,SUP1,266.0,10,82.05740482846457,249.74971252077228,151.4601515,114.5398485,No Risk,No Action,0.0
Base,2025-12-31,SKU0038,WH04,North,Personal Care,DailyEssentials,SUP1,485.0,10,78.1277749282973,242.96293976346212,156.703747,328.296253,No Risk,No Action,0.0
Base,2025-12-31,SKU0038,WH05,South,Personal Care,DailyEssentials,SUP1,266.0,10,79.28963594246002,244.12480077762484,157.786869,108.213131,No Risk,No Action,0.0
Base,2025-12-31,SKU0039,WH01,North,Personal Care,GlowCare,SUP8,31.0,8,49.85350629733874,113.15020959404204,66.4783745,-35.4783745,Critical Stockout Risk,Reorder Now,636.876685985118
Base,2025-12-31,SKU0039,WH02,South,Personal Care,GlowCare,SUP8,133.0,8,50.66809829279575,115.10765873235619,62.2222317,70.77776829999999,No Risk,No Action,0.0
Base,2025-12-31,SKU0039,WH03,South,Personal Care,GlowCare,SUP8,0.0,8,46.525676163445,105.95424759201643,60.4806579,-60.4806579,Critical Stockout Risk,Reorder Now,617.109810697255
Base,2025-12-31,SKU0039,WH04,North,Personal Care,GlowCare,SUP8,0.0,8,49.245540637340326,111.75103514283484,54.5139483,-54.5139483,Critical Stockout Risk,Reorder Now,632.8836893434641
Base,2025-12-31,SKU0039,WH05,South,Personal Care,GlowCare,SUP8,81.0,8,48.50533032353157,110.7470885652898,56.8279182,24.1720818,Reorder Soon,Reorder Soon,631.5470802710306
Base,2025-12-31,SKU0040,WH01,North,Personal Care,FreshFoods,SUP9,0.0,8,40.50371044008412,85.33887527524895,37.5005876,-37.5005876,Critical Stockout Risk,Reorder Now,376.1960993851925
Base,2025-12-31,SKU0040,WH02,South,Personal Care,FreshFoods,SUP9,94.0,8,37.45870463639645,78.77738595507776,43.1902207,50.8097793,No Risk,No Action,0.0
Base,2025-12-31,SKU0040,WH03,South,Personal Care,FreshFoods,SUP9,196.0,8,40.30088782990346,86.27890980792543,42.8638678,153.1361322,No Risk,No Action,0.0
Base,2025-12-31,SKU0040,WH04,North,Personal Care,FreshFoods,SUP9,15.0,8,41.78356956558546,88.99236077437666,46.2216395,-31.221639500000002,Critical Stockout Risk,Reorder Now,386.0258100901714
Base,2025-12-31,SKU0040,WH05,South,Personal Care,FreshFoods,SUP9,122.0,8,42.66783481117975,90.75574689909183,41.628991,80.371009,No Risk,No Action,0.0
Base,2025-12-31,SKU0041,WH01,North,Personal Care,SurfStyle,SUP6,0.0,10,6.639145571396051,14.551233483483962,9.74254975,-9.74254975,Critical Stockout Risk,Reorder Now,96.09928114095251
Base,2025-12-31,SKU0041,WH02,South,Personal Care,SurfStyle,SUP6,8.0,10,6.215843036860085,14.677381498398546,9.22498028,-1.2249802800000005,Critical Stockout Risk,Reorder Now,99.38005971446206
Base,2025-12-31,SKU0041,WH03,South,Personal Care,SurfStyle,SUP6,23.0,10,6.727607041740157,16.617716931850048,8.49540226,14.50459774,No Risk,No Action,0.0
Base,2025-12-31,SKU0041,WH04,North,Personal Care,SurfStyle,SUP6,6.0,10,5.905259496090676,14.25690784773903,8.64109942,-2.6410994199999998,Critical Stockout Risk,Reorder Now,98.73262572342338
Base,2025-12-31,SKU0041,WH05,South,Personal Care,SurfStyle,SUP6,16.0,10,6.776314684636495,15.127963036284847,9.53988263,6.460117370000001,No Risk,No Action,0.0
Base,2025-12-31,SKU0042,WH01,North,Home Care,DailyEssentials,SUP3,250.0,6,69.49592014963632,186.26515091886708,116.772537,133.227463,No Risk,No Action,0.0
Base,2025-12-31,SKU0042,WH02,South,Home Care,DailyEssentials,SUP3,246.0,6,75.46899174958891,202.45800273859987,131.33092,114.66908000000001,No Risk,No Action,0.0
Base,2025-12-31,SKU0042,WH03,South,Home Care,DailyEssentials,SUP3,126.0,6,71.25250865223856,188.3514097511397,115.262135,10.737865,Reorder Soon,Reorder Soon,335.582178981909
Base,2025-12-31,SKU0042,WH04,North,Home Care,DailyEssentials,SUP3,90.0,6,75.73654170114352,202.198080162682,131.85844,-41.85844,Critical Stockout Risk,Reorder Now,407.2750032396051
Base,2025-12-31,SKU0042,WH05,South,Home Care,DailyEssentials,SUP3,352.0,6,74.82788531042986,200.76195124449578,117.172453,234.82754699999998,No Risk,No Action,0.0
Base,2025-12-31,SKU0043,WH01,North,Personal Care,FreshFoods,SUP3,25.0,6,9.102487977461523,21.498092373065923,13.7006819,11.2993181,No Risk,No Action,0.0
Base,2025-12-31,SKU0043,WH02,South,Personal Care,FreshFoods,SUP3,53.0,6,9.261555205713634,21.723093667252098,13.0734567,39.9265433,No Risk,No Action,0.0
Base,2025-12-31,SKU0043,WH03,South,Personal Care,FreshFoods,SUP3,18.0,6,9.85653318860809,22.84554417761908,15.9488905,2.051109500000001,Reorder Soon,Reorder Soon,191.8937471193001
Base,2025-12-31,SKU0043,WH04,North,Personal Care,FreshFoods,SUP3,17.0,6,8.63219217686402,20.038785583457425,13.7903403,3.2096596999999996,Reorder Soon,Reorder Soon,179.82528692026216
Base,2025-12-31,SKU0043,WH05,South,Personal Care,FreshFoods,SUP3,17.0,6,9.954907028075716,23.339522412691103,12.6495743,4.350425700000001,Reorder Soon,Reorder Soon,194.79406889165975
Base,2025-12-31,SKU0044,WH01,North,Home Care,GlowCare,SUP13,78.0,7,13.725385853645614,33.956155084414846,18.9346214,59.0653786,No Risk,No Action,0.0
Base,2025-12-31,SKU0044,WH02,South,Home Care,GlowCare,SUP13,102.0,7,12.654864652010009,31.577941575086932,18.4104678,83.58953220000001,No Risk,No Action,0.0
Base,2025-12-31,SKU0044,WH03,South,Home Care,GlowCare,SUP13,58.0,7,12.823242540585223,32.36170407904676,19.0430724,38.9569276,No Risk,No Action,0.0
Base,2025-12-31,SKU0044,WH04,North,Home Care,GlowCare,SUP13,10.0,7,12.749584734549902,31.749584734549902,19.7408894,-9.7408894,Critical Stockout Risk,Reorder Now,381.7680646471083
Base,2025-12-31,SKU0044,WH05,South,Home Care,GlowCare,SUP13,50.0,7,14.51268372266308,35.20499141497078,17.0679969,32.9320031,No Risk,No Action,0.0
Base,2025-12-31,SKU0045,WH01,North,Home Care,SurfStyle,SUP5,759.0,6,187.4947674269215,461.6486135807677,283.878959,475.121041,No Risk,No Action,0.0
Base,2025-12-31,SKU0045,WH02,South,Home Care,SurfStyle,SUP5,179.0,6,185.61667680693185,458.51777570803074,277.482626,-98.48262599999998,Critical Stockout Risk,Reorder Now,1592.4070494768666
Base,2025-12-31,SKU0045,WH03,South,Home Care,SurfStyle,SUP5,795.0,6,180.3834791974172,444.5153473292853,271.049064,523.950936,No Risk,No Action,0.0
Base,2025-12-31,SKU0045,WH04,North,Home Care,SurfStyle,SUP5,494.0,6,182.0709268830884,449.6313664435279,266.566087,227.43391300000002,No Risk,No Action,0.0
Base,2025-12-31,SKU0045,WH05,South,Home Care,SurfStyle,SUP5,694.0,6,187.9209346075161,464.18467087125237,285.893802,408.106198,No Risk,No Action,0.0
Base,2025-12-31,SKU0046,WH01,North,Home Care,DailyEssentials,SUP5,431.0,6,157.88394422960363,422.5432848889443,255.515151,175.484849,No Risk,No Action,0.0
Base,2025-12-31,SKU0046,WH02,South,Home Care,DailyEssentials,SUP5,680.0,6,152.82918394936104,410.10390922408635,251.10294,428.89706,No Risk,No Action,0.0
Base,2025-12-31,SKU0046,WH03,South,Home Care,DailyEssentials,SUP5,458.0,6,152.87399048488606,412.7201443310399,251.69642,206.30358,No Risk,No Action,0.0
Base,2025-12-31,SKU0046,WH04,North,Home Care,DailyEssentials,SUP5,809.0,6,162.20479572888553,432.60040012448997,256.439167,552.560833,No Risk,No Action,0.0
Base,2025-12-31,SKU0046,WH05,South,Home Care,DailyEssentials,SUP5,571.0,6,158.51871463009428,424.23300034438,266.712273,304.287727,No Risk,No Action,0.0
Base,2025-12-31,SKU0047,WH01,North,Personal Care,GlowCare,SUP14,62.0,11,18.811093531321628,44.074829795057894,26.3106964,35.6893036,No Risk,No Action,0.0
Base,2025-12-31,SKU0047,WH02,South,Personal Care,GlowCare,SUP14,41.0,11,21.167388899907085,52.83771857023676,27.7845177,13.215482300000001,Reorder Soon,Reorder Soon,434.4099886668092
Base,2025-12-31,SKU0047,WH03,South,Personal Care,GlowCare,SUP14,50.0,11,22.089838575466345,53.76016824579602,28.0091658,21.9908342,Reorder Soon,Reorder Soon,434.4099886668092
Base,2025-12-31,SKU0047,WH04,North,Personal Care,GlowCare,SUP14,7.0,11,19.982646526132157,48.51011905360468,28.8234934,-21.8234934,Critical Stockout Risk,Reorder Now,412.292237883738
Base,2025-12-31,SKU0047,WH05,South,Personal Care,GlowCare,SUP14,55.0,11,18.68603729018818,45.279443883594766,27.8189737,27.1810263,No Risk,No Action,0.0
Base,2025-12-31,SKU0048,WH01,North,Personal Care,DailyEssentials,SUP3,6.0,6,4.00429107079813,8.158137224644284,5.94043058,0.05956941999999987,Reorder Soon,Reorder Soon,68.02268234014429
Base,2025-12-31,SKU0048,WH02,South,Personal Care,DailyEssentials,SUP3,8.0,6,4.1584810071336165,7.916722765375375,6.6325533,1.3674467000000003,No Risk,No Action,0.0
Base,2025-12-31,SKU0048,WH03,South,Personal Care,DailyEssentials,SUP3,9.0,6,3.136325930361513,5.839622633658216,6.6207986,2.3792014000000004,No Risk,No Action,0.0
Base,2025-12-31,SKU0048,WH04,North,Personal Care,DailyEssentials,SUP3,9.0,6,3.173644366334249,6.338479531169414,6.48884386,2.5111561399999998,No Risk,No Action,0.0
Base,2025-12-31,SKU0048,WH05,South,Personal Care,DailyEssentials,SUP3,7.0,6,3.2049605429385286,6.303861641839628,6.6374759,0.3625240999999999,No Risk,No Action,0.0
Base,2025-12-31,SKU0049,WH01,North,Home Care,FreshFoods,SUP14,132.0,11,54.34313921356787,151.7717106421393,89.7368304,42.2631696,Reorder Soon,Reorder Soon,904.0059498949544
Base,2025-12-31,SKU0049,WH02,South,Home Care,FreshFoods,SUP14,112.0,11,59.70312270267448,168.61521061476236,104.024755,7.975245000000001,Reorder Soon,Reorder Soon,955.7981013238428
Base,2025-12-31,SKU0049,WH03,South,Home Care,FreshFoods,SUP14,147.0,11,57.91056269527644,160.7786945634083,96.770345,50.229654999999994,Reorder Soon,Reorder Soon,928.8991126711333
Base,2025-12-31,SKU0049,WH04,North,Home Care,FreshFoods,SUP14,234.0,11,60.65469365366186,171.13821013717833,107.5260455,126.4739545,No Risk,No Action,0.0
Base,2025-12-31,SKU0049,WH05,South,Home Care,FreshFoods,SUP14,148.0,11,59.74529586131369,167.08595520197306,106.149557,41.850443,Reorder Soon,Reorder Soon,948.8777232927706
Base,2025-12-31,SKU0050,WH01,North,Personal Care,DailyEssentials,SUP14,457.0,11,101.21379142390995,286.5214837316023,187.180766,269.819234,No Risk,No Action,0.0
Base,2025-12-31,SKU0050,WH02,South,Personal Care,DailyEssentials,SUP14,226.0,11,101.37130540911966,287.1625142003285,185.974465,40.02553499999999,Reorder Soon,Reorder Soon,496.93271791940185
Base,2025-12-31,SKU0050,WH03,South,Personal Care,DailyEssentials,SUP14,309.0,11,100.64459663445248,281.23800322785905,171.2060765,137.7939235,No Risk,No Action,0.0
Base,2025-12-31,SKU0050,WH04,North,Personal Care,DailyEssentials,SUP14,515.0,11,90.32453166790948,256.7750811184589,164.6841065,350.3158935,No Risk,No Action,0.0
Base,2025-12-31,SKU0050,WH05,South,Personal Care,DailyEssentials,SUP14,370.0,11,100.03476576337336,281.35344708205463,169.141134,200.858866,No Risk,No Action,0.0
Base,2025-12-31,SKU0051,WH01,North,Home Care,DailyEssentials,SUP9,34.0,8,5.555212996921266,10.82993827164654,7.6657182,26.3342818,No Risk,No Action,0.0
Base,2025-12-31,SKU0051,WH02,South,Home Care,DailyEssentials,SUP9,33.0,8,6.514994930748935,13.108401524155529,8.21918568,24.780814319999998,No Risk,No Action,0.0
Base,2025-12-31,SKU0051,WH03,South,Home Care,DailyEssentials,SUP9,5.0,8,4.948176836559141,9.519605407987711,7.679382439999999,-2.6793824399999986,Critical Stockout Risk,Reorder Now,93.23989781006836
Base,2025-12-31,SKU0051,WH04,North,Home Care,DailyEssentials,SUP9,16.0,8,5.476882040167528,10.663695226980714,7.78202515,8.217974850000001,No Risk,No Action,0.0
Base,2025-12-31,SKU0051,WH05,South,Home Care,DailyEssentials,SUP9,13.0,8,4.194183338278293,7.886491030585985,7.89019658,5.10980342,No Risk,No Action,0.0
Base,2025-12-31,SKU0052,WH01,North,Personal Care,SurfStyle,SUP3,84.0,6,91.5681593527308,243.61211539668682,145.949983,-61.949983,Critical Stockout Risk,Reorder Now,658.4120732910022
Base,2025-12-31,SKU0052,WH02,South,Personal Care,SurfStyle,SUP3,66.0,6,85.31914482763868,227.34112284961674,144.231487,-78.23148699999999,Critical Stockout Risk,Reorder Now,636.3425792602188
Base,2025-12-31,SKU0052,WH03,South,Personal Care,SurfStyle,SUP3,487.0,6,86.8560206025335,232.63624038275327,136.355822,350.644178,No Risk,No Action,0.0
Base,2025-12-31,SKU0052,WH04,North,Personal Care,SurfStyle,SUP3,105.0,6,89.42825724769489,238.37331219274984,147.929679,-42.92967899999999,Critical Stockout Risk,Reorder Now,651.6677813969806
Base,2025-12-31,SKU0052,WH05,South,Personal Care,SurfStyle,SUP3,55.0,6,89.25831090508879,238.13743178420967,147.735768,-92.73576800000001,Critical Stockout Risk,Reorder Now,651.5235273207479
Base,2025-12-31,SKU0053,WH01,North,Home Care,GlowCare,SUP3,15.0,6,11.204370646233206,27.885689327551887,16.8057571,-1.805757100000001,Critical Stockout Risk,Reorder Now,435.20775773742326
Base,2025-12-31,SKU0053,WH02,South,Home Care,GlowCare,SUP3,1.0,6,11.275374789847552,27.429220943693707,17.2185882,-16.2185882,Critical Stockout Risk,Reorder Now,428.2717319994184
Base,2025-12-31,SKU0053,WH03,South,Home Care,GlowCare,SUP3,20.0,6,12.317959300996987,28.999277982315668,14.0499881,5.9500119,Reorder Soon,Reorder Soon,435.20775773742326
Base,2025-12-31,SKU0053,WH04,North,Home Care,GlowCare,SUP3,39.0,6,11.925906653685525,28.805027532806406,18.3016988,20.6983012,No Risk,No Action,0.0
Base,2025-12-31,SKU0053,WH05,South,Home Care,GlowCare,SUP3,9.0,6,11.17377052224626,26.668276016751754,14.1666293,-5.1666293,Critical Stockout Risk,Reorder Now,419.4404385290765
Base,2025-12-31,SKU0054,WH01,North,Home Care,GlowCare,SUP5,119.0,6,56.628068170627685,138.97971652227602,84.4446925,34.5553075,Reorder Soon,Reorder Soon,302.4602843041647
Base,2025-12-31,SKU0054,WH02,South,Home Care,GlowCare,SUP5,47.0,6,56.28297131946118,137.64560868209855,74.736008,-27.736007999999998,Critical Stockout Risk,Reorder Now,300.6385836280624
Base,2025-12-31,SKU0054,WH03,South,Home Care,GlowCare,SUP5,232.0,6,56.51687052630512,136.8904968999315,88.059655,143.94034499999998,No Risk,No Action,0.0
Base,2025-12-31,SKU0054,WH04,North,Home Care,GlowCare,SUP5,314.0,6,58.35214996716512,143.3411609561761,81.3499365,232.6500635,No Risk,No Action,0.0
Base,2025-12-31,SKU0054,WH05,South,Home Care,GlowCare,SUP5,163.0,6,57.812843087198026,139.9007551751101,67.790058,95.209942,No Risk,No Action,0.0
Base,2025-12-31,SKU0055,WH01,North,Home Care,GlowCare,SUP9,353.0,8,95.07791942986393,257.97901833096284,153.246994,199.753006,No Risk,No Action,0.0
Base,2025-12-31,SKU0055,WH02,South,Home Care,GlowCare,SUP9,579.0,8,88.77965895604225,239.8126259890093,145.630367,433.369633,No Risk,No Action,0.0
Base,2025-12-31,SKU0055,WH03,South,Home Care,GlowCare,SUP9,0.0,8,86.80077692614597,234.93264505801415,144.646361,-144.646361,Critical Stockout Risk,Reorder Now,689.205874842948
Base,2025-12-31,SKU0055,WH04,North,Home Care,GlowCare,SUP9,337.0,8,93.55569860140116,251.7974568431594,138.718984,198.281016,No Risk,No Action,0.0
Base,2025-12-31,SKU0055,WH05,South,Home Care,GlowCare,SUP9,138.0,8,91.69652682905664,248.5316916642215,166.244939,-28.244938999999988,Critical Stockout Risk,Reorder Now,709.1636116988292
Base,2025-12-31,SKU0056,WH01,North,Personal Care,SurfStyle,SUP3,9.0,6,3.903361765545613,7.5956694578533055,6.6374759,2.3625241,No Risk,No Action,0.0
Base,2025-12-31,SKU0056,WH02,South,Personal Care,SurfStyle,SUP3,4.0,6,4.097795564195514,8.317575783975734,7.00839874,-3.0083987399999996,Critical Stockout Risk,Reorder Now,105.38329625246752
Base,2025-12-31,SKU0056,WH03,South,Personal Care,SurfStyle,SUP3,0.0,6,4.522790864481289,9.20410954579997,8.0910056,-8.0910056,Critical Stockout Risk,Reorder Now,110.99692972678832
Base,2025-12-31,SKU0056,WH04,North,Personal Care,SurfStyle,SUP3,12.0,6,4.521399209848195,9.400520088969074,7.09147857,4.90852143,No Risk,No Action,0.0
Base,2025-12-31,SKU0056,WH05,South,Personal Care,SurfStyle,SUP3,5.0,6,4.13757830320981,8.555160720792227,7.99760775,-2.9976077500000002,Critical Stockout Risk,Reorder Now,107.82493201114886
Base,2025-12-31,SKU0057,WH01,North,Home Care,FreshFoods,SUP7,107.0,7,20.416972956717498,61.80158834133289,38.9364354,68.0635646,No Risk,No Action,0.0
Base,2025-12-31,SKU0057,WH02,South,Home Care,FreshFoods,SUP7,40.0,7,19.76158585820483,59.14620124282021,39.6242307,0.37576930000000175,Reorder Soon,Reorder Soon,622.6911456728811
Base,2025-12-31,SKU0057,WH03,South,Home Care,FreshFoods,SUP7,52.0,7,20.52491223585429,62.832604543546594,36.0265957,15.973404299999999,Reorder Soon,Reorder Soon,645.3852782729634
Base,2025-12-31,SKU0057,WH04,North,Home Care,FreshFoods,SUP7,150.0,7,19.941369059872027,61.09521521371819,38.3211772,111.6788228,No Risk,No Action,0.0
Base,2025-12-31,SKU0057,WH05,South,Home Care,FreshFoods,SUP7,113.0,7,19.954219429077813,60.10806558292397,37.6232384,75.37676160000001,No Risk,No Action,0.0
Base,2025-12-31,SKU0058,WH01,North,Home Care,SurfStyle,SUP2,513.0,8,89.65013785518933,312.9468411518926,203.089849,309.91015100000004,No Risk,No Action,0.0
Base,2025-12-31,SKU0058,WH02,South,Home Care,SurfStyle,SUP2,295.0,8,89.7990819940465,313.6232578182223,211.510335,83.489665,Reorder Soon,Reorder Soon,1315.3449120098117
Base,2025-12-31,SKU0058,WH03,South,Home Care,SurfStyle,SUP2,759.0,8,86.81922043831689,306.42361604271247,219.503898,539.4961020000001,No Risk,No Action,0.0
Base,2025-12-31,SKU0058,WH04,North,Home Care,SurfStyle,SUP2,57.0,8,96.34504816597511,332.30109212201904,231.990605,-174.990605,Critical Stockout Risk,Reorder Now,1350.5221307923116
Base,2025-12-31,SKU0058,WH05,South,Home Care,SurfStyle,SUP2,325.0,8,93.11788701475344,326.70030459717105,236.205163,88.794837,Reorder Soon,Reorder Soon,1343.7120962586514
Base,2025-12-31,SKU0059,WH01,North,Home Care,FreshFoods,SUP9,493.0,8,103.11835197870232,278.76670362705397,168.391161,324.608839,No Risk,No Action,0.0
Base,2025-12-31,SKU0059,WH02,South,Home Care,FreshFoods,SUP9,650.0,8,103.54121469621062,279.3653905203864,188.525693,461.474307,No Risk,No Action,0.0
Base,2025-12-31,SKU0059,WH03,South,Home Care,FreshFoods,SUP9,531.0,8,102.54785298559015,275.383017820755,158.521548,372.478452,No Risk,No Action,0.0
Base,2025-12-31,SKU0059,WH04,North,Home Care,FreshFoods,SUP9,274.0,8,102.6923399591767,279.21981248664923,176.446258,97.553742,Reorder Soon,Reorder Soon,465.27537604128696
Base,2025-12-31,SKU0059,WH05,South,Home Care,FreshFoods,SUP9,346.0,8,105.42388360921724,286.25904844438213,179.767562,166.232438,No Risk,No Action,0.0
Base,2025-12-31,SKU0060,WH01,North,Foods & Refreshment,FreshFoods,SUP1,208.0,10,58.30218576863453,161.48899895544773,106.014441,101.985559,No Risk,No Action,0.0
Base,2025-12-31,SKU0060,WH02,South,Foods & Refreshment,FreshFoods,SUP1,236.0,10,54.11785615599979,151.7002737384174,92.9992885,143.0007115,No Risk,No Action,0.0
Base,2025-12-31,SKU0060,WH03,South,Foods & Refreshment,FreshFoods,SUP1,132.0,10,52.77744812828031,147.72250307333528,93.166196,38.833804,Reorder Soon,Reorder Soon,411.5623927244212
Base,2025-12-31,SKU0060,WH04,North,Foods & Refreshment,FreshFoods,SUP1,83.0,10,58.07665315579382,161.1535762327169,94.447616,-11.447615999999996,Critical Stockout Risk,Reorder Now,428.8251334024852
Base,2025-12-31,SKU0060,WH05,South,Foods & Refreshment,FreshFoods,SUP1,169.0,10,54.78336239731991,152.80534041929795,92.9468455,76.0531545,No Risk,No Action,0.0
Base,2025-12-31,SKU0061,WH01,North,Foods & Refreshment,DailyEssentials,SUP11,191.0,5,45.29859254550775,118.70518595210115,70.5036425,120.4963575,No Risk,No Action,0.0
Base,2025-12-31,SKU0061,WH02,South,Foods & Refreshment,DailyEssentials,SUP11,136.0,5,47.35004530783676,124.38301234080379,80.318481,55.681518999999994,No Risk,No Action,0.0
Base,2025-12-31,SKU0061,WH03,South,Foods & Refreshment,DailyEssentials,SUP11,152.0,5,48.23517586551206,125.9824286127648,83.98165499999999,68.01834500000001,No Risk,No Action,0.0
Base,2025-12-31,SKU0061,WH04,North,Foods & Refreshment,DailyEssentials,SUP11,37.0,5,48.17959615755601,126.31146428942415,83.224635,-46.224635000000006,Critical Stockout Risk,Reorder Now,737.4281212113668
Base,2025-12-31,SKU0061,WH05,South,Foods & Refreshment,DailyEssentials,SUP11,141.0,5,47.86241374565781,123.96131484455893,85.682362,55.317638,No Risk,No Action,0.0
Base,2025-12-31,SKU0062,WH01,North,Personal Care,FreshFoods,SUP1,584.0,10,192.19394273262623,546.2598767985603,305.170365,278.829635,No Risk,No Action,0.0
Base,2025-12-31,SKU0062,WH02,South,Personal Care,FreshFoods,SUP1,857.0,10,196.9055736551148,558.5539253034665,364.739769,492.260231,No Risk,No Action,0.0
Base,2025-12-31,SKU0062,WH03,South,Personal Care,FreshFoods,SUP1,798.0,10,194.15767992849368,553.498339269153,342.129571,455.870429,No Risk,No Action,0.0
Base,2025-12-31,SKU0062,WH04,North,Personal Care,FreshFoods,SUP1,1292.0,10,202.8320053576096,567.0078295334338,337.441058,954.558942,No Risk,No Action,0.0
Base,2025-12-31,SKU0062,WH05,South,Personal Care,FreshFoods,SUP1,667.0,10,189.87363358660497,536.1373698503412,335.347439,331.652561,No Risk,No Action,0.0
Base,2025-12-31,SKU0063,WH01,North,Home Care,GlowCare,SUP3,231.0,6,47.0755958594049,114.06460684841588,61.72709,169.27291,No Risk,No Action,0.0
Base,2025-12-31,SKU0063,WH02,South,Home Care,GlowCare,SUP3,42.0,6,48.993438505776005,119.41102092335842,73.814239,-31.814239,Critical Stockout Risk,Reorder Now,613.1152106721329
Base,2025-12-31,SKU0063,WH03,South,Home Care,GlowCare,SUP3,142.0,6,48.53967780325307,117.70451296808824,65.06943,76.93057,No Risk,No Action,0.0
Base,2025-12-31,SKU0063,WH04,North,Home Care,GlowCare,SUP3,105.0,6,52.51734272599271,122.93492514357513,64.371438,40.628562,Reorder Soon,Reorder Soon,613.1152106721329
Base,2025-12-31,SKU0063,WH05,South,Home Care,GlowCare,SUP3,125.0,6,46.92292501087206,113.51633160427866,61.276708,63.723292,No Risk,No Action,0.0
Base,2025-12-31,SKU0064,WH01,North,Foods & Refreshment,DailyEssentials,SUP3,132.0,6,30.99660693083964,78.40320033743305,48.630447,83.369553,No Risk,No Action,0.0
Base,2025-12-31,SKU0064,WH02,South,Foods & Refreshment,DailyEssentials,SUP3,72.0,6,33.13570481789219,84.56427624646362,55.025746,16.974254000000002,Reorder Soon,Reorder Soon,340.6758239229525
Base,2025-12-31,SKU0064,WH03,South,Foods & Refreshment,DailyEssentials,SUP3,24.0,6,32.15407826072177,82.65957276621629,48.985775,-24.985774999999997,Critical Stockout Risk,Reorder Now,337.60463340307683
Base,2025-12-31,SKU0064,WH04,North,Foods & Refreshment,DailyEssentials,SUP3,74.0,6,32.685579114891695,83.5866780159906,55.424943,18.575057,Reorder Soon,Reorder Soon,338.9242656653656
Base,2025-12-31,SKU0064,WH05,South,Foods & Refreshment,DailyEssentials,SUP3,94.0,6,30.70403428407144,79.1655727456099,52.396564000000005,41.603435999999995,No Risk,No Action,0.0
Base,2025-12-31,SKU0065,WH01,North,Personal Care,GlowCare,SUP13,646.0,7,170.6099346864342,463.91762699412646,302.122931,343.877069,No Risk,No Action,0.0
Base,2025-12-31,SKU0065,WH02,South,Personal Care,GlowCare,SUP13,455.0,7,172.91299218507393,467.7591460312277,281.923882,173.076118,Reorder Soon,Reorder Soon,1102.0543127971578
Base,2025-12-31,SKU0065,WH03,South,Personal Care,GlowCare,SUP13,499.0,7,164.74169368430844,444.8186167612315,290.986448,208.013552,No Risk,No Action,0.0
Base,2025-12-31,SKU0065,WH04,North,Personal Care,GlowCare,SUP13,566.0,7,167.11260352363465,454.26644967748075,273.75621,292.24379,No Risk,No Action,0.0
Base,2025-12-31,SKU0065,WH05,South,Personal Care,GlowCare,SUP13,956.0,7,169.78538403943136,461.4007686548159,296.295123,659.704877,No Risk,No Action,0.0
Base,2025-12-31,SKU0066,WH01,North,Personal Care,GlowCare,SUP1,227.0,10,43.17434471342225,130.42709196616948,81.9903346,145.00966540000002,No Risk,No Action,0.0
Base,2025-12-31,SKU0066,WH02,South,Personal Care,GlowCare,SUP1,116.0,10,45.01122478057721,135.0112247805772,82.861924,33.138076,Reorder Soon,Reorder Soon,326.66442254897936
Base,2025-12-31,SKU0066,WH03,South,Personal Care,GlowCare,SUP1,367.0,10,42.48973714435313,128.09413274874873,80.1646414,286.8353586,No Risk,No Action,0.0
Base,2025-12-31,SKU0066,WH04,North,Personal Care,GlowCare,SUP1,172.0,10,43.04169858140556,129.1955447352517,88.508461,83.491539,No Risk,No Action,0.0
Base,2025-12-31,SKU0066,WH05,South,Personal Care,GlowCare,SUP1,158.0,10,42.29102982954375,128.00531554382945,96.660449,61.339551,No Risk,No Action,0.0
Base,2025-12-31,SKU0067,WH01,North,Home Care,DailyEssentials,SUP7,379.0,7,183.49234047941923,452.72310971018845,264.024001,114.975999,Reorder Soon,Reorder Soon,2432.290111972889
Base,2025-12-31,SKU0067,WH02,South,Home Care,DailyEssentials,SUP7,606.0,7,186.5474407403113,455.6243638172344,257.316506,348.683494,No Risk,No Action,0.0
Base,2025-12-31,SKU0067,WH03,South,Home Care,DailyEssentials,SUP7,326.0,7,184.4101401673757,451.79475555199105,269.2554,56.74459999999999,Reorder Soon,Reorder Soon,2423.9364864541308
Base,2025-12-31,SKU0067,WH04,North,Home Care,DailyEssentials,SUP7,367.0,7,186.26122455677773,459.491993787547,273.533989,93.46601099999998,Reorder Soon,Reorder Soon,2450.291935412797
Base,2025-12-31,SKU0067,WH05,South,Home Care,DailyEssentials,SUP7,853.0,7,176.85627829493765,432.0870475257069,264.38471,588.61529,No Risk,No Action,0.0
Base,2025-12-31,SKU0068,WH01,North,Home Care,GlowCare,SUP9,25.0,8,9.493621964267597,20.043072513718148,11.10867831,13.89132169,No Risk,No Action,0.0
Base,2025-12-31,SKU0068,WH02,South,Home Care,GlowCare,SUP9,18.0,8,9.81506521804673,20.979900382881894,12.1889045,5.8110955,Reorder Soon,Reorder Soon,165.28022292780244
Base,2025-12-31,SKU0068,WH03,South,Home Care,GlowCare,SUP9,44.0,8,11.469052454053772,24.91960190460322,11.9501345,32.049865499999996,No Risk,No Action,0.0
Base,2025-12-31,SKU0068,WH04,North,Home Care,GlowCare,SUP9,33.0,8,9.568870914153695,20.38205772734051,14.3846353,18.6153647,No Risk,No Action,0.0
Base,2025-12-31,SKU0068,WH05,South,Home Care,GlowCare,SUP9,25.0,8,11.108924112934115,23.328704332714334,15.4228139,9.5771861,No Risk,No Action,0.0
Base,2025-12-31,SKU0069,WH01,North,Home Care,SurfStyle,SUP8,0.0,8,99.120172941596,227.29599711742017,133.702265,-133.702265,Critical Stockout Risk,Reorder Now,562.314334923928
Base,2025-12-31,SKU0069,WH02,South,Home Care,SurfStyle,SUP8,251.0,8,93.29536848743324,213.5591047511695,122.3002155,128.69978450000002,No Risk,No Action,0.0
Base,2025-12-31,SKU0069,WH03,South,Home Care,SurfStyle,SUP8,244.0,8,98.29250014010807,223.9188737664817,134.061826,109.938174,No Risk,No Action,0.0
Base,2025-12-31,SKU0069,WH04,North,Home Care,SurfStyle,SUP8,273.0,8,98.70237900885182,226.0869943934672,130.708469,142.291531,No Risk,No Action,0.0
Base,2025-12-31,SKU0069,WH05,South,Home Care,SurfStyle,SUP8,272.0,8,101.71445530547192,231.64852123953784,138.609068,133.390932,No Risk,No Action,0.0
Base,2025-12-31,SKU0070,WH01,North,Foods & Refreshment,GlowCare,SUP11,106.0,5,42.1590809448708,110.34589413168399,74.122512,31.877488,Reorder Soon,Reorder Soon,600.2246639579112
Base,2025-12-31,SKU0070,WH02,South,Foods & Refreshment,GlowCare,SUP11,162.0,5,43.50674372142009,114.05619427087063,75.473626,86.526374,No Risk,No Action,0.0
Base,2025-12-31,SKU0070,WH03,South,Foods & Refreshment,GlowCare,SUP11,119.0,5,42.67510555536176,111.905874786131,74.74155400000001,44.25844599999999,No Risk,No Action,0.0
Base,2025-12-31,SKU0070,WH04,North,Foods & Refreshment,GlowCare,SUP11,166.0,5,41.51785505620655,108.33104186939337,75.456429,90.543571,No Risk,No Action,0.0
Base,2025-12-31,SKU0070,WH05,South,Foods & Refreshment,GlowCare,SUP11,45.0,5,41.845577462193575,109.3730499896661,72.57833,-27.578329999999994,Critical Stockout Risk,Reorder Now,597.3156420005421
Base,2025-12-31,SKU0071,WH01,North,Personal Care,DailyEssentials,SUP13,54.0,7,53.89173094560629,140.12250017637552,80.571521,-26.571521000000004,Critical Stockout Risk,Reorder Now,457.356305739962
Base,2025-12-31,SKU0071,WH02,South,Personal Care,DailyEssentials,SUP13,346.0,7,54.26683293338227,143.65144831799765,78.725993,267.274007,No Risk,No Action,0.0
Base,2025-12-31,SKU0071,WH03,South,Personal Care,DailyEssentials,SUP13,338.0,7,51.390654317730906,134.3906543177309,79.010519,258.989481,No Risk,No Action,0.0
Base,2025-12-31,SKU0071,WH04,North,Personal Care,DailyEssentials,SUP13,182.0,7,50.94090524120779,134.40244370274627,73.832157,108.167843,No Risk,No Action,0.0
Base,2025-12-31,SKU0071,WH05,South,Personal Care,DailyEssentials,SUP13,138.0,7,49.93882856664141,131.47729010510295,71.0583665,66.9416335,No Risk,No Action,0.0
Base,2025-12-31,SKU0072,WH01,North,Home Care,SurfStyle,SUP6,15.0,10,26.21823010195724,103.14130702503417,88.29398499999999,-73.29398499999999,Critical Stockout Risk,Reorder Now,453.2638588382188
Base,2025-12-31,SKU0072,WH02,South,Home Care,SurfStyle,SUP6,132.0,10,24.420031337094297,98.8156357326987,72.8421616,59.1578384,No Risk,No Action,0.0
Base,2025-12-31,SKU0072,WH03,South,Home Care,SurfStyle,SUP6,124.0,10,25.238382881693507,102.82080046411109,72.053241,51.946759,No Risk,No Action,0.0
Base,2025-12-31,SKU0072,WH04,North,Home Care,SurfStyle,SUP6,109.0,10,24.116532857471768,95.32532406626297,63.9357068,45.0642932,No Risk,No Action,0.0
Base,2025-12-31,SKU0072,WH05,South,Home Care,SurfStyle,SUP6,125.0,10,25.61379487970625,104.40500367091504,75.3761793,49.623820699999996,No Risk,No Action,0.0
Base,2025-12-31,SKU0073,WH01,North,Home Care,GlowCare,SUP13,349.0,7,104.87357034947192,281.79664727254885,176.866685,172.133315,No Risk,No Action,0.0
Base,2025-12-31,SKU0073,WH02,South,Home Care,GlowCare,SUP13,341.0,7,105.41819946436188,284.18743023359264,167.149567,173.850433,No Risk,No Action,0.0
Base,2025-12-31,SKU0073,WH03,South,Home Care,GlowCare,SUP13,0.0,7,105.7540210134323,285.7540210134323,187.505085,-187.505085,Critical Stockout Risk,Reorder Now,645.7540210134323
Base,2025-12-31,SKU0073,WH04,North,Home Care,GlowCare,SUP13,128.0,7,103.56412762297563,278.17951223836025,161.634418,-33.63441800000001,Critical Stockout Risk,Reorder Now,499.4102814691295
Base,2025-12-31,SKU0073,WH05,South,Home Care,GlowCare,SUP13,223.0,7,104.21208991507784,280.6736283766163,167.171293,55.82870700000001,Reorder Soon,Reorder Soon,410.5967052996932
Base,2025-12-31,SKU0074,WH01,North,Personal Care,SurfStyle,SUP5,196.0,6,71.18531550562645,189.5369638572748,114.748427,81.251573,No Risk,No Action,0.0
Base,2025-12-31,SKU0074,WH02,South,Personal Care,SurfStyle,SUP5,196.0,6,64.15777082019746,171.36656202898865,103.072895,92.927105,No Risk,No Action,0.0
Base,2025-12-31,SKU0074,WH03,South,Personal Care,SurfStyle,SUP5,284.0,6,68.09153291954577,180.77285160086444,106.491653,177.50834700000001,No Risk,No Action,0.0
Base,2025-12-31,SKU0074,WH04,North,Personal Care,SurfStyle,SUP5,403.0,6,69.83598390582652,185.08873115857375,116.738609,286.261391,No Risk,No Action,0.0
Base,2025-12-31,SKU0074,WH05,South,Personal Care,SurfStyle,SUP5,94.0,6,65.23739688878304,174.49014414153027,111.219079,-17.219078999999994,Critical Stockout Risk,Reorder Now,394.0533821934099
Base,2025-12-31,SKU0075,WH01,North,Home Care,FreshFoods,SUP15,95.0,6,22.093491088943964,49.78579878125166,21.7346245,73.2653755,No Risk,No Action,0.0
Base,2025-12-31,SKU0075,WH02,South,Home Care,FreshFoods,SUP15,46.0,6,20.46583319123344,46.11418483958509,26.7745154,19.2254846,Reorder Soon,Reorder Soon,213.16628765157856
Base,2025-12-31,SKU0075,WH03,South,Home Care,FreshFoods,SUP15,50.0,6,21.29312058181603,48.32608761478306,23.9200737,26.0799263,No Risk,No Action,0.0
Base,2025-12-31,SKU0075,WH04,North,Home Care,FreshFoods,SUP15,8.0,6,21.511894636218397,48.4129935373173,30.8091204,-22.8091204,Critical Stockout Risk,Reorder Now,218.3100870386108
Base,2025-12-31,SKU0075,WH05,South,Home Care,FreshFoods,SUP15,36.0,6,20.98366666679429,47.225424908552526,24.5376169,11.4623831,Reorder Soon,Reorder Soon,215.6181211060556
Base,2025-12-31,SKU0076,WH01,North,Foods & Refreshment,GlowCare,SUP8,176.0,8,91.23244209119628,208.77090362965782,119.301841,56.698159000000004,Reorder Soon,Reorder Soon,331.28875800665617
Base,2025-12-31,SKU0076,WH02,South,Foods & Refreshment,GlowCare,SUP8,180.0,8,84.21496015478169,193.57759751741906,118.593488,61.406512000000006,Reorder Soon,Reorder Soon,319.5590970025951
Base,2025-12-31,SKU0076,WH03,South,Foods & Refreshment,GlowCare,SUP8,423.0,8,88.7424039253189,203.4676786505936,98.978088,324.021912,No Risk,No Action,0.0
Base,2025-12-31,SKU0076,WH04,North,Foods & Refreshment,GlowCare,SUP8,283.0,8,85.79504908308529,196.91592820396443,93.688422,189.311578,No Risk,No Action,0.0
Base,2025-12-31,SKU0076,WH05,South,Foods & Refreshment,GlowCare,SUP8,0.0,8,85.81957776453767,197.02836897332887,132.803897,-132.803897,Critical Stockout Risk,Reorder Now,391.6437535887134
Base,2025-12-31,SKU0077,WH01,North,Personal Care,GlowCare,SUP12,225.0,8,56.99788200209944,138.05282705704448,73.946123,151.053877,No Risk,No Action,0.0
Base,2025-12-31,SKU0077,WH02,South,Personal Care,GlowCare,SUP12,120.0,8,56.89413610237717,138.740289948531,85.2576485,34.7423515,Reorder Soon,Reorder Soon,433.80527716450285
Base,2025-12-31,SKU0077,WH03,South,Personal Care,GlowCare,SUP12,0.0,8,59.07771840141685,143.56123488493333,83.202611,-83.202611,Critical Stockout Risk,Reorder Now,440.73920522087474
Base,2025-12-31,SKU0077,WH04,North,Personal Care,GlowCare,SUP12,375.0,8,53.75473498685854,133.84264707477064,75.753858,299.246142,No Risk,No Action,0.0
Base,2025-12-31,SKU0077,WH05,South,Personal Care,GlowCare,SUP12,29.0,8,54.56504498066652,133.2463636619852,81.68225050000001,-52.68225050000001,Critical Stockout Risk,Reorder Now,425.335378575804
Base,2025-12-31,SKU0078,WH01,North,Personal Care,SurfStyle,SUP14,119.0,11,54.29479160096781,153.65742896360518,102.479973,16.520027,Reorder Soon,Reorder Soon,375.2616028118332
Base,2025-12-31,SKU0078,WH02,South,Personal Care,SurfStyle,SUP14,185.0,11,59.15984697979221,165.89611071605597,111.7567605,73.2432395,No Risk,No Action,0.0
Base,2025-12-31,SKU0078,WH03,South,Personal Care,SurfStyle,SUP14,353.0,11,53.32091968081522,148.21102957092512,95.256837,257.743163,No Risk,No Action,0.0
Base,2025-12-31,SKU0078,WH04,North,Personal Care,SurfStyle,SUP14,398.0,11,54.706748756256346,152.86059491010252,106.276223,291.723777,No Risk,No Action,0.0
Base,2025-12-31,SKU0078,WH05,South,Personal Care,SurfStyle,SUP14,0.0,11,53.84393970263353,151.15163201032584,102.904111,-102.904111,Critical Stockout Risk,Reorder Now,371.3608871461917
Base,2025-12-31,SKU0079,WH01,North,Home Care,FreshFoods,SUP12,15.0,8,7.76401949306752,17.43434916339719,9.16397522,5.836024780000001,Reorder Soon,Reorder Soon,253.18805925202025
Base,2025-12-31,SKU0079,WH02,South,Home Care,FreshFoods,SUP12,12.0,8,7.89873448262624,17.12950371339547,8.561918499999999,3.438081500000001,Reorder Soon,Reorder Soon,247.3668659652092
Base,2025-12-31,SKU0079,WH03,South,Home Care,FreshFoods,SUP12,4.0,8,7.287691472335071,16.5184607031043,10.3271333,-6.3271333,Critical Stockout Risk,Reorder Now,247.3668659652092
Base,2025-12-31,SKU0079,WH04,North,Home Care,FreshFoods,SUP12,20.0,8,7.5067002951933315,16.561645350138384,10.88435146,9.11564854,No Risk,No Action,0.0
Base,2025-12-31,SKU0079,WH05,South,Home Care,FreshFoods,SUP12,17.0,8,6.176114768385621,13.560730153001007,8.37997426,8.62002574,No Risk,No Action,0.0
Base,2025-12-31,SKU0080,WH01,North,Personal Care,FreshFoods,SUP13,171.0,7,60.841044783929874,162.61027555316065,103.813428,67.186572,No Risk,No Action,0.0
Base,2025-12-31,SKU0080,WH02,South,Personal Care,FreshFoods,SUP13,105.0,7,61.79389105343807,161.48619874574575,96.859599,8.140400999999997,Reorder Soon,Reorder Soon,1147.1357787351244
Base,2025-12-31,SKU0080,WH03,South,Personal Care,FreshFoods,SUP13,34.0,7,59.62181354079926,160.1602750792608,104.298292,-70.298292,Critical Stockout Risk,Reorder Now,1151.9937383199904
Base,2025-12-31,SKU0080,WH04,North,Personal Care,FreshFoods,SUP13,197.0,7,64.8052301029133,170.57446087214407,115.450185,81.549815,No Risk,No Action,0.0
Base,2025-12-31,SKU0080,WH05,South,Personal Care,FreshFoods,SUP13,143.0,7,60.55961638167913,160.55961638167912,104.2947635,38.7052365,Reorder Soon,Reorder Soon,1148.904686152446
Demand +20%,2025-12-31,SKU0001,WH01,North,Home Care,SurfStyle,SUP5,259.0,6,53.97279269418089,168.96180368319187,140.5341708,118.4658292,No Risk,No Action,0.0
Demand +20%,2025-12-31,SKU0001,WH02,South,Home Care,SurfStyle,SUP5,13.0,6,56.23022745158588,175.57088679224523,135.2588568,-122.25885679999999,Critical Stockout Risk,Reorder Now,1269.821309648881
Demand +20%,2025-12-31,SKU0001,WH03,South,Home Care,SurfStyle,SUP5,310.0,6,55.00685850980463,169.33652883947494,119.8681536,190.1318464,No Risk,No Action,0.0
Demand +20%,2025-12-31,SKU0001,WH04,North,Home Care,SurfStyle,SUP5,435.0,6,57.475611056475785,172.99209457295927,127.406286,307.593714,No Risk,No Action,0.0
Demand +20%,2025-12-31,SKU0001,WH05,South,Home Care,SurfStyle,SUP5,219.0,6,58.64462182044602,179.50176467758888,133.3649496,85.63505040000001,No Risk,No Action,0.0
Demand +20%,2025-12-31,SKU0002,WH01,North,Personal Care,DailyEssentials,SUP13,54.0,7,14.381528230013132,43.996912845397745,31.705145039999998,22.294854960000002,No Risk,No Action,0.0
Demand +20%,2025-12-31,SKU0002,WH02,South,Personal Care,DailyEssentials,SUP13,50.0,7,15.171199027839624,45.017352873993474,28.193375279999998,21.806624720000002,No Risk,No Action,0.0
Demand +20%,2025-12-31,SKU0002,WH03,South,Personal Care,DailyEssentials,SUP13,77.0,7,17.20891953113404,49.90122722344174,39.32698992,37.67301008,No Risk,No Action,0.0
Demand +20%,2025-12-31,SKU0002,WH04,North,Personal Care,DailyEssentials,SUP13,4.0,7,15.41866410386483,45.49558718078791,33.02448252,-29.02448252,Critical Stockout Risk,Reorder Now,169.8040993538272
Demand +20%,2025-12-31,SKU0002,WH05,South,Personal Care,DailyEssentials,SUP13,94.0,7,15.79087923519265,46.79087923519265,34.4461326,59.5538674,No Risk,No Action,0.0
Demand +20%,2025-12-31,SKU0003,WH01,North,Personal Care,FreshFoods,SUP4,167.0,5,199.16112078449865,422.7874944108722,281.7511968,-114.7511968,Critical Stockout Risk,Reorder Now,1697.6919115043993
Demand +20%,2025-12-31,SKU0003,WH02,South,Personal Care,FreshFoods,SUP4,745.0,5,194.9299615129166,412.40248898544405,258.263334,486.736666,No Risk,No Action,0.0
Demand +20%,2025-12-31,SKU0003,WH03,South,Personal Care,FreshFoods,SUP4,1077.0,5,204.66116678825205,432.2435843706696,256.974126,820.0258739999999,No Risk,No Action,0.0
Demand +20%,2025-12-31,SKU0003,WH04,North,Personal Care,FreshFoods,SUP4,138.0,5,193.5400207045042,408.375185539669,255.217704,-117.217704,Critical Stockout Risk,Reorder Now,1663.98747730054
Demand +20%,2025-12-31,SKU0003,WH05,South,Personal Care,FreshFoods,SUP4,0.0,5,187.35070821156103,396.4715873324402,250.7322036,-250.7322036,Critical Stockout Risk,Reorder Now,1641.7085759840647
Demand +20%,2025-12-31,SKU0004,WH01,North,Home Care,GlowCare,SUP12,499.0,8,419.65611182940273,1060.3594085326995,746.8174848,-247.8174848,Critical Stockout Risk,Reorder Now,2940.808012243158
Demand +20%,2025-12-31,SKU0004,WH02,South,Home Care,GlowCare,SUP12,407.0,8,432.7094644463414,1084.6655084023853,749.9571719999999,-342.9571719999999,Critical Stockout Risk,Reorder Now,2966.520484119045
Demand +20%,2025-12-31,SKU0004,WH03,South,Home Care,GlowCare,SUP12,827.0,8,420.0718963777085,1063.3246436304557,860.6134607999999,-33.61346079999987,Critical Stockout Risk,Reorder Now,2946.653152334336
Demand +20%,2025-12-31,SKU0004,WH04,North,Home Care,GlowCare,SUP12,1549.0,8,416.0306874801052,1053.744973194391,780.8149463999999,768.1850536000001,No Risk,No Action,0.0
Demand +20%,2025-12-31,SKU0004,WH05,South,Home Care,GlowCare,SUP12,991.0,8,430.5179223826512,1087.5728674375962,830.1855479999999,160.81445200000007,Reorder Soon,Reorder Soon,2978.098361920666
Demand +20%,2025-12-31,SKU0005,WH01,North,Personal Care,GlowCare,SUP7,566.0,7,81.12279950818352,216.81510720049118,147.4160484,418.5839516,No Risk,No Action,0.0
Demand +20%,2025-12-31,SKU0005,WH02,South,Personal Care,GlowCare,SUP7,521.0,7,86.50165533333684,230.04011687179838,153.2572284,367.74277159999997,No Risk,No Action,0.0
Demand +20%,2025-12-31,SKU0005,WH03,South,Personal Care,GlowCare,SUP7,225.0,7,86.51876892466811,230.9803073862066,153.632424,71.36757600000001,Reorder Soon,Reorder Soon,451.5416573406529
Demand +20%,2025-12-31,SKU0005,WH04,North,Personal Care,GlowCare,SUP7,245.0,7,86.76807976549547,230.30654130395703,161.03204279999997,83.96795720000003,No Risk,No Action,0.0
Demand +20%,2025-12-31,SKU0005,WH05,South,Personal Care,GlowCare,SUP7,401.0,7,82.93658054185596,221.09042669570212,138.8557524,262.14424759999997,No Risk,No Action,0.0
Demand +20%,2025-12-31,SKU0006,WH01,North,Personal Care,DailyEssentials,SUP4,5.0,5,4.105356019601571,7.292169206414757,7.213313159999999,-2.2133131599999993,Critical Stockout Risk,Reorder Now,143.66595219946964
Demand +20%,2025-12-31,SKU0006,WH02,South,Personal Care,DailyEssentials,SUP4,19.0,5,4.424026501822814,7.995455073251385,7.424348687999999,11.575651312000002,No Risk,No Action,0.0
Demand +20%,2025-12-31,SKU0006,WH03,South,Personal Care,DailyEssentials,SUP4,19.0,5,4.397281803628357,7.9137653201118745,7.649721359999999,11.35027864,No Risk,No Action,0.0
Demand +20%,2025-12-31,SKU0006,WH04,North,Personal Care,DailyEssentials,SUP4,3.0,5,3.528033446247561,6.440121358335473,7.3429952400000005,-4.3429952400000005,Critical Stockout Risk,Reorder Now,137.3339127651988
Demand +20%,2025-12-31,SKU0006,WH05,South,Personal Care,DailyEssentials,SUP4,14.0,5,3.680450735537305,6.592538647625217,7.24296528,6.75703472,No Risk,No Action,0.0
Demand +20%,2025-12-31,SKU0007,WH01,North,Home Care,SurfStyle,SUP6,226.0,10,43.19561551895875,175.61319793654116,170.50015979999998,55.49984020000002,No Risk,No Action,0.0
Demand +20%,2025-12-31,SKU0007,WH02,South,Home Care,SurfStyle,SUP6,74.0,10,51.68060670326932,202.88939791206053,179.6864868,-105.68648680000001,Critical Stockout Risk,Reorder Now,488.36223013744353
Demand +20%,2025-12-31,SKU0007,WH03,South,Home Care,SurfStyle,SUP6,20.0,10,46.217326611821136,184.78875518324972,164.06766599999997,-144.06766599999997,Critical Stockout Risk,Reorder Now,467.5094507867445
Demand +20%,2025-12-31,SKU0007,WH04,North,Home Care,SurfStyle,SUP6,258.0,10,48.713484131175655,198.3838138015053,202.802724,55.19727599999999,No Risk,No Action,0.0
Demand +20%,2025-12-31,SKU0007,WH05,South,Home Care,SurfStyle,SUP6,29.0,10,46.65170358102039,189.8385167678336,160.605876,-131.605876,Critical Stockout Risk,Reorder Now,475.2313246209383
Demand +20%,2025-12-31,SKU0008,WH01,North,Home Care,FreshFoods,SUP8,576.0,8,174.38268380299365,400.49257391288376,277.011156,298.988844,No Risk,No Action,0.0
Demand +20%,2025-12-31,SKU0008,WH02,South,Home Care,FreshFoods,SUP8,284.0,8,178.29480948111876,409.94316112947047,267.1974804,16.802519599999982,Reorder Soon,Reorder Soon,584.2239050325663
Demand +20%,2025-12-31,SKU0008,WH03,South,Home Care,FreshFoods,SUP8,171.0,8,164.99373206966254,379.9387870147175,268.40837639999995,-97.40837639999995,Critical Stockout Risk,Reorder Now,585.0926331685637
Demand +20%,2025-12-31,SKU0008,WH04,North,Home Care,FreshFoods,SUP8,499.0,8,170.69367969004887,392.75961375598297,262.77417599999995,236.22582400000005,No Risk,No Action,0.0
Demand +20%,2025-12-31,SKU0008,WH05,South,Home Care,FreshFoods,SUP8,821.0,8,172.77559560437842,397.83054065932345,272.6505396,548.3494604,No Risk,No Action,0.0
Demand +20%,2025-12-31,SKU0009,WH01,North,Personal Care,SurfStyle,SUP12,339.0,8,181.6161134021713,457.04468483074277,322.02031919999996,16.97968080000004,Reorder Soon,Reorder Soon,618.2234917198974
Demand +20%,2025-12-31,SKU0009,WH02,South,Personal Care,SurfStyle,SUP12,745.0,8,194.7502193572105,490.48648309347413,349.581594,395.418406,No Risk,No Action,0.0
Demand +20%,2025-12-31,SKU0009,WH03,South,Personal Care,SurfStyle,SUP12,1425.0,8,194.10467184970184,488.52225426728427,356.4079716,1068.5920284,No Risk,No Action,0.0
Demand +20%,2025-12-31,SKU0009,WH04,North,Personal Care,SurfStyle,SUP12,308.0,8,198.20090125055287,497.89320894286055,340.25058959999996,-32.250589599999955,Critical Stockout Risk,Reorder Now,714.354747404399
Demand +20%,2025-12-31,SKU0009,WH05,South,Personal Care,SurfStyle,SUP12,0.0,8,192.2598515174437,481.4906207482129,312.7241196,-312.7241196,Critical Stockout Risk,Reorder Now,987.6444669020591
Demand +20%,2025-12-31,SKU0010,WH01,North,Home Care,SurfStyle,SUP10,51.0,9,28.59800166516912,92.58701265418011,72.51711504,-21.517115039999993,Critical Stockout Risk,Reorder Now,252.07909920969712
Demand +20%,2025-12-31,SKU0010,WH02,South,Home Care,SurfStyle,SUP10,107.0,9,28.36730158025889,91.3673015802589,76.97510844,30.02489156,No Risk,No Action,0.0
Demand +20%,2025-12-31,SKU0010,WH03,South,Home Care,SurfStyle,SUP10,88.0,9,28.453290651116035,91.74999394781933,60.91413348,27.085866520000003,Reorder Soon,Reorder Soon,250.7117480207257
Demand +20%,2025-12-31,SKU0010,WH04,North,Home Care,SurfStyle,SUP10,179.0,9,29.497835403034948,94.87146177666133,85.55228855999998,93.44771144000002,No Risk,No Action,0.0
Demand +20%,2025-12-31,SKU0010,WH05,South,Home Care,SurfStyle,SUP10,122.0,9,28.61487064121989,92.10937613572538,74.54089116,47.45910884,No Risk,No Action,0.0
Demand +20%,2025-12-31,SKU0011,WH01,North,Home Care,FreshFoods,SUP14,0.0,11,144.85669212078955,379.6039448680423,305.45051279999996,-305.45051279999996,Critical Stockout Risk,Reorder Now,678.3731756372731
Demand +20%,2025-12-31,SKU0011,WH02,South,Home Care,FreshFoods,SUP14,0.0,11,139.1304843566363,364.3282865544385,270.14295,-270.14295,Critical Stockout Risk,Reorder Now,650.943671169823
Demand +20%,2025-12-31,SKU0011,WH03,South,Home Care,FreshFoods,SUP14,334.0,11,144.31316768263935,378.93954130901295,305.584206,28.415794000000005,Reorder Soon,Reorder Soon,431.861174093327
Demand +20%,2025-12-31,SKU0011,WH04,North,Home Care,FreshFoods,SUP14,0.0,11,141.15683418790852,372.2777133087876,268.9678212,-268.9678212,Critical Stockout Risk,Reorder Now,666.4315594626338
Demand +20%,2025-12-31,SKU0011,WH05,South,Home Care,FreshFoods,SUP14,355.0,11,149.56456826027642,393.8612715569797,302.8329372,52.1670628,Reorder Soon,Reorder Soon,440.67108027674834
Demand +20%,2025-12-31,SKU0012,WH01,North,Home Care,DailyEssentials,SUP14,142.0,11,44.95591600796118,150.48338853543368,133.4754996,8.524500399999994,Reorder Soon,Reorder Soon,549.9761716529432
Demand +20%,2025-12-31,SKU0012,WH02,South,Home Care,DailyEssentials,SUP14,325.0,11,46.80432443932071,151.84828048327677,124.0472904,200.9527096,No Risk,No Action,0.0
Demand +20%,2025-12-31,SKU0012,WH03,South,Home Care,DailyEssentials,SUP14,53.0,11,43.919523572861,144.0074356607731,127.0057344,-74.0057344,Critical Stockout Risk,Reorder Now,535.6139999509431
Demand +20%,2025-12-31,SKU0012,WH04,North,Home Care,DailyEssentials,SUP14,157.0,11,45.65501662767287,150.45721442987067,138.2482662,18.75173380000001,No Risk,No Action,0.0
Demand +20%,2025-12-31,SKU0012,WH05,South,Home Care,DailyEssentials,SUP14,354.0,11,47.06990198290105,155.74023165323072,137.27098139999998,216.72901860000002,No Risk,No Action,0.0
Demand +20%,2025-12-31,SKU0013,WH01,North,Personal Care,FreshFoods,SUP12,21.0,8,43.06184124713819,98.71019289548984,71.84830464,-50.848304639999995,Critical Stockout Risk,Reorder Now,572.6703612726548
Demand +20%,2025-12-31,SKU0013,WH02,South,Personal Care,FreshFoods,SUP12,92.0,8,43.56445691075373,98.59742394372077,71.98538099999999,20.01461900000001,Reorder Soon,Reorder Soon,569.4951347982592
Demand +20%,2025-12-31,SKU0013,WH03,South,Personal Care,FreshFoods,SUP12,81.0,8,44.099952424774735,100.01204033686264,58.928310839999995,22.071689160000005,Reorder Soon,Reorder Soon,574.0257959764609
Demand +20%,2025-12-31,SKU0013,WH04,North,Personal Care,FreshFoods,SUP12,158.0,8,46.48792464836206,104.86155102198842,75.4190478,82.5809522,No Risk,No Action,0.0
Demand +20%,2025-12-31,SKU0013,WH05,South,Personal Care,FreshFoods,SUP12,213.0,8,44.86261182501504,101.47799644039965,62.26221887999999,150.73778112000002,No Risk,No Action,0.0
Demand +20%,2025-12-31,SKU0014,WH01,North,Personal Care,DailyEssentials,SUP10,27.0,9,15.623983536575272,46.87673078932253,36.96341388,-9.963413879999997,Critical Stockout Risk,Reorder Now,143.4279240771751
Demand +20%,2025-12-31,SKU0014,WH02,South,Personal Care,DailyEssentials,SUP10,68.0,9,16.116714412287106,49.644186939759635,36.13519788,31.86480212,No Risk,No Action,0.0
Demand +20%,2025-12-31,SKU0014,WH03,South,Personal Care,DailyEssentials,SUP10,42.0,9,16.675019531592014,51.19150304807553,37.208022,4.791978,Reorder Soon,Reorder Soon,150.7311056486007
Demand +20%,2025-12-31,SKU0014,WH04,North,Personal Care,DailyEssentials,SUP10,47.0,9,17.53829001734585,54.527301006356836,34.37061816,12.62938184,Reorder Soon,Reorder Soon,156.03641815155223
Demand +20%,2025-12-31,SKU0014,WH05,South,Personal Care,DailyEssentials,SUP10,73.0,9,15.517202632208477,47.462257577263415,34.49771988,38.50228012,No Risk,No Action,0.0
Demand +20%,2025-12-31,SKU0015,WH01,North,Personal Care,FreshFoods,SUP5,8.0,6,14.3921275111439,33.710808829825226,22.42635744,-14.42635744,Critical Stockout Risk,Reorder Now,289.4280254832235
Demand +20%,2025-12-31,SKU0015,WH02,South,Personal Care,FreshFoods,SUP5,58.0,6,13.122988501936751,29.6724390513873,19.88273808,38.117261920000004,No Risk,No Action,0.0
Demand +20%,2025-12-31,SKU0015,WH03,South,Personal Care,FreshFoods,SUP5,54.0,6,13.740470536235302,30.68552548129025,19.71181008,34.28818992,No Risk,No Action,0.0
Demand +20%,2025-12-31,SKU0015,WH04,North,Personal Care,FreshFoods,SUP5,31.0,6,12.5986123779552,29.082128861471688,19.231170119999998,11.768829880000002,No Risk,No Action,0.0
Demand +20%,2025-12-31,SKU0015,WH05,South,Personal Care,FreshFoods,SUP5,4.0,6,14.193532118070666,32.721004645543196,20.065275000000003,-16.065275000000003,Critical Stockout Risk,Reorder Now,283.4392117730701
Demand +20%,2025-12-31,SKU0016,WH01,North,Personal Care,DailyEssentials,SUP7,835.0,7,266.38301296787995,662.8445514294185,480.50158079999994,354.49841920000006,No Risk,No Action,0.0
Demand +20%,2025-12-31,SKU0016,WH02,South,Personal Care,DailyEssentials,SUP7,277.0,7,277.0062359723256,686.390851356941,489.29243999999994,-212.29243999999994,Critical Stockout Risk,Reorder Now,2294.5316781231686
Demand +20%,2025-12-31,SKU0016,WH03,South,Personal Care,DailyEssentials,SUP7,844.0,7,280.28520949130046,695.9775171836081,482.382954,361.617046,No Risk,No Action,0.0
Demand +20%,2025-12-31,SKU0016,WH04,North,Personal Care,DailyEssentials,SUP7,852.0,7,270.61096599852425,670.7648121523705,528.6041652,323.3958348,No Risk,No Action,0.0
Demand +20%,2025-12-31,SKU0016,WH05,South,Personal Care,DailyEssentials,SUP7,855.0,7,261.4932116922403,648.8009039999326,487.94344079999996,367.05655920000004,No Risk,No Action,0.0
Demand +20%,2025-12-31,SKU0017,WH01,North,Personal Care,FreshFoods,SUP2,9.0,8,34.9983126619505,104.7125983762362,76.56476916,-67.56476916,Critical Stockout Risk,Reorder Now,483.3089232666823
Demand +20%,2025-12-31,SKU0017,WH02,South,Personal Care,FreshFoods,SUP2,52.0,8,38.621076135500246,118.2694277838519,88.9583196,-36.958319599999996,Critical Stockout Risk,Reorder Now,516.5975220964924
Demand +20%,2025-12-31,SKU0017,WH03,South,Personal Care,FreshFoods,SUP2,257.0,8,37.44525312833536,111.02767071075291,80.223591,176.776409,No Risk,No Action,0.0
Demand +20%,2025-12-31,SKU0017,WH04,North,Personal Care,FreshFoods,SUP2,94.0,8,36.43092652257428,108.51883861048638,84.92886299999999,9.071137000000007,Reorder Soon,Reorder Soon,491.46788723017465
Demand +20%,2025-12-31,SKU0017,WH05,South,Personal Care,FreshFoods,SUP2,60.0,8,38.20278152121803,113.89508921352572,92.4360876,-32.43608759999999,Critical Stockout Risk,Reorder Now,503.6047243497784
Demand +20%,2025-12-31,SKU0018,WH01,North,Personal Care,SurfStyle,SUP6,29.0,10,89.64046250337013,282.1679350308426,239.2142256,-210.2142256,Critical Stockout Risk,Reorder Now,522.706396569304
Demand +20%,2025-12-31,SKU0018,WH02,South,Personal Care,SurfStyle,SUP6,503.0,10,95.63363694380122,300.02924133940564,239.5808052,263.4191948,No Risk,No Action,0.0
Demand +20%,2025-12-31,SKU0018,WH03,South,Personal Care,SurfStyle,SUP6,335.0,10,87.44041388165583,277.6601941014361,241.262676,93.737324,No Risk,No Action,0.0
Demand +20%,2025-12-31,SKU0018,WH04,North,Personal Care,SurfStyle,SUP6,242.0,10,91.8153945114078,289.3978120938254,235.01729999999998,6.9827000000000226,Reorder Soon,Reorder Soon,423.1953056216117
Demand +20%,2025-12-31,SKU0018,WH05,South,Personal Care,SurfStyle,SUP6,499.0,10,89.38516409973333,286.41813113270035,239.3761596,259.6238404,No Risk,No Action,0.0
Demand +20%,2025-12-31,SKU0019,WH01,North,Home Care,DailyEssentials,SUP14,154.0,11,143.0975958971784,408.9107827103652,298.1158704,-144.1158704,Critical Stockout Risk,Reorder Now,613.8671342654806
Demand +20%,2025-12-31,SKU0019,WH02,South,Home Care,DailyEssentials,SUP14,585.0,11,149.15571556775373,426.5732979853361,340.7802048,244.21979520000002,No Risk,No Action,0.0
Demand +20%,2025-12-31,SKU0019,WH03,South,Home Care,DailyEssentials,SUP14,243.0,11,137.8175943601727,391.4219899645683,281.7292332,-38.72923320000001,Critical Stockout Risk,Reorder Now,599.6039837547439
Demand +20%,2025-12-31,SKU0019,WH04,North,Home Care,DailyEssentials,SUP14,1093.0,11,145.63245601091384,412.89619227465005,321.747474,771.252526,No Risk,No Action,0.0
Demand +20%,2025-12-31,SKU0019,WH05,South,Home Care,DailyEssentials,SUP14,520.0,11,143.64319682152947,411.51132868966135,337.185996,182.814004,No Risk,No Action,0.0
Demand +20%,2025-12-31,SKU0020,WH01,North,Home Care,GlowCare,SUP7,153.0,7,61.058839031138376,162.75114672344608,121.3226904,31.6773096,Reorder Soon,Reorder Soon,428.7286373587704
Demand +20%,2025-12-31,SKU0020,WH02,South,Home Care,GlowCare,SUP7,162.0,7,61.1780448860765,161.10112180915343,105.68047259999999,56.31952740000001,No Risk,No Action,0.0
Demand +20%,2025-12-31,SKU0020,WH03,South,Home Care,GlowCare,SUP7,7.0,7,62.3393214985632,165.18547534471705,120.8864376,-113.8864376,Critical Stockout Risk,Reorder Now,431.154049717565
Demand +20%,2025-12-31,SKU0020,WH04,North,Home Care,GlowCare,SUP7,154.0,7,61.765782981586526,163.07347528927883,105.9683424,48.0316576,Reorder Soon,Reorder Soon,427.9171116692951
Demand +20%,2025-12-31,SKU0020,WH05,South,Home Care,GlowCare,SUP7,190.0,7,64.0707875308461,170.0707875308461,125.64201719999998,64.35798280000002,No Risk,No Action,0.0
Demand +20%,2025-12-31,SKU0021,WH01,North,Personal Care,FreshFoods,SUP2,87.0,8,17.026860307574196,52.543343824057715,48.283226160000005,38.716773839999995,No Risk,No Action,0.0
Demand +20%,2025-12-31,SKU0021,WH02,South,Personal Care,FreshFoods,SUP2,25.0,8,17.897720734718607,51.21640205339993,28.28325552,-3.283255520000001,Critical Stockout Risk,Reorder Now,213.6708658693748
Demand +20%,2025-12-31,SKU0021,WH03,South,Personal Care,FreshFoods,SUP2,51.0,8,15.793736817959756,47.96956099378393,36.87583248,14.12416752,No Risk,No Action,0.0
Demand +20%,2025-12-31,SKU0021,WH04,North,Personal Care,FreshFoods,SUP2,59.0,8,15.882753738242268,48.84978670527522,35.8359192,23.1640808,No Risk,No Action,0.0
Demand +20%,2025-12-31,SKU0021,WH05,South,Personal Care,FreshFoods,SUP2,0.0,8,16.3588798428748,49.0621765461715,42.17216808,-42.17216808,Critical Stockout Risk,Reorder Now,211.68845579907992
Demand +20%,2025-12-31,SKU0022,WH01,North,Personal Care,GlowCare,SUP10,23.0,9,21.97600538494186,71.22875263768911,55.28704992,-32.28704992,Critical Stockout Risk,Reorder Now,146.95137282318638
Demand +20%,2025-12-31,SKU0022,WH02,South,Personal Care,GlowCare,SUP10,111.0,9,22.003732361764754,70.06966642769882,60.850461839999994,50.149538160000006,No Risk,No Action,0.0
Demand +20%,2025-12-31,SKU0022,WH03,South,Personal Care,GlowCare,SUP10,9.0,9,21.978923656682294,70.24265992041856,54.32066604,-45.32066604,Critical Stockout Risk,Reorder Now,145.4684754185271
Demand +20%,2025-12-31,SKU0022,WH04,North,Personal Care,GlowCare,SUP10,40.0,9,21.96679269500604,70.7250344532478,60.88782612,-20.88782612,Critical Stockout Risk,Reorder Now,146.21180409804424
Demand +20%,2025-12-31,SKU0022,WH05,South,Personal Care,GlowCare,SUP10,63.0,9,20.80999554990604,67.09570983562034,52.22396484,10.77603516,Reorder Soon,Reorder Soon,142.45637954312062
Demand +20%,2025-12-31,SKU0023,WH01,North,Personal Care,SurfStyle,SUP15,101.0,6,41.7328234831255,95.79875754905957,67.68689640000001,33.31310359999999,No Risk,No Action,0.0
Demand +20%,2025-12-31,SKU0023,WH02,South,Personal Care,SurfStyle,SUP15,0.0,6,44.05423325383941,100.42785962746579,68.778888,-68.778888,Critical Stockout Risk,Reorder Now,474.111421461812
Demand +20%,2025-12-31,SKU0023,WH03,South,Personal Care,SurfStyle,SUP15,135.0,6,43.74538608462505,99.7893421285811,66.0639228,68.9360772,No Risk,No Action,0.0
Demand +20%,2025-12-31,SKU0023,WH04,North,Personal Care,SurfStyle,SUP15,230.0,6,43.04275762813448,99.35044993582679,72.6587016,157.3412984,No Risk,No Action,0.0
Demand +20%,2025-12-31,SKU0023,WH05,South,Personal Care,SurfStyle,SUP15,223.0,6,41.44899847694806,94.72372375167333,63.944244,159.055756,No Risk,No Action,0.0
Demand +20%,2025-12-31,SKU0024,WH01,North,Personal Care,DailyEssentials,SUP14,604.0,11,146.0237793903494,413.8919112584813,325.1731992,278.8268008,No Risk,No Action,0.0
Demand +20%,2025-12-31,SKU0024,WH02,South,Personal Care,DailyEssentials,SUP14,497.0,11,148.74254810253285,420.59969095967574,331.87427759999997,165.12572240000003,No Risk,No Action,0.0
Demand +20%,2025-12-31,SKU0024,WH03,South,Personal Care,DailyEssentials,SUP14,511.0,11,144.42389139113322,405.52279249003436,281.11761,229.88239,No Risk,No Action,0.0
Demand +20%,2025-12-31,SKU0024,WH04,North,Personal Care,DailyEssentials,SUP14,0.0,11,149.3893218295665,427.77393721418184,323.8606932,-323.8606932,Critical Stockout Risk,Reorder Now,782.0816295218741
Demand +20%,2025-12-31,SKU0024,WH05,South,Personal Care,DailyEssentials,SUP14,420.0,11,151.52787651748974,434.0223820119952,334.27946399999996,85.72053600000004,Reorder Soon,Reorder Soon,714.2674450218785
Demand +20%,2025-12-31,SKU0025,WH01,North,Personal Care,DailyEssentials,SUP5,119.0,6,88.12123256323119,215.4399138819125,151.096152,-32.09615199999999,Critical Stockout Risk,Reorder Now,549.6742999535295
Demand +20%,2025-12-31,SKU0025,WH02,South,Personal Care,DailyEssentials,SUP5,296.0,6,89.27050992499238,219.95182860631107,139.8521748,156.1478252,No Risk,No Action,0.0
Demand +20%,2025-12-31,SKU0025,WH03,South,Personal Care,DailyEssentials,SUP5,278.0,6,90.65372489459952,222.45592269679733,149.6917068,128.3082932,No Risk,No Action,0.0
Demand +20%,2025-12-31,SKU0025,WH04,North,Personal Care,DailyEssentials,SUP5,35.0,6,89.29187887026396,219.5116590900442,161.3936532,-126.39365319999999,Critical Stockout Risk,Reorder Now,555.9014989356825
Demand +20%,2025-12-31,SKU0025,WH05,South,Personal Care,DailyEssentials,SUP5,292.0,6,92.93971265833306,226.06059177921216,154.9910316,137.0089684,No Risk,No Action,0.0
Demand +20%,2025-12-31,SKU0026,WH01,North,Personal Care,FreshFoods,SUP7,519.0,7,183.07962814681437,493.3873204545067,380.70978479999997,138.29021520000003,No Risk,No Action,0.0
Demand +20%,2025-12-31,SKU0026,WH02,South,Personal Care,FreshFoods,SUP7,176.0,7,177.3922381638055,477.77685354842083,359.61948839999997,-183.61948839999997,Critical Stockout Risk,Reorder Now,902.5460843176518
Demand +20%,2025-12-31,SKU0026,WH03,South,Personal Care,FreshFoods,SUP7,430.0,7,178.12038744449342,483.50500282910883,343.81673400000005,86.18326599999995,Reorder Soon,Reorder Soon,764.5592572672509
Demand +20%,2025-12-31,SKU0026,WH04,North,Personal Care,FreshFoods,SUP7,1074.0,7,186.0195847130456,501.94266163612247,365.6904792,708.3095208,No Risk,No Action,0.0
Demand +20%,2025-12-31,SKU0026,WH05,South,Personal Care,FreshFoods,SUP7,137.0,7,179.7060053702676,487.3213899856522,381.491364,-244.49136399999998,Critical Stockout Risk,Reorder Now,965.5521592164214
Demand +20%,2025-12-31,SKU0027,WH01,North,Personal Care,GlowCare,SUP8,310.0,8,102.76033237397804,234.62846424210989,148.3312578,161.6687422,No Risk,No Action,0.0
Demand +20%,2025-12-31,SKU0027,WH02,South,Personal Care,GlowCare,SUP8,134.0,8,103.56018057141873,237.88985090108906,150.42797639999998,-16.427976399999977,Critical Stockout Risk,Reorder Now,647.4396255659343
Demand +20%,2025-12-31,SKU0027,WH03,South,Personal Care,GlowCare,SUP8,239.0,8,103.31551887918884,235.447387011057,155.3131044,83.68689560000001,No Risk,No Action,0.0
Demand +20%,2025-12-31,SKU0027,WH04,North,Personal Care,GlowCare,SUP8,237.0,8,97.75054827656729,223.8164823425014,152.92517759999998,84.07482240000002,No Risk,No Action,0.0
Demand +20%,2025-12-31,SKU0027,WH05,South,Personal Care,GlowCare,SUP8,240.0,8,97.3766404192718,222.73927778190915,139.8924696,100.1075304,No Risk,No Action,0.0
Demand +20%,2025-12-31,SKU0028,WH01,North,Home Care,DailyEssentials,SUP4,83.0,5,34.6898095311195,72.16233700364697,44.21708844,38.78291156,No Risk,No Action,0.0
Demand +20%,2025-12-31,SKU0028,WH02,South,Home Care,DailyEssentials,SUP4,33.0,5,35.406953201074245,73.97838177250281,46.828125,-13.828125,Critical Stockout Risk,Reorder Now,862.4434901164859
Demand +20%,2025-12-31,SKU0028,WH03,South,Home Care,DailyEssentials,SUP4,0.0,5,34.52341212933024,71.61132421724233,49.15673339999999,-49.15673339999999,Critical Stockout Risk,Reorder Now,845.6954202836592
Demand +20%,2025-12-31,SKU0028,WH04,North,Home Care,DailyEssentials,SUP4,80.0,5,35.30709439244351,73.4939075792567,50.452035599999995,29.547964400000005,No Risk,No Action,0.0
Demand +20%,2025-12-31,SKU0028,WH05,South,Home Care,DailyEssentials,SUP4,41.0,5,33.42188618326894,69.90540266678542,46.26101028,-5.261010280000001,Critical Stockout Risk,Reorder Now,838.7762637646658
Demand +20%,2025-12-31,SKU0029,WH01,North,Home Care,FreshFoods,SUP5,68.0,6,35.98047037563418,93.87058026574405,71.0607756,-3.0607755999999995,Critical Stockout Risk,Reorder Now,278.27833429391967
Demand +20%,2025-12-31,SKU0029,WH02,South,Home Care,FreshFoods,SUP5,94.0,6,37.79807615006074,99.31455966654426,69.71043119999999,24.289568800000012,Reorder Soon,Reorder Soon,286.86195841650425
Demand +20%,2025-12-31,SKU0029,WH03,South,Home Care,FreshFoods,SUP5,82.0,6,33.57974094015794,87.97534533576234,66.43845479999999,15.561545200000012,Reorder Soon,Reorder Soon,269.74854538496584
Demand +20%,2025-12-31,SKU0029,WH04,North,Home Care,FreshFoods,SUP5,95.0,6,37.398254516525306,96.54111165938245,70.422888,24.577112,Reorder Soon,Reorder Soon,281.2732029601643
Demand +20%,2025-12-31,SKU0029,WH05,South,Home Care,FreshFoods,SUP5,183.0,6,34.95057147284974,91.52200004427831,68.85239879999999,114.14760120000001,No Risk,No Action,0.0
Demand +20%,2025-12-31,SKU0030,WH01,North,Home Care,GlowCare,SUP4,158.0,5,62.02595897088151,149.44354138846393,104.45118240000001,53.54881759999999,No Risk,No Action,0.0
Demand +20%,2025-12-31,SKU0030,WH02,South,Home Care,GlowCare,SUP4,540.0,5,58.662567045430215,142.61861100147416,103.3534848,436.6465152,No Risk,No Action,0.0
Demand +20%,2025-12-31,SKU0030,WH03,South,Home Care,GlowCare,SUP4,196.0,5,61.548412077138,149.9550054837314,106.11242399999999,89.88757600000001,No Risk,No Action,0.0
Demand +20%,2025-12-31,SKU0030,WH04,North,Home Care,GlowCare,SUP4,156.0,5,60.71480317822207,147.30820977162864,103.9877052,52.01229480000001,No Risk,No Action,0.0
Demand +20%,2025-12-31,SKU0030,WH05,South,Home Care,GlowCare,SUP4,280.0,5,62.33669214710651,150.4136152240296,102.76495080000001,177.2350492,No Risk,No Action,0.0
Demand +20%,2025-12-31,SKU0031,WH01,North,Home Care,GlowCare,SUP15,42.0,6,41.31349930887747,94.98382897920715,56.11307508,-14.113075080000002,Critical Stockout Risk,Reorder Now,263.4529023932485
Demand +20%,2025-12-31,SKU0031,WH02,South,Home Care,GlowCare,SUP15,26.0,6,43.78014533714818,100.54937610637896,71.848548,-45.848547999999994,Critical Stockout Risk,Reorder Now,270.95199979739795
Demand +20%,2025-12-31,SKU0031,WH03,South,Home Care,GlowCare,SUP15,21.0,6,41.44107034632595,94.71579562105123,62.029931999999995,-41.029931999999995,Critical Stockout Risk,Reorder Now,262.4801498936209
Demand +20%,2025-12-31,SKU0031,WH04,North,Home Care,GlowCare,SUP15,157.0,6,41.79202968977648,95.33049122823802,66.0420264,90.9579736,No Risk,No Action,0.0
Demand +20%,2025-12-31,SKU0031,WH05,South,Home Care,GlowCare,SUP15,244.0,6,39.05589954921612,89.69326218657876,59.7233052,184.2766948,No Risk,No Action,0.0
Demand +20%,2025-12-31,SKU0032,WH01,North,Home Care,SurfStyle,SUP12,25.0,8,47.172300541186445,117.23823460712052,90.14586179999999,-65.14586179999999,Critical Stockout Risk,Reorder Now,623.9465462145906
Demand +20%,2025-12-31,SKU0032,WH02,South,Home Care,SurfStyle,SUP12,165.0,8,47.925625693440736,119.22232899014404,88.610127,76.389873,No Risk,No Action,0.0
Demand +20%,2025-12-31,SKU0032,WH03,South,Home Care,SurfStyle,SUP12,0.0,8,47.23468847374936,117.74018297924387,89.6104236,-89.6104236,Critical Stockout Risk,Reorder Now,625.9006585660575
Demand +20%,2025-12-31,SKU0032,WH04,North,Home Care,SurfStyle,SUP12,187.0,8,47.998865255571296,119.20765646436251,93.95305499999999,93.04694500000001,No Risk,No Action,0.0
Demand +20%,2025-12-31,SKU0032,WH05,South,Home Care,SurfStyle,SUP12,106.0,8,45.96982793649781,113.92587189254176,89.85576540000001,16.14423459999999,Reorder Soon,Reorder Soon,614.4803101838473
Demand +20%,2025-12-31,SKU0033,WH01,North,Foods & Refreshment,SurfStyle,SUP13,57.0,7,18.49257817575788,46.492578175757885,29.022479759999996,27.977520240000004,No Risk,No Action,0.0
Demand +20%,2025-12-31,SKU0033,WH02,South,Foods & Refreshment,SurfStyle,SUP13,62.0,7,19.656189965880955,50.96388227357326,36.57413724,25.42586276,No Risk,No Action,0.0
Demand +20%,2025-12-31,SKU0033,WH03,South,Foods & Refreshment,SurfStyle,SUP13,171.0,7,18.491214647366984,46.645060801213134,36.1242054,134.8757946,No Risk,No Action,0.0
Demand +20%,2025-12-31,SKU0033,WH04,North,Foods & Refreshment,SurfStyle,SUP13,34.0,7,20.284991766601543,51.05422253583232,35.88954516,-1.8895451599999973,Critical Stockout Risk,Reorder Now,343.27584655859874
Demand +20%,2025-12-31,SKU0033,WH05,South,Foods & Refreshment,SurfStyle,SUP13,136.0,7,18.19174315753392,46.268666234457,35.7310998,100.26890019999999,No Risk,No Action,0.0
Demand +20%,2025-12-31,SKU0034,WH01,North,Home Care,FreshFoods,SUP13,9.0,7,24.57141484858667,63.72526100243282,44.74585128,-35.74585128,Critical Stockout Risk,Reorder Now,161.85428767831303
Demand +20%,2025-12-31,SKU0034,WH02,South,Home Care,FreshFoods,SUP13,127.0,7,25.5845356984969,65.96915108311228,45.84253236,81.15746764,No Risk,No Action,0.0
Demand +20%,2025-12-31,SKU0034,WH03,South,Home Care,FreshFoods,SUP13,79.0,7,24.639717215565994,64.17817875402753,42.092478480000004,36.907521519999996,No Risk,No Action,0.0
Demand +20%,2025-12-31,SKU0034,WH04,North,Home Care,FreshFoods,SUP13,220.0,7,25.80706657722112,68.03783580799035,42.0722574,177.9277426,No Risk,No Action,0.0
Demand +20%,2025-12-31,SKU0034,WH05,South,Home Care,FreshFoods,SUP13,132.0,7,23.709404395152543,61.40171208746024,44.130331919999996,87.86966808,No Risk,No Action,0.0
Demand +20%,2025-12-31,SKU0035,WH01,North,Home Care,DailyEssentials,SUP15,64.0,6,23.73324519434808,54.12884958995247,30.82138032,33.17861968,No Risk,No Action,0.0
Demand +20%,2025-12-31,SKU0035,WH02,South,Home Care,DailyEssentials,SUP15,52.0,6,23.70203241829171,53.76796648422578,31.27671108,20.72328892,Reorder Soon,Reorder Soon,507.61598098166
Demand +20%,2025-12-31,SKU0035,WH03,South,Home Care,DailyEssentials,SUP15,100.0,6,24.218553319129345,54.74602584660187,35.20801284,64.79198715999999,No Risk,No Action,0.0
Demand +20%,2025-12-31,SKU0035,WH04,North,Home Care,DailyEssentials,SUP15,19.0,6,23.34835259184613,52.68901193250547,31.66143,-12.66143,Critical Stockout Risk,Reorder Now,501.4560442899555
Demand +20%,2025-12-31,SKU0035,WH05,South,Home Care,DailyEssentials,SUP15,63.0,6,22.60625959995559,50.69417168786768,30.25108992,32.74891008,No Risk,No Action,0.0
Demand +20%,2025-12-31,SKU0036,WH01,North,Home Care,SurfStyle,SUP2,0.0,8,19.393745665734837,60.09704236903154,44.041236239999996,-44.041236239999996,Critical Stockout Risk,Reorder Now,413.7459986529043
Demand +20%,2025-12-31,SKU0036,WH02,South,Home Care,SurfStyle,SUP2,21.0,8,17.717169384661364,54.112773780265755,40.80172896,-19.80172896,Critical Stockout Risk,Reorder Now,391.2402085944427
Demand +20%,2025-12-31,SKU0036,WH03,South,Home Care,SurfStyle,SUP2,75.0,8,17.37229667835536,55.35031865637734,42.29985888,32.70014112,No Risk,No Action,0.0
Demand +20%,2025-12-31,SKU0036,WH04,North,Home Care,SurfStyle,SUP2,20.0,8,18.32613110939043,56.3920651753245,42.4840428,-22.484042799999997,Critical Stockout Risk,Reorder Now,400.1172354028658
Demand +20%,2025-12-31,SKU0036,WH05,South,Home Care,SurfStyle,SUP2,34.0,8,17.438586227058103,57.350674139146015,46.628713440000006,-12.628713440000006,Critical Stockout Risk,Reorder Now,409.7049750745432
Demand +20%,2025-12-31,SKU0037,WH01,North,Home Care,DailyEssentials,SUP14,8.0,11,5.954778435076454,13.449283929581949,12.231154416,-4.231154416000001,Critical Stockout Risk,Reorder Now,87.18123100349935
Demand +20%,2025-12-31,SKU0037,WH02,South,Home Care,DailyEssentials,SUP14,6.0,11,4.680522316840183,9.757445393763259,11.019634523999999,-5.019634523999999,Critical Stockout Risk,Reorder Now,71.7549386464873
Demand +20%,2025-12-31,SKU0037,WH03,South,Home Care,DailyEssentials,SUP14,16.0,11,5.19661704361855,11.361452208453716,9.457056671999998,6.542943328000002,No Risk,No Action,0.0
Demand +20%,2025-12-31,SKU0037,WH04,North,Home Care,DailyEssentials,SUP14,28.0,11,4.626536787388847,10.42873458958665,10.650080172,17.349919828,No Risk,No Action,0.0
Demand +20%,2025-12-31,SKU0037,WH05,South,Home Care,DailyEssentials,SUP14,8.0,11,5.888931566818584,12.899920577807595,10.4064138,-2.4064137999999993,Critical Stockout Risk,Reorder Now,84.32204857248574
Demand +20%,2025-12-31,SKU0038,WH01,North,Personal Care,DailyEssentials,SUP1,512.0,10,75.65104505494223,228.83785824175544,179.0536296,332.9463704,No Risk,No Action,0.0
Demand +20%,2025-12-31,SKU0038,WH02,South,Personal Care,DailyEssentials,SUP1,174.0,10,77.13702522529847,235.81834390661714,197.5702488,-23.5702488,Critical Stockout Risk,Reorder Now,470.4095406362346
Demand +20%,2025-12-31,SKU0038,WH03,South,Personal Care,DailyEssentials,SUP1,266.0,10,82.05740482846457,249.74971252077228,181.7521818,84.24781820000001,No Risk,No Action,0.0
Demand +20%,2025-12-31,SKU0038,WH04,North,Personal Care,DailyEssentials,SUP1,485.0,10,78.1277749282973,242.96293976346212,188.04449639999999,296.95550360000004,No Risk,No Action,0.0
Demand +20%,2025-12-31,SKU0038,WH05,South,Personal Care,DailyEssentials,SUP1,266.0,10,79.28963594246002,244.12480077762484,189.3442428,76.65575720000001,No Risk,No Action,0.0
Demand +20%,2025-12-31,SKU0039,WH01,North,Personal Care,GlowCare,SUP8,31.0,8,49.85350629733874,113.15020959404204,79.7740494,-48.774049399999996,Critical Stockout Risk,Reorder Now,636.876685985118
Demand +20%,2025-12-31,SKU0039,WH02,South,Personal Care,GlowCare,SUP8,133.0,8,50.66809829279575,115.10765873235619,74.66667804,58.333321960000006,No Risk,No Action,0.0
Demand +20%,2025-12-31,SKU0039,WH03,South,Personal Care,GlowCare,SUP8,0.0,8,46.525676163445,105.95424759201643,72.57678947999999,-72.57678947999999,Critical Stockout Risk,Reorder Now,617.109810697255
Demand +20%,2025-12-31,SKU0039,WH04,North,Personal Care,GlowCare,SUP8,0.0,8,49.245540637340326,111.75103514283484,65.41673796,-65.41673796,Critical Stockout Risk,Reorder Now,632.8836893434641
Demand +20%,2025-12-31,SKU0039,WH05,South,Personal Care,GlowCare,SUP8,81.0,8,48.50533032353157,110.7470885652898,68.19350184,12.806498160000004,Reorder Soon,Reorder Soon,631.5470802710306
Demand +20%,2025-12-31,SKU0040,WH01,North,Personal Care,FreshFoods,SUP9,0.0,8,40.50371044008412,85.33887527524895,45.00070512,-45.00070512,Critical Stockout Risk,Reorder Now,376.1960993851925
Demand +20%,2025-12-31,SKU0040,WH02,South,Personal Care,FreshFoods,SUP9,94.0,8,37.45870463639645,78.77738595507776,51.828264839999996,42.171735160000004,No Risk,No Action,0.0
Demand +20%,2025-12-31,SKU0040,WH03,South,Personal Care,FreshFoods,SUP9,196.0,8,40.30088782990346,86.27890980792543,51.43664136,144.56335864,No Risk,No Action,0.0
Demand +20%,2025-12-31,SKU0040,WH04,North,Personal Care,FreshFoods,SUP9,15.0,8,41.78356956558546,88.99236077437666,55.465967400000004,-40.465967400000004,Critical Stockout Risk,Reorder Now,386.0258100901714
Demand +20%,2025-12-31,SKU0040,WH05,South,Personal Care,FreshFoods,SUP9,122.0,8,42.66783481117975,90.75574689909183,49.9547892,72.0452108,No Risk,No Action,0.0
Demand +20%,2025-12-31,SKU0041,WH01,North,Personal Care,SurfStyle,SUP6,0.0,10,6.639145571396051,14.551233483483962,11.6910597,-11.6910597,Critical Stockout Risk,Reorder Now,96.09928114095251
Demand +20%,2025-12-31,SKU0041,WH02,South,Personal Care,SurfStyle,SUP6,8.0,10,6.215843036860085,14.677381498398546,11.069976336,-3.069976336,Critical Stockout Risk,Reorder Now,99.38005971446206
Demand +20%,2025-12-31,SKU0041,WH03,South,Personal Care,SurfStyle,SUP6,23.0,10,6.727607041740157,16.617716931850048,10.194482712000001,12.805517287999999,No Risk,No Action,0.0
Demand +20%,2025-12-31,SKU0041,WH04,North,Personal Care,SurfStyle,SUP6,6.0,10,5.905259496090676,14.25690784773903,10.369319304,-4.369319303999999,Critical Stockout Risk,Reorder Now,98.73262572342338
Demand +20%,2025-12-31,SKU0041,WH05,South,Personal Care,SurfStyle,SUP6,16.0,10,6.776314684636495,15.127963036284847,11.447859155999998,4.552140844000002,No Risk,No Action,0.0
Demand +20%,2025-12-31,SKU0042,WH01,North,Home Care,DailyEssentials,SUP3,250.0,6,69.49592014963632,186.26515091886708,140.1270444,109.87295560000001,No Risk,No Action,0.0
Demand +20%,2025-12-31,SKU0042,WH02,South,Home Care,DailyEssentials,SUP3,246.0,6,75.46899174958891,202.45800273859987,157.59710399999997,88.40289600000003,No Risk,No Action,0.0
Demand +20%,2025-12-31,SKU0042,WH03,South,Home Care,DailyEssentials,SUP3,126.0,6,71.25250865223856,188.3514097511397,138.314562,-12.314561999999995,Critical Stockout Risk,Reorder Now,335.582178981909
Demand +20%,2025-12-31,SKU0042,WH04,North,Home Care,DailyEssentials,SUP3,90.0,6,75.73654170114352,202.198080162682,158.230128,-68.23012800000001,Critical Stockout Risk,Reorder Now,407.2750032396051
Demand +20%,2025-12-31,SKU0042,WH05,South,Home Care,DailyEssentials,SUP3,352.0,6,74.82788531042986,200.76195124449578,140.6069436,211.3930564,No Risk,No Action,0.0
Demand +20%,2025-12-31,SKU0043,WH01,North,Personal Care,FreshFoods,SUP3,25.0,6,9.102487977461523,21.498092373065923,16.44081828,8.559181720000002,No Risk,No Action,0.0
Demand +20%,2025-12-31,SKU0043,WH02,South,Personal Care,FreshFoods,SUP3,53.0,6,9.261555205713634,21.723093667252098,15.688148039999998,37.31185196,No Risk,No Action,0.0
Demand +20%,2025-12-31,SKU0043,WH03,South,Personal Care,FreshFoods,SUP3,18.0,6,9.85653318860809,22.84554417761908,19.1386686,-1.138668599999999,Critical Stockout Risk,Reorder Now,191.8937471193001
Demand +20%,2025-12-31,SKU0043,WH04,North,Personal Care,FreshFoods,SUP3,17.0,6,8.63219217686402,20.038785583457425,16.54840836,0.4515916400000002,Reorder Soon,Reorder Soon,179.82528692026216
Demand +20%,2025-12-31,SKU0043,WH05,South,Personal Care,FreshFoods,SUP3,17.0,6,9.954907028075716,23.339522412691103,15.17948916,1.8205108400000007,Reorder Soon,Reorder Soon,194.79406889165975
Demand +20%,2025-12-31,SKU0044,WH01,North,Home Care,GlowCare,SUP13,78.0,7,13.725385853645614,33.956155084414846,22.721545680000002,55.278454319999994,No Risk,No Action,0.0
Demand +20%,2025-12-31,SKU0044,WH02,South,Home Care,GlowCare,SUP13,102.0,7,12.654864652010009,31.577941575086932,22.092561359999998,79.90743864000001,No Risk,No Action,0.0
Demand +20%,2025-12-31,SKU0044,WH03,South,Home Care,GlowCare,SUP13,58.0,7,12.823242540585223,32.36170407904676,22.85168688,35.14831312,No Risk,No Action,0.0
Demand +20%,2025-12-31,SKU0044,WH04,North,Home Care,GlowCare,SUP13,10.0,7,12.749584734549902,31.749584734549902,23.68906728,-13.68906728,Critical Stockout Risk,Reorder Now,381.7680646471083
Demand +20%,2025-12-31,SKU0044,WH05,South,Home Care,GlowCare,SUP13,50.0,7,14.51268372266308,35.20499141497078,20.48159628,29.51840372,No Risk,No Action,0.0
Demand +20%,2025-12-31,SKU0045,WH01,North,Home Care,SurfStyle,SUP5,759.0,6,187.4947674269215,461.6486135807677,340.6547508,418.3452492,No Risk,No Action,0.0
Demand +20%,2025-12-31,SKU0045,WH02,South,Home Care,SurfStyle,SUP5,179.0,6,185.61667680693185,458.51777570803074,332.9791512,-153.9791512,Critical Stockout Risk,Reorder Now,1592.4070494768666
Demand +20%,2025-12-31,SKU0045,WH03,South,Home Care,SurfStyle,SUP5,795.0,6,180.3834791974172,444.5153473292853,325.2588768,469.7411232,No Risk,No Action,0.0
Demand +20%,2025-12-31,SKU0045,WH04,North,Home Care,SurfStyle,SUP5,494.0,6,182.0709268830884,449.6313664435279,319.87930439999997,174.12069560000003,No Risk,No Action,0.0
Demand +20%,2025-12-31,SKU0045,WH05,South,Home Care,SurfStyle,SUP5,694.0,6,187.9209346075161,464.18467087125237,343.0725624,350.9274376,No Risk,No Action,0.0
Demand +20%,2025-12-31,SKU0046,WH01,North,Home Care,DailyEssentials,SUP5,431.0,6,157.88394422960363,422.5432848889443,306.6181812,124.38181880000002,No Risk,No Action,0.0
Demand +20%,2025-12-31,SKU0046,WH02,South,Home Care,DailyEssentials,SUP5,680.0,6,152.82918394936104,410.10390922408635,301.32352799999995,378.67647200000005,No Risk,No Action,0.0
Demand +20%,2025-12-31,SKU0046,WH03,South,Home Care,DailyEssentials,SUP5,458.0,6,152.87399048488606,412.7201443310399,302.03570399999995,155.96429600000005,No Risk,No Action,0.0
Demand +20%,2025-12-31,SKU0046,WH04,North,Home Care,DailyEssentials,SUP5,809.0,6,162.20479572888553,432.60040012448997,307.7270004,501.2729996,No Risk,No Action,0.0
Demand +20%,2025-12-31,SKU0046,WH05,South,Home Care,DailyEssentials,SUP5,571.0,6,158.51871463009428,424.23300034438,320.0547276,250.94527240000002,No Risk,No Action,0.0
Demand +20%,2025-12-31,SKU0047,WH01,North,Personal Care,GlowCare,SUP14,62.0,11,18.811093531321628,44.074829795057894,31.57283568,30.42716432,No Risk,No Action,0.0
Demand +20%,2025-12-31,SKU0047,WH02,South,Personal Care,GlowCare,SUP14,41.0,11,21.167388899907085,52.83771857023676,33.341421239999995,7.658578760000005,Reorder Soon,Reorder Soon,434.4099886668092
Demand +20%,2025-12-31,SKU0047,WH03,South,Personal Care,GlowCare,SUP14,50.0,11,22.089838575466345,53.76016824579602,33.61099896,16.389001039999997,Reorder Soon,Reorder Soon,434.4099886668092
Demand +20%,2025-12-31,SKU0047,WH04,North,Personal Care,GlowCare,SUP14,7.0,11,19.982646526132157,48.51011905360468,34.58819208,-27.58819208,Critical Stockout Risk,Reorder Now,412.292237883738
Demand +20%,2025-12-31,SKU0047,WH05,South,Personal Care,GlowCare,SUP14,55.0,11,18.68603729018818,45.279443883594766,33.38276844,21.61723156,No Risk,No Action,0.0
Demand +20%,2025-12-31,SKU0048,WH01,North,Personal Care,DailyEssentials,SUP3,6.0,6,4.00429107079813,8.158137224644284,7.128516696,-1.1285166960000002,Critical Stockout Risk,Reorder Now,68.02268234014429
Demand +20%,2025-12-31,SKU0048,WH02,South,Personal Care,DailyEssentials,SUP3,8.0,6,4.1584810071336165,7.916722765375375,7.959063959999999,0.04093604000000095,No Risk,No Action,0.0
Demand +20%,2025-12-31,SKU0048,WH03,South,Personal Care,DailyEssentials,SUP3,9.0,6,3.136325930361513,5.839622633658216,7.94495832,1.0550416800000004,No Risk,No Action,0.0
Demand +20%,2025-12-31,SKU0048,WH04,North,Personal Care,DailyEssentials,SUP3,9.0,6,3.173644366334249,6.338479531169414,7.786612632,1.2133873680000002,No Risk,No Action,0.0
Demand +20%,2025-12-31,SKU0048,WH05,South,Personal Care,DailyEssentials,SUP3,7.0,6,3.2049605429385286,6.303861641839628,7.96497108,-0.9649710799999998,Critical Stockout Risk,Reorder Now,58.75331935224912
Demand +20%,2025-12-31,SKU0049,WH01,North,Home Care,FreshFoods,SUP14,132.0,11,54.34313921356787,151.7717106421393,107.68419648,24.315803520000003,Reorder Soon,Reorder Soon,904.0059498949544
Demand +20%,2025-12-31,SKU0049,WH02,South,Home Care,FreshFoods,SUP14,112.0,11,59.70312270267448,168.61521061476236,124.82970599999999,-12.829705999999987,Critical Stockout Risk,Reorder Now,955.7981013238428
Demand +20%,2025-12-31,SKU0049,WH03,South,Home Care,FreshFoods,SUP14,147.0,11,57.91056269527644,160.7786945634083,116.124414,30.875586,Reorder Soon,Reorder Soon,928.8991126711333
Demand +20%,2025-12-31,SKU0049,WH04,North,Home Care,FreshFoods,SUP14,234.0,11,60.65469365366186,171.13821013717833,129.03125459999998,104.96874540000002,No Risk,No Action,0.0
Demand +20%,2025-12-31,SKU0049,WH05,South,Home Care,FreshFoods,SUP14,148.0,11,59.74529586131369,167.08595520197306,127.3794684,20.620531600000007,Reorder Soon,Reorder Soon,948.8777232927706
Demand +20%,2025-12-31,SKU0050,WH01,North,Personal Care,DailyEssentials,SUP14,457.0,11,101.21379142390995,286.5214837316023,224.6169192,232.3830808,No Risk,No Action,0.0
Demand +20%,2025-12-31,SKU0050,WH02,South,Personal Care,DailyEssentials,SUP14,226.0,11,101.37130540911966,287.1625142003285,223.16935800000002,2.8306419999999832,Reorder Soon,Reorder Soon,496.93271791940185
Demand +20%,2025-12-31,SKU0050,WH03,South,Personal Care,DailyEssentials,SUP14,309.0,11,100.64459663445248,281.23800322785905,205.4472918,103.55270820000001,No Risk,No Action,0.0
Demand +20%,2025-12-31,SKU0050,WH04,North,Personal Care,DailyEssentials,SUP14,515.0,11,90.32453166790948,256.7750811184589,197.6209278,317.3790722,No Risk,No Action,0.0
Demand +20%,2025-12-31,SKU0050,WH05,South,Personal Care,DailyEssentials,SUP14,370.0,11,100.03476576337336,281.35344708205463,202.96936079999998,167.03063920000002,No Risk,No Action,0.0
Demand +20%,2025-12-31,SKU0051,WH01,North,Home Care,DailyEssentials,SUP9,34.0,8,5.555212996921266,10.82993827164654,9.19886184,24.80113816,No Risk,No Action,0.0
Demand +20%,2025-12-31,SKU0051,WH02,South,Home Care,DailyEssentials,SUP9,33.0,8,6.514994930748935,13.108401524155529,9.863022816,23.136977184,No Risk,No Action,0.0
Demand +20%,2025-12-31,SKU0051,WH03,South,Home Care,DailyEssentials,SUP9,5.0,8,4.948176836559141,9.519605407987711,9.215258927999997,-4.215258927999997,Critical Stockout Risk,Reorder Now,93.23989781006836
Demand +20%,2025-12-31,SKU0051,WH04,North,Home Care,DailyEssentials,SUP9,16.0,8,5.476882040167528,10.663695226980714,9.33843018,6.66156982,No Risk,No Action,0.0
Demand +20%,2025-12-31,SKU0051,WH05,South,Home Care,DailyEssentials,SUP9,13.0,8,4.194183338278293,7.886491030585985,9.468235896,3.5317641040000005,No Risk,No Action,0.0
Demand +20%,2025-12-31,SKU0052,WH01,North,Personal Care,SurfStyle,SUP3,84.0,6,91.5681593527308,243.61211539668682,175.1399796,-91.1399796,Critical Stockout Risk,Reorder Now,658.4120732910022
Demand +20%,2025-12-31,SKU0052,WH02,South,Personal Care,SurfStyle,SUP3,66.0,6,85.31914482763868,227.34112284961674,173.07778439999998,-107.07778439999998,Critical Stockout Risk,Reorder Now,636.3425792602188
Demand +20%,2025-12-31,SKU0052,WH03,South,Personal Care,SurfStyle,SUP3,487.0,6,86.8560206025335,232.63624038275327,163.6269864,323.37301360000004,No Risk,No Action,0.0
Demand +20%,2025-12-31,SKU0052,WH04,North,Personal Care,SurfStyle,SUP3,105.0,6,89.42825724769489,238.37331219274984,177.51561479999998,-72.51561479999998,Critical Stockout Risk,Reorder Now,651.6677813969806
Demand +20%,2025-12-31,SKU0052,WH05,South,Personal Care,SurfStyle,SUP3,55.0,6,89.25831090508879,238.13743178420967,177.2829216,-122.28292160000001,Critical Stockout Risk,Reorder Now,651.5235273207479
Demand +20%,2025-12-31,SKU0053,WH01,North,Home Care,GlowCare,SUP3,15.0,6,11.204370646233206,27.885689327551887,20.16690852,-5.16690852,Critical Stockout Risk,Reorder Now,435.20775773742326
Demand +20%,2025-12-31,SKU0053,WH02,South,Home Care,GlowCare,SUP3,1.0,6,11.275374789847552,27.429220943693707,20.66230584,-19.66230584,Critical Stockout Risk,Reorder Now,428.2717319994184
Demand +20%,2025-12-31,SKU0053,WH03,South,Home Care,GlowCare,SUP3,20.0,6,12.317959300996987,28.999277982315668,16.85998572,3.140014279999999,Reorder Soon,Reorder Soon,435.20775773742326
Demand +20%,2025-12-31,SKU0053,WH04,North,Home Care,GlowCare,SUP3,39.0,6,11.925906653685525,28.805027532806406,21.96203856,17.03796144,No Risk,No Action,0.0
Demand +20%,2025-12-31,SKU0053,WH05,South,Home Care,GlowCare,SUP3,9.0,6,11.17377052224626,26.668276016751754,16.99995516,-7.999955159999999,Critical Stockout Risk,Reorder Now,419.4404385290765
Demand +20%,2025-12-31,SKU0054,WH01,North,Home Care,GlowCare,SUP5,119.0,6,56.628068170627685,138.97971652227602,101.333631,17.666369000000003,Reorder Soon,Reorder Soon,302.4602843041647
Demand +20%,2025-12-31,SKU0054,WH02,South,Home Care,GlowCare,SUP5,47.0,6,56.28297131946118,137.64560868209855,89.6832096,-42.6832096,Critical Stockout Risk,Reorder Now,300.6385836280624
Demand +20%,2025-12-31,SKU0054,WH03,South,Home Care,GlowCare,SUP5,232.0,6,56.51687052630512,136.8904968999315,105.671586,126.328414,No Risk,No Action,0.0
Demand +20%,2025-12-31,SKU0054,WH04,North,Home Care,GlowCare,SUP5,314.0,6,58.35214996716512,143.3411609561761,97.6199238,216.38007620000002,No Risk,No Action,0.0
Demand +20%,2025-12-31,SKU0054,WH05,South,Home Care,GlowCare,SUP5,163.0,6,57.812843087198026,139.9007551751101,81.3480696,81.6519304,No Risk,No Action,0.0
Demand +20%,2025-12-31,SKU0055,WH01,North,Home Care,GlowCare,SUP9,353.0,8,95.07791942986393,257.97901833096284,183.8963928,169.1036072,No Risk,No Action,0.0
Demand +20%,2025-12-31,SKU0055,WH02,South,Home Care,GlowCare,SUP9,579.0,8,88.77965895604225,239.8126259890093,174.7564404,404.2435596,No Risk,No Action,0.0
Demand +20%,2025-12-31,SKU0055,WH03,South,Home Care,GlowCare,SUP9,0.0,8,86.80077692614597,234.93264505801415,173.5756332,-173.5756332,Critical Stockout Risk,Reorder Now,689.205874842948
Demand +20%,2025-12-31,SKU0055,WH04,North,Home Care,GlowCare,SUP9,337.0,8,93.55569860140116,251.7974568431594,166.4627808,170.5372192,No Risk,No Action,0.0
Demand +20%,2025-12-31,SKU0055,WH05,South,Home Care,GlowCare,SUP9,138.0,8,91.69652682905664,248.5316916642215,199.49392679999997,-61.49392679999997,Critical Stockout Risk,Reorder Now,709.1636116988292
Demand +20%,2025-12-31,SKU0056,WH01,North,Personal Care,SurfStyle,SUP3,9.0,6,3.903361765545613,7.5956694578533055,7.96497108,1.0350289200000002,No Risk,No Action,0.0
Demand +20%,2025-12-31,SKU0056,WH02,South,Personal Care,SurfStyle,SUP3,4.0,6,4.097795564195514,8.317575783975734,8.410078488,-4.410078488,Critical Stockout Risk,Reorder Now,105.38329625246752
Demand +20%,2025-12-31,SKU0056,WH03,South,Personal Care,SurfStyle,SUP3,0.0,6,4.522790864481289,9.20410954579997,9.709206720000001,-9.709206720000001,Critical Stockout Risk,Reorder Now,110.99692972678832
Demand +20%,2025-12-31,SKU0056,WH04,North,Personal Care,SurfStyle,SUP3,12.0,6,4.521399209848195,9.400520088969074,8.509774283999999,3.490225716000001,No Risk,No Action,0.0
Demand +20%,2025-12-31,SKU0056,WH05,South,Personal Care,SurfStyle,SUP3,5.0,6,4.13757830320981,8.555160720792227,9.5971293,-4.597129300000001,Critical Stockout Risk,Reorder Now,107.82493201114886
Demand +20%,2025-12-31,SKU0057,WH01,North,Home Care,FreshFoods,SUP7,107.0,7,20.416972956717498,61.80158834133289,46.72372248,60.27627752,No Risk,No Action,0.0
Demand +20%,2025-12-31,SKU0057,WH02,South,Home Care,FreshFoods,SUP7,40.0,7,19.76158585820483,59.14620124282021,47.54907684,-7.549076839999998,Critical Stockout Risk,Reorder Now,622.6911456728811
Demand +20%,2025-12-31,SKU0057,WH03,South,Home Care,FreshFoods,SUP7,52.0,7,20.52491223585429,62.832604543546594,43.23191484,8.768085159999998,Reorder Soon,Reorder Soon,645.3852782729634
Demand +20%,2025-12-31,SKU0057,WH04,North,Home Care,FreshFoods,SUP7,150.0,7,19.941369059872027,61.09521521371819,45.98541264,104.01458736000001,No Risk,No Action,0.0
Demand +20%,2025-12-31,SKU0057,WH05,South,Home Care,FreshFoods,SUP7,113.0,7,19.954219429077813,60.10806558292397,45.14788608,67.85211392,No Risk,No Action,0.0
Demand +20%,2025-12-31,SKU0058,WH01,North,Home Care,SurfStyle,SUP2,513.0,8,89.65013785518933,312.9468411518926,243.70781879999998,269.2921812,No Risk,No Action,0.0
Demand +20%,2025-12-31,SKU0058,WH02,South,Home Care,SurfStyle,SUP2,295.0,8,89.7990819940465,313.6232578182223,253.812402,41.18759800000001,Reorder Soon,Reorder Soon,1315.3449120098117
Demand +20%,2025-12-31,SKU0058,WH03,South,Home Care,SurfStyle,SUP2,759.0,8,86.81922043831689,306.42361604271247,263.40467759999996,495.59532240000004,No Risk,No Action,0.0
Demand +20%,2025-12-31,SKU0058,WH04,North,Home Care,SurfStyle,SUP2,57.0,8,96.34504816597511,332.30109212201904,278.38872599999996,-221.38872599999996,Critical Stockout Risk,Reorder Now,1350.5221307923116
Demand +20%,2025-12-31,SKU0058,WH05,South,Home Care,SurfStyle,SUP2,325.0,8,93.11788701475344,326.70030459717105,283.4461956,41.55380439999999,Reorder Soon,Reorder Soon,1343.7120962586514
Demand +20%,2025-12-31,SKU0059,WH01,North,Home Care,FreshFoods,SUP9,493.0,8,103.11835197870232,278.76670362705397,202.0693932,290.93060679999996,No Risk,No Action,0.0
Demand +20%,2025-12-31,SKU0059,WH02,South,Home Care,FreshFoods,SUP9,650.0,8,103.54121469621062,279.3653905203864,226.2308316,423.7691684,No Risk,No Action,0.0
Demand +20%,2025-12-31,SKU0059,WH03,South,Home Care,FreshFoods,SUP9,531.0,8,102.54785298559015,275.383017820755,190.22585759999998,340.7741424,No Risk,No Action,0.0
Demand +20%,2025-12-31,SKU0059,WH04,North,Home Care,FreshFoods,SUP9,274.0,8,102.6923399591767,279.21981248664923,211.7355096,62.2644904,Reorder Soon,Reorder Soon,465.27537604128696
Demand +20%,2025-12-31,SKU0059,WH05,South,Home Care,FreshFoods,SUP9,346.0,8,105.42388360921724,286.25904844438213,215.7210744,130.2789256,No Risk,No Action,0.0
Demand +20%,2025-12-31,SKU0060,WH01,North,Foods & Refreshment,FreshFoods,SUP1,208.0,10,58.30218576863453,161.48899895544773,127.2173292,80.7826708,No Risk,No Action,0.0
Demand +20%,2025-12-31,SKU0060,WH02,South,Foods & Refreshment,FreshFoods,SUP1,236.0,10,54.11785615599979,151.7002737384174,111.5991462,124.4008538,No Risk,No Action,0.0
Demand +20%,2025-12-31,SKU0060,WH03,South,Foods & Refreshment,FreshFoods,SUP1,132.0,10,52.77744812828031,147.72250307333528,111.79943519999999,20.20056480000001,Reorder Soon,Reorder Soon,411.5623927244212
Demand +20%,2025-12-31,SKU0060,WH04,North,Foods & Refreshment,FreshFoods,SUP1,83.0,10,58.07665315579382,161.1535762327169,113.3371392,-30.337139199999996,Critical Stockout Risk,Reorder Now,428.8251334024852
Demand +20%,2025-12-31,SKU0060,WH05,South,Foods & Refreshment,FreshFoods,SUP1,169.0,10,54.78336239731991,152.80534041929795,111.5362146,57.463785400000006,No Risk,No Action,0.0
Demand +20%,2025-12-31,SKU0061,WH01,North,Foods & Refreshment,DailyEssentials,SUP11,191.0,5,45.29859254550775,118.70518595210115,84.604371,106.395629,No Risk,No Action,0.0
Demand +20%,2025-12-31,SKU0061,WH02,South,Foods & Refreshment,DailyEssentials,SUP11,136.0,5,47.35004530783676,124.38301234080379,96.3821772,39.6178228,No Risk,No Action,0.0
Demand +20%,2025-12-31,SKU0061,WH03,South,Foods & Refreshment,DailyEssentials,SUP11,152.0,5,48.23517586551206,125.9824286127648,100.77798599999998,51.222014000000016,No Risk,No Action,0.0
Demand +20%,2025-12-31,SKU0061,WH04,North,Foods & Refreshment,DailyEssentials,SUP11,37.0,5,48.17959615755601,126.31146428942415,99.869562,-62.869562,Critical Stockout Risk,Reorder Now,737.4281212113668
Demand +20%,2025-12-31,SKU0061,WH05,South,Foods & Refreshment,DailyEssentials,SUP11,141.0,5,47.86241374565781,123.96131484455893,102.8188344,38.1811656,No Risk,No Action,0.0
Demand +20%,2025-12-31,SKU0062,WH01,North,Personal Care,FreshFoods,SUP1,584.0,10,192.19394273262623,546.2598767985603,366.204438,217.79556200000002,No Risk,No Action,0.0
Demand +20%,2025-12-31,SKU0062,WH02,South,Personal Care,FreshFoods,SUP1,857.0,10,196.9055736551148,558.5539253034665,437.6877228,419.3122772,No Risk,No Action,0.0
Demand +20%,2025-12-31,SKU0062,WH03,South,Personal Care,FreshFoods,SUP1,798.0,10,194.15767992849368,553.498339269153,410.55548519999996,387.44451480000004,No Risk,No Action,0.0
Demand +20%,2025-12-31,SKU0062,WH04,North,Personal Care,FreshFoods,SUP1,1292.0,10,202.8320053576096,567.0078295334338,404.9292696,887.0707304,No Risk,No Action,0.0
Demand +20%,2025-12-31,SKU0062,WH05,South,Personal Care,FreshFoods,SUP1,667.0,10,189.87363358660497,536.1373698503412,402.4169268,264.5830732,No Risk,No Action,0.0
Demand +20%,2025-12-31,SKU0063,WH01,North,Home Care,GlowCare,SUP3,231.0,6,47.0755958594049,114.06460684841588,74.072508,156.927492,No Risk,No Action,0.0
Demand +20%,2025-12-31,SKU0063,WH02,South,Home Care,GlowCare,SUP3,42.0,6,48.993438505776005,119.41102092335842,88.5770868,-46.577086800000004,Critical Stockout Risk,Reorder Now,613.1152106721329
Demand +20%,2025-12-31,SKU0063,WH03,South,Home Care,GlowCare,SUP3,142.0,6,48.53967780325307,117.70451296808824,78.083316,63.916684000000004,No Risk,No Action,0.0
Demand +20%,2025-12-31,SKU0063,WH04,North,Home Care,GlowCare,SUP3,105.0,6,52.51734272599271,122.93492514357513,77.2457256,27.7542744,Reorder Soon,Reorder Soon,613.1152106721329
Demand +20%,2025-12-31,SKU0063,WH05,South,Home Care,GlowCare,SUP3,125.0,6,46.92292501087206,113.51633160427866,73.5320496,51.46795040000001,No Risk,No Action,0.0
Demand +20%,2025-12-31,SKU0064,WH01,North,Foods & Refreshment,DailyEssentials,SUP3,132.0,6,30.99660693083964,78.40320033743305,58.356536399999996,73.6434636,No Risk,No Action,0.0
Demand +20%,2025-12-31,SKU0064,WH02,South,Foods & Refreshment,DailyEssentials,SUP3,72.0,6,33.13570481789219,84.56427624646362,66.03089519999999,5.969104800000011,Reorder Soon,Reorder Soon,340.6758239229525
Demand +20%,2025-12-31,SKU0064,WH03,South,Foods & Refreshment,DailyEssentials,SUP3,24.0,6,32.15407826072177,82.65957276621629,58.78292999999999,-34.78292999999999,Critical Stockout Risk,Reorder Now,337.60463340307683
Demand +20%,2025-12-31,SKU0064,WH04,North,Foods & Refreshment,DailyEssentials,SUP3,74.0,6,32.685579114891695,83.5866780159906,66.5099316,7.490068399999998,Reorder Soon,Reorder Soon,338.9242656653656
Demand +20%,2025-12-31,SKU0064,WH05,South,Foods & Refreshment,DailyEssentials,SUP3,94.0,6,30.70403428407144,79.1655727456099,62.8758768,31.1241232,No Risk,No Action,0.0
Demand +20%,2025-12-31,SKU0065,WH01,North,Personal Care,GlowCare,SUP13,646.0,7,170.6099346864342,463.91762699412646,362.54751719999996,283.45248280000004,No Risk,No Action,0.0
Demand +20%,2025-12-31,SKU0065,WH02,South,Personal Care,GlowCare,SUP13,455.0,7,172.91299218507393,467.7591460312277,338.30865839999996,116.69134160000004,Reorder Soon,Reorder Soon,1102.0543127971578
Demand +20%,2025-12-31,SKU0065,WH03,South,Personal Care,GlowCare,SUP13,499.0,7,164.74169368430844,444.8186167612315,349.1837376,149.81626240000003,No Risk,No Action,0.0
Demand +20%,2025-12-31,SKU0065,WH04,North,Personal Care,GlowCare,SUP13,566.0,7,167.11260352363465,454.26644967748075,328.507452,237.492548,No Risk,No Action,0.0
Demand +20%,2025-12-31,SKU0065,WH05,South,Personal Care,GlowCare,SUP13,956.0,7,169.78538403943136,461.4007686548159,355.55414759999996,600.4458524,No Risk,No Action,0.0
Demand +20%,2025-12-31,SKU0066,WH01,North,Personal Care,GlowCare,SUP1,227.0,10,43.17434471342225,130.42709196616948,98.38840151999999,128.61159848,No Risk,No Action,0.0
Demand +20%,2025-12-31,SKU0066,WH02,South,Personal Care,GlowCare,SUP1,116.0,10,45.01122478057721,135.0112247805772,99.4343088,16.565691200000003,Reorder Soon,Reorder Soon,326.66442254897936
Demand +20%,2025-12-31,SKU0066,WH03,South,Personal Care,GlowCare,SUP1,367.0,10,42.48973714435313,128.09413274874873,96.19756967999999,270.80243032,No Risk,No Action,0.0
Demand +20%,2025-12-31,SKU0066,WH04,North,Personal Care,GlowCare,SUP1,172.0,10,43.04169858140556,129.1955447352517,106.2101532,65.7898468,No Risk,No Action,0.0
Demand +20%,2025-12-31,SKU0066,WH05,South,Personal Care,GlowCare,SUP1,158.0,10,42.29102982954375,128.00531554382945,115.99253879999999,42.00746120000001,No Risk,No Action,0.0
Demand +20%,2025-12-31,SKU0067,WH01,North,Home Care,DailyEssentials,SUP7,379.0,7,183.49234047941923,452.72310971018845,316.8288012,62.17119880000001,Reorder Soon,Reorder Soon,2432.290111972889
Demand +20%,2025-12-31,SKU0067,WH02,South,Home Care,DailyEssentials,SUP7,606.0,7,186.5474407403113,455.6243638172344,308.7798072,297.2201928,No Risk,No Action,0.0
Demand +20%,2025-12-31,SKU0067,WH03,South,Home Care,DailyEssentials,SUP7,326.0,7,184.4101401673757,451.79475555199105,323.10648,2.8935200000000236,Reorder Soon,Reorder Soon,2423.9364864541308
Demand +20%,2025-12-31,SKU0067,WH04,North,Home Care,DailyEssentials,SUP7,367.0,7,186.26122455677773,459.491993787547,328.2407868,38.75921319999998,Reorder Soon,Reorder Soon,2450.291935412797
Demand +20%,2025-12-31,SKU0067,WH05,South,Home Care,DailyEssentials,SUP7,853.0,7,176.85627829493765,432.0870475257069,317.26165199999997,535.7383480000001,No Risk,No Action,0.0
Demand +20%,2025-12-31,SKU0068,WH01,North,Home Care,GlowCare,SUP9,25.0,8,9.493621964267597,20.043072513718148,13.330413972,11.669586028,No Risk,No Action,0.0
Demand +20%,2025-12-31,SKU0068,WH02,South,Home Care,GlowCare,SUP9,18.0,8,9.81506521804673,20.979900382881894,14.6266854,3.3733146000000005,Reorder Soon,Reorder Soon,165.28022292780244
Demand +20%,2025-12-31,SKU0068,WH03,South,Home Care,GlowCare,SUP9,44.0,8,11.469052454053772,24.91960190460322,14.340161400000001,29.6598386,No Risk,No Action,0.0
Demand +20%,2025-12-31,SKU0068,WH04,North,Home Care,GlowCare,SUP9,33.0,8,9.568870914153695,20.38205772734051,17.26156236,15.73843764,No Risk,No Action,0.0
Demand +20%,2025-12-31,SKU0068,WH05,South,Home Care,GlowCare,SUP9,25.0,8,11.108924112934115,23.328704332714334,18.50737668,6.49262332,No Risk,No Action,0.0
Demand +20%,2025-12-31,SKU0069,WH01,North,Home Care,SurfStyle,SUP8,0.0,8,99.120172941596,227.29599711742017,160.442718,-160.442718,Critical Stockout Risk,Reorder Now,562.314334923928
Demand +20%,2025-12-31,SKU0069,WH02,South,Home Care,SurfStyle,SUP8,251.0,8,93.29536848743324,213.5591047511695,146.7602586,104.23974140000001,No Risk,No Action,0.0
Demand +20%,2025-12-31,SKU0069,WH03,South,Home Care,SurfStyle,SUP8,244.0,8,98.29250014010807,223.9188737664817,160.87419119999998,83.12580880000002,No Risk,No Action,0.0
Demand +20%,2025-12-31,SKU0069,WH04,North,Home Care,SurfStyle,SUP8,273.0,8,98.70237900885182,226.0869943934672,156.8501628,116.14983720000001,No Risk,No Action,0.0
Demand +20%,2025-12-31,SKU0069,WH05,South,Home Care,SurfStyle,SUP8,272.0,8,101.71445530547192,231.64852123953784,166.3308816,105.6691184,No Risk,No Action,0.0
Demand +20%,2025-12-31,SKU0070,WH01,North,Foods & Refreshment,GlowCare,SUP11,106.0,5,42.1590809448708,110.34589413168399,88.9470144,17.0529856,Reorder Soon,Reorder Soon,600.2246639579112
Demand +20%,2025-12-31,SKU0070,WH02,South,Foods & Refreshment,GlowCare,SUP11,162.0,5,43.50674372142009,114.05619427087063,90.5683512,71.4316488,No Risk,No Action,0.0
Demand +20%,2025-12-31,SKU0070,WH03,South,Foods & Refreshment,GlowCare,SUP11,119.0,5,42.67510555536176,111.905874786131,89.68986480000001,29.31013519999999,No Risk,No Action,0.0
Demand +20%,2025-12-31,SKU0070,WH04,North,Foods & Refreshment,GlowCare,SUP11,166.0,5,41.51785505620655,108.33104186939337,90.5477148,75.4522852,No Risk,No Action,0.0
Demand +20%,2025-12-31,SKU0070,WH05,South,Foods & Refreshment,GlowCare,SUP11,45.0,5,41.845577462193575,109.3730499896661,87.09399599999999,-42.09399599999999,Critical Stockout Risk,Reorder Now,597.3156420005421
Demand +20%,2025-12-31,SKU0071,WH01,North,Personal Care,DailyEssentials,SUP13,54.0,7,53.89173094560629,140.12250017637552,96.6858252,-42.6858252,Critical Stockout Risk,Reorder Now,457.356305739962
Demand +20%,2025-12-31,SKU0071,WH02,South,Personal Care,DailyEssentials,SUP13,346.0,7,54.26683293338227,143.65144831799765,94.4711916,251.5288084,No Risk,No Action,0.0
Demand +20%,2025-12-31,SKU0071,WH03,South,Personal Care,DailyEssentials,SUP13,338.0,7,51.390654317730906,134.3906543177309,94.8126228,243.18737720000001,No Risk,No Action,0.0
Demand +20%,2025-12-31,SKU0071,WH04,North,Personal Care,DailyEssentials,SUP13,182.0,7,50.94090524120779,134.40244370274627,88.5985884,93.4014116,No Risk,No Action,0.0
Demand +20%,2025-12-31,SKU0071,WH05,South,Personal Care,DailyEssentials,SUP13,138.0,7,49.93882856664141,131.47729010510295,85.2700398,52.729960199999994,No Risk,No Action,0.0
Demand +20%,2025-12-31,SKU0072,WH01,North,Home Care,SurfStyle,SUP6,15.0,10,26.21823010195724,103.14130702503417,105.95278199999998,-90.95278199999998,Critical Stockout Risk,Reorder Now,453.2638588382188
Demand +20%,2025-12-31,SKU0072,WH02,South,Home Care,SurfStyle,SUP6,132.0,10,24.420031337094297,98.8156357326987,87.41059392,44.58940608,No Risk,No Action,0.0
Demand +20%,2025-12-31,SKU0072,WH03,South,Home Care,SurfStyle,SUP6,124.0,10,25.238382881693507,102.82080046411109,86.4638892,37.5361108,No Risk,No Action,0.0
Demand +20%,2025-12-31,SKU0072,WH04,North,Home Care,SurfStyle,SUP6,109.0,10,24.116532857471768,95.32532406626297,76.72284816,32.27715184,No Risk,No Action,0.0
Demand +20%,2025-12-31,SKU0072,WH05,South,Home Care,SurfStyle,SUP6,125.0,10,25.61379487970625,104.40500367091504,90.45141516,34.548584840000004,No Risk,No Action,0.0
Demand +20%,2025-12-31,SKU0073,WH01,North,Home Care,GlowCare,SUP13,349.0,7,104.87357034947192,281.79664727254885,212.24002199999998,136.75997800000002,No Risk,No Action,0.0
Demand +20%,2025-12-31,SKU0073,WH02,South,Home Care,GlowCare,SUP13,341.0,7,105.41819946436188,284.18743023359264,200.5794804,140.4205196,No Risk,No Action,0.0
Demand +20%,2025-12-31,SKU0073,WH03,South,Home Care,GlowCare,SUP13,0.0,7,105.7540210134323,285.7540210134323,225.006102,-225.006102,Critical Stockout Risk,Reorder Now,645.7540210134323
Demand +20%,2025-12-31,SKU0073,WH04,North,Home Care,GlowCare,SUP13,128.0,7,103.56412762297563,278.17951223836025,193.9613016,-65.96130160000001,Critical Stockout Risk,Reorder Now,499.4102814691295
Demand +20%,2025-12-31,SKU0073,WH05,South,Home Care,GlowCare,SUP13,223.0,7,104.21208991507784,280.6736283766163,200.60555159999998,22.394448400000016,Reorder Soon,Reorder Soon,410.5967052996932
Demand +20%,2025-12-31,SKU0074,WH01,North,Personal Care,SurfStyle,SUP5,196.0,6,71.18531550562645,189.5369638572748,137.6981124,58.301887599999986,No Risk,No Action,0.0
Demand +20%,2025-12-31,SKU0074,WH02,South,Personal Care,SurfStyle,SUP5,196.0,6,64.15777082019746,171.36656202898865,123.687474,72.312526,No Risk,No Action,0.0
Demand +20%,2025-12-31,SKU0074,WH03,South,Personal Care,SurfStyle,SUP5,284.0,6,68.09153291954577,180.77285160086444,127.7899836,156.2100164,No Risk,No Action,0.0
Demand +20%,2025-12-31,SKU0074,WH04,North,Personal Care,SurfStyle,SUP5,403.0,6,69.83598390582652,185.08873115857375,140.08633079999998,262.9136692,No Risk,No Action,0.0
Demand +20%,2025-12-31,SKU0074,WH05,South,Personal Care,SurfStyle,SUP5,94.0,6,65.23739688878304,174.49014414153027,133.4628948,-39.46289479999999,Critical Stockout Risk,Reorder Now,394.0533821934099
Demand +20%,2025-12-31,SKU0075,WH01,North,Home Care,FreshFoods,SUP15,95.0,6,22.093491088943964,49.78579878125166,26.081549399999997,68.9184506,No Risk,No Action,0.0
Demand +20%,2025-12-31,SKU0075,WH02,South,Home Care,FreshFoods,SUP15,46.0,6,20.46583319123344,46.11418483958509,32.12941848,13.870581520000002,Reorder Soon,Reorder Soon,213.16628765157856
Demand +20%,2025-12-31,SKU0075,WH03,South,Home Care,FreshFoods,SUP15,50.0,6,21.29312058181603,48.32608761478306,28.70408844,21.29591156,No Risk,No Action,0.0
Demand +20%,2025-12-31,SKU0075,WH04,North,Home Care,FreshFoods,SUP15,8.0,6,21.511894636218397,48.4129935373173,36.97094448,-28.97094448,Critical Stockout Risk,Reorder Now,218.3100870386108
Demand +20%,2025-12-31,SKU0075,WH05,South,Home Care,FreshFoods,SUP15,36.0,6,20.98366666679429,47.225424908552526,29.445140279999997,6.554859720000003,Reorder Soon,Reorder Soon,215.6181211060556
Demand +20%,2025-12-31,SKU0076,WH01,North,Foods & Refreshment,GlowCare,SUP8,176.0,8,91.23244209119628,208.77090362965782,143.16220919999998,32.83779080000002,Reorder Soon,Reorder Soon,331.28875800665617
Demand +20%,2025-12-31,SKU0076,WH02,South,Foods & Refreshment,GlowCare,SUP8,180.0,8,84.21496015478169,193.57759751741906,142.3121856,37.68781440000001,Reorder Soon,Reorder Soon,319.5590970025951
Demand +20%,2025-12-31,SKU0076,WH03,South,Foods & Refreshment,GlowCare,SUP8,423.0,8,88.7424039253189,203.4676786505936,118.7737056,304.22629440000003,No Risk,No Action,0.0
Demand +20%,2025-12-31,SKU0076,WH04,North,Foods & Refreshment,GlowCare,SUP8,283.0,8,85.79504908308529,196.91592820396443,112.4261064,170.57389360000002,No Risk,No Action,0.0
Demand +20%,2025-12-31,SKU0076,WH05,South,Foods & Refreshment,GlowCare,SUP8,0.0,8,85.81957776453767,197.02836897332887,159.3646764,-159.3646764,Critical Stockout Risk,Reorder Now,391.6437535887134
Demand +20%,2025-12-31,SKU0077,WH01,North,Personal Care,GlowCare,SUP12,225.0,8,56.99788200209944,138.05282705704448,88.7353476,136.2646524,No Risk,No Action,0.0
Demand +20%,2025-12-31,SKU0077,WH02,South,Personal Care,GlowCare,SUP12,120.0,8,56.89413610237717,138.740289948531,102.3091782,17.690821799999995,Reorder Soon,Reorder Soon,433.80527716450285
Demand +20%,2025-12-31,SKU0077,WH03,South,Personal Care,GlowCare,SUP12,0.0,8,59.07771840141685,143.56123488493333,99.8431332,-99.8431332,Critical Stockout Risk,Reorder Now,440.73920522087474
Demand +20%,2025-12-31,SKU0077,WH04,North,Personal Care,GlowCare,SUP12,375.0,8,53.75473498685854,133.84264707477064,90.90462959999999,284.0953704,No Risk,No Action,0.0
Demand +20%,2025-12-31,SKU0077,WH05,South,Personal Care,GlowCare,SUP12,29.0,8,54.56504498066652,133.2463636619852,98.0187006,-69.0187006,Critical Stockout Risk,Reorder Now,425.335378575804
Demand +20%,2025-12-31,SKU0078,WH01,North,Personal Care,SurfStyle,SUP14,119.0,11,54.29479160096781,153.65742896360518,122.97596759999999,-3.97596759999999,Critical Stockout Risk,Reorder Now,375.2616028118332
Demand +20%,2025-12-31,SKU0078,WH02,South,Personal Care,SurfStyle,SUP14,185.0,11,59.15984697979221,165.89611071605597,134.1081126,50.8918874,No Risk,No Action,0.0
Demand +20%,2025-12-31,SKU0078,WH03,South,Personal Care,SurfStyle,SUP14,353.0,11,53.32091968081522,148.21102957092512,114.30820440000001,238.69179559999998,No Risk,No Action,0.0
Demand +20%,2025-12-31,SKU0078,WH04,North,Personal Care,SurfStyle,SUP14,398.0,11,54.706748756256346,152.86059491010252,127.5314676,270.4685324,No Risk,No Action,0.0
Demand +20%,2025-12-31,SKU0078,WH05,South,Personal Care,SurfStyle,SUP14,0.0,11,53.84393970263353,151.15163201032584,123.4849332,-123.4849332,Critical Stockout Risk,Reorder Now,371.3608871461917
Demand +20%,2025-12-31,SKU0079,WH01,North,Home Care,FreshFoods,SUP12,15.0,8,7.76401949306752,17.43434916339719,10.996770263999998,4.0032297360000015,Reorder Soon,Reorder Soon,253.18805925202025
Demand +20%,2025-12-31,SKU0079,WH02,South,Home Care,FreshFoods,SUP12,12.0,8,7.89873448262624,17.12950371339547,10.2743022,1.7256978000000007,Reorder Soon,Reorder Soon,247.3668659652092
Demand +20%,2025-12-31,SKU0079,WH03,South,Home Care,FreshFoods,SUP12,4.0,8,7.287691472335071,16.5184607031043,12.39255996,-8.39255996,Critical Stockout Risk,Reorder Now,247.3668659652092
Demand +20%,2025-12-31,SKU0079,WH04,North,Home Care,FreshFoods,SUP12,20.0,8,7.5067002951933315,16.561645350138384,13.061221752,6.938778248,No Risk,No Action,0.0
Demand +20%,2025-12-31,SKU0079,WH05,South,Home Care,FreshFoods,SUP12,17.0,8,6.176114768385621,13.560730153001007,10.055969111999998,6.944030888000002,No Risk,No Action,0.0
Demand +20%,2025-12-31,SKU0080,WH01,North,Personal Care,FreshFoods,SUP13,171.0,7,60.841044783929874,162.61027555316065,124.5761136,46.4238864,No Risk,No Action,0.0
Demand +20%,2025-12-31,SKU0080,WH02,South,Personal Care,FreshFoods,SUP13,105.0,7,61.79389105343807,161.48619874574575,116.2315188,-11.231518800000003,Critical Stockout Risk,Reorder Now,1147.1357787351244
Demand +20%,2025-12-31,SKU0080,WH03,South,Personal Care,FreshFoods,SUP13,34.0,7,59.62181354079926,160.1602750792608,125.1579504,-91.1579504,Critical Stockout Risk,Reorder Now,1151.9937383199904
Demand +20%,2025-12-31,SKU0080,WH04,North,Personal Care,FreshFoods,SUP13,197.0,7,64.8052301029133,170.57446087214407,138.540222,58.459778,No Risk,No Action,0.0
Demand +20%,2025-12-31,SKU0080,WH05,South,Personal Care,FreshFoods,SUP13,143.0,7,60.55961638167913,160.55961638167912,125.15371619999999,17.84628380000001,Reorder Soon,Reorder Soon,1148.904686152446
Demand -20%,2025-12-31,SKU0001,WH01,North,Home Care,SurfStyle,SUP5,259.0,6,53.97279269418089,168.96180368319187,93.6894472,165.31055279999998,No Risk,No Action,0.0
Demand -20%,2025-12-31,SKU0001,WH02,South,Home Care,SurfStyle,SUP5,13.0,6,56.23022745158588,175.57088679224523,90.17257120000001,-77.17257120000001,Critical Stockout Risk,Reorder Now,1269.821309648881
Demand -20%,2025-12-31,SKU0001,WH03,South,Home Care,SurfStyle,SUP5,310.0,6,55.00685850980463,169.33652883947494,79.91210240000001,230.0878976,No Risk,No Action,0.0
Demand -20%,2025-12-31,SKU0001,WH04,North,Home Care,SurfStyle,SUP5,435.0,6,57.475611056475785,172.99209457295927,84.937524,350.062476,No Risk,No Action,0.0
Demand -20%,2025-12-31,SKU0001,WH05,South,Home Care,SurfStyle,SUP5,219.0,6,58.64462182044602,179.50176467758888,88.9099664,130.0900336,No Risk,No Action,0.0
Demand -20%,2025-12-31,SKU0002,WH01,North,Personal Care,DailyEssentials,SUP13,54.0,7,14.381528230013132,43.996912845397745,21.136763360000003,32.86323664,No Risk,No Action,0.0
Demand -20%,2025-12-31,SKU0002,WH02,South,Personal Care,DailyEssentials,SUP13,50.0,7,15.171199027839624,45.017352873993474,18.79558352,31.20441648,No Risk,No Action,0.0
Demand -20%,2025-12-31,SKU0002,WH03,South,Personal Care,DailyEssentials,SUP13,77.0,7,17.20891953113404,49.90122722344174,26.21799328,50.78200672,No Risk,No Action,0.0
Demand -20%,2025-12-31,SKU0002,WH04,North,Personal Care,DailyEssentials,SUP13,4.0,7,15.41866410386483,45.49558718078791,22.01632168,-18.01632168,Critical Stockout Risk,Reorder Now,169.8040993538272
Demand -20%,2025-12-31,SKU0002,WH05,South,Personal Care,DailyEssentials,SUP13,94.0,7,15.79087923519265,46.79087923519265,22.9640884,71.03591159999999,No Risk,No Action,0.0
Demand -20%,2025-12-31,SKU0003,WH01,North,Personal Care,FreshFoods,SUP4,167.0,5,199.16112078449865,422.7874944108722,187.8341312,-20.8341312,Critical Stockout Risk,Reorder Now,1697.6919115043993
Demand -20%,2025-12-31,SKU0003,WH02,South,Personal Care,FreshFoods,SUP4,745.0,5,194.9299615129166,412.40248898544405,172.17555600000003,572.824444,No Risk,No Action,0.0
Demand -20%,2025-12-31,SKU0003,WH03,South,Personal Care,FreshFoods,SUP4,1077.0,5,204.66116678825205,432.2435843706696,171.31608400000002,905.683916,No Risk,No Action,0.0
Demand -20%,2025-12-31,SKU0003,WH04,North,Personal Care,FreshFoods,SUP4,138.0,5,193.5400207045042,408.375185539669,170.145136,-32.14513600000001,Critical Stockout Risk,Reorder Now,1663.98747730054
Demand -20%,2025-12-31,SKU0003,WH05,South,Personal Care,FreshFoods,SUP4,0.0,5,187.35070821156103,396.4715873324402,167.1548024,-167.1548024,Critical Stockout Risk,Reorder Now,1641.7085759840647
Demand -20%,2025-12-31,SKU0004,WH01,North,Home Care,GlowCare,SUP12,499.0,8,419.65611182940273,1060.3594085326995,497.8783232,1.1216767999999888,Reorder Soon,Reorder Soon,2940.808012243158
Demand -20%,2025-12-31,SKU0004,WH02,South,Home Care,GlowCare,SUP12,407.0,8,432.7094644463414,1084.6655084023853,499.971448,-92.97144800000001,Critical Stockout Risk,Reorder Now,2966.520484119045
Demand -20%,2025-12-31,SKU0004,WH03,South,Home Care,GlowCare,SUP12,827.0,8,420.0718963777085,1063.3246436304557,573.7423072,253.25769279999997,Reorder Soon,Reorder Soon,2946.653152334336
Demand -20%,2025-12-31,SKU0004,WH04,North,Home Care,GlowCare,SUP12,1549.0,8,416.0306874801052,1053.744973194391,520.5432976000001,1028.4567023999998,No Risk,No Action,0.0
Demand -20%,2025-12-31,SKU0004,WH05,South,Home Care,GlowCare,SUP12,991.0,8,430.5179223826512,1087.5728674375962,553.457032,437.542968,Reorder Soon,Reorder Soon,2978.098361920666
Demand -20%,2025-12-31,SKU0005,WH01,North,Personal Care,GlowCare,SUP7,566.0,7,81.12279950818352,216.81510720049118,98.2773656,467.7226344,No Risk,No Action,0.0
Demand -20%,2025-12-31,SKU0005,WH02,South,Personal Care,GlowCare,SUP7,521.0,7,86.50165533333684,230.04011687179838,102.17148560000001,418.8285144,No Risk,No Action,0.0
Demand -20%,2025-12-31,SKU0005,WH03,South,Personal Care,GlowCare,SUP7,225.0,7,86.51876892466811,230.9803073862066,102.421616,122.578384,Reorder Soon,Reorder Soon,451.5416573406529
Demand -20%,2025-12-31,SKU0005,WH04,North,Personal Care,GlowCare,SUP7,245.0,7,86.76807976549547,230.30654130395703,107.3546952,137.64530480000002,No Risk,No Action,0.0
Demand -20%,2025-12-31,SKU0005,WH05,South,Personal Care,GlowCare,SUP7,401.0,7,82.93658054185596,221.09042669570212,92.5705016,308.4294984,No Risk,No Action,0.0
Demand -20%,2025-12-31,SKU0006,WH01,North,Personal Care,DailyEssentials,SUP4,5.0,5,4.105356019601571,7.292169206414757,4.8088754400000004,0.19112455999999955,Reorder Soon,Reorder Soon,143.66595219946964
Demand -20%,2025-12-31,SKU0006,WH02,South,Personal Care,DailyEssentials,SUP4,19.0,5,4.424026501822814,7.995455073251385,4.9495657920000005,14.050434207999999,No Risk,No Action,0.0
Demand -20%,2025-12-31,SKU0006,WH03,South,Personal Care,DailyEssentials,SUP4,19.0,5,4.397281803628357,7.9137653201118745,5.099814240000001,13.90018576,No Risk,No Action,0.0
Demand -20%,2025-12-31,SKU0006,WH04,North,Personal Care,DailyEssentials,SUP4,3.0,5,3.528033446247561,6.440121358335473,4.89533016,-1.8953301600000003,Critical Stockout Risk,Reorder Now,137.3339127651988
Demand -20%,2025-12-31,SKU0006,WH05,South,Personal Care,DailyEssentials,SUP4,14.0,5,3.680450735537305,6.592538647625217,4.82864352,9.17135648,No Risk,No Action,0.0
Demand -20%,2025-12-31,SKU0007,WH01,North,Home Care,SurfStyle,SUP6,226.0,10,43.19561551895875,175.61319793654116,113.6667732,112.3332268,No Risk,No Action,0.0
Demand -20%,2025-12-31,SKU0007,WH02,South,Home Care,SurfStyle,SUP6,74.0,10,51.68060670326932,202.88939791206053,119.79099120000001,-45.79099120000001,Critical Stockout Risk,Reorder Now,488.36223013744353
Demand -20%,2025-12-31,SKU0007,WH03,South,Home Care,SurfStyle,SUP6,20.0,10,46.217326611821136,184.78875518324972,109.378444,-89.378444,Critical Stockout Risk,Reorder Now,467.5094507867445
Demand -20%,2025-12-31,SKU0007,WH04,North,Home Care,SurfStyle,SUP6,258.0,10,48.713484131175655,198.3838138015053,135.201816,122.79818399999999,No Risk,No Action,0.0
Demand -20%,2025-12-31,SKU0007,WH05,South,Home Care,SurfStyle,SUP6,29.0,10,46.65170358102039,189.8385167678336,107.07058400000001,-78.07058400000001,Critical Stockout Risk,Reorder Now,475.2313246209383
Demand -20%,2025-12-31,SKU0008,WH01,North,Home Care,FreshFoods,SUP8,576.0,8,174.38268380299365,400.49257391288376,184.67410400000003,391.32589599999994,No Risk,No Action,0.0
Demand -20%,2025-12-31,SKU0008,WH02,South,Home Care,FreshFoods,SUP8,284.0,8,178.29480948111876,409.94316112947047,178.13165360000002,105.86834639999998,Reorder Soon,Reorder Soon,584.2239050325663
Demand -20%,2025-12-31,SKU0008,WH03,South,Home Care,FreshFoods,SUP8,171.0,8,164.99373206966254,379.9387870147175,178.9389176,-7.938917599999996,Critical Stockout Risk,Reorder Now,585.0926331685637
Demand -20%,2025-12-31,SKU0008,WH04,North,Home Care,FreshFoods,SUP8,499.0,8,170.69367969004887,392.75961375598297,175.182784,323.81721600000003,No Risk,No Action,0.0
Demand -20%,2025-12-31,SKU0008,WH05,South,Home Care,FreshFoods,SUP8,821.0,8,172.77559560437842,397.83054065932345,181.76702640000002,639.2329735999999,No Risk,No Action,0.0
Demand -20%,2025-12-31,SKU0009,WH01,North,Personal Care,SurfStyle,SUP12,339.0,8,181.6161134021713,457.04468483074277,214.6802128,124.31978720000001,Reorder Soon,Reorder Soon,618.2234917198974
Demand -20%,2025-12-31,SKU0009,WH02,South,Personal Care,SurfStyle,SUP12,745.0,8,194.7502193572105,490.48648309347413,233.054396,511.945604,No Risk,No Action,0.0
Demand -20%,2025-12-31,SKU0009,WH03,South,Personal Care,SurfStyle,SUP12,1425.0,8,194.10467184970184,488.52225426728427,237.6053144,1187.3946856,No Risk,No Action,0.0
Demand -20%,2025-12-31,SKU0009,WH04,North,Personal Care,SurfStyle,SUP12,308.0,8,198.20090125055287,497.89320894286055,226.8337264,81.16627360000001,Reorder Soon,Reorder Soon,714.354747404399
Demand -20%,2025-12-31,SKU0009,WH05,South,Personal Care,SurfStyle,SUP12,0.0,8,192.2598515174437,481.4906207482129,208.4827464,-208.4827464,Critical Stockout Risk,Reorder Now,987.6444669020591
Demand -20%,2025-12-31,SKU0010,WH01,North,Home Care,SurfStyle,SUP10,51.0,9,28.59800166516912,92.58701265418011,48.34474336,2.6552566399999975,Reorder Soon,Reorder Soon,252.07909920969712
Demand -20%,2025-12-31,SKU0010,WH02,South,Home Care,SurfStyle,SUP10,107.0,9,28.36730158025889,91.3673015802589,51.31673896,55.68326104,No Risk,No Action,0.0
Demand -20%,2025-12-31,SKU0010,WH03,South,Home Care,SurfStyle,SUP10,88.0,9,28.453290651116035,91.74999394781933,40.60942232,47.39057768,Reorder Soon,Reorder Soon,250.7117480207257
Demand -20%,2025-12-31,SKU0010,WH04,North,Home Care,SurfStyle,SUP10,179.0,9,29.497835403034948,94.87146177666133,57.03485903999999,121.96514096000001,No Risk,No Action,0.0
Demand -20%,2025-12-31,SKU0010,WH05,South,Home Care,SurfStyle,SUP10,122.0,9,28.61487064121989,92.10937613572538,49.69392744,72.30607255999999,No Risk,No Action,0.0
Demand -20%,2025-12-31,SKU0011,WH01,North,Home Care,FreshFoods,SUP14,0.0,11,144.85669212078955,379.6039448680423,203.6336752,-203.6336752,Critical Stockout Risk,Reorder Now,678.3731756372731
Demand -20%,2025-12-31,SKU0011,WH02,South,Home Care,FreshFoods,SUP14,0.0,11,139.1304843566363,364.3282865544385,180.0953,-180.0953,Critical Stockout Risk,Reorder Now,650.943671169823
Demand -20%,2025-12-31,SKU0011,WH03,South,Home Care,FreshFoods,SUP14,334.0,11,144.31316768263935,378.93954130901295,203.722804,130.277196,Reorder Soon,Reorder Soon,431.861174093327
Demand -20%,2025-12-31,SKU0011,WH04,North,Home Care,FreshFoods,SUP14,0.0,11,141.15683418790852,372.2777133087876,179.3118808,-179.3118808,Critical Stockout Risk,Reorder Now,666.4315594626338
Demand -20%,2025-12-31,SKU0011,WH05,South,Home Care,FreshFoods,SUP14,355.0,11,149.56456826027642,393.8612715569797,201.8886248,153.1113752,Reorder Soon,Reorder Soon,440.67108027674834
Demand -20%,2025-12-31,SKU0012,WH01,North,Home Care,DailyEssentials,SUP14,142.0,11,44.95591600796118,150.48338853543368,88.9836664,53.016333599999996,Reorder Soon,Reorder Soon,549.9761716529432
Demand -20%,2025-12-31,SKU0012,WH02,South,Home Care,DailyEssentials,SUP14,325.0,11,46.80432443932071,151.84828048327677,82.69819360000001,242.30180639999998,No Risk,No Action,0.0
Demand -20%,2025-12-31,SKU0012,WH03,South,Home Care,DailyEssentials,SUP14,53.0,11,43.919523572861,144.0074356607731,84.6704896,-31.670489599999996,Critical Stockout Risk,Reorder Now,535.6139999509431
Demand -20%,2025-12-31,SKU0012,WH04,North,Home Care,DailyEssentials,SUP14,157.0,11,45.65501662767287,150.45721442987067,92.1655108,64.8344892,No Risk,No Action,0.0
Demand -20%,2025-12-31,SKU0012,WH05,South,Home Care,DailyEssentials,SUP14,354.0,11,47.06990198290105,155.74023165323072,91.51398760000001,262.4860124,No Risk,No Action,0.0
Demand -20%,2025-12-31,SKU0013,WH01,North,Personal Care,FreshFoods,SUP12,21.0,8,43.06184124713819,98.71019289548984,47.898869760000004,-26.898869760000004,Critical Stockout Risk,Reorder Now,572.6703612726548
Demand -20%,2025-12-31,SKU0013,WH02,South,Personal Care,FreshFoods,SUP12,92.0,8,43.56445691075373,98.59742394372077,47.990254,44.009746,Reorder Soon,Reorder Soon,569.4951347982592
Demand -20%,2025-12-31,SKU0013,WH03,South,Personal Care,FreshFoods,SUP12,81.0,8,44.099952424774735,100.01204033686264,39.28554056,41.71445944,Reorder Soon,Reorder Soon,574.0257959764609
Demand -20%,2025-12-31,SKU0013,WH04,North,Personal Care,FreshFoods,SUP12,158.0,8,46.48792464836206,104.86155102198842,50.2793652,107.7206348,No Risk,No Action,0.0
Demand -20%,2025-12-31,SKU0013,WH05,South,Personal Care,FreshFoods,SUP12,213.0,8,44.86261182501504,101.47799644039965,41.508145920000004,171.49185408,No Risk,No Action,0.0
Demand -20%,2025-12-31,SKU0014,WH01,North,Personal Care,DailyEssentials,SUP10,27.0,9,15.623983536575272,46.87673078932253,24.642275920000003,2.357724079999997,Reorder Soon,Reorder Soon,143.4279240771751
Demand -20%,2025-12-31,SKU0014,WH02,South,Personal Care,DailyEssentials,SUP10,68.0,9,16.116714412287106,49.644186939759635,24.09013192,43.909868079999995,No Risk,No Action,0.0
Demand -20%,2025-12-31,SKU0014,WH03,South,Personal Care,DailyEssentials,SUP10,42.0,9,16.675019531592014,51.19150304807553,24.805348000000002,17.194651999999998,Reorder Soon,Reorder Soon,150.7311056486007
Demand -20%,2025-12-31,SKU0014,WH04,North,Personal Care,DailyEssentials,SUP10,47.0,9,17.53829001734585,54.527301006356836,22.91374544,24.08625456,Reorder Soon,Reorder Soon,156.03641815155223
Demand -20%,2025-12-31,SKU0014,WH05,South,Personal Care,DailyEssentials,SUP10,73.0,9,15.517202632208477,47.462257577263415,22.99847992,50.00152008,No Risk,No Action,0.0
Demand -20%,2025-12-31,SKU0015,WH01,North,Personal Care,FreshFoods,SUP5,8.0,6,14.3921275111439,33.710808829825226,14.95090496,-6.950904960000001,Critical Stockout Risk,Reorder Now,289.4280254832235
Demand -20%,2025-12-31,SKU0015,WH02,South,Personal Care,FreshFoods,SUP5,58.0,6,13.122988501936751,29.6724390513873,13.25515872,44.74484128,No Risk,No Action,0.0
Demand -20%,2025-12-31,SKU0015,WH03,South,Personal Care,FreshFoods,SUP5,54.0,6,13.740470536235302,30.68552548129025,13.14120672,40.85879328,No Risk,No Action,0.0
Demand -20%,2025-12-31,SKU0015,WH04,North,Personal Care,FreshFoods,SUP5,31.0,6,12.5986123779552,29.082128861471688,12.82078008,18.17921992,No Risk,No Action,0.0
Demand -20%,2025-12-31,SKU0015,WH05,South,Personal Care,FreshFoods,SUP5,4.0,6,14.193532118070666,32.721004645543196,13.376850000000003,-9.376850000000003,Critical Stockout Risk,Reorder Now,283.4392117730701
Demand -20%,2025-12-31,SKU0016,WH01,North,Personal Care,DailyEssentials,SUP7,835.0,7,266.38301296787995,662.8445514294185,320.33438720000004,514.6656128,No Risk,No Action,0.0
Demand -20%,2025-12-31,SKU0016,WH02,South,Personal Care,DailyEssentials,SUP7,277.0,7,277.0062359723256,686.390851356941,326.19496000000004,-49.19496000000004,Critical Stockout Risk,Reorder Now,2294.5316781231686
Demand -20%,2025-12-31,SKU0016,WH03,South,Personal Care,DailyEssentials,SUP7,844.0,7,280.28520949130046,695.9775171836081,321.588636,522.411364,No Risk,No Action,0.0
Demand -20%,2025-12-31,SKU0016,WH04,North,Personal Care,DailyEssentials,SUP7,852.0,7,270.61096599852425,670.7648121523705,352.4027768,499.5972232,No Risk,No Action,0.0
Demand -20%,2025-12-31,SKU0016,WH05,South,Personal Care,DailyEssentials,SUP7,855.0,7,261.4932116922403,648.8009039999326,325.2956272,529.7043728,No Risk,No Action,0.0
Demand -20%,2025-12-31,SKU0017,WH01,North,Personal Care,FreshFoods,SUP2,9.0,8,34.9983126619505,104.7125983762362,51.04317944,-42.04317944,Critical Stockout Risk,Reorder Now,483.3089232666823
Demand -20%,2025-12-31,SKU0017,WH02,South,Personal Care,FreshFoods,SUP2,52.0,8,38.621076135500246,118.2694277838519,59.305546400000004,-7.305546400000004,Critical Stockout Risk,Reorder Now,516.5975220964924
Demand -20%,2025-12-31,SKU0017,WH03,South,Personal Care,FreshFoods,SUP2,257.0,8,37.44525312833536,111.02767071075291,53.482394,203.517606,No Risk,No Action,0.0
Demand -20%,2025-12-31,SKU0017,WH04,North,Personal Care,FreshFoods,SUP2,94.0,8,36.43092652257428,108.51883861048638,56.619242,37.380758,Reorder Soon,Reorder Soon,491.46788723017465
Demand -20%,2025-12-31,SKU0017,WH05,South,Personal Care,FreshFoods,SUP2,60.0,8,38.20278152121803,113.89508921352572,61.6240584,-1.6240584000000027,Critical Stockout Risk,Reorder Now,503.6047243497784
Demand -20%,2025-12-31,SKU0018,WH01,North,Personal Care,SurfStyle,SUP6,29.0,10,89.64046250337013,282.1679350308426,159.47615040000002,-130.47615040000002,Critical Stockout Risk,Reorder Now,522.706396569304
Demand -20%,2025-12-31,SKU0018,WH02,South,Personal Care,SurfStyle,SUP6,503.0,10,95.63363694380122,300.02924133940564,159.7205368,343.2794632,No Risk,No Action,0.0
Demand -20%,2025-12-31,SKU0018,WH03,South,Personal Care,SurfStyle,SUP6,335.0,10,87.44041388165583,277.6601941014361,160.84178400000002,174.15821599999998,No Risk,No Action,0.0
Demand -20%,2025-12-31,SKU0018,WH04,North,Personal Care,SurfStyle,SUP6,242.0,10,91.8153945114078,289.3978120938254,156.6782,85.3218,Reorder Soon,Reorder Soon,423.1953056216117
Demand -20%,2025-12-31,SKU0018,WH05,South,Personal Care,SurfStyle,SUP6,499.0,10,89.38516409973333,286.41813113270035,159.5841064,339.4158936,No Risk,No Action,0.0
Demand -20%,2025-12-31,SKU0019,WH01,North,Home Care,DailyEssentials,SUP14,154.0,11,143.0975958971784,408.9107827103652,198.7439136,-44.74391360000001,Critical Stockout Risk,Reorder Now,613.8671342654806
Demand -20%,2025-12-31,SKU0019,WH02,South,Home Care,DailyEssentials,SUP14,585.0,11,149.15571556775373,426.5732979853361,227.18680319999999,357.8131968,No Risk,No Action,0.0
Demand -20%,2025-12-31,SKU0019,WH03,South,Home Care,DailyEssentials,SUP14,243.0,11,137.8175943601727,391.4219899645683,187.81948880000002,55.180511199999984,Reorder Soon,Reorder Soon,599.6039837547439
Demand -20%,2025-12-31,SKU0019,WH04,North,Home Care,DailyEssentials,SUP14,1093.0,11,145.63245601091384,412.89619227465005,214.49831600000005,878.501684,No Risk,No Action,0.0
Demand -20%,2025-12-31,SKU0019,WH05,South,Home Care,DailyEssentials,SUP14,520.0,11,143.64319682152947,411.51132868966135,224.79066400000002,295.209336,No Risk,No Action,0.0
Demand -20%,2025-12-31,SKU0020,WH01,North,Home Care,GlowCare,SUP7,153.0,7,61.058839031138376,162.75114672344608,80.88179360000001,72.11820639999999,Reorder Soon,Reorder Soon,428.7286373587704
Demand -20%,2025-12-31,SKU0020,WH02,South,Home Care,GlowCare,SUP7,162.0,7,61.1780448860765,161.10112180915343,70.4536484,91.5463516,No Risk,No Action,0.0
Demand -20%,2025-12-31,SKU0020,WH03,South,Home Care,GlowCare,SUP7,7.0,7,62.3393214985632,165.18547534471705,80.5909584,-73.5909584,Critical Stockout Risk,Reorder Now,431.154049717565
Demand -20%,2025-12-31,SKU0020,WH04,North,Home Care,GlowCare,SUP7,154.0,7,61.765782981586526,163.07347528927883,70.6455616,83.3544384,Reorder Soon,Reorder Soon,427.9171116692951
Demand -20%,2025-12-31,SKU0020,WH05,South,Home Care,GlowCare,SUP7,190.0,7,64.0707875308461,170.0707875308461,83.7613448,106.2386552,No Risk,No Action,0.0
Demand -20%,2025-12-31,SKU0021,WH01,North,Personal Care,FreshFoods,SUP2,87.0,8,17.026860307574196,52.543343824057715,32.18881744,54.81118256,No Risk,No Action,0.0
Demand -20%,2025-12-31,SKU0021,WH02,South,Personal Care,FreshFoods,SUP2,25.0,8,17.897720734718607,51.21640205339993,18.85550368,6.144496319999998,Reorder Soon,Reorder Soon,213.6708658693748
Demand -20%,2025-12-31,SKU0021,WH03,South,Personal Care,FreshFoods,SUP2,51.0,8,15.793736817959756,47.96956099378393,24.58388832,26.41611168,No Risk,No Action,0.0
Demand -20%,2025-12-31,SKU0021,WH04,North,Personal Care,FreshFoods,SUP2,59.0,8,15.882753738242268,48.84978670527522,23.8906128,35.1093872,No Risk,No Action,0.0
Demand -20%,2025-12-31,SKU0021,WH05,South,Personal Care,FreshFoods,SUP2,0.0,8,16.3588798428748,49.0621765461715,28.11477872,-28.11477872,Critical Stockout Risk,Reorder Now,211.68845579907992
Demand -20%,2025-12-31,SKU0022,WH01,North,Personal Care,GlowCare,SUP10,23.0,9,21.97600538494186,71.22875263768911,36.85803328,-13.85803328,Critical Stockout Risk,Reorder Now,146.95137282318638
Demand -20%,2025-12-31,SKU0022,WH02,South,Personal Care,GlowCare,SUP10,111.0,9,22.003732361764754,70.06966642769882,40.566974560000006,70.43302544,No Risk,No Action,0.0
Demand -20%,2025-12-31,SKU0022,WH03,South,Personal Care,GlowCare,SUP10,9.0,9,21.978923656682294,70.24265992041856,36.21377736,-27.21377736,Critical Stockout Risk,Reorder Now,145.4684754185271
Demand -20%,2025-12-31,SKU0022,WH04,North,Personal Care,GlowCare,SUP10,40.0,9,21.96679269500604,70.7250344532478,40.59188408,-0.5918840799999998,Critical Stockout Risk,Reorder Now,146.21180409804424
Demand -20%,2025-12-31,SKU0022,WH05,South,Personal Care,GlowCare,SUP10,63.0,9,20.80999554990604,67.09570983562034,34.81597656,28.184023439999997,Reorder Soon,Reorder Soon,142.45637954312062
Demand -20%,2025-12-31,SKU0023,WH01,North,Personal Care,SurfStyle,SUP15,101.0,6,41.7328234831255,95.79875754905957,45.12459760000001,55.87540239999999,No Risk,No Action,0.0
Demand -20%,2025-12-31,SKU0023,WH02,South,Personal Care,SurfStyle,SUP15,0.0,6,44.05423325383941,100.42785962746579,45.852592,-45.852592,Critical Stockout Risk,Reorder Now,474.111421461812
Demand -20%,2025-12-31,SKU0023,WH03,South,Personal Care,SurfStyle,SUP15,135.0,6,43.74538608462505,99.7893421285811,44.0426152,90.9573848,No Risk,No Action,0.0
Demand -20%,2025-12-31,SKU0023,WH04,North,Personal Care,SurfStyle,SUP15,230.0,6,43.04275762813448,99.35044993582679,48.4391344,181.5608656,No Risk,No Action,0.0
Demand -20%,2025-12-31,SKU0023,WH05,South,Personal Care,SurfStyle,SUP15,223.0,6,41.44899847694806,94.72372375167333,42.629496,180.37050399999998,No Risk,No Action,0.0
Demand -20%,2025-12-31,SKU0024,WH01,North,Personal Care,DailyEssentials,SUP14,604.0,11,146.0237793903494,413.8919112584813,216.7821328,387.2178672,No Risk,No Action,0.0
Demand -20%,2025-12-31,SKU0024,WH02,South,Personal Care,DailyEssentials,SUP14,497.0,11,148.74254810253285,420.59969095967574,221.2495184,275.7504816,No Risk,No Action,0.0
Demand -20%,2025-12-31,SKU0024,WH03,South,Personal Care,DailyEssentials,SUP14,511.0,11,144.42389139113322,405.52279249003436,187.41174,323.58826,No Risk,No Action,0.0
Demand -20%,2025-12-31,SKU0024,WH04,North,Personal Care,DailyEssentials,SUP14,0.0,11,149.3893218295665,427.77393721418184,215.9071288,-215.9071288,Critical Stockout Risk,Reorder Now,782.0816295218741
Demand -20%,2025-12-31,SKU0024,WH05,South,Personal Care,DailyEssentials,SUP14,420.0,11,151.52787651748974,434.0223820119952,222.852976,197.147024,Reorder Soon,Reorder Soon,714.2674450218785
Demand -20%,2025-12-31,SKU0025,WH01,North,Personal Care,DailyEssentials,SUP5,119.0,6,88.12123256323119,215.4399138819125,100.73076800000001,18.269231999999988,Reorder Soon,Reorder Soon,549.6742999535295
Demand -20%,2025-12-31,SKU0025,WH02,South,Personal Care,DailyEssentials,SUP5,296.0,6,89.27050992499238,219.95182860631107,93.23478320000001,202.7652168,No Risk,No Action,0.0
Demand -20%,2025-12-31,SKU0025,WH03,South,Personal Care,DailyEssentials,SUP5,278.0,6,90.65372489459952,222.45592269679733,99.7944712,178.2055288,No Risk,No Action,0.0
Demand -20%,2025-12-31,SKU0025,WH04,North,Personal Care,DailyEssentials,SUP5,35.0,6,89.29187887026396,219.5116590900442,107.5957688,-72.5957688,Critical Stockout Risk,Reorder Now,555.9014989356825
Demand -20%,2025-12-31,SKU0025,WH05,South,Personal Care,DailyEssentials,SUP5,292.0,6,92.93971265833306,226.06059177921216,103.32735440000002,188.67264559999998,No Risk,No Action,0.0
Demand -20%,2025-12-31,SKU0026,WH01,North,Personal Care,FreshFoods,SUP7,519.0,7,183.07962814681437,493.3873204545067,253.80652320000002,265.1934768,No Risk,No Action,0.0
Demand -20%,2025-12-31,SKU0026,WH02,South,Personal Care,FreshFoods,SUP7,176.0,7,177.3922381638055,477.77685354842083,239.7463256,-63.746325600000006,Critical Stockout Risk,Reorder Now,902.5460843176518
Demand -20%,2025-12-31,SKU0026,WH03,South,Personal Care,FreshFoods,SUP7,430.0,7,178.12038744449342,483.50500282910883,229.21115600000005,200.78884399999995,Reorder Soon,Reorder Soon,764.5592572672509
Demand -20%,2025-12-31,SKU0026,WH04,North,Personal Care,FreshFoods,SUP7,1074.0,7,186.0195847130456,501.94266163612247,243.79365280000002,830.2063472,No Risk,No Action,0.0
Demand -20%,2025-12-31,SKU0026,WH05,South,Personal Care,FreshFoods,SUP7,137.0,7,179.7060053702676,487.3213899856522,254.32757600000002,-117.32757600000002,Critical Stockout Risk,Reorder Now,965.5521592164214
Demand -20%,2025-12-31,SKU0027,WH01,North,Personal Care,GlowCare,SUP8,310.0,8,102.76033237397804,234.62846424210989,98.8875052,211.11249479999998,No Risk,No Action,0.0
Demand -20%,2025-12-31,SKU0027,WH02,South,Personal Care,GlowCare,SUP8,134.0,8,103.56018057141873,237.88985090108906,100.2853176,33.7146824,Reorder Soon,Reorder Soon,647.4396255659343
Demand -20%,2025-12-31,SKU0027,WH03,South,Personal Care,GlowCare,SUP8,239.0,8,103.31551887918884,235.447387011057,103.54206959999999,135.4579304,No Risk,No Action,0.0
Demand -20%,2025-12-31,SKU0027,WH04,North,Personal Care,GlowCare,SUP8,237.0,8,97.75054827656729,223.8164823425014,101.95011840000001,135.0498816,No Risk,No Action,0.0
Demand -20%,2025-12-31,SKU0027,WH05,South,Personal Care,GlowCare,SUP8,240.0,8,97.3766404192718,222.73927778190915,93.2616464,146.73835359999998,No Risk,No Action,0.0
Demand -20%,2025-12-31,SKU0028,WH01,North,Home Care,DailyEssentials,SUP4,83.0,5,34.6898095311195,72.16233700364697,29.47805896,53.52194104,No Risk,No Action,0.0
Demand -20%,2025-12-31,SKU0028,WH02,South,Home Care,DailyEssentials,SUP4,33.0,5,35.406953201074245,73.97838177250281,31.21875,1.78125,Reorder Now,Reorder Now,862.4434901164859
Demand -20%,2025-12-31,SKU0028,WH03,South,Home Care,DailyEssentials,SUP4,0.0,5,34.52341212933024,71.61132421724233,32.7711556,-32.7711556,Critical Stockout Risk,Reorder Now,845.6954202836592
Demand -20%,2025-12-31,SKU0028,WH04,North,Home Care,DailyEssentials,SUP4,80.0,5,35.30709439244351,73.4939075792567,33.634690400000004,46.365309599999996,No Risk,No Action,0.0
Demand -20%,2025-12-31,SKU0028,WH05,South,Home Care,DailyEssentials,SUP4,41.0,5,33.42188618326894,69.90540266678542,30.840673520000003,10.159326479999997,Reorder Soon,Reorder Soon,838.7762637646658
Demand -20%,2025-12-31,SKU0029,WH01,North,Home Care,FreshFoods,SUP5,68.0,6,35.98047037563418,93.87058026574405,47.3738504,20.626149599999998,Reorder Soon,Reorder Soon,278.27833429391967
Demand -20%,2025-12-31,SKU0029,WH02,South,Home Care,FreshFoods,SUP5,94.0,6,37.79807615006074,99.31455966654426,46.4736208,47.5263792,Reorder Soon,Reorder Soon,286.86195841650425
Demand -20%,2025-12-31,SKU0029,WH03,South,Home Care,FreshFoods,SUP5,82.0,6,33.57974094015794,87.97534533576234,44.2923032,37.7076968,Reorder Soon,Reorder Soon,269.74854538496584
Demand -20%,2025-12-31,SKU0029,WH04,North,Home Care,FreshFoods,SUP5,95.0,6,37.398254516525306,96.54111165938245,46.948592000000005,48.051407999999995,Reorder Soon,Reorder Soon,281.2732029601643
Demand -20%,2025-12-31,SKU0029,WH05,South,Home Care,FreshFoods,SUP5,183.0,6,34.95057147284974,91.52200004427831,45.9015992,137.0984008,No Risk,No Action,0.0
Demand -20%,2025-12-31,SKU0030,WH01,North,Home Care,GlowCare,SUP4,158.0,5,62.02595897088151,149.44354138846393,69.6341216,88.3658784,No Risk,No Action,0.0
Demand -20%,2025-12-31,SKU0030,WH02,South,Home Care,GlowCare,SUP4,540.0,5,58.662567045430215,142.61861100147416,68.9023232,471.0976768,No Risk,No Action,0.0
Demand -20%,2025-12-31,SKU0030,WH03,South,Home Care,GlowCare,SUP4,196.0,5,61.548412077138,149.9550054837314,70.74161600000001,125.25838399999999,No Risk,No Action,0.0
Demand -20%,2025-12-31,SKU0030,WH04,North,Home Care,GlowCare,SUP4,156.0,5,60.71480317822207,147.30820977162864,69.3251368,86.6748632,No Risk,No Action,0.0
Demand -20%,2025-12-31,SKU0030,WH05,South,Home Care,GlowCare,SUP4,280.0,5,62.33669214710651,150.4136152240296,68.5099672,211.4900328,No Risk,No Action,0.0
Demand -20%,2025-12-31,SKU0031,WH01,North,Home Care,GlowCare,SUP15,42.0,6,41.31349930887747,94.98382897920715,37.40871672,4.591283279999999,Reorder Soon,Reorder Soon,263.4529023932485
Demand -20%,2025-12-31,SKU0031,WH02,South,Home Care,GlowCare,SUP15,26.0,6,43.78014533714818,100.54937610637896,47.899032000000005,-21.899032000000005,Critical Stockout Risk,Reorder Now,270.95199979739795
Demand -20%,2025-12-31,SKU0031,WH03,South,Home Care,GlowCare,SUP15,21.0,6,41.44107034632595,94.71579562105123,41.353288,-20.353288,Critical Stockout Risk,Reorder Now,262.4801498936209
Demand -20%,2025-12-31,SKU0031,WH04,North,Home Care,GlowCare,SUP15,157.0,6,41.79202968977648,95.33049122823802,44.0280176,112.9719824,No Risk,No Action,0.0
Demand -20%,2025-12-31,SKU0031,WH05,South,Home Care,GlowCare,SUP15,244.0,6,39.05589954921612,89.69326218657876,39.815536800000004,204.18446319999998,No Risk,No Action,0.0
Demand -20%,2025-12-31,SKU0032,WH01,North,Home Care,SurfStyle,SUP12,25.0,8,47.172300541186445,117.23823460712052,60.0972412,-35.0972412,Critical Stockout Risk,Reorder Now,623.9465462145906
Demand -20%,2025-12-31,SKU0032,WH02,South,Home Care,SurfStyle,SUP12,165.0,8,47.925625693440736,119.22232899014404,59.073418000000004,105.926582,No Risk,No Action,0.0
Demand -20%,2025-12-31,SKU0032,WH03,South,Home Care,SurfStyle,SUP12,0.0,8,47.23468847374936,117.74018297924387,59.740282400000005,-59.740282400000005,Critical Stockout Risk,Reorder Now,625.9006585660575
Demand -20%,2025-12-31,SKU0032,WH04,North,Home Care,SurfStyle,SUP12,187.0,8,47.998865255571296,119.20765646436251,62.63537,124.36463,No Risk,No Action,0.0
Demand -20%,2025-12-31,SKU0032,WH05,South,Home Care,SurfStyle,SUP12,106.0,8,45.96982793649781,113.92587189254176,59.90384360000001,46.09615639999999,Reorder Soon,Reorder Soon,614.4803101838473
Demand -20%,2025-12-31,SKU0033,WH01,North,Foods & Refreshment,SurfStyle,SUP13,57.0,7,18.49257817575788,46.492578175757885,19.348319840000002,37.65168016,No Risk,No Action,0.0
Demand -20%,2025-12-31,SKU0033,WH02,South,Foods & Refreshment,SurfStyle,SUP13,62.0,7,19.656189965880955,50.96388227357326,24.38275816,37.61724184,No Risk,No Action,0.0
Demand -20%,2025-12-31,SKU0033,WH03,South,Foods & Refreshment,SurfStyle,SUP13,171.0,7,18.491214647366984,46.645060801213134,24.082803600000002,146.9171964,No Risk,No Action,0.0
Demand -20%,2025-12-31,SKU0033,WH04,North,Foods & Refreshment,SurfStyle,SUP13,34.0,7,20.284991766601543,51.05422253583232,23.926363440000003,10.073636559999997,Reorder Soon,Reorder Soon,343.27584655859874
Demand -20%,2025-12-31,SKU0033,WH05,South,Foods & Refreshment,SurfStyle,SUP13,136.0,7,18.19174315753392,46.268666234457,23.820733200000003,112.1792668,No Risk,No Action,0.0
Demand -20%,2025-12-31,SKU0034,WH01,North,Home Care,FreshFoods,SUP13,9.0,7,24.57141484858667,63.72526100243282,29.830567520000002,-20.830567520000002,Critical Stockout Risk,Reorder Now,161.85428767831303
Demand -20%,2025-12-31,SKU0034,WH02,South,Home Care,FreshFoods,SUP13,127.0,7,25.5845356984969,65.96915108311228,30.561688240000002,96.43831176,No Risk,No Action,0.0
Demand -20%,2025-12-31,SKU0034,WH03,South,Home Care,FreshFoods,SUP13,79.0,7,24.639717215565994,64.17817875402753,28.061652320000004,50.93834767999999,No Risk,No Action,0.0
Demand -20%,2025-12-31,SKU0034,WH04,North,Home Care,FreshFoods,SUP13,220.0,7,25.80706657722112,68.03783580799035,28.048171600000003,191.9518284,No Risk,No Action,0.0
Demand -20%,2025-12-31,SKU0034,WH05,South,Home Care,FreshFoods,SUP13,132.0,7,23.709404395152543,61.40171208746024,29.42022128,102.57977872000001,No Risk,No Action,0.0
Demand -20%,2025-12-31,SKU0035,WH01,North,Home Care,DailyEssentials,SUP15,64.0,6,23.73324519434808,54.12884958995247,20.54758688,43.45241312,No Risk,No Action,0.0
Demand -20%,2025-12-31,SKU0035,WH02,South,Home Care,DailyEssentials,SUP15,52.0,6,23.70203241829171,53.76796648422578,20.851140720000004,31.148859279999996,Reorder Soon,Reorder Soon,507.61598098166
Demand -20%,2025-12-31,SKU0035,WH03,South,Home Care,DailyEssentials,SUP15,100.0,6,24.218553319129345,54.74602584660187,23.472008560000003,76.52799144,No Risk,No Action,0.0
Demand -20%,2025-12-31,SKU0035,WH04,North,Home Care,DailyEssentials,SUP15,19.0,6,23.34835259184613,52.68901193250547,21.10762,-2.1076200000000007,Critical Stockout Risk,Reorder Now,501.4560442899555
Demand -20%,2025-12-31,SKU0035,WH05,South,Home Care,DailyEssentials,SUP15,63.0,6,22.60625959995559,50.69417168786768,20.16739328,42.83260672,No Risk,No Action,0.0
Demand -20%,2025-12-31,SKU0036,WH01,North,Home Care,SurfStyle,SUP2,0.0,8,19.393745665734837,60.09704236903154,29.36082416,-29.36082416,Critical Stockout Risk,Reorder Now,413.7459986529043
Demand -20%,2025-12-31,SKU0036,WH02,South,Home Care,SurfStyle,SUP2,21.0,8,17.717169384661364,54.112773780265755,27.20115264,-6.20115264,Critical Stockout Risk,Reorder Now,391.2402085944427
Demand -20%,2025-12-31,SKU0036,WH03,South,Home Care,SurfStyle,SUP2,75.0,8,17.37229667835536,55.35031865637734,28.199905920000006,46.800094079999994,No Risk,No Action,0.0
Demand -20%,2025-12-31,SKU0036,WH04,North,Home Care,SurfStyle,SUP2,20.0,8,18.32613110939043,56.3920651753245,28.3226952,-8.322695199999998,Critical Stockout Risk,Reorder Now,400.1172354028658
Demand -20%,2025-12-31,SKU0036,WH05,South,Home Care,SurfStyle,SUP2,34.0,8,17.438586227058103,57.350674139146015,31.085808960000005,2.914191039999995,Reorder Soon,Reorder Soon,409.7049750745432
Demand -20%,2025-12-31,SKU0037,WH01,North,Home Care,DailyEssentials,SUP14,8.0,11,5.954778435076454,13.449283929581949,8.154102944,-0.1541029439999999,Critical Stockout Risk,Reorder Now,87.18123100349935
Demand -20%,2025-12-31,SKU0037,WH02,South,Home Care,DailyEssentials,SUP14,6.0,11,4.680522316840183,9.757445393763259,7.346423016,-1.3464230160000001,Critical Stockout Risk,Reorder Now,71.7549386464873
Demand -20%,2025-12-31,SKU0037,WH03,South,Home Care,DailyEssentials,SUP14,16.0,11,5.19661704361855,11.361452208453716,6.304704448,9.695295552000001,No Risk,No Action,0.0
Demand -20%,2025-12-31,SKU0037,WH04,North,Home Care,DailyEssentials,SUP14,28.0,11,4.626536787388847,10.42873458958665,7.100053448000001,20.899946552,No Risk,No Action,0.0
Demand -20%,2025-12-31,SKU0037,WH05,South,Home Care,DailyEssentials,SUP14,8.0,11,5.888931566818584,12.899920577807595,6.937609200000001,1.0623907999999993,Reorder Soon,Reorder Soon,84.32204857248574
Demand -20%,2025-12-31,SKU0038,WH01,North,Personal Care,DailyEssentials,SUP1,512.0,10,75.65104505494223,228.83785824175544,119.3690864,392.6309136,No Risk,No Action,0.0
Demand -20%,2025-12-31,SKU0038,WH02,South,Personal Care,DailyEssentials,SUP1,174.0,10,77.13702522529847,235.81834390661714,131.7134992,42.2865008,Reorder Soon,Reorder Soon,470.4095406362346
Demand -20%,2025-12-31,SKU0038,WH03,South,Personal Care,DailyEssentials,SUP1,266.0,10,82.05740482846457,249.74971252077228,121.1681212,144.8318788,No Risk,No Action,0.0
Demand -20%,2025-12-31,SKU0038,WH04,North,Personal Care,DailyEssentials,SUP1,485.0,10,78.1277749282973,242.96293976346212,125.3629976,359.63700240000003,No Risk,No Action,0.0
Demand -20%,2025-12-31,SKU0038,WH05,South,Personal Care,DailyEssentials,SUP1,266.0,10,79.28963594246002,244.12480077762484,126.2294952,139.7705048,No Risk,No Action,0.0
Demand -20%,2025-12-31,SKU0039,WH01,North,Personal Care,GlowCare,SUP8,31.0,8,49.85350629733874,113.15020959404204,53.18269960000001,-22.182699600000007,Critical Stockout Risk,Reorder Now,636.876685985118
Demand -20%,2025-12-31,SKU0039,WH02,South,Personal Care,GlowCare,SUP8,133.0,8,50.66809829279575,115.10765873235619,49.77778536,83.22221464,No Risk,No Action,0.0
Demand -20%,2025-12-31,SKU0039,WH03,South,Personal Care,GlowCare,SUP8,0.0,8,46.525676163445,105.95424759201643,48.38452632,-48.38452632,Critical Stockout Risk,Reorder Now,617.109810697255
Demand -20%,2025-12-31,SKU0039,WH04,North,Personal Care,GlowCare,SUP8,0.0,8,49.245540637340326,111.75103514283484,43.611158640000006,-43.611158640000006,Critical Stockout Risk,Reorder Now,632.8836893434641
Demand -20%,2025-12-31,SKU0039,WH05,South,Personal Care,GlowCare,SUP8,81.0,8,48.50533032353157,110.7470885652898,45.46233456,35.53766544,Reorder Soon,Reorder Soon,631.5470802710306
Demand -20%,2025-12-31,SKU0040,WH01,North,Personal Care,FreshFoods,SUP9,0.0,8,40.50371044008412,85.33887527524895,30.000470080000003,-30.000470080000003,Critical Stockout Risk,Reorder Now,376.1960993851925
Demand -20%,2025-12-31,SKU0040,WH02,South,Personal Care,FreshFoods,SUP9,94.0,8,37.45870463639645,78.77738595507776,34.55217656,59.44782344,No Risk,No Action,0.0
Demand -20%,2025-12-31,SKU0040,WH03,South,Personal Care,FreshFoods,SUP9,196.0,8,40.30088782990346,86.27890980792543,34.29109424,161.70890576,No Risk,No Action,0.0
Demand -20%,2025-12-31,SKU0040,WH04,North,Personal Care,FreshFoods,SUP9,15.0,8,41.78356956558546,88.99236077437666,36.9773116,-21.9773116,Critical Stockout Risk,Reorder Now,386.0258100901714
Demand -20%,2025-12-31,SKU0040,WH05,South,Personal Care,FreshFoods,SUP9,122.0,8,42.66783481117975,90.75574689909183,33.3031928,88.6968072,No Risk,No Action,0.0
Demand -20%,2025-12-31,SKU0041,WH01,North,Personal Care,SurfStyle,SUP6,0.0,10,6.639145571396051,14.551233483483962,7.7940398,-7.7940398,Critical Stockout Risk,Reorder Now,96.09928114095251
Demand -20%,2025-12-31,SKU0041,WH02,South,Personal Care,SurfStyle,SUP6,8.0,10,6.215843036860085,14.677381498398546,7.379984224000001,0.6200157759999989,Reorder Soon,Reorder Soon,99.38005971446206
Demand -20%,2025-12-31,SKU0041,WH03,South,Personal Care,SurfStyle,SUP6,23.0,10,6.727607041740157,16.617716931850048,6.796321808000001,16.203678191999998,No Risk,No Action,0.0
Demand -20%,2025-12-31,SKU0041,WH04,North,Personal Care,SurfStyle,SUP6,6.0,10,5.905259496090676,14.25690784773903,6.912879536,-0.9128795360000002,Critical Stockout Risk,Reorder Now,98.73262572342338
Demand -20%,2025-12-31,SKU0041,WH05,South,Personal Care,SurfStyle,SUP6,16.0,10,6.776314684636495,15.127963036284847,7.631906104,8.368093896000001,No Risk,No Action,0.0
Demand -20%,2025-12-31,SKU0042,WH01,North,Home Care,DailyEssentials,SUP3,250.0,6,69.49592014963632,186.26515091886708,93.41802960000001,156.5819704,No Risk,No Action,0.0
Demand -20%,2025-12-31,SKU0042,WH02,South,Home Care,DailyEssentials,SUP3,246.0,6,75.46899174958891,202.45800273859987,105.064736,140.93526400000002,No Risk,No Action,0.0
Demand -20%,2025-12-31,SKU0042,WH03,South,Home Care,DailyEssentials,SUP3,126.0,6,71.25250865223856,188.3514097511397,92.209708,33.790291999999994,Reorder Soon,Reorder Soon,335.582178981909
Demand -20%,2025-12-31,SKU0042,WH04,North,Home Care,DailyEssentials,SUP3,90.0,6,75.73654170114352,202.198080162682,105.48675200000001,-15.48675200000001,Critical Stockout Risk,Reorder Now,407.2750032396051
Demand -20%,2025-12-31,SKU0042,WH05,South,Home Care,DailyEssentials,SUP3,352.0,6,74.82788531042986,200.76195124449578,93.73796240000001,258.2620376,No Risk,No Action,0.0
Demand -20%,2025-12-31,SKU0043,WH01,North,Personal Care,FreshFoods,SUP3,25.0,6,9.102487977461523,21.498092373065923,10.96054552,14.03945448,No Risk,No Action,0.0
Demand -20%,2025-12-31,SKU0043,WH02,South,Personal Care,FreshFoods,SUP3,53.0,6,9.261555205713634,21.723093667252098,10.458765360000001,42.54123464,No Risk,No Action,0.0
Demand -20%,2025-12-31,SKU0043,WH03,South,Personal Care,FreshFoods,SUP3,18.0,6,9.85653318860809,22.84554417761908,12.7591124,5.240887600000001,Reorder Soon,Reorder Soon,191.8937471193001
Demand -20%,2025-12-31,SKU0043,WH04,North,Personal Care,FreshFoods,SUP3,17.0,6,8.63219217686402,20.038785583457425,11.032272240000001,5.967727759999999,Reorder Soon,Reorder Soon,179.82528692026216
Demand -20%,2025-12-31,SKU0043,WH05,South,Personal Care,FreshFoods,SUP3,17.0,6,9.954907028075716,23.339522412691103,10.11965944,6.8803405600000005,Reorder Soon,Reorder Soon,194.79406889165975
Demand -20%,2025-12-31,SKU0044,WH01,North,Home Care,GlowCare,SUP13,78.0,7,13.725385853645614,33.956155084414846,15.147697120000002,62.852302879999996,No Risk,No Action,0.0
Demand -20%,2025-12-31,SKU0044,WH02,South,Home Care,GlowCare,SUP13,102.0,7,12.654864652010009,31.577941575086932,14.72837424,87.27162576,No Risk,No Action,0.0
Demand -20%,2025-12-31,SKU0044,WH03,South,Home Care,GlowCare,SUP13,58.0,7,12.823242540585223,32.36170407904676,15.23445792,42.76554208,No Risk,No Action,0.0
Demand -20%,2025-12-31,SKU0044,WH04,North,Home Care,GlowCare,SUP13,10.0,7,12.749584734549902,31.749584734549902,15.792711520000001,-5.792711520000001,Critical Stockout Risk,Reorder Now,381.7680646471083
Demand -20%,2025-12-31,SKU0044,WH05,South,Home Care,GlowCare,SUP13,50.0,7,14.51268372266308,35.20499141497078,13.654397520000002,36.34560248,No Risk,No Action,0.0
Demand -20%,2025-12-31,SKU0045,WH01,North,Home Care,SurfStyle,SUP5,759.0,6,187.4947674269215,461.6486135807677,227.10316720000003,531.8968328,No Risk,No Action,0.0
Demand -20%,2025-12-31,SKU0045,WH02,South,Home Care,SurfStyle,SUP5,179.0,6,185.61667680693185,458.51777570803074,221.9861008,-42.9861008,Critical Stockout Risk,Reorder Now,1592.4070494768666
Demand -20%,2025-12-31,SKU0045,WH03,South,Home Care,SurfStyle,SUP5,795.0,6,180.3834791974172,444.5153473292853,216.8392512,578.1607488,No Risk,No Action,0.0
Demand -20%,2025-12-31,SKU0045,WH04,North,Home Care,SurfStyle,SUP5,494.0,6,182.0709268830884,449.6313664435279,213.2528696,280.7471304,No Risk,No Action,0.0
Demand -20%,2025-12-31,SKU0045,WH05,South,Home Care,SurfStyle,SUP5,694.0,6,187.9209346075161,464.18467087125237,228.7150416,465.2849584,No Risk,No Action,0.0
Demand -20%,2025-12-31,SKU0046,WH01,North,Home Care,DailyEssentials,SUP5,431.0,6,157.88394422960363,422.5432848889443,204.41212080000003,226.58787919999997,No Risk,No Action,0.0
Demand -20%,2025-12-31,SKU0046,WH02,South,Home Care,DailyEssentials,SUP5,680.0,6,152.82918394936104,410.10390922408635,200.882352,479.11764800000003,No Risk,No Action,0.0
Demand -20%,2025-12-31,SKU0046,WH03,South,Home Care,DailyEssentials,SUP5,458.0,6,152.87399048488606,412.7201443310399,201.357136,256.64286400000003,No Risk,No Action,0.0
Demand -20%,2025-12-31,SKU0046,WH04,North,Home Care,DailyEssentials,SUP5,809.0,6,162.20479572888553,432.60040012448997,205.15133360000002,603.8486664,No Risk,No Action,0.0
Demand -20%,2025-12-31,SKU0046,WH05,South,Home Care,DailyEssentials,SUP5,571.0,6,158.51871463009428,424.23300034438,213.36981839999999,357.6301816,No Risk,No Action,0.0
Demand -20%,2025-12-31,SKU0047,WH01,North,Personal Care,GlowCare,SUP14,62.0,11,18.811093531321628,44.074829795057894,21.04855712,40.95144288,No Risk,No Action,0.0
Demand -20%,2025-12-31,SKU0047,WH02,South,Personal Care,GlowCare,SUP14,41.0,11,21.167388899907085,52.83771857023676,22.22761416,18.77238584,Reorder Soon,Reorder Soon,434.4099886668092
Demand -20%,2025-12-31,SKU0047,WH03,South,Personal Care,GlowCare,SUP14,50.0,11,22.089838575466345,53.76016824579602,22.407332640000003,27.592667359999997,Reorder Soon,Reorder Soon,434.4099886668092
Demand -20%,2025-12-31,SKU0047,WH04,North,Personal Care,GlowCare,SUP14,7.0,11,19.982646526132157,48.51011905360468,23.05879472,-16.05879472,Critical Stockout Risk,Reorder Now,412.292237883738
Demand -20%,2025-12-31,SKU0047,WH05,South,Personal Care,GlowCare,SUP14,55.0,11,18.68603729018818,45.279443883594766,22.255178960000002,32.74482104,No Risk,No Action,0.0
Demand -20%,2025-12-31,SKU0048,WH01,North,Personal Care,DailyEssentials,SUP3,6.0,6,4.00429107079813,8.158137224644284,4.752344464,1.247655536,Reorder Soon,Reorder Soon,68.02268234014429
Demand -20%,2025-12-31,SKU0048,WH02,South,Personal Care,DailyEssentials,SUP3,8.0,6,4.1584810071336165,7.916722765375375,5.30604264,2.6939573599999997,No Risk,No Action,0.0
Demand -20%,2025-12-31,SKU0048,WH03,South,Personal Care,DailyEssentials,SUP3,9.0,6,3.136325930361513,5.839622633658216,5.29663888,3.7033611200000003,No Risk,No Action,0.0
Demand -20%,2025-12-31,SKU0048,WH04,North,Personal Care,DailyEssentials,SUP3,9.0,6,3.173644366334249,6.338479531169414,5.191075088000001,3.8089249119999993,No Risk,No Action,0.0
Demand -20%,2025-12-31,SKU0048,WH05,South,Personal Care,DailyEssentials,SUP3,7.0,6,3.2049605429385286,6.303861641839628,5.30998072,1.6900192799999996,No Risk,No Action,0.0
Demand -20%,2025-12-31,SKU0049,WH01,North,Home Care,FreshFoods,SUP14,132.0,11,54.34313921356787,151.7717106421393,71.78946432000001,60.21053567999999,Reorder Soon,Reorder Soon,904.0059498949544
Demand -20%,2025-12-31,SKU0049,WH02,South,Home Care,FreshFoods,SUP14,112.0,11,59.70312270267448,168.61521061476236,83.21980400000001,28.78019599999999,Reorder Soon,Reorder Soon,955.7981013238428
Demand -20%,2025-12-31,SKU0049,WH03,South,Home Care,FreshFoods,SUP14,147.0,11,57.91056269527644,160.7786945634083,77.41627600000001,69.58372399999999,Reorder Soon,Reorder Soon,928.8991126711333
Demand -20%,2025-12-31,SKU0049,WH04,North,Home Care,FreshFoods,SUP14,234.0,11,60.65469365366186,171.13821013717833,86.02083640000001,147.9791636,No Risk,No Action,0.0
Demand -20%,2025-12-31,SKU0049,WH05,South,Home Care,FreshFoods,SUP14,148.0,11,59.74529586131369,167.08595520197306,84.91964560000001,63.08035439999999,Reorder Soon,Reorder Soon,948.8777232927706
Demand -20%,2025-12-31,SKU0050,WH01,North,Personal Care,DailyEssentials,SUP14,457.0,11,101.21379142390995,286.5214837316023,149.7446128,307.2553872,No Risk,No Action,0.0
Demand -20%,2025-12-31,SKU0050,WH02,South,Personal Care,DailyEssentials,SUP14,226.0,11,101.37130540911966,287.1625142003285,148.779572,77.220428,Reorder Soon,Reorder Soon,496.93271791940185
Demand -20%,2025-12-31,SKU0050,WH03,South,Personal Care,DailyEssentials,SUP14,309.0,11,100.64459663445248,281.23800322785905,136.9648612,172.0351388,No Risk,No Action,0.0
Demand -20%,2025-12-31,SKU0050,WH04,North,Personal Care,DailyEssentials,SUP14,515.0,11,90.32453166790948,256.7750811184589,131.74728520000002,383.2527148,No Risk,No Action,0.0
Demand -20%,2025-12-31,SKU0050,WH05,South,Personal Care,DailyEssentials,SUP14,370.0,11,100.03476576337336,281.35344708205463,135.3129072,234.6870928,No Risk,No Action,0.0
Demand -20%,2025-12-31,SKU0051,WH01,North,Home Care,DailyEssentials,SUP9,34.0,8,5.555212996921266,10.82993827164654,6.13257456,27.867425439999998,No Risk,No Action,0.0
Demand -20%,2025-12-31,SKU0051,WH02,South,Home Care,DailyEssentials,SUP9,33.0,8,6.514994930748935,13.108401524155529,6.575348544000001,26.424651456,No Risk,No Action,0.0
Demand -20%,2025-12-31,SKU0051,WH03,South,Home Care,DailyEssentials,SUP9,5.0,8,4.948176836559141,9.519605407987711,6.143505951999999,-1.143505951999999,Critical Stockout Risk,Reorder Now,93.23989781006836
Demand -20%,2025-12-31,SKU0051,WH04,North,Home Care,DailyEssentials,SUP9,16.0,8,5.476882040167528,10.663695226980714,6.22562012,9.77437988,No Risk,No Action,0.0
Demand -20%,2025-12-31,SKU0051,WH05,South,Home Care,DailyEssentials,SUP9,13.0,8,4.194183338278293,7.886491030585985,6.312157264,6.687842736,No Risk,No Action,0.0
Demand -20%,2025-12-31,SKU0052,WH01,North,Personal Care,SurfStyle,SUP3,84.0,6,91.5681593527308,243.61211539668682,116.7599864,-32.7599864,Critical Stockout Risk,Reorder Now,658.4120732910022
Demand -20%,2025-12-31,SKU0052,WH02,South,Personal Care,SurfStyle,SUP3,66.0,6,85.31914482763868,227.34112284961674,115.38518959999999,-49.38518959999999,Critical Stockout Risk,Reorder Now,636.3425792602188
Demand -20%,2025-12-31,SKU0052,WH03,South,Personal Care,SurfStyle,SUP3,487.0,6,86.8560206025335,232.63624038275327,109.0846576,377.9153424,No Risk,No Action,0.0
Demand -20%,2025-12-31,SKU0052,WH04,North,Personal Care,SurfStyle,SUP3,105.0,6,89.42825724769489,238.37331219274984,118.3437432,-13.343743200000006,Critical Stockout Risk,Reorder Now,651.6677813969806
Demand -20%,2025-12-31,SKU0052,WH05,South,Personal Care,SurfStyle,SUP3,55.0,6,89.25831090508879,238.13743178420967,118.1886144,-63.188614400000006,Critical Stockout Risk,Reorder Now,651.5235273207479
Demand -20%,2025-12-31,SKU0053,WH01,North,Home Care,GlowCare,SUP3,15.0,6,11.204370646233206,27.885689327551887,13.444605680000002,1.5553943199999978,Reorder Soon,Reorder Soon,435.20775773742326
Demand -20%,2025-12-31,SKU0053,WH02,South,Home Care,GlowCare,SUP3,1.0,6,11.275374789847552,27.429220943693707,13.77487056,-12.77487056,Critical Stockout Risk,Reorder Now,428.2717319994184
Demand -20%,2025-12-31,SKU0053,WH03,South,Home Care,GlowCare,SUP3,20.0,6,12.317959300996987,28.999277982315668,11.239990480000001,8.760009519999999,Reorder Soon,Reorder Soon,435.20775773742326
Demand -20%,2025-12-31,SKU0053,WH04,North,Home Care,GlowCare,SUP3,39.0,6,11.925906653685525,28.805027532806406,14.641359040000001,24.35864096,No Risk,No Action,0.0
Demand -20%,2025-12-31,SKU0053,WH05,South,Home Care,GlowCare,SUP3,9.0,6,11.17377052224626,26.668276016751754,11.333303440000002,-2.3333034400000017,Critical Stockout Risk,Reorder Now,419.4404385290765
Demand -20%,2025-12-31,SKU0054,WH01,North,Home Care,GlowCare,SUP5,119.0,6,56.628068170627685,138.97971652227602,67.55575400000001,51.44424599999999,Reorder Soon,Reorder Soon,302.4602843041647
Demand -20%,2025-12-31,SKU0054,WH02,South,Home Care,GlowCare,SUP5,47.0,6,56.28297131946118,137.64560868209855,59.7888064,-12.788806399999999,Critical Stockout Risk,Reorder Now,300.6385836280624
Demand -20%,2025-12-31,SKU0054,WH03,South,Home Care,GlowCare,SUP5,232.0,6,56.51687052630512,136.8904968999315,70.44772400000001,161.552276,No Risk,No Action,0.0
Demand -20%,2025-12-31,SKU0054,WH04,North,Home Care,GlowCare,SUP5,314.0,6,58.35214996716512,143.3411609561761,65.0799492,248.9200508,No Risk,No Action,0.0
Demand -20%,2025-12-31,SKU0054,WH05,South,Home Care,GlowCare,SUP5,163.0,6,57.812843087198026,139.9007551751101,54.2320464,108.7679536,No Risk,No Action,0.0
Demand -20%,2025-12-31,SKU0055,WH01,North,Home Care,GlowCare,SUP9,353.0,8,95.07791942986393,257.97901833096284,122.5975952,230.4024048,No Risk,No Action,0.0
Demand -20%,2025-12-31,SKU0055,WH02,South,Home Care,GlowCare,SUP9,579.0,8,88.77965895604225,239.8126259890093,116.50429360000001,462.4957064,No Risk,No Action,0.0
Demand -20%,2025-12-31,SKU0055,WH03,South,Home Care,GlowCare,SUP9,0.0,8,86.80077692614597,234.93264505801415,115.71708880000001,-115.71708880000001,Critical Stockout Risk,Reorder Now,689.205874842948
Demand -20%,2025-12-31,SKU0055,WH04,North,Home Care,GlowCare,SUP9,337.0,8,93.55569860140116,251.7974568431594,110.97518720000001,226.0248128,No Risk,No Action,0.0
Demand -20%,2025-12-31,SKU0055,WH05,South,Home Care,GlowCare,SUP9,138.0,8,91.69652682905664,248.5316916642215,132.9959512,5.0040487999999925,Reorder Soon,Reorder Soon,709.1636116988292
Demand -20%,2025-12-31,SKU0056,WH01,North,Personal Care,SurfStyle,SUP3,9.0,6,3.903361765545613,7.5956694578533055,5.30998072,3.6900192799999996,No Risk,No Action,0.0
Demand -20%,2025-12-31,SKU0056,WH02,South,Personal Care,SurfStyle,SUP3,4.0,6,4.097795564195514,8.317575783975734,5.606718992,-1.6067189920000002,Critical Stockout Risk,Reorder Now,105.38329625246752
Demand -20%,2025-12-31,SKU0056,WH03,South,Personal Care,SurfStyle,SUP3,0.0,6,4.522790864481289,9.20410954579997,6.472804480000001,-6.472804480000001,Critical Stockout Risk,Reorder Now,110.99692972678832
Demand -20%,2025-12-31,SKU0056,WH04,North,Personal Care,SurfStyle,SUP3,12.0,6,4.521399209848195,9.400520088969074,5.673182856,6.326817144,No Risk,No Action,0.0
Demand -20%,2025-12-31,SKU0056,WH05,South,Personal Care,SurfStyle,SUP3,5.0,6,4.13757830320981,8.555160720792227,6.398086200000001,-1.3980862000000007,Critical Stockout Risk,Reorder Now,107.82493201114886
Demand -20%,2025-12-31,SKU0057,WH01,North,Home Care,FreshFoods,SUP7,107.0,7,20.416972956717498,61.80158834133289,31.149148320000002,75.85085168,No Risk,No Action,0.0
Demand -20%,2025-12-31,SKU0057,WH02,South,Home Care,FreshFoods,SUP7,40.0,7,19.76158585820483,59.14620124282021,31.69938456,8.300615440000001,Reorder Soon,Reorder Soon,622.6911456728811
Demand -20%,2025-12-31,SKU0057,WH03,South,Home Care,FreshFoods,SUP7,52.0,7,20.52491223585429,62.832604543546594,28.82127656,23.17872344,Reorder Soon,Reorder Soon,645.3852782729634
Demand -20%,2025-12-31,SKU0057,WH04,North,Home Care,FreshFoods,SUP7,150.0,7,19.941369059872027,61.09521521371819,30.656941760000002,119.34305824,No Risk,No Action,0.0
Demand -20%,2025-12-31,SKU0057,WH05,South,Home Care,FreshFoods,SUP7,113.0,7,19.954219429077813,60.10806558292397,30.09859072,82.90140928,No Risk,No Action,0.0
Demand -20%,2025-12-31,SKU0058,WH01,North,Home Care,SurfStyle,SUP2,513.0,8,89.65013785518933,312.9468411518926,162.4718792,350.5281208,No Risk,No Action,0.0
Demand -20%,2025-12-31,SKU0058,WH02,South,Home Care,SurfStyle,SUP2,295.0,8,89.7990819940465,313.6232578182223,169.208268,125.791732,Reorder Soon,Reorder Soon,1315.3449120098117
Demand -20%,2025-12-31,SKU0058,WH03,South,Home Care,SurfStyle,SUP2,759.0,8,86.81922043831689,306.42361604271247,175.6031184,583.3968816,No Risk,No Action,0.0
Demand -20%,2025-12-31,SKU0058,WH04,North,Home Care,SurfStyle,SUP2,57.0,8,96.34504816597511,332.30109212201904,185.592484,-128.592484,Critical Stockout Risk,Reorder Now,1350.5221307923116
Demand -20%,2025-12-31,SKU0058,WH05,South,Home Care,SurfStyle,SUP2,325.0,8,93.11788701475344,326.70030459717105,188.96413040000002,136.03586959999998,Reorder Soon,Reorder Soon,1343.7120962586514
Demand -20%,2025-12-31,SKU0059,WH01,North,Home Care,FreshFoods,SUP9,493.0,8,103.11835197870232,278.76670362705397,134.71292880000001,358.2870712,No Risk,No Action,0.0
Demand -20%,2025-12-31,SKU0059,WH02,South,Home Care,FreshFoods,SUP9,650.0,8,103.54121469621062,279.3653905203864,150.8205544,499.1794456,No Risk,No Action,0.0
Demand -20%,2025-12-31,SKU0059,WH03,South,Home Care,FreshFoods,SUP9,531.0,8,102.54785298559015,275.383017820755,126.81723840000001,404.1827616,No Risk,No Action,0.0
Demand -20%,2025-12-31,SKU0059,WH04,North,Home Care,FreshFoods,SUP9,274.0,8,102.6923399591767,279.21981248664923,141.1570064,132.8429936,Reorder Soon,Reorder Soon,465.27537604128696
Demand -20%,2025-12-31,SKU0059,WH05,South,Home Care,FreshFoods,SUP9,346.0,8,105.42388360921724,286.25904844438213,143.8140496,202.1859504,No Risk,No Action,0.0
Demand -20%,2025-12-31,SKU0060,WH01,North,Foods & Refreshment,FreshFoods,SUP1,208.0,10,58.30218576863453,161.48899895544773,84.81155280000002,123.18844719999998,No Risk,No Action,0.0
Demand -20%,2025-12-31,SKU0060,WH02,South,Foods & Refreshment,FreshFoods,SUP1,236.0,10,54.11785615599979,151.7002737384174,74.3994308,161.6005692,No Risk,No Action,0.0
Demand -20%,2025-12-31,SKU0060,WH03,South,Foods & Refreshment,FreshFoods,SUP1,132.0,10,52.77744812828031,147.72250307333528,74.53295680000001,57.46704319999999,Reorder Soon,Reorder Soon,411.5623927244212
Demand -20%,2025-12-31,SKU0060,WH04,North,Foods & Refreshment,FreshFoods,SUP1,83.0,10,58.07665315579382,161.1535762327169,75.5580928,7.441907200000003,Reorder Soon,Reorder Soon,428.8251334024852
Demand -20%,2025-12-31,SKU0060,WH05,South,Foods & Refreshment,FreshFoods,SUP1,169.0,10,54.78336239731991,152.80534041929795,74.3574764,94.6425236,No Risk,No Action,0.0
Demand -20%,2025-12-31,SKU0061,WH01,North,Foods & Refreshment,DailyEssentials,SUP11,191.0,5,45.29859254550775,118.70518595210115,56.402914,134.597086,No Risk,No Action,0.0
Demand -20%,2025-12-31,SKU0061,WH02,South,Foods & Refreshment,DailyEssentials,SUP11,136.0,5,47.35004530783676,124.38301234080379,64.25478480000001,71.74521519999999,No Risk,No Action,0.0
Demand -20%,2025-12-31,SKU0061,WH03,South,Foods & Refreshment,DailyEssentials,SUP11,152.0,5,48.23517586551206,125.9824286127648,67.185324,84.814676,No Risk,No Action,0.0
Demand -20%,2025-12-31,SKU0061,WH04,North,Foods & Refreshment,DailyEssentials,SUP11,37.0,5,48.17959615755601,126.31146428942415,66.57970800000001,-29.57970800000001,Critical Stockout Risk,Reorder Now,737.4281212113668
Demand -20%,2025-12-31,SKU0061,WH05,South,Foods & Refreshment,DailyEssentials,SUP11,141.0,5,47.86241374565781,123.96131484455893,68.5458896,72.4541104,No Risk,No Action,0.0
Demand -20%,2025-12-31,SKU0062,WH01,North,Personal Care,FreshFoods,SUP1,584.0,10,192.19394273262623,546.2598767985603,244.13629200000003,339.863708,No Risk,No Action,0.0
Demand -20%,2025-12-31,SKU0062,WH02,South,Personal Care,FreshFoods,SUP1,857.0,10,196.9055736551148,558.5539253034665,291.79181520000003,565.2081848,No Risk,No Action,0.0
Demand -20%,2025-12-31,SKU0062,WH03,South,Personal Care,FreshFoods,SUP1,798.0,10,194.15767992849368,553.498339269153,273.70365680000003,524.2963431999999,No Risk,No Action,0.0
Demand -20%,2025-12-31,SKU0062,WH04,North,Personal Care,FreshFoods,SUP1,1292.0,10,202.8320053576096,567.0078295334338,269.9528464,1022.0471536,No Risk,No Action,0.0
Demand -20%,2025-12-31,SKU0062,WH05,South,Personal Care,FreshFoods,SUP1,667.0,10,189.87363358660497,536.1373698503412,268.2779512,398.7220488,No Risk,No Action,0.0
Demand -20%,2025-12-31,SKU0063,WH01,North,Home Care,GlowCare,SUP3,231.0,6,47.0755958594049,114.06460684841588,49.381672,181.618328,No Risk,No Action,0.0
Demand -20%,2025-12-31,SKU0063,WH02,South,Home Care,GlowCare,SUP3,42.0,6,48.993438505776005,119.41102092335842,59.051391200000005,-17.051391200000005,Critical Stockout Risk,Reorder Now,613.1152106721329
Demand -20%,2025-12-31,SKU0063,WH03,South,Home Care,GlowCare,SUP3,142.0,6,48.53967780325307,117.70451296808824,52.055544,89.944456,No Risk,No Action,0.0
Demand -20%,2025-12-31,SKU0063,WH04,North,Home Care,GlowCare,SUP3,105.0,6,52.51734272599271,122.93492514357513,51.4971504,53.5028496,Reorder Soon,Reorder Soon,613.1152106721329
Demand -20%,2025-12-31,SKU0063,WH05,South,Home Care,GlowCare,SUP3,125.0,6,46.92292501087206,113.51633160427866,49.021366400000005,75.9786336,No Risk,No Action,0.0
Demand -20%,2025-12-31,SKU0064,WH01,North,Foods & Refreshment,DailyEssentials,SUP3,132.0,6,30.99660693083964,78.40320033743305,38.9043576,93.0956424,No Risk,No Action,0.0
Demand -20%,2025-12-31,SKU0064,WH02,South,Foods & Refreshment,DailyEssentials,SUP3,72.0,6,33.13570481789219,84.56427624646362,44.0205968,27.9794032,Reorder Soon,Reorder Soon,340.6758239229525
Demand -20%,2025-12-31,SKU0064,WH03,South,Foods & Refreshment,DailyEssentials,SUP3,24.0,6,32.15407826072177,82.65957276621629,39.18862,-15.18862,Critical Stockout Risk,Reorder Now,337.60463340307683
Demand -20%,2025-12-31,SKU0064,WH04,North,Foods & Refreshment,DailyEssentials,SUP3,74.0,6,32.685579114891695,83.5866780159906,44.3399544,29.660045599999997,Reorder Soon,Reorder Soon,338.9242656653656
Demand -20%,2025-12-31,SKU0064,WH05,South,Foods & Refreshment,DailyEssentials,SUP3,94.0,6,30.70403428407144,79.1655727456099,41.91725120000001,52.08274879999999,No Risk,No Action,0.0
Demand -20%,2025-12-31,SKU0065,WH01,North,Personal Care,GlowCare,SUP13,646.0,7,170.6099346864342,463.91762699412646,241.6983448,404.3016552,No Risk,No Action,0.0
Demand -20%,2025-12-31,SKU0065,WH02,South,Personal Care,GlowCare,SUP13,455.0,7,172.91299218507393,467.7591460312277,225.5391056,229.4608944,Reorder Soon,Reorder Soon,1102.0543127971578
Demand -20%,2025-12-31,SKU0065,WH03,South,Personal Care,GlowCare,SUP13,499.0,7,164.74169368430844,444.8186167612315,232.78915840000002,266.2108416,No Risk,No Action,0.0
Demand -20%,2025-12-31,SKU0065,WH04,North,Personal Care,GlowCare,SUP13,566.0,7,167.11260352363465,454.26644967748075,219.00496800000002,346.995032,No Risk,No Action,0.0
Demand -20%,2025-12-31,SKU0065,WH05,South,Personal Care,GlowCare,SUP13,956.0,7,169.78538403943136,461.4007686548159,237.03609840000001,718.9639016,No Risk,No Action,0.0
Demand -20%,2025-12-31,SKU0066,WH01,North,Personal Care,GlowCare,SUP1,227.0,10,43.17434471342225,130.42709196616948,65.59226768,161.40773231999998,No Risk,No Action,0.0
Demand -20%,2025-12-31,SKU0066,WH02,South,Personal Care,GlowCare,SUP1,116.0,10,45.01122478057721,135.0112247805772,66.28953920000001,49.71046079999999,Reorder Soon,Reorder Soon,326.66442254897936
Demand -20%,2025-12-31,SKU0066,WH03,South,Personal Care,GlowCare,SUP1,367.0,10,42.48973714435313,128.09413274874873,64.13171312,302.86828688,No Risk,No Action,0.0
Demand -20%,2025-12-31,SKU0066,WH04,North,Personal Care,GlowCare,SUP1,172.0,10,43.04169858140556,129.1955447352517,70.8067688,101.1932312,No Risk,No Action,0.0
Demand -20%,2025-12-31,SKU0066,WH05,South,Personal Care,GlowCare,SUP1,158.0,10,42.29102982954375,128.00531554382945,77.32835920000001,80.67164079999999,No Risk,No Action,0.0
Demand -20%,2025-12-31,SKU0067,WH01,North,Home Care,DailyEssentials,SUP7,379.0,7,183.49234047941923,452.72310971018845,211.2192008,167.7807992,Reorder Soon,Reorder Soon,2432.290111972889
Demand -20%,2025-12-31,SKU0067,WH02,South,Home Care,DailyEssentials,SUP7,606.0,7,186.5474407403113,455.6243638172344,205.85320480000001,400.1467952,No Risk,No Action,0.0
Demand -20%,2025-12-31,SKU0067,WH03,South,Home Care,DailyEssentials,SUP7,326.0,7,184.4101401673757,451.79475555199105,215.40432,110.59567999999999,Reorder Soon,Reorder Soon,2423.9364864541308
Demand -20%,2025-12-31,SKU0067,WH04,North,Home Care,DailyEssentials,SUP7,367.0,7,186.26122455677773,459.491993787547,218.82719120000002,148.17280879999998,Reorder Soon,Reorder Soon,2450.291935412797
Demand -20%,2025-12-31,SKU0067,WH05,South,Home Care,DailyEssentials,SUP7,853.0,7,176.85627829493765,432.0870475257069,211.507768,641.4922320000001,No Risk,No Action,0.0
Demand -20%,2025-12-31,SKU0068,WH01,North,Home Care,GlowCare,SUP9,25.0,8,9.493621964267597,20.043072513718148,8.886942648,16.113057352,No Risk,No Action,0.0
Demand -20%,2025-12-31,SKU0068,WH02,South,Home Care,GlowCare,SUP9,18.0,8,9.81506521804673,20.979900382881894,9.7511236,8.2488764,Reorder Soon,Reorder Soon,165.28022292780244
Demand -20%,2025-12-31,SKU0068,WH03,South,Home Care,GlowCare,SUP9,44.0,8,11.469052454053772,24.91960190460322,9.5601076,34.4398924,No Risk,No Action,0.0
Demand -20%,2025-12-31,SKU0068,WH04,North,Home Care,GlowCare,SUP9,33.0,8,9.568870914153695,20.38205772734051,11.50770824,21.49229176,No Risk,No Action,0.0
Demand -20%,2025-12-31,SKU0068,WH05,South,Home Care,GlowCare,SUP9,25.0,8,11.108924112934115,23.328704332714334,12.33825112,12.66174888,No Risk,No Action,0.0
Demand -20%,2025-12-31,SKU0069,WH01,North,Home Care,SurfStyle,SUP8,0.0,8,99.120172941596,227.29599711742017,106.96181200000001,-106.96181200000001,Critical Stockout Risk,Reorder Now,562.314334923928
Demand -20%,2025-12-31,SKU0069,WH02,South,Home Care,SurfStyle,SUP8,251.0,8,93.29536848743324,213.5591047511695,97.8401724,153.1598276,No Risk,No Action,0.0
Demand -20%,2025-12-31,SKU0069,WH03,South,Home Care,SurfStyle,SUP8,244.0,8,98.29250014010807,223.9188737664817,107.24946080000001,136.7505392,No Risk,No Action,0.0
Demand -20%,2025-12-31,SKU0069,WH04,North,Home Care,SurfStyle,SUP8,273.0,8,98.70237900885182,226.0869943934672,104.56677520000001,168.4332248,No Risk,No Action,0.0
Demand -20%,2025-12-31,SKU0069,WH05,South,Home Care,SurfStyle,SUP8,272.0,8,101.71445530547192,231.64852123953784,110.88725440000002,161.11274559999998,No Risk,No Action,0.0
Demand -20%,2025-12-31,SKU0070,WH01,North,Foods & Refreshment,GlowCare,SUP11,106.0,5,42.1590809448708,110.34589413168399,59.2980096,46.7019904,Reorder Soon,Reorder Soon,600.2246639579112
Demand -20%,2025-12-31,SKU0070,WH02,South,Foods & Refreshment,GlowCare,SUP11,162.0,5,43.50674372142009,114.05619427087063,60.3789008,101.6210992,No Risk,No Action,0.0
Demand -20%,2025-12-31,SKU0070,WH03,South,Foods & Refreshment,GlowCare,SUP11,119.0,5,42.67510555536176,111.905874786131,59.793243200000006,59.206756799999994,No Risk,No Action,0.0
Demand -20%,2025-12-31,SKU0070,WH04,North,Foods & Refreshment,GlowCare,SUP11,166.0,5,41.51785505620655,108.33104186939337,60.365143200000006,105.6348568,No Risk,No Action,0.0
Demand -20%,2025-12-31,SKU0070,WH05,South,Foods & Refreshment,GlowCare,SUP11,45.0,5,41.845577462193575,109.3730499896661,58.062664,-13.062663999999998,Critical Stockout Risk,Reorder Now,597.3156420005421
Demand -20%,2025-12-31,SKU0071,WH01,North,Personal Care,DailyEssentials,SUP13,54.0,7,53.89173094560629,140.12250017637552,64.45721680000001,-10.457216800000012,Critical Stockout Risk,Reorder Now,457.356305739962
Demand -20%,2025-12-31,SKU0071,WH02,South,Personal Care,DailyEssentials,SUP13,346.0,7,54.26683293338227,143.65144831799765,62.98079440000001,283.01920559999996,No Risk,No Action,0.0
Demand -20%,2025-12-31,SKU0071,WH03,South,Personal Care,DailyEssentials,SUP13,338.0,7,51.390654317730906,134.3906543177309,63.208415200000005,274.7915848,No Risk,No Action,0.0
Demand -20%,2025-12-31,SKU0071,WH04,North,Personal Care,DailyEssentials,SUP13,182.0,7,50.94090524120779,134.40244370274627,59.0657256,122.93427439999999,No Risk,No Action,0.0
Demand -20%,2025-12-31,SKU0071,WH05,South,Personal Care,DailyEssentials,SUP13,138.0,7,49.93882856664141,131.47729010510295,56.846693200000004,81.1533068,No Risk,No Action,0.0
Demand -20%,2025-12-31,SKU0072,WH01,North,Home Care,SurfStyle,SUP6,15.0,10,26.21823010195724,103.14130702503417,70.635188,-55.635188,Critical Stockout Risk,Reorder Now,453.2638588382188
Demand -20%,2025-12-31,SKU0072,WH02,South,Home Care,SurfStyle,SUP6,132.0,10,24.420031337094297,98.8156357326987,58.27372928,73.72627072,No Risk,No Action,0.0
Demand -20%,2025-12-31,SKU0072,WH03,South,Home Care,SurfStyle,SUP6,124.0,10,25.238382881693507,102.82080046411109,57.6425928,66.3574072,No Risk,No Action,0.0
Demand -20%,2025-12-31,SKU0072,WH04,North,Home Care,SurfStyle,SUP6,109.0,10,24.116532857471768,95.32532406626297,51.14856544,57.85143456,No Risk,No Action,0.0
Demand -20%,2025-12-31,SKU0072,WH05,South,Home Care,SurfStyle,SUP6,125.0,10,25.61379487970625,104.40500367091504,60.300943440000005,64.69905656,No Risk,No Action,0.0
Demand -20%,2025-12-31,SKU0073,WH01,North,Home Care,GlowCare,SUP13,349.0,7,104.87357034947192,281.79664727254885,141.493348,207.506652,No Risk,No Action,0.0
Demand -20%,2025-12-31,SKU0073,WH02,South,Home Care,GlowCare,SUP13,341.0,7,105.41819946436188,284.18743023359264,133.7196536,207.2803464,No Risk,No Action,0.0
Demand -20%,2025-12-31,SKU0073,WH03,South,Home Care,GlowCare,SUP13,0.0,7,105.7540210134323,285.7540210134323,150.00406800000002,-150.00406800000002,Critical Stockout Risk,Reorder Now,645.7540210134323
Demand -20%,2025-12-31,SKU0073,WH04,North,Home Care,GlowCare,SUP13,128.0,7,103.56412762297563,278.17951223836025,129.3075344,-1.3075344000000086,Critical Stockout Risk,Reorder Now,499.4102814691295
Demand -20%,2025-12-31,SKU0073,WH05,South,Home Care,GlowCare,SUP13,223.0,7,104.21208991507784,280.6736283766163,133.7370344,89.2629656,Reorder Soon,Reorder Soon,410.5967052996932
Demand -20%,2025-12-31,SKU0074,WH01,North,Personal Care,SurfStyle,SUP5,196.0,6,71.18531550562645,189.5369638572748,91.79874160000001,104.20125839999999,No Risk,No Action,0.0
Demand -20%,2025-12-31,SKU0074,WH02,South,Personal Care,SurfStyle,SUP5,196.0,6,64.15777082019746,171.36656202898865,82.45831600000001,113.54168399999999,No Risk,No Action,0.0
Demand -20%,2025-12-31,SKU0074,WH03,South,Personal Care,SurfStyle,SUP5,284.0,6,68.09153291954577,180.77285160086444,85.1933224,198.8066776,No Risk,No Action,0.0
Demand -20%,2025-12-31,SKU0074,WH04,North,Personal Care,SurfStyle,SUP5,403.0,6,69.83598390582652,185.08873115857375,93.39088720000001,309.6091128,No Risk,No Action,0.0
Demand -20%,2025-12-31,SKU0074,WH05,South,Personal Care,SurfStyle,SUP5,94.0,6,65.23739688878304,174.49014414153027,88.9752632,5.0247367999999994,Reorder Soon,Reorder Soon,394.0533821934099
Demand -20%,2025-12-31,SKU0075,WH01,North,Home Care,FreshFoods,SUP15,95.0,6,22.093491088943964,49.78579878125166,17.3876996,77.6123004,No Risk,No Action,0.0
Demand -20%,2025-12-31,SKU0075,WH02,South,Home Care,FreshFoods,SUP15,46.0,6,20.46583319123344,46.11418483958509,21.41961232,24.58038768,Reorder Soon,Reorder Soon,213.16628765157856
Demand -20%,2025-12-31,SKU0075,WH03,South,Home Care,FreshFoods,SUP15,50.0,6,21.29312058181603,48.32608761478306,19.13605896,30.86394104,No Risk,No Action,0.0
Demand -20%,2025-12-31,SKU0075,WH04,North,Home Care,FreshFoods,SUP15,8.0,6,21.511894636218397,48.4129935373173,24.647296320000002,-16.647296320000002,Critical Stockout Risk,Reorder Now,218.3100870386108
Demand -20%,2025-12-31,SKU0075,WH05,South,Home Care,FreshFoods,SUP15,36.0,6,20.98366666679429,47.225424908552526,19.630093520000003,16.369906479999997,Reorder Soon,Reorder Soon,215.6181211060556
Demand -20%,2025-12-31,SKU0076,WH01,North,Foods & Refreshment,GlowCare,SUP8,176.0,8,91.23244209119628,208.77090362965782,95.4414728,80.5585272,Reorder Soon,Reorder Soon,331.28875800665617
Demand -20%,2025-12-31,SKU0076,WH02,South,Foods & Refreshment,GlowCare,SUP8,180.0,8,84.21496015478169,193.57759751741906,94.8747904,85.1252096,Reorder Soon,Reorder Soon,319.5590970025951
Demand -20%,2025-12-31,SKU0076,WH03,South,Foods & Refreshment,GlowCare,SUP8,423.0,8,88.7424039253189,203.4676786505936,79.1824704,343.8175296,No Risk,No Action,0.0
Demand -20%,2025-12-31,SKU0076,WH04,North,Foods & Refreshment,GlowCare,SUP8,283.0,8,85.79504908308529,196.91592820396443,74.95073760000001,208.04926239999998,No Risk,No Action,0.0
Demand -20%,2025-12-31,SKU0076,WH05,South,Foods & Refreshment,GlowCare,SUP8,0.0,8,85.81957776453767,197.02836897332887,106.2431176,-106.2431176,Critical Stockout Risk,Reorder Now,391.6437535887134
Demand -20%,2025-12-31,SKU0077,WH01,North,Personal Care,GlowCare,SUP12,225.0,8,56.99788200209944,138.05282705704448,59.1568984,165.8431016,No Risk,No Action,0.0
Demand -20%,2025-12-31,SKU0077,WH02,South,Personal Care,GlowCare,SUP12,120.0,8,56.89413610237717,138.740289948531,68.2061188,51.7938812,Reorder Soon,Reorder Soon,433.80527716450285
Demand -20%,2025-12-31,SKU0077,WH03,South,Personal Care,GlowCare,SUP12,0.0,8,59.07771840141685,143.56123488493333,66.56208880000001,-66.56208880000001,Critical Stockout Risk,Reorder Now,440.73920522087474
Demand -20%,2025-12-31,SKU0077,WH04,North,Personal Care,GlowCare,SUP12,375.0,8,53.75473498685854,133.84264707477064,60.603086399999995,314.3969136,No Risk,No Action,0.0
Demand -20%,2025-12-31,SKU0077,WH05,South,Personal Care,GlowCare,SUP12,29.0,8,54.56504498066652,133.2463636619852,65.34580040000002,-36.345800400000016,Critical Stockout Risk,Reorder Now,425.335378575804
Demand -20%,2025-12-31,SKU0078,WH01,North,Personal Care,SurfStyle,SUP14,119.0,11,54.29479160096781,153.65742896360518,81.98397840000001,37.01602159999999,Reorder Soon,Reorder Soon,375.2616028118332
Demand -20%,2025-12-31,SKU0078,WH02,South,Personal Care,SurfStyle,SUP14,185.0,11,59.15984697979221,165.89611071605597,89.4054084,95.5945916,No Risk,No Action,0.0
Demand -20%,2025-12-31,SKU0078,WH03,South,Personal Care,SurfStyle,SUP14,353.0,11,53.32091968081522,148.21102957092512,76.2054696,276.7945304,No Risk,No Action,0.0
Demand -20%,2025-12-31,SKU0078,WH04,North,Personal Care,SurfStyle,SUP14,398.0,11,54.706748756256346,152.86059491010252,85.0209784,312.9790216,No Risk,No Action,0.0
Demand -20%,2025-12-31,SKU0078,WH05,South,Personal Care,SurfStyle,SUP14,0.0,11,53.84393970263353,151.15163201032584,82.3232888,-82.3232888,Critical Stockout Risk,Reorder Now,371.3608871461917
Demand -20%,2025-12-31,SKU0079,WH01,North,Home Care,FreshFoods,SUP12,15.0,8,7.76401949306752,17.43434916339719,7.331180176,7.668819824,Reorder Soon,Reorder Soon,253.18805925202025
Demand -20%,2025-12-31,SKU0079,WH02,South,Home Care,FreshFoods,SUP12,12.0,8,7.89873448262624,17.12950371339547,6.8495348,5.1504652,Reorder Soon,Reorder Soon,247.3668659652092
Demand -20%,2025-12-31,SKU0079,WH03,South,Home Care,FreshFoods,SUP12,4.0,8,7.287691472335071,16.5184607031043,8.26170664,-4.26170664,Critical Stockout Risk,Reorder Now,247.3668659652092
Demand -20%,2025-12-31,SKU0079,WH04,North,Home Care,FreshFoods,SUP12,20.0,8,7.5067002951933315,16.561645350138384,8.707481168,11.292518832,No Risk,No Action,0.0
Demand -20%,2025-12-31,SKU0079,WH05,South,Home Care,FreshFoods,SUP12,17.0,8,6.176114768385621,13.560730153001007,6.7039794079999995,10.296020592000001,No Risk,No Action,0.0
Demand -20%,2025-12-31,SKU0080,WH01,North,Personal Care,FreshFoods,SUP13,171.0,7,60.841044783929874,162.61027555316065,83.0507424,87.9492576,No Risk,No Action,0.0
Demand -20%,2025-12-31,SKU0080,WH02,South,Personal Care,FreshFoods,SUP13,105.0,7,61.79389105343807,161.48619874574575,77.4876792,27.512320799999998,Reorder Soon,Reorder Soon,1147.1357787351244
Demand -20%,2025-12-31,SKU0080,WH03,South,Personal Care,FreshFoods,SUP13,34.0,7,59.62181354079926,160.1602750792608,83.4386336,-49.4386336,Critical Stockout Risk,Reorder Now,1151.9937383199904
Demand -20%,2025-12-31,SKU0080,WH04,North,Personal Care,FreshFoods,SUP13,197.0,7,64.8052301029133,170.57446087214407,92.36014800000001,104.63985199999999,No Risk,No Action,0.0
Demand -20%,2025-12-31,SKU0080,WH05,South,Personal Care,FreshFoods,SUP13,143.0,7,60.55961638167913,160.55961638167912,83.43581080000001,59.56418919999999,Reorder Soon,Reorder Soon,1148.904686152446
Lead Time +30%,2025-12-31,SKU0001,WH01,North,Home Care,SurfStyle,SUP5,259.0,8,53.97279269418089,207.2914740128622,117.111809,141.888191,No Risk,No Action,0.0
Lead Time +30%,2025-12-31,SKU0001,WH02,South,Home Care,SurfStyle,SUP5,13.0,8,56.23022745158588,215.351106572465,112.715714,-99.715714,Critical Stockout Risk,Reorder Now,1269.821309648881
Lead Time +30%,2025-12-31,SKU0001,WH03,South,Home Care,SurfStyle,SUP5,310.0,8,55.00685850980463,207.44641894936504,99.890128,210.109872,No Risk,No Action,0.0
Lead Time +30%,2025-12-31,SKU0001,WH04,North,Home Care,SurfStyle,SUP5,435.0,8,57.475611056475785,211.49758907845376,106.171905,328.828095,No Risk,No Action,0.0
Lead Time +30%,2025-12-31,SKU0001,WH05,South,Home Care,SurfStyle,SUP5,219.0,8,58.64462182044602,219.78747896330316,111.137458,107.862542,Reorder Soon,Reorder Soon,1277.8637665086103
Lead Time +30%,2025-12-31,SKU0002,WH01,North,Personal Care,DailyEssentials,SUP13,54.0,10,14.381528230013132,56.68922053770544,26.4209542,27.5790458,Reorder Soon,Reorder Soon,168.49621775552225
Lead Time +30%,2025-12-31,SKU0002,WH02,South,Personal Care,DailyEssentials,SUP13,50.0,10,15.171199027839624,57.80856166520226,23.4944794,26.5055206,Reorder Soon,Reorder Soon,169.15142262966754
Lead Time +30%,2025-12-31,SKU0002,WH03,South,Personal Care,DailyEssentials,SUP13,77.0,10,17.20891953113404,63.912216234430744,32.7724916,44.2275084,No Risk,No Action,0.0
Lead Time +30%,2025-12-31,SKU0002,WH04,North,Personal Care,DailyEssentials,SUP13,4.0,10,15.41866410386483,58.38569707089779,27.5204021,-23.5204021,Critical Stockout Risk,Reorder Now,169.8040993538272
Lead Time +30%,2025-12-31,SKU0002,WH05,South,Personal Care,DailyEssentials,SUP13,94.0,10,15.79087923519265,60.07659352090694,28.7051105,65.2948895,No Risk,No Action,0.0
Lead Time +30%,2025-12-31,SKU0003,WH01,North,Personal Care,FreshFoods,SUP4,167.0,7,199.16112078449865,512.2380438614217,234.792664,-67.792664,Critical Stockout Risk,Reorder Now,1697.6919115043993
Lead Time +30%,2025-12-31,SKU0003,WH02,South,Personal Care,FreshFoods,SUP4,745.0,7,194.9299615129166,499.3914999744551,215.219445,529.780555,No Risk,No Action,0.0
Lead Time +30%,2025-12-31,SKU0003,WH03,South,Personal Care,FreshFoods,SUP4,1077.0,7,204.66116678825205,523.2765514036366,214.145105,862.8548949999999,No Risk,No Action,0.0
Lead Time +30%,2025-12-31,SKU0003,WH04,North,Personal Care,FreshFoods,SUP4,138.0,7,193.5400207045042,494.3092514737349,212.68142,-74.68142,Critical Stockout Risk,Reorder Now,1663.98747730054
Lead Time +30%,2025-12-31,SKU0003,WH05,South,Personal Care,FreshFoods,SUP4,0.0,7,187.35070821156103,480.11993898079186,208.943503,-208.943503,Critical Stockout Risk,Reorder Now,1641.7085759840647
Lead Time +30%,2025-12-31,SKU0004,WH01,North,Home Care,GlowCare,SUP12,499.0,11,419.65611182940273,1300.6231447964358,622.347904,-123.34790399999997,Critical Stockout Risk,Reorder Now,2940.808012243158
Lead Time +30%,2025-12-31,SKU0004,WH02,South,Home Care,GlowCare,SUP12,407.0,11,432.7094644463414,1329.1490248859018,624.96431,-217.96430999999995,Critical Stockout Risk,Reorder Now,2966.520484119045
Lead Time +30%,2025-12-31,SKU0004,WH03,South,Home Care,GlowCare,SUP12,827.0,11,420.0718963777085,1304.544423850236,717.177884,109.82211600000005,Reorder Soon,Reorder Soon,2946.653152334336
Lead Time +30%,2025-12-31,SKU0004,WH04,North,Home Care,GlowCare,SUP12,1549.0,11,416.0306874801052,1292.887830337248,650.679122,898.320878,No Risk,No Action,0.0
Lead Time +30%,2025-12-31,SKU0004,WH05,South,Home Care,GlowCare,SUP12,991.0,11,430.5179223826512,1333.9684718332007,691.82129,299.17871,Reorder Soon,Reorder Soon,2978.098361920666
Lead Time +30%,2025-12-31,SKU0005,WH01,North,Personal Care,GlowCare,SUP7,566.0,10,81.12279950818352,274.9689533543374,122.846707,443.153293,No Risk,No Action,0.0
Lead Time +30%,2025-12-31,SKU0005,WH02,South,Personal Care,GlowCare,SUP7,521.0,10,86.50165533333684,291.55660038828194,127.714357,393.285643,No Risk,No Action,0.0
Lead Time +30%,2025-12-31,SKU0005,WH03,South,Personal Care,GlowCare,SUP7,225.0,10,86.51876892466811,292.8923952982945,128.02702,96.97298,Reorder Soon,Reorder Soon,451.5416573406529
Lead Time +30%,2025-12-31,SKU0005,WH04,North,Personal Care,GlowCare,SUP7,245.0,10,86.76807976549547,291.82302482044054,134.193369,110.80663100000001,Reorder Soon,Reorder Soon,450.0967203321867
Lead Time +30%,2025-12-31,SKU0005,WH05,South,Personal Care,GlowCare,SUP7,401.0,10,82.93658054185596,280.29921790449333,115.713127,285.286873,No Risk,No Action,0.0
Lead Time +30%,2025-12-31,SKU0006,WH01,North,Personal Care,DailyEssentials,SUP4,5.0,7,4.105356019601571,8.566894481140032,6.0110943,-1.0110943,Critical Stockout Risk,Reorder Now,143.66595219946964
Lead Time +30%,2025-12-31,SKU0006,WH02,South,Personal Care,DailyEssentials,SUP4,19.0,7,4.424026501822814,9.424026501822814,6.18695724,12.81304276,No Risk,No Action,0.0
Lead Time +30%,2025-12-31,SKU0006,WH03,South,Personal Care,DailyEssentials,SUP4,19.0,7,4.397281803628357,9.32035872670528,6.3747678,12.6252322,No Risk,No Action,0.0
Lead Time +30%,2025-12-31,SKU0006,WH04,North,Personal Care,DailyEssentials,SUP4,3.0,7,3.528033446247561,7.604956523170639,6.1191627,-3.1191627000000004,Critical Stockout Risk,Reorder Now,137.3339127651988
Lead Time +30%,2025-12-31,SKU0006,WH05,South,Personal Care,DailyEssentials,SUP4,14.0,7,3.680450735537305,7.757373812460383,6.0358044,7.9641956,No Risk,No Action,0.0
Lead Time +30%,2025-12-31,SKU0007,WH01,North,Home Care,SurfStyle,SUP6,226.0,13,43.19561551895875,215.33847266181587,142.0834665,83.91653350000001,No Risk,No Action,0.0
Lead Time +30%,2025-12-31,SKU0007,WH02,South,Home Care,SurfStyle,SUP6,74.0,13,51.68060670326932,248.25203527469787,149.738739,-75.73873900000001,Critical Stockout Risk,Reorder Now,488.36223013744353
Lead Time +30%,2025-12-31,SKU0007,WH03,South,Home Care,SurfStyle,SUP6,20.0,13,46.217326611821136,226.36018375467827,136.723055,-116.72305499999999,Critical Stockout Risk,Reorder Now,467.5094507867445
Lead Time +30%,2025-12-31,SKU0007,WH04,North,Home Care,SurfStyle,SUP6,258.0,13,48.713484131175655,243.28491270260423,169.00227,88.99772999999999,No Risk,No Action,0.0
Lead Time +30%,2025-12-31,SKU0007,WH05,South,Home Care,SurfStyle,SUP6,29.0,13,46.65170358102039,232.79456072387754,133.83823,-104.83823000000001,Critical Stockout Risk,Reorder Now,475.2313246209383
Lead Time +30%,2025-12-31,SKU0008,WH01,North,Home Care,FreshFoods,SUP8,576.0,11,174.38268380299365,485.2837827040925,230.84263,345.15737,No Risk,No Action,0.0
Lead Time +30%,2025-12-31,SKU0008,WH02,South,Home Care,FreshFoods,SUP8,284.0,11,178.29480948111876,496.8112929976023,222.664567,61.335432999999995,Reorder Soon,Reorder Soon,618.1959083822178
Lead Time +30%,2025-12-31,SKU0008,WH03,South,Home Care,FreshFoods,SUP8,171.0,11,164.99373206966254,460.5431826191131,223.673647,-52.67364699999999,Critical Stockout Risk,Reorder Now,665.6970287729592
Lead Time +30%,2025-12-31,SKU0008,WH04,North,Home Care,FreshFoods,SUP8,499.0,11,170.69367969004887,476.0343390307082,218.97848,280.02152,No Risk,No Action,0.0
Lead Time +30%,2025-12-31,SKU0008,WH05,South,Home Care,FreshFoods,SUP8,821.0,11,172.77559560437842,482.2261450549279,227.208783,593.791217,No Risk,No Action,0.0
Lead Time +30%,2025-12-31,SKU0009,WH01,North,Personal Care,SurfStyle,SUP12,339.0,11,181.6161134021713,560.330399116457,268.350266,70.64973400000002,Reorder Soon,Reorder Soon,703.3303991164571
Lead Time +30%,2025-12-31,SKU0009,WH02,South,Personal Care,SurfStyle,SUP12,745.0,11,194.7502193572105,601.387581994573,291.317995,453.682005,No Risk,No Action,0.0
Lead Time +30%,2025-12-31,SKU0009,WH03,South,Personal Care,SurfStyle,SUP12,1425.0,11,194.10467184970184,598.9288476738777,297.006643,1127.993357,No Risk,No Action,0.0
Lead Time +30%,2025-12-31,SKU0009,WH04,North,Personal Care,SurfStyle,SUP12,308.0,11,198.20090125055287,610.2778243274759,283.542158,24.457842000000028,Reorder Soon,Reorder Soon,826.7393627890144
Lead Time +30%,2025-12-31,SKU0009,WH05,South,Personal Care,SurfStyle,SUP12,0.0,11,192.2598515174437,589.9521592097514,260.603433,-260.603433,Critical Stockout Risk,Reorder Now,1096.1060053635974
Lead Time +30%,2025-12-31,SKU0010,WH01,North,Home Care,SurfStyle,SUP10,51.0,12,28.59800166516912,113.91668298385044,60.4309292,-9.430929200000001,Critical Stockout Risk,Reorder Now,252.07909920969712
Lead Time +30%,2025-12-31,SKU0010,WH02,South,Home Care,SurfStyle,SUP10,107.0,12,28.36730158025889,112.3673015802589,64.1459237,42.8540763,Reorder Soon,Reorder Soon,250.12345214226903
Lead Time +30%,2025-12-31,SKU0010,WH03,South,Home Care,SurfStyle,SUP10,88.0,12,28.453290651116035,112.84889504672043,50.7617779,37.2382221,Reorder Soon,Reorder Soon,250.7117480207257
Lead Time +30%,2025-12-31,SKU0010,WH04,North,Home Care,SurfStyle,SUP10,179.0,12,29.497835403034948,116.66267056787012,71.29357379999999,107.70642620000001,No Risk,No Action,0.0
Lead Time +30%,2025-12-31,SKU0010,WH05,South,Home Care,SurfStyle,SUP10,122.0,12,28.61487064121989,113.27421130056055,62.1174093,59.8825907,No Risk,No Action,0.0
Lead Time +30%,2025-12-31,SKU0011,WH01,North,Home Care,FreshFoods,SUP14,0.0,15,144.85669212078955,464.96658223067965,254.542094,-254.542094,Critical Stockout Risk,Reorder Now,763.7358129999104
Lead Time +30%,2025-12-31,SKU0011,WH02,South,Home Care,FreshFoods,SUP14,0.0,15,139.1304843566363,446.2183964445484,225.119125,-225.119125,Critical Stockout Risk,Reorder Now,732.833781059933
Lead Time +30%,2025-12-31,SKU0011,WH03,South,Home Care,FreshFoods,SUP14,334.0,15,144.31316768263935,464.2582226276943,254.653505,79.346495,Reorder Soon,Reorder Soon,431.861174093327
Lead Time +30%,2025-12-31,SKU0011,WH04,North,Home Care,FreshFoods,SUP14,0.0,15,141.15683418790852,456.3216693527437,224.139851,-224.139851,Critical Stockout Risk,Reorder Now,750.4755155065899
Lead Time +30%,2025-12-31,SKU0011,WH05,South,Home Care,FreshFoods,SUP14,355.0,15,149.56456826027642,482.69643639214456,252.360781,102.639219,Reorder Soon,Reorder Soon,440.67108027674834
Lead Time +30%,2025-12-31,SKU0012,WH01,North,Home Care,DailyEssentials,SUP14,142.0,15,44.95591600796118,188.85701490906004,111.229583,30.770416999999995,Reorder Soon,Reorder Soon,549.9761716529432
Lead Time +30%,2025-12-31,SKU0012,WH02,South,Home Care,DailyEssentials,SUP14,325.0,15,46.80432443932071,190.04608268107896,103.372742,221.62725799999998,No Risk,No Action,0.0
Lead Time +30%,2025-12-31,SKU0012,WH03,South,Home Care,DailyEssentials,SUP14,53.0,15,43.919523572861,180.4030400563775,105.838112,-52.838111999999995,Critical Stockout Risk,Reorder Now,535.6139999509431
Lead Time +30%,2025-12-31,SKU0012,WH04,North,Home Care,DailyEssentials,SUP14,157.0,15,45.65501662767287,188.56710453976078,115.2068885,41.793111499999995,Reorder Soon,Reorder Soon,548.0829606245911
Lead Time +30%,2025-12-31,SKU0012,WH05,South,Home Care,DailyEssentials,SUP14,354.0,15,47.06990198290105,195.25671516971425,114.3924845,239.6075155,No Risk,No Action,0.0
Lead Time +30%,2025-12-31,SKU0013,WH01,North,Personal Care,FreshFoods,SUP12,21.0,11,43.06184124713819,119.57832476362171,59.8735872,-38.8735872,Critical Stockout Risk,Reorder Now,572.6703612726548
Lead Time +30%,2025-12-31,SKU0013,WH02,South,Personal Care,FreshFoods,SUP12,92.0,11,43.56445691075373,119.2347865810834,59.9878175,32.0121825,Reorder Soon,Reorder Soon,569.4951347982592
Lead Time +30%,2025-12-31,SKU0013,WH03,South,Personal Care,FreshFoods,SUP12,81.0,11,44.099952424774735,120.9790733038956,49.1069257,31.893074300000002,Reorder Soon,Reorder Soon,574.0257959764609
Lead Time +30%,2025-12-31,SKU0013,WH04,North,Personal Care,FreshFoods,SUP12,158.0,11,46.48792464836206,126.75166091209832,62.8492065,95.15079349999999,No Risk,No Action,0.0
Lead Time +30%,2025-12-31,SKU0013,WH05,South,Personal Care,FreshFoods,SUP12,213.0,11,44.86261182501504,122.70876567116888,51.8851824,161.1148176,No Risk,No Action,0.0
Lead Time +30%,2025-12-31,SKU0014,WH01,North,Personal Care,DailyEssentials,SUP10,27.0,12,15.623983536575272,57.294313206904945,30.8028449,-3.8028449,Critical Stockout Risk,Reorder Now,143.4279240771751
Lead Time +30%,2025-12-31,SKU0014,WH02,South,Personal Care,DailyEssentials,SUP10,68.0,12,16.116714412287106,60.82001111558381,30.1126649,37.8873351,No Risk,No Action,0.0
Lead Time +30%,2025-12-31,SKU0014,WH03,South,Personal Care,DailyEssentials,SUP10,42.0,12,16.675019531592014,62.696997553570036,31.006685,10.993314999999999,Reorder Soon,Reorder Soon,150.7311056486007
Lead Time +30%,2025-12-31,SKU0014,WH04,North,Personal Care,DailyEssentials,SUP10,47.0,12,17.53829001734585,66.85697133602716,28.6421818,18.3578182,Reorder Soon,Reorder Soon,156.03641815155223
Lead Time +30%,2025-12-31,SKU0014,WH05,South,Personal Care,DailyEssentials,SUP10,73.0,12,15.517202632208477,58.110609225615065,28.7480999,44.2519001,No Risk,No Action,0.0
Lead Time +30%,2025-12-31,SKU0015,WH01,North,Personal Care,FreshFoods,SUP5,8.0,8,14.3921275111439,40.15036926938566,18.6886312,-10.6886312,Critical Stockout Risk,Reorder Now,289.4280254832235
Lead Time +30%,2025-12-31,SKU0015,WH02,South,Personal Care,FreshFoods,SUP5,58.0,8,13.122988501936751,35.18892256787082,16.5689484,41.4310516,No Risk,No Action,0.0
Lead Time +30%,2025-12-31,SKU0015,WH03,South,Personal Care,FreshFoods,SUP5,54.0,8,13.740470536235302,36.3338771296419,16.4265084,37.5734916,No Risk,No Action,0.0
Lead Time +30%,2025-12-31,SKU0015,WH04,North,Personal Care,FreshFoods,SUP5,31.0,8,12.5986123779552,34.576634355977184,16.0259751,14.9740249,Reorder Soon,Reorder Soon,267.3478993035958
Lead Time +30%,2025-12-31,SKU0015,WH05,South,Personal Care,FreshFoods,SUP5,4.0,8,14.193532118070666,38.89682882136737,16.721062500000002,-12.721062500000002,Critical Stockout Risk,Reorder Now,283.4392117730701
Lead Time +30%,2025-12-31,SKU0016,WH01,North,Personal Care,DailyEssentials,SUP7,835.0,10,266.38301296787995,832.7566393415063,400.417984,434.582016,No Risk,No Action,0.0
Lead Time +30%,2025-12-31,SKU0016,WH02,South,Personal Care,DailyEssentials,SUP7,277.0,10,277.0062359723256,861.8414008074905,407.7437,-130.7437,Critical Stockout Risk,Reorder Now,2294.5316781231686
Lead Time +30%,2025-12-31,SKU0016,WH03,South,Personal Care,DailyEssentials,SUP7,844.0,10,280.28520949130046,874.1313633374543,401.985795,442.014205,Reorder Soon,Reorder Soon,2312.1408833076325
Lead Time +30%,2025-12-31,SKU0016,WH04,North,Personal Care,DailyEssentials,SUP7,852.0,10,270.61096599852425,842.2593176468758,440.503471,411.496529,No Risk,No Action,0.0
Lead Time +30%,2025-12-31,SKU0016,WH05,South,Personal Care,DailyEssentials,SUP7,855.0,10,261.4932116922403,814.7899149889436,406.619534,448.380466,No Risk,No Action,0.0
Lead Time +30%,2025-12-31,SKU0017,WH01,North,Personal Care,FreshFoods,SUP2,9.0,11,34.9983126619505,130.85545551909334,63.8039743,-54.8039743,Critical Stockout Risk,Reorder Now,483.3089232666823
Lead Time +30%,2025-12-31,SKU0017,WH02,South,Personal Care,FreshFoods,SUP2,52.0,11,38.621076135500246,148.13755965198376,74.131933,-22.131933000000004,Critical Stockout Risk,Reorder Now,516.5975220964924
Lead Time +30%,2025-12-31,SKU0017,WH03,South,Personal Care,FreshFoods,SUP2,257.0,11,37.44525312833536,138.6210773041595,66.8529925,190.1470075,No Risk,No Action,0.0
Lead Time +30%,2025-12-31,SKU0017,WH04,North,Personal Care,FreshFoods,SUP2,94.0,11,36.43092652257428,135.5518056434534,70.7740525,23.225947500000004,Reorder Soon,Reorder Soon,491.46788723017465
Lead Time +30%,2025-12-31,SKU0017,WH05,South,Personal Care,FreshFoods,SUP2,60.0,11,38.20278152121803,142.2797045981411,77.030073,-17.030073,Critical Stockout Risk,Reorder Now,503.6047243497784
Lead Time +30%,2025-12-31,SKU0018,WH01,North,Personal Care,SurfStyle,SUP6,29.0,13,89.64046250337013,339.92617678908437,199.345188,-170.345188,Critical Stockout Risk,Reorder Now,580.4646383275458
Lead Time +30%,2025-12-31,SKU0018,WH02,South,Personal Care,SurfStyle,SUP6,503.0,13,95.63363694380122,361.34792265808693,199.650671,303.349329,No Risk,No Action,0.0
Lead Time +30%,2025-12-31,SKU0018,WH03,South,Personal Care,SurfStyle,SUP6,335.0,13,87.44041388165583,334.7261281673702,201.05223,133.94777,No Risk,No Action,0.0
Lead Time +30%,2025-12-31,SKU0018,WH04,North,Personal Care,SurfStyle,SUP6,242.0,13,91.8153945114078,348.6725373685507,195.84775,46.15225000000001,Reorder Soon,Reorder Soon,423.1953056216117
Lead Time +30%,2025-12-31,SKU0018,WH05,South,Personal Care,SurfStyle,SUP6,499.0,13,89.38516409973333,345.5280212425905,199.480133,299.519867,No Risk,No Action,0.0
Lead Time +30%,2025-12-31,SKU0019,WH01,North,Home Care,DailyEssentials,SUP14,154.0,15,143.0975958971784,505.57012336970587,248.429892,-94.429892,Critical Stockout Risk,Reorder Now,689.8778156773982
Lead Time +30%,2025-12-31,SKU0019,WH02,South,Home Care,DailyEssentials,SUP14,585.0,15,149.15571556775373,527.4524188644571,283.983504,301.016496,No Risk,No Action,0.0
Lead Time +30%,2025-12-31,SKU0019,WH03,South,Home Care,DailyEssentials,SUP14,243.0,15,137.8175943601727,483.6417701843485,234.774361,8.225639000000001,Reorder Soon,Reorder Soon,599.6039837547439
Lead Time +30%,2025-12-31,SKU0019,WH04,North,Home Care,DailyEssentials,SUP14,1093.0,15,145.63245601091384,510.08300546146324,268.122895,824.877105,No Risk,No Action,0.0
Lead Time +30%,2025-12-31,SKU0019,WH05,South,Home Care,DailyEssentials,SUP14,520.0,15,143.64319682152947,508.91792209625476,280.98833,239.01166999999998,No Risk,No Action,0.0
Lead Time +30%,2025-12-31,SKU0020,WH01,North,Home Care,GlowCare,SUP7,153.0,10,61.058839031138376,206.33356430586366,101.102242,51.897757999999996,Reorder Soon,Reorder Soon,428.7286373587704
Lead Time +30%,2025-12-31,SKU0020,WH02,South,Home Care,GlowCare,SUP7,162.0,10,61.1780448860765,203.92529763332925,88.0670605,73.9329395,Reorder Soon,Reorder Soon,424.9827882912128
Lead Time +30%,2025-12-31,SKU0020,WH03,South,Home Care,GlowCare,SUP7,7.0,10,62.3393214985632,209.2623984216401,100.738698,-93.738698,Critical Stockout Risk,Reorder Now,431.154049717565
Lead Time +30%,2025-12-31,SKU0020,WH04,North,Home Care,GlowCare,SUP7,154.0,10,61.765782981586526,206.49105770686123,88.306952,65.693048,Reorder Soon,Reorder Soon,427.9171116692951
Lead Time +30%,2025-12-31,SKU0020,WH05,South,Home Care,GlowCare,SUP7,190.0,10,64.0707875308461,215.49935895941752,104.701681,85.298319,Reorder Soon,Reorder Soon,437.7149447428188
Lead Time +30%,2025-12-31,SKU0021,WH01,North,Personal Care,FreshFoods,SUP2,87.0,11,17.026860307574196,65.86202514273904,40.2360218,46.7639782,No Risk,No Action,0.0
Lead Time +30%,2025-12-31,SKU0021,WH02,South,Personal Care,FreshFoods,SUP2,25.0,11,17.897720734718607,63.71090754790542,23.5693796,1.4306203999999987,Reorder Soon,Reorder Soon,213.6708658693748
Lead Time +30%,2025-12-31,SKU0021,WH03,South,Personal Care,FreshFoods,SUP2,51.0,11,15.793736817959756,60.035495059717995,30.7298604,20.2701396,Reorder Soon,Reorder Soon,209.97435102329493
Lead Time +30%,2025-12-31,SKU0021,WH04,North,Personal Care,FreshFoods,SUP2,59.0,11,15.882753738242268,61.21242406791258,29.863266,29.136734,Reorder Soon,Reorder Soon,212.54032425417907
Lead Time +30%,2025-12-31,SKU0021,WH05,South,Personal Care,FreshFoods,SUP2,0.0,11,16.3588798428748,61.32591280990776,35.1434734,-35.1434734,Critical Stockout Risk,Reorder Now,211.68845579907992
Lead Time +30%,2025-12-31,SKU0022,WH01,North,Personal Care,GlowCare,SUP10,23.0,12,21.97600538494186,87.64633505527152,46.0725416,-23.0725416,Critical Stockout Risk,Reorder Now,146.95137282318638
Lead Time +30%,2025-12-31,SKU0022,WH02,South,Personal Care,GlowCare,SUP10,111.0,12,22.003732361764754,86.09164444967683,50.7087182,60.2912818,No Risk,No Action,0.0
Lead Time +30%,2025-12-31,SKU0022,WH03,South,Personal Care,GlowCare,SUP10,9.0,12,21.978923656682294,86.33057200833065,45.2672217,-36.2672217,Critical Stockout Risk,Reorder Now,152.40749508525371
Lead Time +30%,2025-12-31,SKU0022,WH04,North,Personal Care,GlowCare,SUP10,40.0,12,21.96679269500604,86.97778170599506,50.7398551,-10.7398551,Critical Stockout Risk,Reorder Now,146.21180409804424
Lead Time +30%,2025-12-31,SKU0022,WH05,South,Personal Care,GlowCare,SUP10,63.0,12,20.80999554990604,82.52428126419176,43.5199707,19.480029299999998,Reorder Soon,Reorder Soon,142.45637954312062
Lead Time +30%,2025-12-31,SKU0023,WH01,North,Personal Care,SurfStyle,SUP15,101.0,8,41.7328234831255,113.8207355710376,56.405747000000005,44.594252999999995,Reorder Soon,Reorder Soon,464.30599001069976
Lead Time +30%,2025-12-31,SKU0023,WH02,South,Personal Care,SurfStyle,SUP15,0.0,8,44.05423325383941,119.21906841867458,57.31574,-57.31574,Critical Stockout Risk,Reorder Now,474.111421461812
Lead Time +30%,2025-12-31,SKU0023,WH03,South,Personal Care,SurfStyle,SUP15,135.0,8,43.74538608462505,118.47066080989977,55.053269,79.946731,No Risk,No Action,0.0
Lead Time +30%,2025-12-31,SKU0023,WH04,North,Personal Care,SurfStyle,SUP15,230.0,8,43.04275762813448,118.11968070505755,60.548918,169.45108199999999,No Risk,No Action,0.0
Lead Time +30%,2025-12-31,SKU0023,WH05,South,Personal Care,SurfStyle,SUP15,223.0,8,41.44899847694806,112.4819655099151,53.28687,169.71313,No Risk,No Action,0.0
Lead Time +30%,2025-12-31,SKU0024,WH01,North,Personal Care,DailyEssentials,SUP14,604.0,15,146.0237793903494,511.2985046650747,270.977666,333.022334,No Risk,No Action,0.0
Lead Time +30%,2025-12-31,SKU0024,WH02,South,Personal Care,DailyEssentials,SUP14,497.0,15,148.74254810253285,519.4568338168185,276.561898,220.43810200000001,Reorder Soon,Reorder Soon,700.6904974500527
Lead Time +30%,2025-12-31,SKU0024,WH03,South,Personal Care,DailyEssentials,SUP14,511.0,15,144.42389139113322,500.4678474350893,234.264675,276.735325,No Risk,No Action,0.0
Lead Time +30%,2025-12-31,SKU0024,WH04,North,Personal Care,DailyEssentials,SUP14,0.0,15,149.3893218295665,529.0047064449511,269.883911,-269.883911,Critical Stockout Risk,Reorder Now,883.3123987526434
Lead Time +30%,2025-12-31,SKU0024,WH05,South,Personal Care,DailyEssentials,SUP14,420.0,15,151.52787651748974,536.74765673727,278.56622,141.43378,Reorder Soon,Reorder Soon,714.2674450218785
Lead Time +30%,2025-12-31,SKU0025,WH01,North,Personal Care,DailyEssentials,SUP5,119.0,8,88.12123256323119,257.8794743214729,125.91346,-6.913460000000001,Critical Stockout Risk,Reorder Now,549.6742999535295
Lead Time +30%,2025-12-31,SKU0025,WH02,South,Personal Care,DailyEssentials,SUP5,296.0,8,89.27050992499238,263.51226816675063,116.543479,179.456521,No Risk,No Action,0.0
Lead Time +30%,2025-12-31,SKU0025,WH03,South,Personal Care,DailyEssentials,SUP5,278.0,8,90.65372489459952,266.3899886308633,124.743089,153.256911,No Risk,No Action,0.0
Lead Time +30%,2025-12-31,SKU0025,WH04,North,Personal Care,DailyEssentials,SUP5,35.0,8,89.29187887026396,262.9182524966376,134.494711,-99.494711,Critical Stockout Risk,Reorder Now,555.9014989356825
Lead Time +30%,2025-12-31,SKU0025,WH05,South,Personal Care,DailyEssentials,SUP5,292.0,8,92.93971265833306,270.4342181528385,129.15919300000002,162.84080699999998,No Risk,No Action,0.0
Lead Time +30%,2025-12-31,SKU0026,WH01,North,Personal Care,FreshFoods,SUP7,519.0,10,183.07962814681437,626.3763314435176,317.258154,201.741846,Reorder Soon,Reorder Soon,770.6973126807117
Lead Time +30%,2025-12-31,SKU0026,WH02,South,Personal Care,FreshFoods,SUP7,176.0,10,177.3922381638055,606.5131172846847,299.682907,-123.682907,Critical Stockout Risk,Reorder Now,1031.2823480539155
Lead Time +30%,2025-12-31,SKU0026,WH03,South,Personal Care,FreshFoods,SUP7,430.0,10,178.12038744449342,614.3841237082297,286.51394500000004,143.48605499999996,Reorder Soon,Reorder Soon,795.1533544774604
Lead Time +30%,2025-12-31,SKU0026,WH04,North,Personal Care,FreshFoods,SUP7,1074.0,10,186.0195847130456,637.3382660317269,304.742066,769.257934,No Risk,No Action,0.0
Lead Time +30%,2025-12-31,SKU0026,WH05,South,Personal Care,FreshFoods,SUP7,137.0,10,179.7060053702676,619.1565548208171,317.90947,-180.90947,Critical Stockout Risk,Reorder Now,1097.3873240515861
Lead Time +30%,2025-12-31,SKU0027,WH01,North,Personal Care,GlowCare,SUP8,310.0,11,102.76033237397804,284.0790136926593,123.6093815,186.39061850000002,No Risk,No Action,0.0
Lead Time +30%,2025-12-31,SKU0027,WH02,South,Personal Care,GlowCare,SUP8,134.0,11,103.56018057141873,288.26347727471546,125.356647,8.643353000000005,Reorder Soon,Reorder Soon,647.4396255659343
Lead Time +30%,2025-12-31,SKU0027,WH03,South,Personal Care,GlowCare,SUP8,239.0,11,103.31551887918884,284.9968375605076,129.427587,109.57241300000001,Reorder Soon,Reorder Soon,642.1213194033203
Lead Time +30%,2025-12-31,SKU0027,WH04,North,Personal Care,GlowCare,SUP8,237.0,11,97.75054827656729,271.09120761722664,127.437648,109.562352,Reorder Soon,Reorder Soon,627.2088458010929
Lead Time +30%,2025-12-31,SKU0027,WH05,South,Personal Care,GlowCare,SUP8,240.0,11,97.3766404192718,269.7502667928982,116.577058,123.422942,Reorder Soon,Reorder Soon,625.4568623626383
Lead Time +30%,2025-12-31,SKU0028,WH01,North,Home Care,DailyEssentials,SUP4,83.0,7,34.6898095311195,87.15134799265796,36.8475737,46.1524263,Reorder Soon,Reorder Soon,850.0691974727973
Lead Time +30%,2025-12-31,SKU0028,WH02,South,Home Care,DailyEssentials,SUP4,33.0,7,35.406953201074245,89.40695320107424,39.0234375,-6.0234375,Critical Stockout Risk,Reorder Now,862.4434901164859
Lead Time +30%,2025-12-31,SKU0028,WH03,South,Home Care,DailyEssentials,SUP4,0.0,7,34.52341212933024,86.44648905240717,40.9639445,-40.9639445,Critical Stockout Risk,Reorder Now,845.6954202836592
Lead Time +30%,2025-12-31,SKU0028,WH04,North,Home Care,DailyEssentials,SUP4,80.0,7,35.30709439244351,88.76863285398198,42.043363,37.956637,Reorder Soon,Reorder Soon,858.1327852034407
Lead Time +30%,2025-12-31,SKU0028,WH05,South,Home Care,DailyEssentials,SUP4,41.0,7,33.42188618326894,84.498809260192,38.5508419,2.4491580999999982,Reorder Soon,Reorder Soon,838.7762637646658
Lead Time +30%,2025-12-31,SKU0029,WH01,North,Home Care,FreshFoods,SUP5,68.0,8,35.98047037563418,113.16728356244735,59.217313,8.782687000000003,Reorder Soon,Reorder Soon,278.27833429391967
Lead Time +30%,2025-12-31,SKU0029,WH02,South,Home Care,FreshFoods,SUP5,94.0,8,37.79807615006074,119.82005417203877,58.092026,35.907974,Reorder Soon,Reorder Soon,286.86195841650425
Lead Time +30%,2025-12-31,SKU0029,WH03,South,Home Care,FreshFoods,SUP5,82.0,8,33.57974094015794,106.10721346763046,55.365379,26.634621000000003,Reorder Soon,Reorder Soon,269.74854538496584
Lead Time +30%,2025-12-31,SKU0029,WH04,North,Home Care,FreshFoods,SUP5,95.0,8,37.398254516525306,116.25539737366816,58.68574,36.31426,Reorder Soon,Reorder Soon,281.2732029601643
Lead Time +30%,2025-12-31,SKU0029,WH05,South,Home Care,FreshFoods,SUP5,183.0,8,34.95057147284974,110.37914290142118,57.376999,125.623001,No Risk,No Action,0.0
Lead Time +30%,2025-12-31,SKU0030,WH01,North,Home Care,GlowCare,SUP4,158.0,7,62.02595897088151,184.4105743554969,87.042652,70.957348,Reorder Soon,Reorder Soon,683.932995203179
Lead Time +30%,2025-12-31,SKU0030,WH02,South,Home Care,GlowCare,SUP4,540.0,7,58.662567045430215,176.20102858389177,86.127904,453.872096,No Risk,No Action,0.0
Lead Time +30%,2025-12-31,SKU0030,WH03,South,Home Care,GlowCare,SUP4,196.0,7,61.548412077138,185.31764284636878,88.42702,107.57298,No Risk,No Action,0.0
Lead Time +30%,2025-12-31,SKU0030,WH04,North,Home Care,GlowCare,SUP4,156.0,7,60.71480317822207,181.9455724089913,86.656421,69.343579,Reorder Soon,Reorder Soon,680.7012886895105
Lead Time +30%,2025-12-31,SKU0030,WH05,South,Home Care,GlowCare,SUP4,280.0,7,62.33669214710651,185.64438445479882,85.637459,194.362541,No Risk,No Action,0.0
Lead Time +30%,2025-12-31,SKU0031,WH01,North,Home Care,GlowCare,SUP15,42.0,8,41.31349930887747,112.87393886931703,46.7608959,-4.760895900000001,Critical Stockout Risk,Reorder Now,263.4529023932485
Lead Time +30%,2025-12-31,SKU0031,WH02,South,Home Care,GlowCare,SUP15,26.0,8,43.78014533714818,119.47245302945586,59.87379,-33.87379,Critical Stockout Risk,Reorder Now,270.95199979739795
Lead Time +30%,2025-12-31,SKU0031,WH03,South,Home Care,GlowCare,SUP15,21.0,8,41.44107034632595,112.47403737929298,51.69161,-30.691609999999997,Critical Stockout Risk,Reorder Now,262.4801498936209
Lead Time +30%,2025-12-31,SKU0031,WH04,North,Home Care,GlowCare,SUP15,157.0,8,41.79202968977648,113.17664507439187,55.035022,101.964978,No Risk,No Action,0.0
Lead Time +30%,2025-12-31,SKU0031,WH05,South,Home Care,GlowCare,SUP15,244.0,8,39.05589954921612,106.57238306569964,49.769421,194.230579,No Risk,No Action,0.0
Lead Time +30%,2025-12-31,SKU0032,WH01,North,Home Care,SurfStyle,SUP12,25.0,11,47.172300541186445,143.5129598818458,75.1215515,-50.121551499999995,Critical Stockout Risk,Reorder Now,623.9465462145906
Lead Time +30%,2025-12-31,SKU0032,WH02,South,Home Care,SurfStyle,SUP12,165.0,11,47.925625693440736,145.95859272640777,73.8417725,91.1582275,No Risk,No Action,0.0
Lead Time +30%,2025-12-31,SKU0032,WH03,South,Home Care,SurfStyle,SUP12,0.0,11,47.23468847374936,144.17974341880432,74.675353,-74.675353,Critical Stockout Risk,Reorder Now,625.9006585660575
Lead Time +30%,2025-12-31,SKU0032,WH04,North,Home Care,SurfStyle,SUP12,187.0,11,47.998865255571296,145.91095316765922,78.2942125,108.7057875,No Risk,No Action,0.0
Lead Time +30%,2025-12-31,SKU0032,WH05,South,Home Care,SurfStyle,SUP12,106.0,11,45.96982793649781,139.40938837605825,74.8798045,31.120195499999994,Reorder Soon,Reorder Soon,614.4803101838473
Lead Time +30%,2025-12-31,SKU0033,WH01,North,Foods & Refreshment,SurfStyle,SUP13,57.0,10,18.49257817575788,58.492578175757885,24.1853998,32.8146002,Reorder Soon,Reorder Soon,327.46428693183566
Lead Time +30%,2025-12-31,SKU0033,WH02,South,Foods & Refreshment,SurfStyle,SUP13,62.0,10,19.656189965880955,64.38146469115568,30.4784477,31.5215523,Reorder Soon,Reorder Soon,346.2664829290539
Lead Time +30%,2025-12-31,SKU0033,WH03,South,Foods & Refreshment,SurfStyle,SUP13,171.0,10,18.491214647366984,58.71099486714721,30.1035045,140.89649550000001,No Risk,No Action,0.0
Lead Time +30%,2025-12-31,SKU0033,WH04,North,Foods & Refreshment,SurfStyle,SUP13,34.0,10,20.284991766601543,64.2410357226455,29.9079543,4.0920457,Reorder Soon,Reorder Soon,343.27584655859874
Lead Time +30%,2025-12-31,SKU0033,WH05,South,Foods & Refreshment,SurfStyle,SUP13,136.0,10,18.19174315753392,58.30163326742403,29.7759165,106.2240835,No Risk,No Action,0.0
Lead Time +30%,2025-12-31,SKU0034,WH01,North,Home Care,FreshFoods,SUP13,9.0,10,24.57141484858667,80.5054807826526,37.2882094,-28.2882094,Critical Stockout Risk,Reorder Now,161.85428767831303
Lead Time +30%,2025-12-31,SKU0034,WH02,South,Home Care,FreshFoods,SUP13,127.0,10,25.5845356984969,83.2768433908046,38.2021103,88.7978897,No Risk,No Action,0.0
Lead Time +30%,2025-12-31,SKU0034,WH03,South,Home Care,FreshFoods,SUP13,79.0,10,24.639717215565994,81.12323369908248,35.0770654,43.9229346,Reorder Soon,Reorder Soon,162.64730706425922
Lead Time +30%,2025-12-31,SKU0034,WH04,North,Home Care,FreshFoods,SUP13,220.0,10,25.80706657722112,86.13673690689146,35.0602145,184.9397855,No Risk,No Action,0.0
Lead Time +30%,2025-12-31,SKU0034,WH05,South,Home Care,FreshFoods,SUP13,132.0,10,23.709404395152543,77.5555582413064,36.7752766,95.2247234,No Risk,No Action,0.0
Lead Time +30%,2025-12-31,SKU0035,WH01,North,Home Care,DailyEssentials,SUP15,64.0,8,23.73324519434808,64.26071772182061,25.6844836,38.3155164,Reorder Soon,Reorder Soon,510.39137608425017
Lead Time +30%,2025-12-31,SKU0035,WH02,South,Home Care,DailyEssentials,SUP15,52.0,8,23.70203241829171,63.789944506203796,26.0639259,25.9360741,Reorder Soon,Reorder Soon,507.61598098166
Lead Time +30%,2025-12-31,SKU0035,WH03,South,Home Care,DailyEssentials,SUP15,100.0,8,24.218553319129345,64.92185002242604,29.3400107,70.6599893,No Risk,No Action,0.0
Lead Time +30%,2025-12-31,SKU0035,WH04,North,Home Care,DailyEssentials,SUP15,19.0,8,23.34835259184613,62.469231712725254,26.384525,-7.384525,Critical Stockout Risk,Reorder Now,501.4560442899555
Lead Time +30%,2025-12-31,SKU0035,WH05,South,Home Care,DailyEssentials,SUP15,63.0,8,22.60625959995559,60.05680905050504,25.2092416,37.7907584,No Risk,No Action,0.0
Lead Time +30%,2025-12-31,SKU0036,WH01,North,Home Care,SurfStyle,SUP2,0.0,11,19.393745665734837,75.3607786327678,36.7010302,-36.7010302,Critical Stockout Risk,Reorder Now,413.7459986529043
Lead Time +30%,2025-12-31,SKU0036,WH02,South,Home Care,SurfStyle,SUP2,21.0,11,17.717169384661364,67.7611254286174,34.0014408,-13.001440799999997,Critical Stockout Risk,Reorder Now,391.2402085944427
Lead Time +30%,2025-12-31,SKU0036,WH03,South,Home Care,SurfStyle,SUP2,75.0,11,17.37229667835536,69.59207689813559,35.249882400000004,39.750117599999996,No Risk,No Action,0.0
Lead Time +30%,2025-12-31,SKU0036,WH04,North,Home Care,SurfStyle,SUP2,20.0,11,18.32613110939043,70.66679045004977,35.403369,-15.403368999999998,Critical Stockout Risk,Reorder Now,400.1172354028658
Lead Time +30%,2025-12-31,SKU0036,WH05,South,Home Care,SurfStyle,SUP2,34.0,11,17.438586227058103,72.31770710617897,38.8572612,-4.8572612000000035,Critical Stockout Risk,Reorder Now,409.7049750745432
Lead Time +30%,2025-12-31,SKU0037,WH01,North,Home Care,DailyEssentials,SUP14,8.0,15,5.954778435076454,16.174558654856675,10.19262868,-2.1926286800000003,Critical Stockout Risk,Reorder Now,87.18123100349935
Lead Time +30%,2025-12-31,SKU0037,WH02,South,Home Care,DailyEssentials,SUP14,6.0,15,4.680522316840183,11.603599239917106,9.18302877,-3.18302877,Critical Stockout Risk,Reorder Now,71.7549386464873
Lead Time +30%,2025-12-31,SKU0037,WH03,South,Home Care,DailyEssentials,SUP14,16.0,15,5.19661704361855,13.603210450211957,7.88088056,8.11911944,No Risk,No Action,0.0
Lead Time +30%,2025-12-31,SKU0037,WH04,North,Home Care,DailyEssentials,SUP14,28.0,15,4.626536787388847,12.53862469947676,8.87506681,19.12493319,No Risk,No Action,0.0
Lead Time +30%,2025-12-31,SKU0037,WH05,South,Home Care,DailyEssentials,SUP14,8.0,15,5.888931566818584,15.449371127258145,8.6720115,-0.6720115,Critical Stockout Risk,Reorder Now,84.32204857248574
Lead Time +30%,2025-12-31,SKU0038,WH01,North,Personal Care,DailyEssentials,SUP1,512.0,13,75.65104505494223,274.79390219779935,149.211358,362.788642,No Risk,No Action,0.0
Lead Time +30%,2025-12-31,SKU0038,WH02,South,Personal Care,DailyEssentials,SUP1,174.0,13,77.13702522529847,283.42273951101276,164.641874,9.358125999999999,Reorder Soon,Reorder Soon,470.4095406362346
Lead Time +30%,2025-12-31,SKU0038,WH03,South,Personal Care,DailyEssentials,SUP1,266.0,13,82.05740482846457,300.05740482846454,151.4601515,114.5398485,Reorder Soon,Reorder Soon,483.5816263533011
Lead Time +30%,2025-12-31,SKU0038,WH04,North,Personal Care,DailyEssentials,SUP1,485.0,13,78.1277749282973,292.4134892140116,156.703747,328.296253,No Risk,No Action,0.0
Lead Time +30%,2025-12-31,SKU0038,WH05,South,Personal Care,DailyEssentials,SUP1,266.0,13,79.28963594246002,293.57535022817433,157.786869,108.213131,Reorder Soon,Reorder Soon,479.4442938897941
Lead Time +30%,2025-12-31,SKU0039,WH01,North,Personal Care,GlowCare,SUP8,31.0,11,49.85350629733874,136.88647333030576,66.4783745,-35.4783745,Critical Stockout Risk,Reorder Now,636.876685985118
Lead Time +30%,2025-12-31,SKU0039,WH02,South,Personal Care,GlowCare,SUP8,133.0,11,50.66809829279575,139.27249389719134,62.2222317,70.77776829999999,Reorder Soon,Reorder Soon,642.6005458940156
Lead Time +30%,2025-12-31,SKU0039,WH03,South,Personal Care,GlowCare,SUP8,0.0,11,46.525676163445,128.2399618777307,60.4806579,-60.4806579,Critical Stockout Risk,Reorder Now,617.109810697255
Lead Time +30%,2025-12-31,SKU0039,WH04,North,Personal Care,GlowCare,SUP8,0.0,11,49.245540637340326,135.19059558239528,54.5139483,-54.5139483,Critical Stockout Risk,Reorder Now,632.8836893434641
Lead Time +30%,2025-12-31,SKU0039,WH05,South,Personal Care,GlowCare,SUP8,81.0,11,48.50533032353157,134.08774790594913,56.8279182,24.1720818,Reorder Soon,Reorder Soon,631.5470802710306
Lead Time +30%,2025-12-31,SKU0040,WH01,North,Personal Care,FreshFoods,SUP9,0.0,11,40.50371044008412,102.15206208843577,37.5005876,-37.5005876,Critical Stockout Risk,Reorder Now,376.1960993851925
Lead Time +30%,2025-12-31,SKU0040,WH02,South,Personal Care,FreshFoods,SUP9,94.0,11,37.45870463639645,94.27189144958326,43.1902207,50.8097793,Reorder Soon,Reorder Soon,361.1421083623828
Lead Time +30%,2025-12-31,SKU0040,WH03,South,Personal Care,FreshFoods,SUP9,196.0,11,40.30088782990346,103.52066804968368,42.8638678,153.1361322,No Risk,No Action,0.0
Lead Time +30%,2025-12-31,SKU0040,WH04,North,Personal Care,FreshFoods,SUP9,15.0,11,41.78356956558546,106.69565747767336,46.2216395,-31.221639500000002,Critical Stockout Risk,Reorder Now,386.0258100901714
Lead Time +30%,2025-12-31,SKU0040,WH05,South,Personal Care,FreshFoods,SUP9,122.0,11,42.66783481117975,108.78871393205887,41.628991,80.371009,No Risk,No Action,0.0
Lead Time +30%,2025-12-31,SKU0041,WH01,North,Personal Care,SurfStyle,SUP6,0.0,13,6.639145571396051,16.924859857110334,9.74254975,-9.74254975,Critical Stockout Risk,Reorder Now,96.09928114095251
Lead Time +30%,2025-12-31,SKU0041,WH02,South,Personal Care,SurfStyle,SUP6,8.0,13,6.215843036860085,17.215843036860086,9.22498028,-1.2249802800000005,Critical Stockout Risk,Reorder Now,99.38005971446206
Lead Time +30%,2025-12-31,SKU0041,WH03,South,Personal Care,SurfStyle,SUP6,23.0,13,6.727607041740157,19.584749898883015,8.49540226,14.50459774,No Risk,No Action,0.0
Lead Time +30%,2025-12-31,SKU0041,WH04,North,Personal Care,SurfStyle,SUP6,6.0,13,5.905259496090676,16.762402353233533,8.64109942,-2.6410994199999998,Critical Stockout Risk,Reorder Now,98.73262572342338
Lead Time +30%,2025-12-31,SKU0041,WH05,South,Personal Care,SurfStyle,SUP6,16.0,13,6.776314684636495,17.633457541779354,9.53988263,6.460117370000001,Reorder Soon,Reorder Soon,98.73262572342338
Lead Time +30%,2025-12-31,SKU0042,WH01,North,Home Care,DailyEssentials,SUP3,250.0,8,69.49592014963632,225.188227841944,116.772537,133.227463,No Risk,No Action,0.0
Lead Time +30%,2025-12-31,SKU0042,WH02,South,Home Care,DailyEssentials,SUP3,246.0,8,75.46899174958891,244.78767306827024,131.33092,114.66908000000001,No Risk,No Action,0.0
Lead Time +30%,2025-12-31,SKU0042,WH03,South,Home Care,DailyEssentials,SUP3,126.0,8,71.25250865223856,227.38437678410673,115.262135,10.737865,Reorder Soon,Reorder Soon,374.615146014876
Lead Time +30%,2025-12-31,SKU0042,WH04,North,Home Care,DailyEssentials,SUP3,90.0,8,75.73654170114352,244.35192631652816,131.85844,-41.85844,Critical Stockout Risk,Reorder Now,449.4288493934513
Lead Time +30%,2025-12-31,SKU0042,WH05,South,Home Care,DailyEssentials,SUP3,352.0,8,74.82788531042986,242.7399732225178,117.172453,234.82754699999998,No Risk,No Action,0.0
Lead Time +30%,2025-12-31,SKU0043,WH01,North,Personal Care,FreshFoods,SUP3,25.0,8,9.102487977461523,25.629960504934054,13.7006819,11.2993181,Reorder Soon,Reorder Soon,187.45914633770647
Lead Time +30%,2025-12-31,SKU0043,WH02,South,Personal Care,FreshFoods,SUP3,53.0,8,9.261555205713634,25.87693982109825,13.0734567,39.9265433,No Risk,No Action,0.0
Lead Time +30%,2025-12-31,SKU0043,WH03,South,Personal Care,FreshFoods,SUP3,18.0,8,9.85653318860809,27.175214507289407,15.9488905,2.051109500000001,Reorder Soon,Reorder Soon,191.8937471193001
Lead Time +30%,2025-12-31,SKU0043,WH04,North,Personal Care,FreshFoods,SUP3,17.0,8,8.63219217686402,23.84098338565523,13.7903403,3.2096596999999996,Reorder Soon,Reorder Soon,179.82528692026216
Lead Time +30%,2025-12-31,SKU0043,WH05,South,Personal Care,FreshFoods,SUP3,17.0,8,9.954907028075716,27.801060874229563,12.6495743,4.350425700000001,Reorder Soon,Reorder Soon,194.79406889165975
Lead Time +30%,2025-12-31,SKU0044,WH01,North,Home Care,GlowCare,SUP13,78.0,10,13.725385853645614,42.62648475474452,18.9346214,59.0653786,No Risk,No Action,0.0
Lead Time +30%,2025-12-31,SKU0044,WH02,South,Home Care,GlowCare,SUP13,102.0,10,12.654864652010009,39.68783168497704,18.4104678,83.58953220000001,No Risk,No Action,0.0
Lead Time +30%,2025-12-31,SKU0044,WH03,South,Home Care,GlowCare,SUP13,58.0,10,12.823242540585223,40.73533045267314,19.0430724,38.9569276,No Risk,No Action,0.0
Lead Time +30%,2025-12-31,SKU0044,WH04,North,Home Care,GlowCare,SUP13,10.0,10,12.749584734549902,39.89244187740705,19.7408894,-9.7408894,Critical Stockout Risk,Reorder Now,381.7680646471083
Lead Time +30%,2025-12-31,SKU0044,WH05,South,Home Care,GlowCare,SUP13,50.0,10,14.51268372266308,44.073123283102646,17.0679969,32.9320031,No Risk,No Action,0.0
Lead Time +30%,2025-12-31,SKU0045,WH01,North,Home Care,SurfStyle,SUP5,759.0,8,187.4947674269215,553.033228965383,283.878959,475.121041,No Risk,No Action,0.0
Lead Time +30%,2025-12-31,SKU0045,WH02,South,Home Care,SurfStyle,SUP5,179.0,8,185.61667680693185,549.4848086750637,277.482626,-98.48262599999998,Critical Stockout Risk,Reorder Now,1592.4070494768666
Lead Time +30%,2025-12-31,SKU0045,WH03,South,Home Care,SurfStyle,SUP5,795.0,8,180.3834791974172,532.5593033732414,271.049064,523.950936,No Risk,No Action,0.0
Lead Time +30%,2025-12-31,SKU0045,WH04,North,Home Care,SurfStyle,SUP5,494.0,8,182.0709268830884,538.8181796303411,266.566087,227.43391300000002,Reorder Soon,Reorder Soon,1576.7484025042097
Lead Time +30%,2025-12-31,SKU0045,WH05,South,Home Care,SurfStyle,SUP5,694.0,8,187.9209346075161,556.2725829591645,285.893802,408.106198,No Risk,No Action,0.0
Lead Time +30%,2025-12-31,SKU0046,WH01,North,Home Care,DailyEssentials,SUP5,431.0,8,157.88394422960363,510.7630651087245,255.515151,175.484849,Reorder Soon,Reorder Soon,1069.414109167175
Lead Time +30%,2025-12-31,SKU0046,WH02,South,Home Care,DailyEssentials,SUP5,680.0,8,152.82918394936104,495.8621509823281,251.10294,428.89706,No Risk,No Action,0.0
Lead Time +30%,2025-12-31,SKU0046,WH03,South,Home Care,DailyEssentials,SUP5,458.0,8,152.87399048488606,499.3355289464245,251.69642,206.30358,Reorder Soon,Reorder Soon,1059.6451213616128
Lead Time +30%,2025-12-31,SKU0046,WH04,North,Home Care,DailyEssentials,SUP5,809.0,8,162.20479572888553,522.7322682563581,256.439167,552.560833,No Risk,No Action,0.0
Lead Time +30%,2025-12-31,SKU0046,WH05,South,Home Care,DailyEssentials,SUP5,571.0,8,158.51871463009428,512.8044289158086,266.712273,304.287727,No Risk,No Action,0.0
Lead Time +30%,2025-12-31,SKU0047,WH01,North,Personal Care,GlowCare,SUP14,62.0,15,18.811093531321628,53.26164298187108,26.3106964,35.6893036,No Risk,No Action,0.0
Lead Time +30%,2025-12-31,SKU0047,WH02,South,Personal Care,GlowCare,SUP14,41.0,15,21.167388899907085,64.35420208672028,27.7845177,13.215482300000001,Reorder Soon,Reorder Soon,434.4099886668092
Lead Time +30%,2025-12-31,SKU0047,WH03,South,Personal Care,GlowCare,SUP14,50.0,15,22.089838575466345,65.27665176227953,28.0091658,21.9908342,Reorder Soon,Reorder Soon,434.4099886668092
Lead Time +30%,2025-12-31,SKU0047,WH04,North,Personal Care,GlowCare,SUP14,7.0,15,19.982646526132157,58.883745427231055,28.8234934,-21.8234934,Critical Stockout Risk,Reorder Now,412.292237883738
Lead Time +30%,2025-12-31,SKU0047,WH05,South,Personal Care,GlowCare,SUP14,55.0,15,18.68603729018818,54.94977355392444,27.8189737,27.1810263,No Risk,No Action,0.0
Lead Time +30%,2025-12-31,SKU0048,WH01,North,Personal Care,DailyEssentials,SUP3,6.0,8,4.00429107079813,9.542752609259669,5.94043058,0.05956941999999987,Reorder Soon,Reorder Soon,68.02268234014429
Lead Time +30%,2025-12-31,SKU0048,WH02,South,Personal Care,DailyEssentials,SUP3,8.0,8,4.1584810071336165,9.169470018122627,6.6325533,1.3674467000000003,Reorder Soon,Reorder Soon,64.70247693139633
Lead Time +30%,2025-12-31,SKU0048,WH03,South,Personal Care,DailyEssentials,SUP3,9.0,8,3.136325930361513,6.740721534757117,6.6207986,2.3792014000000004,No Risk,No Action,0.0
Lead Time +30%,2025-12-31,SKU0048,WH04,North,Personal Care,DailyEssentials,SUP3,9.0,8,3.173644366334249,7.3934245861144685,6.48884386,2.5111561399999998,No Risk,No Action,0.0
Lead Time +30%,2025-12-31,SKU0048,WH05,South,Personal Care,DailyEssentials,SUP3,7.0,8,3.2049605429385286,7.336828674806661,6.6374759,0.3625240999999999,Reorder Soon,Reorder Soon,58.75331935224912
Lead Time +30%,2025-12-31,SKU0049,WH01,North,Home Care,FreshFoods,SUP14,132.0,15,54.34313921356787,187.20028207071073,89.7368304,42.2631696,Reorder Soon,Reorder Soon,904.0059498949544
Lead Time +30%,2025-12-31,SKU0049,WH02,South,Home Care,FreshFoods,SUP14,112.0,15,59.70312270267448,208.21960621915798,104.024755,7.975245000000001,Reorder Soon,Reorder Soon,955.7981013238428
Lead Time +30%,2025-12-31,SKU0049,WH03,South,Home Care,FreshFoods,SUP14,147.0,15,57.91056269527644,198.18528797000172,96.770345,50.229654999999994,Reorder Soon,Reorder Soon,928.8991126711333
Lead Time +30%,2025-12-31,SKU0049,WH04,North,Home Care,FreshFoods,SUP14,234.0,15,60.65469365366186,211.31403431300254,107.5260455,126.4739545,No Risk,No Action,0.0
Lead Time +30%,2025-12-31,SKU0049,WH05,South,Home Care,FreshFoods,SUP14,148.0,15,59.74529586131369,206.1189222349401,106.149557,41.850443,Reorder Soon,Reorder Soon,948.8777232927706
Lead Time +30%,2025-12-31,SKU0050,WH01,North,Personal Care,DailyEssentials,SUP14,457.0,15,101.21379142390995,353.90609911621766,187.180766,269.819234,No Risk,No Action,0.0
Lead Time +30%,2025-12-31,SKU0050,WH02,South,Personal Care,DailyEssentials,SUP14,226.0,15,101.37130540911966,354.722953760768,185.974465,40.02553499999999,Reorder Soon,Reorder Soon,496.93271791940185
Lead Time +30%,2025-12-31,SKU0050,WH03,South,Personal Care,DailyEssentials,SUP14,309.0,15,100.64459663445248,346.90833289818875,171.2060765,137.7939235,Reorder Soon,Reorder Soon,489.9321693330349
Lead Time +30%,2025-12-31,SKU0050,WH04,North,Personal Care,DailyEssentials,SUP14,515.0,15,90.32453166790948,317.3025536459314,164.6841065,350.3158935,No Risk,No Action,0.0
Lead Time +30%,2025-12-31,SKU0050,WH05,South,Personal Care,DailyEssentials,SUP14,370.0,15,100.03476576337336,347.28751301612056,169.141134,200.858866,No Risk,No Action,0.0
Lead Time +30%,2025-12-31,SKU0051,WH01,North,Home Care,DailyEssentials,SUP9,34.0,11,5.555212996921266,12.807960249668518,7.6657182,26.3342818,No Risk,No Action,0.0
Lead Time +30%,2025-12-31,SKU0051,WH02,South,Home Care,DailyEssentials,SUP9,33.0,11,6.514994930748935,15.580928996683001,8.21918568,24.780814319999998,No Risk,No Action,0.0
Lead Time +30%,2025-12-31,SKU0051,WH03,South,Home Care,DailyEssentials,SUP9,5.0,11,4.948176836559141,11.233891122273427,7.679382439999999,-2.6793824399999986,Critical Stockout Risk,Reorder Now,93.23989781006836
Lead Time +30%,2025-12-31,SKU0051,WH04,North,Home Care,DailyEssentials,SUP9,16.0,11,5.476882040167528,12.60875017203566,7.78202515,8.217974850000001,No Risk,No Action,0.0
Lead Time +30%,2025-12-31,SKU0051,WH05,South,Home Care,DailyEssentials,SUP9,13.0,11,4.194183338278293,9.27110641520137,7.89019658,5.10980342,No Risk,No Action,0.0
Lead Time +30%,2025-12-31,SKU0052,WH01,North,Personal Care,SurfStyle,SUP3,84.0,8,91.5681593527308,294.29343407800553,145.949983,-61.949983,Critical Stockout Risk,Reorder Now,658.4120732910022
Lead Time +30%,2025-12-31,SKU0052,WH02,South,Personal Care,SurfStyle,SUP3,66.0,8,85.31914482763868,274.68178219027607,144.231487,-78.23148699999999,Critical Stockout Risk,Reorder Now,636.3425792602188
Lead Time +30%,2025-12-31,SKU0052,WH03,South,Personal Care,SurfStyle,SUP3,487.0,8,86.8560206025335,281.22964697615987,136.355822,350.644178,No Risk,No Action,0.0
Lead Time +30%,2025-12-31,SKU0052,WH04,North,Personal Care,SurfStyle,SUP3,105.0,8,89.42825724769489,288.0216638411015,147.929679,-42.92967899999999,Critical Stockout Risk,Reorder Now,651.6677813969806
Lead Time +30%,2025-12-31,SKU0052,WH05,South,Personal Care,SurfStyle,SUP3,55.0,8,89.25831090508879,287.76380541058325,147.735768,-92.73576800000001,Critical Stockout Risk,Reorder Now,651.5235273207479
Lead Time +30%,2025-12-31,SKU0053,WH01,North,Home Care,GlowCare,SUP3,15.0,8,11.204370646233206,33.44612888799145,16.8057571,-1.805757100000001,Critical Stockout Risk,Reorder Now,435.20775773742326
Lead Time +30%,2025-12-31,SKU0053,WH02,South,Home Care,GlowCare,SUP3,1.0,8,11.275374789847552,32.813836328309094,17.2185882,-16.2185882,Critical Stockout Risk,Reorder Now,428.2717319994184
Lead Time +30%,2025-12-31,SKU0053,WH03,South,Home Care,GlowCare,SUP3,20.0,8,12.317959300996987,34.55971754275523,14.0499881,5.9500119,Reorder Soon,Reorder Soon,435.20775773742326
Lead Time +30%,2025-12-31,SKU0053,WH04,North,Home Care,GlowCare,SUP3,39.0,8,11.925906653685525,34.431401159180034,18.3016988,20.6983012,No Risk,No Action,0.0
Lead Time +30%,2025-12-31,SKU0053,WH05,South,Home Care,GlowCare,SUP3,9.0,8,11.17377052224626,31.833111181586922,14.1666293,-5.1666293,Critical Stockout Risk,Reorder Now,419.4404385290765
Lead Time +30%,2025-12-31,SKU0054,WH01,North,Home Care,GlowCare,SUP5,119.0,8,56.628068170627685,166.43026597282548,84.4446925,34.5553075,Reorder Soon,Reorder Soon,302.4602843041647
Lead Time +30%,2025-12-31,SKU0054,WH02,South,Home Care,GlowCare,SUP5,47.0,8,56.28297131946118,164.76648780297768,74.736008,-27.736007999999998,Critical Stockout Risk,Reorder Now,307.6126416491315
Lead Time +30%,2025-12-31,SKU0054,WH03,South,Home Care,GlowCare,SUP5,232.0,8,56.51687052630512,163.68170569114028,88.059655,143.94034499999998,No Risk,No Action,0.0
Lead Time +30%,2025-12-31,SKU0054,WH04,North,Home Care,GlowCare,SUP5,314.0,8,58.35214996716512,171.67083128584642,81.3499365,232.6500635,No Risk,No Action,0.0
Lead Time +30%,2025-12-31,SKU0054,WH05,South,Home Care,GlowCare,SUP5,163.0,8,57.812843087198026,167.26339253774748,67.790058,95.209942,Reorder Soon,Reorder Soon,301.9755719986268
Lead Time +30%,2025-12-31,SKU0055,WH01,North,Home Care,GlowCare,SUP9,353.0,11,95.07791942986393,319.0669304188749,153.246994,199.753006,No Risk,No Action,0.0
Lead Time +30%,2025-12-31,SKU0055,WH02,South,Home Care,GlowCare,SUP9,579.0,11,88.77965895604225,296.4499886263719,145.630367,433.369633,No Risk,No Action,0.0
Lead Time +30%,2025-12-31,SKU0055,WH03,South,Home Care,GlowCare,SUP9,0.0,11,86.80077692614597,290.4820956074647,144.646361,-144.646361,Critical Stockout Risk,Reorder Now,689.205874842948
Lead Time +30%,2025-12-31,SKU0055,WH04,North,Home Care,GlowCare,SUP9,337.0,11,93.55569860140116,311.13811618381874,138.718984,198.281016,No Risk,No Action,0.0
Lead Time +30%,2025-12-31,SKU0055,WH05,South,Home Care,GlowCare,SUP9,138.0,11,91.69652682905664,307.3448784774083,166.244939,-28.244938999999988,Critical Stockout Risk,Reorder Now,709.1636116988292
Lead Time +30%,2025-12-31,SKU0056,WH01,North,Personal Care,SurfStyle,SUP3,9.0,8,3.903361765545613,8.826438688622536,6.6374759,2.3625241,No Risk,No Action,0.0
Lead Time +30%,2025-12-31,SKU0056,WH02,South,Personal Care,SurfStyle,SUP3,4.0,8,4.097795564195514,9.72416919056914,7.00839874,-3.0083987399999996,Critical Stockout Risk,Reorder Now,105.38329625246752
Lead Time +30%,2025-12-31,SKU0056,WH03,South,Personal Care,SurfStyle,SUP3,0.0,8,4.522790864481289,10.764549106239532,8.0910056,-8.0910056,Critical Stockout Risk,Reorder Now,110.99692972678832
Lead Time +30%,2025-12-31,SKU0056,WH04,North,Personal Care,SurfStyle,SUP3,12.0,8,4.521399209848195,11.026893715342702,7.09147857,4.90852143,No Risk,No Action,0.0
Lead Time +30%,2025-12-31,SKU0056,WH05,South,Personal Care,SurfStyle,SUP3,5.0,8,4.13757830320981,10.027688193319701,7.99760775,-2.9976077500000002,Critical Stockout Risk,Reorder Now,107.82493201114886
Lead Time +30%,2025-12-31,SKU0057,WH01,North,Home Care,FreshFoods,SUP7,107.0,10,20.416972956717498,79.53785207759663,38.9364354,68.0635646,No Risk,No Action,0.0
Lead Time +30%,2025-12-31,SKU0057,WH02,South,Home Care,FreshFoods,SUP7,40.0,10,19.76158585820483,76.0253221219411,39.6242307,0.37576930000000175,Reorder Soon,Reorder Soon,622.6911456728811
Lead Time +30%,2025-12-31,SKU0057,WH03,South,Home Care,FreshFoods,SUP7,52.0,10,20.52491223585429,80.96447267541473,36.0265957,15.973404299999999,Reorder Soon,Reorder Soon,645.3852782729634
Lead Time +30%,2025-12-31,SKU0057,WH04,North,Home Care,FreshFoods,SUP7,150.0,10,19.941369059872027,78.73257785108083,38.3211772,111.6788228,No Risk,No Action,0.0
Lead Time +30%,2025-12-31,SKU0057,WH05,South,Home Care,FreshFoods,SUP7,113.0,10,19.954219429077813,77.31685679171518,37.6232384,75.37676160000001,No Risk,No Action,0.0
Lead Time +30%,2025-12-31,SKU0058,WH01,North,Home Care,SurfStyle,SUP2,513.0,11,89.65013785518933,396.6831048881563,203.089849,309.91015100000004,No Risk,No Action,0.0
Lead Time +30%,2025-12-31,SKU0058,WH02,South,Home Care,SurfStyle,SUP2,295.0,11,89.7990819940465,397.5573237522882,211.510335,83.489665,Reorder Soon,Reorder Soon,1315.3449120098117
Lead Time +30%,2025-12-31,SKU0058,WH03,South,Home Care,SurfStyle,SUP2,759.0,11,86.81922043831689,388.7752643943608,219.503898,539.4961020000001,No Risk,No Action,0.0
Lead Time +30%,2025-12-31,SKU0058,WH04,North,Home Care,SurfStyle,SUP2,57.0,11,96.34504816597511,420.78460860553554,231.990605,-174.990605,Critical Stockout Risk,Reorder Now,1350.5221307923116
Lead Time +30%,2025-12-31,SKU0058,WH05,South,Home Care,SurfStyle,SUP2,325.0,11,93.11788701475344,414.29371119057765,236.205163,88.794837,Reorder Soon,Reorder Soon,1343.7120962586514
Lead Time +30%,2025-12-31,SKU0059,WH01,North,Home Care,FreshFoods,SUP9,493.0,11,103.11835197870232,344.6348354951859,168.391161,324.608839,No Risk,No Action,0.0
Lead Time +30%,2025-12-31,SKU0059,WH02,South,Home Care,FreshFoods,SUP9,650.0,11,103.54121469621062,345.29945645445235,188.525693,461.474307,No Risk,No Action,0.0
Lead Time +30%,2025-12-31,SKU0059,WH03,South,Home Care,FreshFoods,SUP9,531.0,11,102.54785298559015,340.1962046339419,158.521548,372.478452,No Risk,No Action,0.0
Lead Time +30%,2025-12-31,SKU0059,WH04,North,Home Care,FreshFoods,SUP9,274.0,11,102.6923399591767,345.41761468445145,176.446258,97.553742,Reorder Soon,Reorder Soon,465.27537604128696
Lead Time +30%,2025-12-31,SKU0059,WH05,South,Home Care,FreshFoods,SUP9,346.0,11,105.42388360921724,354.07223525756893,179.767562,166.232438,Reorder Soon,Reorder Soon,470.9180753790107
Lead Time +30%,2025-12-31,SKU0060,WH01,North,Foods & Refreshment,FreshFoods,SUP1,208.0,13,58.30218576863453,192.44504291149167,106.014441,101.985559,No Risk,No Action,0.0
Lead Time +30%,2025-12-31,SKU0060,WH02,South,Foods & Refreshment,FreshFoods,SUP1,236.0,13,54.11785615599979,180.97499901314268,92.9992885,143.0007115,No Risk,No Action,0.0
Lead Time +30%,2025-12-31,SKU0060,WH03,South,Foods & Refreshment,FreshFoods,SUP1,132.0,13,52.77744812828031,176.20601955685174,93.166196,38.833804,Reorder Soon,Reorder Soon,411.5623927244212
Lead Time +30%,2025-12-31,SKU0060,WH04,North,Foods & Refreshment,FreshFoods,SUP1,83.0,13,58.07665315579382,192.07665315579382,94.447616,-11.447615999999996,Critical Stockout Risk,Reorder Now,428.8251334024852
Lead Time +30%,2025-12-31,SKU0060,WH05,South,Foods & Refreshment,FreshFoods,SUP1,169.0,13,54.78336239731991,182.21193382589138,92.9468455,76.0531545,Reorder Soon,Reorder Soon,418.1780560228031
Lead Time +30%,2025-12-31,SKU0061,WH01,North,Foods & Refreshment,DailyEssentials,SUP11,191.0,7,45.29859254550775,148.06782331473852,70.5036425,120.4963575,No Risk,No Action,0.0
Lead Time +30%,2025-12-31,SKU0061,WH02,South,Foods & Refreshment,DailyEssentials,SUP11,136.0,7,47.35004530783676,155.19619915399062,80.318481,55.681518999999994,Reorder Soon,Reorder Soon,732.223905716734
Lead Time +30%,2025-12-31,SKU0061,WH03,South,Foods & Refreshment,DailyEssentials,SUP11,152.0,7,48.23517586551206,157.0813297116659,83.98165499999999,68.01834500000001,Reorder Soon,Reorder Soon,735.6108338691974
Lead Time +30%,2025-12-31,SKU0061,WH04,North,Foods & Refreshment,DailyEssentials,SUP11,37.0,7,48.17959615755601,157.5642115421714,83.224635,-46.224635000000006,Critical Stockout Risk,Reorder Now,737.4281212113668
Lead Time +30%,2025-12-31,SKU0061,WH05,South,Foods & Refreshment,DailyEssentials,SUP11,141.0,7,47.86241374565781,154.40087528411937,85.682362,55.317638,Reorder Soon,Reorder Soon,727.7710629932668
Lead Time +30%,2025-12-31,SKU0062,WH01,North,Personal Care,FreshFoods,SUP1,584.0,13,192.19394273262623,652.4796570183405,305.170365,278.829635,Reorder Soon,Reorder Soon,1194.7862124113697
Lead Time +30%,2025-12-31,SKU0062,WH02,South,Personal Care,FreshFoods,SUP1,857.0,13,196.9055736551148,667.048430797972,364.739769,492.260231,No Risk,No Action,0.0
Lead Time +30%,2025-12-31,SKU0062,WH03,South,Personal Care,FreshFoods,SUP1,798.0,13,194.15767992849368,661.3005370713508,342.129571,455.870429,No Risk,No Action,0.0
Lead Time +30%,2025-12-31,SKU0062,WH04,North,Personal Care,FreshFoods,SUP1,1292.0,13,202.8320053576096,676.260576786181,337.441058,954.558942,No Risk,No Action,0.0
Lead Time +30%,2025-12-31,SKU0062,WH05,South,Personal Care,FreshFoods,SUP1,667.0,13,189.87363358660497,640.0164907294621,335.347439,331.652561,No Risk,No Action,0.0
Lead Time +30%,2025-12-31,SKU0063,WH01,North,Home Care,GlowCare,SUP3,231.0,8,47.0755958594049,136.3942771780862,61.72709,169.27291,No Risk,No Action,0.0
Lead Time +30%,2025-12-31,SKU0063,WH02,South,Home Care,GlowCare,SUP3,42.0,8,48.993438505776005,142.8835483958859,73.814239,-31.814239,Critical Stockout Risk,Reorder Now,613.1152106721329
Lead Time +30%,2025-12-31,SKU0063,WH03,South,Home Care,GlowCare,SUP3,142.0,8,48.53967780325307,140.7594580230333,65.06943,76.93057,No Risk,No Action,0.0
Lead Time +30%,2025-12-31,SKU0063,WH04,North,Home Care,GlowCare,SUP3,105.0,8,52.51734272599271,146.4074526161026,64.371438,40.628562,Reorder Soon,Reorder Soon,613.1152106721329
Lead Time +30%,2025-12-31,SKU0063,WH05,South,Home Care,GlowCare,SUP3,125.0,8,46.92292501087206,135.71413380208088,61.276708,63.723292,Reorder Soon,Reorder Soon,596.2345673794142
Lead Time +30%,2025-12-31,SKU0064,WH01,North,Foods & Refreshment,DailyEssentials,SUP3,132.0,8,30.99660693083964,94.20539813963084,48.630447,83.369553,No Risk,No Action,0.0
Lead Time +30%,2025-12-31,SKU0064,WH02,South,Foods & Refreshment,DailyEssentials,SUP3,72.0,8,33.13570481789219,101.70713338932076,55.025746,16.974254000000002,Reorder Soon,Reorder Soon,340.6758239229525
Lead Time +30%,2025-12-31,SKU0064,WH03,South,Foods & Refreshment,DailyEssentials,SUP3,24.0,8,32.15407826072177,99.4947376013811,48.985775,-24.985774999999997,Critical Stockout Risk,Reorder Now,337.60463340307683
Lead Time +30%,2025-12-31,SKU0064,WH04,North,Foods & Refreshment,DailyEssentials,SUP3,74.0,8,32.685579114891695,100.55371098302356,55.424943,18.575057,Reorder Soon,Reorder Soon,338.9242656653656
Lead Time +30%,2025-12-31,SKU0064,WH05,South,Foods & Refreshment,DailyEssentials,SUP3,94.0,8,30.70403428407144,95.31941889945605,52.396564000000005,41.603435999999995,Reorder Soon,Reorder Soon,330.70265616369335
Lead Time +30%,2025-12-31,SKU0065,WH01,North,Personal Care,GlowCare,SUP13,646.0,10,170.6099346864342,589.6209236974232,302.122931,343.877069,No Risk,No Action,0.0
Lead Time +30%,2025-12-31,SKU0065,WH02,South,Personal Care,GlowCare,SUP13,455.0,10,172.91299218507393,594.1217833938651,281.923882,173.076118,Reorder Soon,Reorder Soon,1102.0543127971578
Lead Time +30%,2025-12-31,SKU0065,WH03,South,Personal Care,GlowCare,SUP13,499.0,10,164.74169368430844,564.8515837941986,290.986448,208.013552,Reorder Soon,Reorder Soon,1074.098050458339
Lead Time +30%,2025-12-31,SKU0065,WH04,North,Personal Care,GlowCare,SUP13,566.0,10,167.11260352363465,577.3323837434149,273.75621,292.24379,Reorder Soon,Reorder Soon,1087.5834339845003
Lead Time +30%,2025-12-31,SKU0065,WH05,South,Personal Care,GlowCare,SUP13,956.0,10,169.78538403943136,586.378790632838,296.295123,659.704877,No Risk,No Action,0.0
Lead Time +30%,2025-12-31,SKU0066,WH01,North,Personal Care,GlowCare,SUP1,227.0,13,43.17434471342225,156.60291614199366,81.9903346,145.00966540000002,No Risk,No Action,0.0
Lead Time +30%,2025-12-31,SKU0066,WH02,South,Personal Care,GlowCare,SUP1,116.0,13,45.01122478057721,162.0112247805772,82.861924,33.138076,Reorder Soon,Reorder Soon,326.66442254897936
Lead Time +30%,2025-12-31,SKU0066,WH03,South,Personal Care,GlowCare,SUP1,367.0,13,42.48973714435313,153.7754514300674,80.1646414,286.8353586,No Risk,No Action,0.0
Lead Time +30%,2025-12-31,SKU0066,WH04,North,Personal Care,GlowCare,SUP1,172.0,13,43.04169858140556,155.04169858140557,88.508461,83.491539,No Risk,No Action,0.0
Lead Time +30%,2025-12-31,SKU0066,WH05,South,Personal Care,GlowCare,SUP1,158.0,13,42.29102982954375,153.71960125811518,96.660449,61.339551,No Risk,No Action,0.0
Lead Time +30%,2025-12-31,SKU0067,WH01,North,Home Care,DailyEssentials,SUP7,379.0,10,183.49234047941923,568.1077250948038,264.024001,114.975999,Reorder Soon,Reorder Soon,2432.290111972889
Lead Time +30%,2025-12-31,SKU0067,WH02,South,Home Care,DailyEssentials,SUP7,606.0,10,186.5474407403113,570.9430451359157,257.316506,348.683494,No Risk,No Action,0.0
Lead Time +30%,2025-12-31,SKU0067,WH03,South,Home Care,DailyEssentials,SUP7,326.0,10,184.4101401673757,566.3881621453977,269.2554,56.74459999999999,Reorder Soon,Reorder Soon,2423.9364864541308
Lead Time +30%,2025-12-31,SKU0067,WH04,North,Home Care,DailyEssentials,SUP7,367.0,10,186.26122455677773,576.5908948864482,273.533989,93.46601099999998,Reorder Soon,Reorder Soon,2450.291935412797
Lead Time +30%,2025-12-31,SKU0067,WH05,South,Home Care,DailyEssentials,SUP7,853.0,10,176.85627829493765,541.4716629103223,264.38471,588.61529,No Risk,No Action,0.0
Lead Time +30%,2025-12-31,SKU0068,WH01,North,Home Care,GlowCare,SUP9,25.0,11,9.493621964267597,23.999116469762104,11.10867831,13.89132169,No Risk,No Action,0.0
Lead Time +30%,2025-12-31,SKU0068,WH02,South,Home Care,GlowCare,SUP9,18.0,11,9.81506521804673,25.16671356969508,12.1889045,5.8110955,Reorder Soon,Reorder Soon,165.28022292780244
Lead Time +30%,2025-12-31,SKU0068,WH03,South,Home Care,GlowCare,SUP9,44.0,11,11.469052454053772,29.963557948559263,11.9501345,32.049865499999996,No Risk,No Action,0.0
Lead Time +30%,2025-12-31,SKU0068,WH04,North,Home Care,GlowCare,SUP9,33.0,11,9.568870914153695,24.43700278228556,14.3846353,18.6153647,No Risk,No Action,0.0
Lead Time +30%,2025-12-31,SKU0068,WH05,South,Home Care,GlowCare,SUP9,25.0,11,11.108924112934115,27.91112191513192,15.4228139,9.5771861,Reorder Soon,Reorder Soon,172.91251578592158
Lead Time +30%,2025-12-31,SKU0069,WH01,North,Home Care,SurfStyle,SUP8,0.0,11,99.120172941596,275.3619311833543,133.702265,-133.702265,Critical Stockout Risk,Reorder Now,562.314334923928
Lead Time +30%,2025-12-31,SKU0069,WH02,South,Home Care,SurfStyle,SUP8,251.0,11,93.29536848743324,258.6580058500706,122.3002155,128.69978450000002,Reorder Soon,Reorder Soon,544.682524541708
Lead Time +30%,2025-12-31,SKU0069,WH03,South,Home Care,SurfStyle,SUP8,244.0,11,98.29250014010807,271.02876387637184,134.061826,109.938174,Reorder Soon,Reorder Soon,556.6939575207471
Lead Time +30%,2025-12-31,SKU0069,WH04,North,Home Care,SurfStyle,SUP8,273.0,11,98.70237900885182,273.85622516269797,130.708469,142.291531,Reorder Soon,Reorder Soon,560.5761102552965
Lead Time +30%,2025-12-31,SKU0069,WH05,South,Home Care,SurfStyle,SUP8,272.0,11,101.71445530547192,280.37379596481253,138.609068,133.390932,Reorder Soon,Reorder Soon,566.1579499660729
Lead Time +30%,2025-12-31,SKU0070,WH01,North,Foods & Refreshment,GlowCare,SUP11,106.0,7,42.1590809448708,137.62061940640925,74.122512,31.877488,Reorder Soon,Reorder Soon,600.2246639579112
Lead Time +30%,2025-12-31,SKU0070,WH02,South,Foods & Refreshment,GlowCare,SUP11,162.0,7,43.50674372142009,142.27597449065087,75.473626,86.526374,No Risk,No Action,0.0
Lead Time +30%,2025-12-31,SKU0070,WH03,South,Foods & Refreshment,GlowCare,SUP11,119.0,7,42.67510555536176,139.5981824784387,74.74155400000001,44.25844599999999,Reorder Soon,Reorder Soon,604.8020004192234
Lead Time +30%,2025-12-31,SKU0070,WH04,North,Foods & Refreshment,GlowCare,SUP11,166.0,7,41.51785505620655,135.0563165946681,75.456429,90.543571,No Risk,No Action,0.0
Lead Time +30%,2025-12-31,SKU0070,WH05,South,Foods & Refreshment,GlowCare,SUP11,45.0,7,41.845577462193575,136.3840390006551,72.57833,-27.578329999999994,Critical Stockout Risk,Reorder Now,597.3156420005421
Lead Time +30%,2025-12-31,SKU0071,WH01,North,Personal Care,DailyEssentials,SUP13,54.0,10,53.89173094560629,177.0785441324195,80.571521,-26.571521000000004,Critical Stockout Risk,Reorder Now,457.356305739962
Lead Time +30%,2025-12-31,SKU0071,WH02,South,Personal Care,DailyEssentials,SUP13,346.0,10,54.26683293338227,181.95914062568997,78.725993,267.274007,No Risk,No Action,0.0
Lead Time +30%,2025-12-31,SKU0071,WH03,South,Personal Care,DailyEssentials,SUP13,338.0,10,51.390654317730906,169.9620828891595,79.010519,258.989481,No Risk,No Action,0.0
Lead Time +30%,2025-12-31,SKU0071,WH04,North,Personal Care,DailyEssentials,SUP13,182.0,10,50.94090524120779,170.171674471977,73.832157,108.167843,No Risk,No Action,0.0
Lead Time +30%,2025-12-31,SKU0071,WH05,South,Personal Care,DailyEssentials,SUP13,138.0,10,49.93882856664141,166.4223450501579,71.0583665,66.9416335,Reorder Soon,Reorder Soon,444.73857231203993
Lead Time +30%,2025-12-31,SKU0072,WH01,North,Home Care,SurfStyle,SUP6,15.0,13,26.21823010195724,126.21823010195723,88.29398499999999,-73.29398499999999,Critical Stockout Risk,Reorder Now,453.2638588382188
Lead Time +30%,2025-12-31,SKU0072,WH02,South,Home Care,SurfStyle,SUP6,132.0,13,24.420031337094297,121.13431705138002,72.8421616,59.1578384,No Risk,No Action,0.0
Lead Time +30%,2025-12-31,SKU0072,WH03,South,Home Care,SurfStyle,SUP6,124.0,13,25.238382881693507,126.09552573883637,72.053241,51.946759,Reorder Soon,Reorder Soon,455.2022733507951
Lead Time +30%,2025-12-31,SKU0072,WH04,North,Home Care,SurfStyle,SUP6,109.0,13,24.116532857471768,116.68796142890032,63.9357068,45.0642932,Reorder Soon,Reorder Soon,436.1035025776326
Lead Time +30%,2025-12-31,SKU0072,WH05,South,Home Care,SurfStyle,SUP6,125.0,13,25.61379487970625,128.04236630827768,75.3761793,49.623820699999996,Reorder Soon,Reorder Soon,458.7347601947127
Lead Time +30%,2025-12-31,SKU0073,WH01,North,Home Care,GlowCare,SUP13,349.0,10,104.87357034947192,357.62082309672473,176.866685,172.133315,Reorder Soon,Reorder Soon,362.46697694287855
Lead Time +30%,2025-12-31,SKU0073,WH02,South,Home Care,GlowCare,SUP13,341.0,10,105.41819946436188,360.8028148489773,167.149567,173.850433,Reorder Soon,Reorder Soon,377.3412763874388
Lead Time +30%,2025-12-31,SKU0073,WH03,South,Home Care,GlowCare,SUP13,0.0,10,105.7540210134323,362.89687815628946,187.505085,-187.505085,Critical Stockout Risk,Reorder Now,722.8968781562894
Lead Time +30%,2025-12-31,SKU0073,WH04,North,Home Care,GlowCare,SUP13,128.0,10,103.56412762297563,353.0146770735251,161.634418,-33.63441800000001,Critical Stockout Risk,Reorder Now,574.2454463042943
Lead Time +30%,2025-12-31,SKU0073,WH05,South,Home Care,GlowCare,SUP13,223.0,10,104.21208991507784,356.3000020029899,167.171293,55.82870700000001,Reorder Soon,Reorder Soon,486.2230789260668
Lead Time +30%,2025-12-31,SKU0074,WH01,North,Personal Care,SurfStyle,SUP5,196.0,8,71.18531550562645,228.98751330782426,114.748427,81.251573,Reorder Soon,Reorder Soon,410.1342436603277
Lead Time +30%,2025-12-31,SKU0074,WH02,South,Personal Care,SurfStyle,SUP5,196.0,8,64.15777082019746,207.10282576525242,103.072895,92.927105,Reorder Soon,Reorder Soon,390.3499030742021
Lead Time +30%,2025-12-31,SKU0074,WH03,South,Personal Care,SurfStyle,SUP5,284.0,8,68.09153291954577,218.33329116130403,106.491653,177.50834700000001,No Risk,No Action,0.0
Lead Time +30%,2025-12-31,SKU0074,WH04,North,Personal Care,SurfStyle,SUP5,403.0,8,69.83598390582652,223.50631357615617,116.738609,286.261391,No Risk,No Action,0.0
Lead Time +30%,2025-12-31,SKU0074,WH05,South,Personal Care,SurfStyle,SUP5,94.0,8,65.23739688878304,210.9077265591127,111.219079,-17.219078999999994,Critical Stockout Risk,Reorder Now,394.0533821934099
Lead Time +30%,2025-12-31,SKU0075,WH01,North,Home Care,FreshFoods,SUP15,95.0,8,22.093491088943964,59.01656801202088,21.7346245,73.2653755,No Risk,No Action,0.0
Lead Time +30%,2025-12-31,SKU0075,WH02,South,Home Care,FreshFoods,SUP15,46.0,8,20.46583319123344,54.66363538903563,26.7745154,19.2254846,Reorder Soon,Reorder Soon,213.16628765157856
Lead Time +30%,2025-12-31,SKU0075,WH03,South,Home Care,FreshFoods,SUP15,50.0,8,21.29312058181603,57.33707662577207,23.9200737,26.0799263,Reorder Soon,Reorder Soon,218.844506655995
Lead Time +30%,2025-12-31,SKU0075,WH04,North,Home Care,FreshFoods,SUP15,8.0,8,21.511894636218397,57.38002650435027,30.8091204,-22.8091204,Critical Stockout Risk,Reorder Now,218.3100870386108
Lead Time +30%,2025-12-31,SKU0075,WH05,South,Home Care,FreshFoods,SUP15,36.0,8,20.98366666679429,55.97267765580527,24.5376169,11.4623831,Reorder Soon,Reorder Soon,215.6181211060556
Lead Time +30%,2025-12-31,SKU0076,WH01,North,Foods & Refreshment,GlowCare,SUP8,176.0,11,91.23244209119628,252.8478267065809,119.301841,56.698159000000004,Reorder Soon,Reorder Soon,331.28875800665617
Lead Time +30%,2025-12-31,SKU0076,WH02,South,Foods & Refreshment,GlowCare,SUP8,180.0,11,84.21496015478169,234.58858652840806,118.593488,61.406512000000006,Reorder Soon,Reorder Soon,319.5590970025951
Lead Time +30%,2025-12-31,SKU0076,WH03,South,Foods & Refreshment,GlowCare,SUP8,423.0,11,88.7424039253189,246.48965667257164,98.978088,324.021912,No Risk,No Action,0.0
Lead Time +30%,2025-12-31,SKU0076,WH04,North,Foods & Refreshment,GlowCare,SUP8,283.0,11,85.79504908308529,238.58625787429406,93.688422,189.311578,No Risk,No Action,0.0
Lead Time +30%,2025-12-31,SKU0076,WH05,South,Foods & Refreshment,GlowCare,SUP8,0.0,11,85.81957776453767,238.73166567662554,132.803897,-132.803897,Critical Stockout Risk,Reorder Now,433.3470502920101
Lead Time +30%,2025-12-31,SKU0077,WH01,North,Personal Care,GlowCare,SUP12,225.0,11,56.99788200209944,168.4484314526489,73.946123,151.053877,No Risk,No Action,0.0
Lead Time +30%,2025-12-31,SKU0077,WH02,South,Personal Care,GlowCare,SUP12,120.0,11,56.89413610237717,169.4325976408387,85.2576485,34.7423515,Reorder Soon,Reorder Soon,433.80527716450285
Lead Time +30%,2025-12-31,SKU0077,WH03,South,Personal Care,GlowCare,SUP12,0.0,11,59.07771840141685,175.242553566252,83.202611,-83.202611,Critical Stockout Risk,Reorder Now,440.73920522087474
Lead Time +30%,2025-12-31,SKU0077,WH04,North,Personal Care,GlowCare,SUP12,375.0,11,53.75473498685854,163.87561410773768,75.753858,299.246142,No Risk,No Action,0.0
Lead Time +30%,2025-12-31,SKU0077,WH05,South,Personal Care,GlowCare,SUP12,29.0,11,54.56504498066652,162.75185816747972,81.68225050000001,-52.68225050000001,Critical Stockout Risk,Reorder Now,425.335378575804
Lead Time +30%,2025-12-31,SKU0078,WH01,North,Personal Care,SurfStyle,SUP14,119.0,15,54.29479160096781,189.7892970954733,102.479973,16.520027,Reorder Soon,Reorder Soon,375.2616028118332
Lead Time +30%,2025-12-31,SKU0078,WH02,South,Personal Care,SurfStyle,SUP14,185.0,15,59.15984697979221,204.70929752924278,111.7567605,73.2432395,Reorder Soon,Reorder Soon,388.936384022486
Lead Time +30%,2025-12-31,SKU0078,WH03,South,Personal Care,SurfStyle,SUP14,353.0,15,53.32091968081522,182.7165240764196,95.256837,257.743163,No Risk,No Action,0.0
Lead Time +30%,2025-12-31,SKU0078,WH04,North,Personal Care,SurfStyle,SUP14,398.0,15,54.706748756256346,188.5529026024102,106.276223,291.723777,No Risk,No Action,0.0
Lead Time +30%,2025-12-31,SKU0078,WH05,South,Personal Care,SurfStyle,SUP14,0.0,15,53.84393970263353,186.53624739494123,102.904111,-102.904111,Critical Stockout Risk,Reorder Now,371.3608871461917
Lead Time +30%,2025-12-31,SKU0079,WH01,North,Home Care,FreshFoods,SUP12,15.0,11,7.76401949306752,21.060722789770814,9.16397522,5.836024780000001,Reorder Soon,Reorder Soon,253.18805925202025
Lead Time +30%,2025-12-31,SKU0079,WH02,South,Home Care,FreshFoods,SUP12,12.0,11,7.89873448262624,20.59104217493393,8.561918499999999,3.438081500000001,Reorder Soon,Reorder Soon,247.3668659652092
Lead Time +30%,2025-12-31,SKU0079,WH03,South,Home Care,FreshFoods,SUP12,4.0,11,7.287691472335071,19.97999916464276,10.3271333,-6.3271333,Critical Stockout Risk,Reorder Now,247.3668659652092
Lead Time +30%,2025-12-31,SKU0079,WH04,North,Home Care,FreshFoods,SUP12,20.0,11,7.5067002951933315,19.957249745742782,10.88435146,9.11564854,No Risk,No Action,0.0
Lead Time +30%,2025-12-31,SKU0079,WH05,South,Home Care,FreshFoods,SUP12,17.0,11,6.176114768385621,16.329960922231777,8.37997426,8.62002574,No Risk,No Action,0.0
Lead Time +30%,2025-12-31,SKU0080,WH01,North,Personal Care,FreshFoods,SUP13,171.0,10,60.841044783929874,206.22566016854526,103.813428,67.186572,Reorder Soon,Reorder Soon,1159.0235136371066
Lead Time +30%,2025-12-31,SKU0080,WH02,South,Personal Care,FreshFoods,SUP13,105.0,10,61.79389105343807,204.21147347102047,96.859599,8.140400999999997,Reorder Soon,Reorder Soon,1147.1357787351244
Lead Time +30%,2025-12-31,SKU0080,WH03,South,Personal Care,FreshFoods,SUP13,34.0,10,59.62181354079926,203.2481871671729,104.298292,-70.298292,Critical Stockout Risk,Reorder Now,1151.9937383199904
Lead Time +30%,2025-12-31,SKU0080,WH04,North,Personal Care,FreshFoods,SUP13,197.0,10,64.8052301029133,215.90413120181438,115.450185,81.549815,Reorder Soon,Reorder Soon,1181.5814759373245
Lead Time +30%,2025-12-31,SKU0080,WH05,South,Personal Care,FreshFoods,SUP13,143.0,10,60.55961638167913,203.41675923882198,104.2947635,38.7052365,Reorder Soon,Reorder Soon,1148.904686152446
Safety Stock +20%,2025-12-31,SKU0001,WH01,North,Home Care,SurfStyle,SUP5,259.0,6,64.76735123301707,179.75636222202803,117.111809,141.888191,No Risk,No Action,0.0
Safety Stock +20%,2025-12-31,SKU0001,WH02,South,Home Care,SurfStyle,SUP5,13.0,6,67.47627294190306,186.8169322825624,112.715714,-99.715714,Critical Stockout Risk,Reorder Now,1269.821309648881
Safety Stock +20%,2025-12-31,SKU0001,WH03,South,Home Care,SurfStyle,SUP5,310.0,6,66.00823021176555,180.33790054143586,99.890128,210.109872,No Risk,No Action,0.0
Safety Stock +20%,2025-12-31,SKU0001,WH04,North,Home Care,SurfStyle,SUP5,435.0,6,68.97073326777094,184.48721678425443,106.171905,328.828095,No Risk,No Action,0.0
Safety Stock +20%,2025-12-31,SKU0001,WH05,South,Home Care,SurfStyle,SUP5,219.0,6,70.37354618453521,191.2306890416781,111.137458,107.862542,No Risk,No Action,0.0
Safety Stock +20%,2025-12-31,SKU0002,WH01,North,Personal Care,DailyEssentials,SUP13,54.0,7,17.257833876015756,46.87321849140037,26.4209542,27.5790458,No Risk,No Action,0.0
Safety Stock +20%,2025-12-31,SKU0002,WH02,South,Personal Care,DailyEssentials,SUP13,50.0,7,18.20543883340755,48.051592679561395,23.4944794,26.5055206,No Risk,No Action,0.0
Safety Stock +20%,2025-12-31,SKU0002,WH03,South,Personal Care,DailyEssentials,SUP13,77.0,7,20.650703437360846,53.34301112966854,32.7724916,44.2275084,No Risk,No Action,0.0
Safety Stock +20%,2025-12-31,SKU0002,WH04,North,Personal Care,DailyEssentials,SUP13,4.0,7,18.502396924637793,48.57932000156087,27.5204021,-23.5204021,Critical Stockout Risk,Reorder Now,169.8040993538272
Safety Stock +20%,2025-12-31,SKU0002,WH05,South,Personal Care,DailyEssentials,SUP13,94.0,7,18.94905508223118,49.94905508223118,28.7051105,65.2948895,No Risk,No Action,0.0
Safety Stock +20%,2025-12-31,SKU0003,WH01,North,Personal Care,FreshFoods,SUP4,167.0,5,238.99334494139836,462.619718567772,234.792664,-67.792664,Critical Stockout Risk,Reorder Now,1697.6919115043993
Safety Stock +20%,2025-12-31,SKU0003,WH02,South,Personal Care,FreshFoods,SUP4,745.0,5,233.9159538154999,451.3884812880274,215.219445,529.780555,No Risk,No Action,0.0
Safety Stock +20%,2025-12-31,SKU0003,WH03,South,Personal Care,FreshFoods,SUP4,1077.0,5,245.59340014590245,473.17581772832,214.145105,862.8548949999999,No Risk,No Action,0.0
Safety Stock +20%,2025-12-31,SKU0003,WH04,North,Personal Care,FreshFoods,SUP4,138.0,5,232.24802484540504,447.08318968056983,212.68142,-74.68142,Critical Stockout Risk,Reorder Now,1663.98747730054
Safety Stock +20%,2025-12-31,SKU0003,WH05,South,Personal Care,FreshFoods,SUP4,0.0,5,224.82084985387323,433.9417289747524,208.943503,-208.943503,Critical Stockout Risk,Reorder Now,1641.7085759840647
Safety Stock +20%,2025-12-31,SKU0004,WH01,North,Home Care,GlowCare,SUP12,499.0,8,503.58733419528323,1144.2906308985798,622.347904,-123.34790399999997,Critical Stockout Risk,Reorder Now,2940.808012243158
Safety Stock +20%,2025-12-31,SKU0004,WH02,South,Home Care,GlowCare,SUP12,407.0,8,519.2513573356097,1171.2074012916537,624.96431,-217.96430999999995,Critical Stockout Risk,Reorder Now,2966.520484119045
Safety Stock +20%,2025-12-31,SKU0004,WH03,South,Home Care,GlowCare,SUP12,827.0,8,504.0862756532502,1147.3390229059974,717.177884,109.82211600000005,Reorder Soon,Reorder Soon,2946.653152334336
Safety Stock +20%,2025-12-31,SKU0004,WH04,North,Home Care,GlowCare,SUP12,1549.0,8,499.23682497612623,1136.951110690412,650.679122,898.320878,No Risk,No Action,0.0
Safety Stock +20%,2025-12-31,SKU0004,WH05,South,Home Care,GlowCare,SUP12,991.0,8,516.6215068591814,1173.6764519141266,691.82129,299.17871,Reorder Soon,Reorder Soon,2978.098361920666
Safety Stock +20%,2025-12-31,SKU0005,WH01,North,Personal Care,GlowCare,SUP7,566.0,7,97.34735940982021,233.0396671021279,122.846707,443.153293,No Risk,No Action,0.0
Safety Stock +20%,2025-12-31,SKU0005,WH02,South,Personal Care,GlowCare,SUP7,521.0,7,103.80198640000421,247.34044793846576,127.714357,393.285643,No Risk,No Action,0.0
Safety Stock +20%,2025-12-31,SKU0005,WH03,South,Personal Care,GlowCare,SUP7,225.0,7,103.82252270960173,248.2840611711402,128.02702,96.97298,Reorder Soon,Reorder Soon,451.5416573406529
Safety Stock +20%,2025-12-31,SKU0005,WH04,North,Personal Care,GlowCare,SUP7,245.0,7,104.12169571859457,247.6601572570561,134.193369,110.80663100000001,Reorder Soon,Reorder Soon,450.0967203321867
Safety Stock +20%,2025-12-31,SKU0005,WH05,South,Personal Care,GlowCare,SUP7,401.0,7,99.52389665022714,237.67774280407332,115.713127,285.286873,No Risk,No Action,0.0
Safety Stock +20%,2025-12-31,SKU0006,WH01,North,Personal Care,DailyEssentials,SUP4,5.0,5,4.926427223521885,8.113240410335072,6.0110943,-1.0110943,Critical Stockout Risk,Reorder Now,143.66595219946964
Safety Stock +20%,2025-12-31,SKU0006,WH02,South,Personal Care,DailyEssentials,SUP4,19.0,5,5.308831802187377,8.880260373615949,6.18695724,12.81304276,No Risk,No Action,0.0
Safety Stock +20%,2025-12-31,SKU0006,WH03,South,Personal Care,DailyEssentials,SUP4,19.0,5,5.276738164354028,8.793221680837545,6.3747678,12.6252322,No Risk,No Action,0.0
Safety Stock +20%,2025-12-31,SKU0006,WH04,North,Personal Care,DailyEssentials,SUP4,3.0,5,4.2336401354970725,7.145728047584985,6.1191627,-3.1191627000000004,Critical Stockout Risk,Reorder Now,137.3339127651988
Safety Stock +20%,2025-12-31,SKU0006,WH05,South,Personal Care,DailyEssentials,SUP4,14.0,5,4.416540882644766,7.328628794732678,6.0358044,7.9641956,No Risk,No Action,0.0
Safety Stock +20%,2025-12-31,SKU0007,WH01,North,Home Care,SurfStyle,SUP6,226.0,10,51.8347386227505,184.2523210403329,142.0834665,83.91653350000001,No Risk,No Action,0.0
Safety Stock +20%,2025-12-31,SKU0007,WH02,South,Home Care,SurfStyle,SUP6,74.0,10,62.01672804392318,213.22551925271438,149.738739,-75.73873900000001,Critical Stockout Risk,Reorder Now,488.36223013744353
Safety Stock +20%,2025-12-31,SKU0007,WH03,South,Home Care,SurfStyle,SUP6,20.0,10,55.46079193418536,194.03222050561394,136.723055,-116.72305499999999,Critical Stockout Risk,Reorder Now,467.5094507867445
Safety Stock +20%,2025-12-31,SKU0007,WH04,North,Home Care,SurfStyle,SUP6,258.0,10,58.45618095741078,208.12651062774046,169.00227,88.99772999999999,No Risk,No Action,0.0
Safety Stock +20%,2025-12-31,SKU0007,WH05,South,Home Care,SurfStyle,SUP6,29.0,10,55.98204429722447,199.16885748403766,133.83823,-104.83823000000001,Critical Stockout Risk,Reorder Now,475.2313246209383
Safety Stock +20%,2025-12-31,SKU0008,WH01,North,Home Care,FreshFoods,SUP8,576.0,8,209.25922056359238,435.3691106734825,230.84263,345.15737,No Risk,No Action,0.0
Safety Stock +20%,2025-12-31,SKU0008,WH02,South,Home Care,FreshFoods,SUP8,284.0,8,213.95377137734252,445.6021230256942,222.664567,61.335432999999995,Reorder Soon,Reorder Soon,584.2239050325663
Safety Stock +20%,2025-12-31,SKU0008,WH03,South,Home Care,FreshFoods,SUP8,171.0,8,197.99247848359505,412.93753342865,223.673647,-52.67364699999999,Critical Stockout Risk,Reorder Now,618.0913795824962
Safety Stock +20%,2025-12-31,SKU0008,WH04,North,Home Care,FreshFoods,SUP8,499.0,8,204.83241562805864,426.8983496939927,218.97848,280.02152,No Risk,No Action,0.0
Safety Stock +20%,2025-12-31,SKU0008,WH05,South,Home Care,FreshFoods,SUP8,821.0,8,207.3307147252541,432.38565978019915,227.208783,593.791217,No Risk,No Action,0.0
Safety Stock +20%,2025-12-31,SKU0009,WH01,North,Personal Care,SurfStyle,SUP12,339.0,8,217.93933608260554,493.367907511177,268.350266,70.64973400000002,Reorder Soon,Reorder Soon,636.367907511177
Safety Stock +20%,2025-12-31,SKU0009,WH02,South,Personal Care,SurfStyle,SUP12,745.0,8,233.7002632286526,529.4365269649163,291.317995,453.682005,No Risk,No Action,0.0
Safety Stock +20%,2025-12-31,SKU0009,WH03,South,Personal Care,SurfStyle,SUP12,1425.0,8,232.9256062196422,527.3431886372246,297.006643,1127.993357,No Risk,No Action,0.0
Safety Stock +20%,2025-12-31,SKU0009,WH04,North,Personal Care,SurfStyle,SUP12,308.0,8,237.84108150066345,537.5333891929711,283.542158,24.457842000000028,Reorder Soon,Reorder Soon,753.9949276545094
Safety Stock +20%,2025-12-31,SKU0009,WH05,South,Personal Care,SurfStyle,SUP12,0.0,8,230.71182182093244,519.9425910517017,260.603433,-260.603433,Critical Stockout Risk,Reorder Now,1026.0964372055478
Safety Stock +20%,2025-12-31,SKU0010,WH01,North,Home Care,SurfStyle,SUP10,51.0,9,34.317601998202946,98.30661298721392,60.4309292,-9.430929200000001,Critical Stockout Risk,Reorder Now,252.07909920969712
Safety Stock +20%,2025-12-31,SKU0010,WH02,South,Home Care,SurfStyle,SUP10,107.0,9,34.04076189631066,97.04076189631067,64.1459237,42.8540763,No Risk,No Action,0.0
Safety Stock +20%,2025-12-31,SKU0010,WH03,South,Home Care,SurfStyle,SUP10,88.0,9,34.14394878133924,97.44065207804255,50.7617779,37.2382221,Reorder Soon,Reorder Soon,250.7117480207257
Safety Stock +20%,2025-12-31,SKU0010,WH04,North,Home Care,SurfStyle,SUP10,179.0,9,35.39740248364193,100.7710288572683,71.29357379999999,107.70642620000001,No Risk,No Action,0.0
Safety Stock +20%,2025-12-31,SKU0010,WH05,South,Home Care,SurfStyle,SUP10,122.0,9,34.33784476946387,97.83235026396936,62.1174093,59.8825907,No Risk,No Action,0.0
Safety Stock +20%,2025-12-31,SKU0011,WH01,North,Home Care,FreshFoods,SUP14,0.0,11,173.82803054494744,408.5752832922002,254.542094,-254.542094,Critical Stockout Risk,Reorder Now,707.3445140614309
Safety Stock +20%,2025-12-31,SKU0011,WH02,South,Home Care,FreshFoods,SUP14,0.0,11,166.95658122796354,392.15438342576573,225.119125,-225.119125,Critical Stockout Risk,Reorder Now,678.7697680411503
Safety Stock +20%,2025-12-31,SKU0011,WH03,South,Home Care,FreshFoods,SUP14,334.0,11,173.1758012191672,407.8021748455408,254.653505,79.346495,Reorder Soon,Reorder Soon,431.861174093327
Safety Stock +20%,2025-12-31,SKU0011,WH04,North,Home Care,FreshFoods,SUP14,0.0,11,169.38820102549022,400.50908014636934,224.139851,-224.139851,Critical Stockout Risk,Reorder Now,694.6629263002155
Safety Stock +20%,2025-12-31,SKU0011,WH05,South,Home Care,FreshFoods,SUP14,355.0,11,179.47748191233168,423.77418520903495,252.360781,102.639219,Reorder Soon,Reorder Soon,440.67108027674834
Safety Stock +20%,2025-12-31,SKU0012,WH01,North,Home Care,DailyEssentials,SUP14,142.0,11,53.947099209553414,159.4745717370259,111.229583,30.770416999999995,Reorder Soon,Reorder Soon,549.9761716529432
Safety Stock +20%,2025-12-31,SKU0012,WH02,South,Home Care,DailyEssentials,SUP14,325.0,11,56.16518932718485,161.2091453711409,103.372742,221.62725799999998,No Risk,No Action,0.0
Safety Stock +20%,2025-12-31,SKU0012,WH03,South,Home Care,DailyEssentials,SUP14,53.0,11,52.703428287433205,152.7913403753453,105.838112,-52.838111999999995,Critical Stockout Risk,Reorder Now,535.6139999509431
Safety Stock +20%,2025-12-31,SKU0012,WH04,North,Home Care,DailyEssentials,SUP14,157.0,11,54.78601995320744,159.58821775540525,115.2068885,41.793111499999995,Reorder Soon,Reorder Soon,548.0829606245911
Safety Stock +20%,2025-12-31,SKU0012,WH05,South,Home Care,DailyEssentials,SUP14,354.0,11,56.48388237948126,165.15421204981095,114.3924845,239.6075155,No Risk,No Action,0.0
Safety Stock +20%,2025-12-31,SKU0013,WH01,North,Personal Care,FreshFoods,SUP12,21.0,8,51.67420949656583,107.32256114491747,59.8735872,-38.8735872,Critical Stockout Risk,Reorder Now,572.6703612726548
Safety Stock +20%,2025-12-31,SKU0013,WH02,South,Personal Care,FreshFoods,SUP12,92.0,8,52.27734829290447,107.31031532587151,59.9878175,32.0121825,Reorder Soon,Reorder Soon,569.4951347982592
Safety Stock +20%,2025-12-31,SKU0013,WH03,South,Personal Care,FreshFoods,SUP12,81.0,8,52.91994290972968,108.8320308218176,49.1069257,31.893074300000002,Reorder Soon,Reorder Soon,574.0257959764609
Safety Stock +20%,2025-12-31,SKU0013,WH04,North,Personal Care,FreshFoods,SUP12,158.0,8,55.78550957803447,114.15913595166083,62.8492065,95.15079349999999,No Risk,No Action,0.0
Safety Stock +20%,2025-12-31,SKU0013,WH05,South,Personal Care,FreshFoods,SUP12,213.0,8,53.835134190018046,110.45051880540265,51.8851824,161.1148176,No Risk,No Action,0.0
Safety Stock +20%,2025-12-31,SKU0014,WH01,North,Personal Care,DailyEssentials,SUP10,27.0,9,18.748780243890327,50.00152749663758,30.8028449,-3.8028449,Critical Stockout Risk,Reorder Now,143.4279240771751
Safety Stock +20%,2025-12-31,SKU0014,WH02,South,Personal Care,DailyEssentials,SUP10,68.0,9,19.340057294744526,52.86752982221705,30.1126649,37.8873351,No Risk,No Action,0.0
Safety Stock +20%,2025-12-31,SKU0014,WH03,South,Personal Care,DailyEssentials,SUP10,42.0,9,20.010023437910416,54.52650695439394,31.006685,10.993314999999999,Reorder Soon,Reorder Soon,150.7311056486007
Safety Stock +20%,2025-12-31,SKU0014,WH04,North,Personal Care,DailyEssentials,SUP10,47.0,9,21.045948020815022,58.03495900982601,28.6421818,18.3578182,Reorder Soon,Reorder Soon,156.03641815155223
Safety Stock +20%,2025-12-31,SKU0014,WH05,South,Personal Care,DailyEssentials,SUP10,73.0,9,18.62064315865017,50.56569810370512,28.7480999,44.2519001,No Risk,No Action,0.0
Safety Stock +20%,2025-12-31,SKU0015,WH01,North,Personal Care,FreshFoods,SUP5,8.0,6,17.27055301337268,36.589234332054005,18.6886312,-10.6886312,Critical Stockout Risk,Reorder Now,289.4280254832235
Safety Stock +20%,2025-12-31,SKU0015,WH02,South,Personal Care,FreshFoods,SUP5,58.0,6,15.7475862023241,32.29703675177465,16.5689484,41.4310516,No Risk,No Action,0.0
Safety Stock +20%,2025-12-31,SKU0015,WH03,South,Personal Care,FreshFoods,SUP5,54.0,6,16.488564643482363,33.43361958853731,16.4265084,37.5734916,No Risk,No Action,0.0
Safety Stock +20%,2025-12-31,SKU0015,WH04,North,Personal Care,FreshFoods,SUP5,31.0,6,15.11833485354624,31.601851337062726,16.0259751,14.9740249,Reorder Soon,Reorder Soon,267.3478993035958
Safety Stock +20%,2025-12-31,SKU0015,WH05,South,Personal Care,FreshFoods,SUP5,4.0,6,17.032238541684798,35.55971106915733,16.721062500000002,-12.721062500000002,Critical Stockout Risk,Reorder Now,283.4392117730701
Safety Stock +20%,2025-12-31,SKU0016,WH01,North,Personal Care,DailyEssentials,SUP7,835.0,7,319.65961556145595,716.1211540229945,400.417984,434.582016,No Risk,No Action,0.0
Safety Stock +20%,2025-12-31,SKU0016,WH02,South,Personal Care,DailyEssentials,SUP7,277.0,7,332.4074831667907,741.7920985514061,407.7437,-130.7437,Critical Stockout Risk,Reorder Now,2294.5316781231686
Safety Stock +20%,2025-12-31,SKU0016,WH03,South,Personal Care,DailyEssentials,SUP7,844.0,7,336.34225138956054,752.0345590818683,401.985795,442.014205,No Risk,No Action,0.0
Safety Stock +20%,2025-12-31,SKU0016,WH04,North,Personal Care,DailyEssentials,SUP7,852.0,7,324.7331591982291,724.8870053520752,440.503471,411.496529,No Risk,No Action,0.0
Safety Stock +20%,2025-12-31,SKU0016,WH05,South,Personal Care,DailyEssentials,SUP7,855.0,7,313.7918540306884,701.0995463383807,406.619534,448.380466,No Risk,No Action,0.0
Safety Stock +20%,2025-12-31,SKU0017,WH01,North,Personal Care,FreshFoods,SUP2,9.0,8,41.9979751943406,111.7122609086263,63.8039743,-54.8039743,Critical Stockout Risk,Reorder Now,483.3089232666823
Safety Stock +20%,2025-12-31,SKU0017,WH02,South,Personal Care,FreshFoods,SUP2,52.0,8,46.34529136260029,125.99364301095194,74.131933,-22.131933000000004,Critical Stockout Risk,Reorder Now,516.5975220964924
Safety Stock +20%,2025-12-31,SKU0017,WH03,South,Personal Care,FreshFoods,SUP2,257.0,8,44.93430375400243,118.51672133641999,66.8529925,190.1470075,No Risk,No Action,0.0
Safety Stock +20%,2025-12-31,SKU0017,WH04,North,Personal Care,FreshFoods,SUP2,94.0,8,43.717111827089134,115.80502391500124,70.7740525,23.225947500000004,Reorder Soon,Reorder Soon,491.46788723017465
Safety Stock +20%,2025-12-31,SKU0017,WH05,South,Personal Care,FreshFoods,SUP2,60.0,8,45.84333782546163,121.53564551776932,77.030073,-17.030073,Critical Stockout Risk,Reorder Now,503.6047243497784
Safety Stock +20%,2025-12-31,SKU0018,WH01,North,Personal Care,SurfStyle,SUP6,29.0,10,107.56855500404416,300.0960275315166,199.345188,-170.345188,Critical Stockout Risk,Reorder Now,540.6344890699781
Safety Stock +20%,2025-12-31,SKU0018,WH02,South,Personal Care,SurfStyle,SUP6,503.0,10,114.76036433256147,319.1559687281659,199.650671,303.349329,No Risk,No Action,0.0
Safety Stock +20%,2025-12-31,SKU0018,WH03,South,Personal Care,SurfStyle,SUP6,335.0,10,104.928496657987,295.1482768777673,201.05223,133.94777,No Risk,No Action,0.0
Safety Stock +20%,2025-12-31,SKU0018,WH04,North,Personal Care,SurfStyle,SUP6,242.0,10,110.17847341368936,307.7608909961069,195.84775,46.15225000000001,Reorder Soon,Reorder Soon,423.1953056216117
Safety Stock +20%,2025-12-31,SKU0018,WH05,South,Personal Care,SurfStyle,SUP6,499.0,10,107.26219691968,304.29516395264704,199.480133,299.519867,No Risk,No Action,0.0
Safety Stock +20%,2025-12-31,SKU0019,WH01,North,Home Care,DailyEssentials,SUP14,154.0,11,171.71711507661408,437.53030188980085,248.429892,-94.429892,Critical Stockout Risk,Reorder Now,621.8379941974931
Safety Stock +20%,2025-12-31,SKU0019,WH02,South,Home Care,DailyEssentials,SUP14,585.0,11,178.98685868130448,456.4044410988869,283.983504,301.016496,No Risk,No Action,0.0
Safety Stock +20%,2025-12-31,SKU0019,WH03,South,Home Care,DailyEssentials,SUP14,243.0,11,165.38111323220724,418.9855088366028,234.774361,8.225639000000001,Reorder Soon,Reorder Soon,599.6039837547439
Safety Stock +20%,2025-12-31,SKU0019,WH04,North,Home Care,DailyEssentials,SUP14,1093.0,11,174.7589472130966,442.02268347683287,268.122895,824.877105,No Risk,No Action,0.0
Safety Stock +20%,2025-12-31,SKU0019,WH05,South,Home Care,DailyEssentials,SUP14,520.0,11,172.37183618583535,440.23996805396723,280.98833,239.01166999999998,No Risk,No Action,0.0
Safety Stock +20%,2025-12-31,SKU0020,WH01,North,Home Care,GlowCare,SUP7,153.0,7,73.27060683736605,174.96291452967375,101.102242,51.897757999999996,Reorder Soon,Reorder Soon,428.7286373587704
Safety Stock +20%,2025-12-31,SKU0020,WH02,South,Home Care,GlowCare,SUP7,162.0,7,73.4136538632918,173.33673078636872,88.0670605,73.9329395,Reorder Soon,Reorder Soon,424.9827882912128
Safety Stock +20%,2025-12-31,SKU0020,WH03,South,Home Care,GlowCare,SUP7,7.0,7,74.80718579827584,177.65333964442968,100.738698,-93.738698,Critical Stockout Risk,Reorder Now,431.154049717565
Safety Stock +20%,2025-12-31,SKU0020,WH04,North,Home Care,GlowCare,SUP7,154.0,7,74.11893957790383,175.42663188559612,88.306952,65.693048,Reorder Soon,Reorder Soon,427.9171116692951
Safety Stock +20%,2025-12-31,SKU0020,WH05,South,Home Care,GlowCare,SUP7,190.0,7,76.88494503701533,182.8849450370153,104.701681,85.298319,No Risk,No Action,0.0
Safety Stock +20%,2025-12-31,SKU0021,WH01,North,Personal Care,FreshFoods,SUP2,87.0,8,20.432232369089036,55.948715885572554,40.2360218,46.7639782,No Risk,No Action,0.0
Safety Stock +20%,2025-12-31,SKU0021,WH02,South,Personal Care,FreshFoods,SUP2,25.0,8,21.47726488166233,54.79594620034365,23.5693796,1.4306203999999987,Reorder Soon,Reorder Soon,213.6708658693748
Safety Stock +20%,2025-12-31,SKU0021,WH03,South,Personal Care,FreshFoods,SUP2,51.0,8,18.952484181551707,51.128308357375886,30.7298604,20.2701396,Reorder Soon,Reorder Soon,209.97435102329493
Safety Stock +20%,2025-12-31,SKU0021,WH04,North,Personal Care,FreshFoods,SUP2,59.0,8,19.05930448589072,52.02633745292368,29.863266,29.136734,No Risk,No Action,0.0
Safety Stock +20%,2025-12-31,SKU0021,WH05,South,Personal Care,FreshFoods,SUP2,0.0,8,19.63065581144976,52.33395251474646,35.1434734,-35.1434734,Critical Stockout Risk,Reorder Now,211.68845579907992
Safety Stock +20%,2025-12-31,SKU0022,WH01,North,Personal Care,GlowCare,SUP10,23.0,9,26.37120646193023,75.62395371467748,46.0725416,-23.0725416,Critical Stockout Risk,Reorder Now,146.95137282318638
Safety Stock +20%,2025-12-31,SKU0022,WH02,South,Personal Care,GlowCare,SUP10,111.0,9,26.404478834117704,74.47041290005177,50.7087182,60.2912818,No Risk,No Action,0.0
Safety Stock +20%,2025-12-31,SKU0022,WH03,South,Personal Care,GlowCare,SUP10,9.0,9,26.374708388018753,74.63844465175501,45.2672217,-36.2672217,Critical Stockout Risk,Reorder Now,145.4684754185271
Safety Stock +20%,2025-12-31,SKU0022,WH04,North,Personal Care,GlowCare,SUP10,40.0,9,26.360151234007244,75.118392992249,50.7398551,-10.7398551,Critical Stockout Risk,Reorder Now,146.21180409804424
Safety Stock +20%,2025-12-31,SKU0022,WH05,South,Personal Care,GlowCare,SUP10,63.0,9,24.971994659887248,71.25770894560154,43.5199707,19.480029299999998,Reorder Soon,Reorder Soon,142.45637954312062
Safety Stock +20%,2025-12-31,SKU0023,WH01,North,Personal Care,SurfStyle,SUP15,101.0,6,50.0793881797506,104.14532224568467,56.405747000000005,44.594252999999995,Reorder Soon,Reorder Soon,464.30599001069976
Safety Stock +20%,2025-12-31,SKU0023,WH02,South,Personal Care,SurfStyle,SUP15,0.0,6,52.86507990460729,109.23870627823368,57.31574,-57.31574,Critical Stockout Risk,Reorder Now,474.111421461812
Safety Stock +20%,2025-12-31,SKU0023,WH03,South,Personal Care,SurfStyle,SUP15,135.0,6,52.49446330155006,108.5384193455061,55.053269,79.946731,No Risk,No Action,0.0
Safety Stock +20%,2025-12-31,SKU0023,WH04,North,Personal Care,SurfStyle,SUP15,230.0,6,51.651309153761375,107.95900146145368,60.548918,169.45108199999999,No Risk,No Action,0.0
Safety Stock +20%,2025-12-31,SKU0023,WH05,South,Personal Care,SurfStyle,SUP15,223.0,6,49.738798172337674,103.01352344706295,53.28687,169.71313,No Risk,No Action,0.0
Safety Stock +20%,2025-12-31,SKU0024,WH01,North,Personal Care,DailyEssentials,SUP14,604.0,11,175.22853526841928,443.0966671365511,270.977666,333.022334,No Risk,No Action,0.0
Safety Stock +20%,2025-12-31,SKU0024,WH02,South,Personal Care,DailyEssentials,SUP14,497.0,11,178.4910577230394,450.34820058018227,276.561898,220.43810200000001,No Risk,No Action,0.0
Safety Stock +20%,2025-12-31,SKU0024,WH03,South,Personal Care,DailyEssentials,SUP14,511.0,11,173.30866966935986,434.407570768261,234.264675,276.735325,No Risk,No Action,0.0
Safety Stock +20%,2025-12-31,SKU0024,WH04,North,Personal Care,DailyEssentials,SUP14,0.0,11,179.2671861954798,457.65180158009514,269.883911,-269.883911,Critical Stockout Risk,Reorder Now,811.9594938877874
Safety Stock +20%,2025-12-31,SKU0024,WH05,South,Personal Care,DailyEssentials,SUP14,420.0,11,181.83345182098768,464.3279573154931,278.56622,141.43378,Reorder Soon,Reorder Soon,714.2674450218785
Safety Stock +20%,2025-12-31,SKU0025,WH01,North,Personal Care,DailyEssentials,SUP5,119.0,6,105.74547907587743,233.06416039455874,125.91346,-6.913460000000001,Critical Stockout Risk,Reorder Now,549.6742999535295
Safety Stock +20%,2025-12-31,SKU0025,WH02,South,Personal Care,DailyEssentials,SUP5,296.0,6,107.12461190999086,237.80593059130956,116.543479,179.456521,No Risk,No Action,0.0
Safety Stock +20%,2025-12-31,SKU0025,WH03,South,Personal Care,DailyEssentials,SUP5,278.0,6,108.78446987351943,240.58666767571725,124.743089,153.256911,No Risk,No Action,0.0
Safety Stock +20%,2025-12-31,SKU0025,WH04,North,Personal Care,DailyEssentials,SUP5,35.0,6,107.15025464431675,237.37003486409697,134.494711,-99.494711,Critical Stockout Risk,Reorder Now,555.9014989356825
Safety Stock +20%,2025-12-31,SKU0025,WH05,South,Personal Care,DailyEssentials,SUP5,292.0,6,111.52765518999968,244.64853431087877,129.15919300000002,162.84080699999998,No Risk,No Action,0.0
Safety Stock +20%,2025-12-31,SKU0026,WH01,North,Personal Care,FreshFoods,SUP7,519.0,7,219.69555377617723,530.0032460838695,317.258154,201.741846,Reorder Soon,Reorder Soon,770.6973126807117
Safety Stock +20%,2025-12-31,SKU0026,WH02,South,Personal Care,FreshFoods,SUP7,176.0,7,212.8706857965666,513.255301181182,299.682907,-123.682907,Critical Stockout Risk,Reorder Now,938.0245319504129
Safety Stock +20%,2025-12-31,SKU0026,WH03,South,Personal Care,FreshFoods,SUP7,430.0,7,213.7444649333921,519.1290803180075,286.51394500000004,143.48605499999996,Reorder Soon,Reorder Soon,764.5592572672509
Safety Stock +20%,2025-12-31,SKU0026,WH04,North,Personal Care,FreshFoods,SUP7,1074.0,7,223.2235016556547,539.1465785787316,304.742066,769.257934,No Risk,No Action,0.0
Safety Stock +20%,2025-12-31,SKU0026,WH05,South,Personal Care,FreshFoods,SUP7,137.0,7,215.6472064443211,523.2625910597058,317.90947,-180.90947,Critical Stockout Risk,Reorder Now,1001.4933602904748
Safety Stock +20%,2025-12-31,SKU0027,WH01,North,Personal Care,GlowCare,SUP8,310.0,8,123.31239884877365,255.1805307169055,123.6093815,186.39061850000002,No Risk,No Action,0.0
Safety Stock +20%,2025-12-31,SKU0027,WH02,South,Personal Care,GlowCare,SUP8,134.0,8,124.27221668570246,258.60188701537277,125.356647,8.643353000000005,Reorder Soon,Reorder Soon,647.4396255659343
Safety Stock +20%,2025-12-31,SKU0027,WH03,South,Personal Care,GlowCare,SUP8,239.0,8,123.97862265502661,256.11049078689473,129.427587,109.57241300000001,Reorder Soon,Reorder Soon,642.1213194033203
Safety Stock +20%,2025-12-31,SKU0027,WH04,North,Personal Care,GlowCare,SUP8,237.0,8,117.30065793188074,243.36659199781482,127.437648,109.562352,Reorder Soon,Reorder Soon,627.2088458010929
Safety Stock +20%,2025-12-31,SKU0027,WH05,South,Personal Care,GlowCare,SUP8,240.0,8,116.85196850312614,242.2146058657635,116.577058,123.422942,Reorder Soon,Reorder Soon,625.4568623626383
Safety Stock +20%,2025-12-31,SKU0028,WH01,North,Home Care,DailyEssentials,SUP4,83.0,5,41.6277714373434,79.10029890987087,36.8475737,46.1524263,No Risk,No Action,0.0
Safety Stock +20%,2025-12-31,SKU0028,WH02,South,Home Care,DailyEssentials,SUP4,33.0,5,42.488343841289094,81.05977241271766,39.0234375,-6.0234375,Critical Stockout Risk,Reorder Now,862.4434901164859
Safety Stock +20%,2025-12-31,SKU0028,WH03,South,Home Care,DailyEssentials,SUP4,0.0,5,41.42809455519629,78.51600664310837,40.9639445,-40.9639445,Critical Stockout Risk,Reorder Now,845.6954202836592
Safety Stock +20%,2025-12-31,SKU0028,WH04,North,Home Care,DailyEssentials,SUP4,80.0,5,42.36851327093221,80.5553264577454,42.043363,37.956637,Reorder Soon,Reorder Soon,858.1327852034407
Safety Stock +20%,2025-12-31,SKU0028,WH05,South,Home Care,DailyEssentials,SUP4,41.0,5,40.106263419922726,76.58977990343921,38.5508419,2.4491580999999982,Reorder Soon,Reorder Soon,838.7762637646658
Safety Stock +20%,2025-12-31,SKU0029,WH01,North,Home Care,FreshFoods,SUP5,68.0,6,43.17656445076101,101.06667434087089,59.217313,8.782687000000003,Reorder Soon,Reorder Soon,278.27833429391967
Safety Stock +20%,2025-12-31,SKU0029,WH02,South,Home Care,FreshFoods,SUP5,94.0,6,45.357691380072886,106.87417489655641,58.092026,35.907974,Reorder Soon,Reorder Soon,286.86195841650425
Safety Stock +20%,2025-12-31,SKU0029,WH03,South,Home Care,FreshFoods,SUP5,82.0,6,40.29568912818953,94.69129352379392,55.365379,26.634621000000003,Reorder Soon,Reorder Soon,269.74854538496584
Safety Stock +20%,2025-12-31,SKU0029,WH04,North,Home Care,FreshFoods,SUP5,95.0,6,44.87790541983036,104.02076256268751,58.68574,36.31426,Reorder Soon,Reorder Soon,281.2732029601643
Safety Stock +20%,2025-12-31,SKU0029,WH05,South,Home Care,FreshFoods,SUP5,183.0,6,41.94068576741969,98.51211433884825,57.376999,125.623001,No Risk,No Action,0.0
Safety Stock +20%,2025-12-31,SKU0030,WH01,North,Home Care,GlowCare,SUP4,158.0,5,74.43115076505781,161.84873318264022,87.042652,70.957348,Reorder Soon,Reorder Soon,683.932995203179
Safety Stock +20%,2025-12-31,SKU0030,WH02,South,Home Care,GlowCare,SUP4,540.0,5,70.39508045451626,154.3511244105602,86.127904,453.872096,No Risk,No Action,0.0
Safety Stock +20%,2025-12-31,SKU0030,WH03,South,Home Care,GlowCare,SUP4,196.0,5,73.8580944925656,162.26468789915901,88.42702,107.57298,No Risk,No Action,0.0
Safety Stock +20%,2025-12-31,SKU0030,WH04,North,Home Care,GlowCare,SUP4,156.0,5,72.85776381386648,159.45117040727308,86.656421,69.343579,Reorder Soon,Reorder Soon,680.7012886895105
Safety Stock +20%,2025-12-31,SKU0030,WH05,South,Home Care,GlowCare,SUP4,280.0,5,74.80403057652781,162.8809536534509,85.637459,194.362541,No Risk,No Action,0.0
Safety Stock +20%,2025-12-31,SKU0031,WH01,North,Home Care,GlowCare,SUP15,42.0,6,49.57619917065296,103.24652884098263,46.7608959,-4.760895900000001,Critical Stockout Risk,Reorder Now,263.4529023932485
Safety Stock +20%,2025-12-31,SKU0031,WH02,South,Home Care,GlowCare,SUP15,26.0,6,52.536174404577814,109.3054051738086,59.87379,-33.87379,Critical Stockout Risk,Reorder Now,270.95199979739795
Safety Stock +20%,2025-12-31,SKU0031,WH03,South,Home Care,GlowCare,SUP15,21.0,6,49.72928441559114,103.00400969031642,51.69161,-30.691609999999997,Critical Stockout Risk,Reorder Now,262.4801498936209
Safety Stock +20%,2025-12-31,SKU0031,WH04,North,Home Care,GlowCare,SUP15,157.0,6,50.150435627731774,103.68889716619331,55.035022,101.964978,No Risk,No Action,0.0
Safety Stock +20%,2025-12-31,SKU0031,WH05,South,Home Care,GlowCare,SUP15,244.0,6,46.86707945905935,97.504442096422,49.769421,194.230579,No Risk,No Action,0.0
Safety Stock +20%,2025-12-31,SKU0032,WH01,North,Home Care,SurfStyle,SUP12,25.0,8,56.606760649423734,126.6726947153578,75.1215515,-50.121551499999995,Critical Stockout Risk,Reorder Now,623.9465462145906
Safety Stock +20%,2025-12-31,SKU0032,WH02,South,Home Care,SurfStyle,SUP12,165.0,8,57.510750832128885,128.80745412883218,73.8417725,91.1582275,No Risk,No Action,0.0
Safety Stock +20%,2025-12-31,SKU0032,WH03,South,Home Care,SurfStyle,SUP12,0.0,8,56.68162616849923,127.18712067399375,74.675353,-74.675353,Critical Stockout Risk,Reorder Now,625.9006585660575
Safety Stock +20%,2025-12-31,SKU0032,WH04,North,Home Care,SurfStyle,SUP12,187.0,8,57.59863830668555,128.80742951547677,78.2942125,108.7057875,No Risk,No Action,0.0
Safety Stock +20%,2025-12-31,SKU0032,WH05,South,Home Care,SurfStyle,SUP12,106.0,8,55.163793523797366,123.11983747984132,74.8798045,31.120195499999994,Reorder Soon,Reorder Soon,614.4803101838473
Safety Stock +20%,2025-12-31,SKU0033,WH01,North,Foods & Refreshment,SurfStyle,SUP13,57.0,7,22.191093810909457,50.19109381090946,24.1853998,32.8146002,No Risk,No Action,0.0
Safety Stock +20%,2025-12-31,SKU0033,WH02,South,Foods & Refreshment,SurfStyle,SUP13,62.0,7,23.587427959057145,54.89512026674945,30.4784477,31.5215523,No Risk,No Action,0.0
Safety Stock +20%,2025-12-31,SKU0033,WH03,South,Foods & Refreshment,SurfStyle,SUP13,171.0,7,22.18945757684038,50.34330373068653,30.1035045,140.89649550000001,No Risk,No Action,0.0
Safety Stock +20%,2025-12-31,SKU0033,WH04,North,Foods & Refreshment,SurfStyle,SUP13,34.0,7,24.34199011992185,55.11122088915262,29.9079543,4.0920457,Reorder Soon,Reorder Soon,343.27584655859874
Safety Stock +20%,2025-12-31,SKU0033,WH05,South,Foods & Refreshment,SurfStyle,SUP13,136.0,7,21.830091789040704,49.90701486596378,29.7759165,106.2240835,No Risk,No Action,0.0
Safety Stock +20%,2025-12-31,SKU0034,WH01,North,Home Care,FreshFoods,SUP13,9.0,7,29.485697818304004,68.63954397215016,37.2882094,-28.2882094,Critical Stockout Risk,Reorder Now,161.85428767831303
Safety Stock +20%,2025-12-31,SKU0034,WH02,South,Home Care,FreshFoods,SUP13,127.0,7,30.70144283819628,71.08605822281166,38.2021103,88.7978897,No Risk,No Action,0.0
Safety Stock +20%,2025-12-31,SKU0034,WH03,South,Home Care,FreshFoods,SUP13,79.0,7,29.56766065867919,69.10612219714073,35.0770654,43.9229346,No Risk,No Action,0.0
Safety Stock +20%,2025-12-31,SKU0034,WH04,North,Home Care,FreshFoods,SUP13,220.0,7,30.968479892665343,73.19924912343457,35.0602145,184.9397855,No Risk,No Action,0.0
Safety Stock +20%,2025-12-31,SKU0034,WH05,South,Home Care,FreshFoods,SUP13,132.0,7,28.45128527418305,66.14359296649074,36.7752766,95.2247234,No Risk,No Action,0.0
Safety Stock +20%,2025-12-31,SKU0035,WH01,North,Home Care,DailyEssentials,SUP15,64.0,6,28.479894233217696,58.875498628822086,25.6844836,38.3155164,No Risk,No Action,0.0
Safety Stock +20%,2025-12-31,SKU0035,WH02,South,Home Care,DailyEssentials,SUP15,52.0,6,28.44243890195005,58.508372967884114,26.0639259,25.9360741,Reorder Soon,Reorder Soon,507.61598098166
Safety Stock +20%,2025-12-31,SKU0035,WH03,South,Home Care,DailyEssentials,SUP15,100.0,6,29.062263982955212,59.58973651042774,29.3400107,70.6599893,No Risk,No Action,0.0
Safety Stock +20%,2025-12-31,SKU0035,WH04,North,Home Care,DailyEssentials,SUP15,19.0,6,28.018023110215356,57.358682450874696,26.384525,-7.384525,Critical Stockout Risk,Reorder Now,501.4560442899555
Safety Stock +20%,2025-12-31,SKU0035,WH05,South,Home Care,DailyEssentials,SUP15,63.0,6,27.127511519946705,55.215423607858796,25.2092416,37.7907584,No Risk,No Action,0.0
Safety Stock +20%,2025-12-31,SKU0036,WH01,North,Home Care,SurfStyle,SUP2,0.0,8,23.272494798881805,63.97579150217851,36.7010302,-36.7010302,Critical Stockout Risk,Reorder Now,413.7459986529043
Safety Stock +20%,2025-12-31,SKU0036,WH02,South,Home Care,SurfStyle,SUP2,21.0,8,21.260603261593637,57.65620765719803,34.0014408,-13.001440799999997,Critical Stockout Risk,Reorder Now,391.2402085944427
Safety Stock +20%,2025-12-31,SKU0036,WH03,South,Home Care,SurfStyle,SUP2,75.0,8,20.846756014026433,58.82477799204841,35.249882400000004,39.750117599999996,No Risk,No Action,0.0
Safety Stock +20%,2025-12-31,SKU0036,WH04,North,Home Care,SurfStyle,SUP2,20.0,8,21.991357331268517,60.05729139720258,35.403369,-15.403368999999998,Critical Stockout Risk,Reorder Now,400.1172354028658
Safety Stock +20%,2025-12-31,SKU0036,WH05,South,Home Care,SurfStyle,SUP2,34.0,8,20.926303472469723,60.83839138455764,38.8572612,-4.8572612000000035,Critical Stockout Risk,Reorder Now,409.7049750745432
Safety Stock +20%,2025-12-31,SKU0037,WH01,North,Home Care,DailyEssentials,SUP14,8.0,11,7.145734122091745,14.640239616597238,10.19262868,-2.1926286800000003,Critical Stockout Risk,Reorder Now,87.18123100349935
Safety Stock +20%,2025-12-31,SKU0037,WH02,South,Home Care,DailyEssentials,SUP14,6.0,11,5.61662678020822,10.693549857131297,9.18302877,-3.18302877,Critical Stockout Risk,Reorder Now,71.7549386464873
Safety Stock +20%,2025-12-31,SKU0037,WH03,South,Home Care,DailyEssentials,SUP14,16.0,11,6.23594045234226,12.400775617177425,7.88088056,8.11911944,No Risk,No Action,0.0
Safety Stock +20%,2025-12-31,SKU0037,WH04,North,Home Care,DailyEssentials,SUP14,28.0,11,5.5518441448666165,11.354041947064418,8.87506681,19.12493319,No Risk,No Action,0.0
Safety Stock +20%,2025-12-31,SKU0037,WH05,South,Home Care,DailyEssentials,SUP14,8.0,11,7.066717880182301,14.077706891171312,8.6720115,-0.6720115,Critical Stockout Risk,Reorder Now,84.32204857248574
Safety Stock +20%,2025-12-31,SKU0038,WH01,North,Personal Care,DailyEssentials,SUP1,512.0,10,90.78125406593067,243.96806725274388,149.211358,362.788642,No Risk,No Action,0.0
Safety Stock +20%,2025-12-31,SKU0038,WH02,South,Personal Care,DailyEssentials,SUP1,174.0,10,92.56443027035816,251.24574895167683,164.641874,9.358125999999999,Reorder Soon,Reorder Soon,470.4095406362346
Safety Stock +20%,2025-12-31,SKU0038,WH03,South,Personal Care,DailyEssentials,SUP1,266.0,10,98.46888579415749,266.1611934864652,151.4601515,114.5398485,Reorder Soon,Reorder Soon,483.5816263533011
Safety Stock +20%,2025-12-31,SKU0038,WH04,North,Personal Care,DailyEssentials,SUP1,485.0,10,93.75332991395676,258.5884947491216,156.703747,328.296253,No Risk,No Action,0.0
Safety Stock +20%,2025-12-31,SKU0038,WH05,South,Personal Care,DailyEssentials,SUP1,266.0,10,95.14756313095202,259.98272796611684,157.786869,108.213131,No Risk,No Action,0.0
Safety Stock +20%,2025-12-31,SKU0039,WH01,North,Personal Care,GlowCare,SUP8,31.0,8,59.824207556806485,123.12091085350978,66.4783745,-35.4783745,Critical Stockout Risk,Reorder Now,636.876685985118
Safety Stock +20%,2025-12-31,SKU0039,WH02,South,Personal Care,GlowCare,SUP8,133.0,8,60.801717951354895,125.24127839091534,62.2222317,70.77776829999999,No Risk,No Action,0.0
Safety Stock +20%,2025-12-31,SKU0039,WH03,South,Personal Care,GlowCare,SUP8,0.0,8,55.830811396133996,115.25938282470543,60.4806579,-60.4806579,Critical Stockout Risk,Reorder Now,617.109810697255
Safety Stock +20%,2025-12-31,SKU0039,WH04,North,Personal Care,GlowCare,SUP8,0.0,8,59.09464876480839,121.6001432703029,54.5139483,-54.5139483,Critical Stockout Risk,Reorder Now,632.8836893434641
Safety Stock +20%,2025-12-31,SKU0039,WH05,South,Personal Care,GlowCare,SUP8,81.0,8,58.20639638823788,120.44815462999611,56.8279182,24.1720818,Reorder Soon,Reorder Soon,631.5470802710306
Safety Stock +20%,2025-12-31,SKU0040,WH01,North,Personal Care,FreshFoods,SUP9,0.0,8,48.60445252810094,93.43961736326577,37.5005876,-37.5005876,Critical Stockout Risk,Reorder Now,376.1960993851925
Safety Stock +20%,2025-12-31,SKU0040,WH02,South,Personal Care,FreshFoods,SUP9,94.0,8,44.950445563675736,86.26912688235706,43.1902207,50.8097793,No Risk,No Action,0.0
Safety Stock +20%,2025-12-31,SKU0040,WH03,South,Personal Care,FreshFoods,SUP9,196.0,8,48.36106539588415,94.33908737390612,42.8638678,153.1361322,No Risk,No Action,0.0
Safety Stock +20%,2025-12-31,SKU0040,WH04,North,Personal Care,FreshFoods,SUP9,15.0,8,50.14028347870255,97.34907468749375,46.2216395,-31.221639500000002,Critical Stockout Risk,Reorder Now,386.0258100901714
Safety Stock +20%,2025-12-31,SKU0040,WH05,South,Personal Care,FreshFoods,SUP9,122.0,8,51.201401773415704,99.2893138613278,41.628991,80.371009,No Risk,No Action,0.0
Safety Stock +20%,2025-12-31,SKU0041,WH01,North,Personal Care,SurfStyle,SUP6,0.0,10,7.966974685675261,15.879062597763173,9.74254975,-9.74254975,Critical Stockout Risk,Reorder Now,96.09928114095251
Safety Stock +20%,2025-12-31,SKU0041,WH02,South,Personal Care,SurfStyle,SUP6,8.0,10,7.459011644232102,15.920550105770563,9.22498028,-1.2249802800000005,Critical Stockout Risk,Reorder Now,99.38005971446206
Safety Stock +20%,2025-12-31,SKU0041,WH03,South,Personal Care,SurfStyle,SUP6,23.0,10,8.073128450088188,17.963238340198078,8.49540226,14.50459774,No Risk,No Action,0.0
Safety Stock +20%,2025-12-31,SKU0041,WH04,North,Personal Care,SurfStyle,SUP6,6.0,10,7.086311395308811,15.437959746957162,8.64109942,-2.6410994199999998,Critical Stockout Risk,Reorder Now,98.73262572342338
Safety Stock +20%,2025-12-31,SKU0041,WH05,South,Personal Care,SurfStyle,SUP6,16.0,10,8.131577621563794,16.483225973212146,9.53988263,6.460117370000001,Reorder Soon,Reorder Soon,98.73262572342338
Safety Stock +20%,2025-12-31,SKU0042,WH01,North,Home Care,DailyEssentials,SUP3,250.0,6,83.39510417956357,200.16433494879433,116.772537,133.227463,No Risk,No Action,0.0
Safety Stock +20%,2025-12-31,SKU0042,WH02,South,Home Care,DailyEssentials,SUP3,246.0,6,90.56279009950669,217.55180108851766,131.33092,114.66908000000001,No Risk,No Action,0.0
Safety Stock +20%,2025-12-31,SKU0042,WH03,South,Home Care,DailyEssentials,SUP3,126.0,6,85.50301038268627,202.60191148158742,115.262135,10.737865,Reorder Soon,Reorder Soon,349.8326807123567
Safety Stock +20%,2025-12-31,SKU0042,WH04,North,Home Care,DailyEssentials,SUP3,90.0,6,90.88385004137223,217.3453885029107,131.85844,-41.85844,Critical Stockout Risk,Reorder Now,422.42231157983383
Safety Stock +20%,2025-12-31,SKU0042,WH05,South,Home Care,DailyEssentials,SUP3,352.0,6,89.79346237251583,215.72752830658175,117.172453,234.82754699999998,No Risk,No Action,0.0
Safety Stock +20%,2025-12-31,SKU0043,WH01,North,Personal Care,FreshFoods,SUP3,25.0,6,10.922985572953827,23.318589968558225,13.7006819,11.2993181,No Risk,No Action,0.0
Safety Stock +20%,2025-12-31,SKU0043,WH02,South,Personal Care,FreshFoods,SUP3,53.0,6,11.113866246856361,23.575404708394824,13.0734567,39.9265433,No Risk,No Action,0.0
Safety Stock +20%,2025-12-31,SKU0043,WH03,South,Personal Care,FreshFoods,SUP3,18.0,6,11.827839826329708,24.816850815340697,15.9488905,2.051109500000001,Reorder Soon,Reorder Soon,191.8937471193001
Safety Stock +20%,2025-12-31,SKU0043,WH04,North,Personal Care,FreshFoods,SUP3,17.0,6,10.358630612236825,21.76522401883023,13.7903403,3.2096596999999996,Reorder Soon,Reorder Soon,179.82528692026216
Safety Stock +20%,2025-12-31,SKU0043,WH05,South,Personal Care,FreshFoods,SUP3,17.0,6,11.94588843369086,25.330503818306244,12.6495743,4.350425700000001,Reorder Soon,Reorder Soon,194.79406889165975
Safety Stock +20%,2025-12-31,SKU0044,WH01,North,Home Care,GlowCare,SUP13,78.0,7,16.470463024374737,36.701232255143964,18.9346214,59.0653786,No Risk,No Action,0.0
Safety Stock +20%,2025-12-31,SKU0044,WH02,South,Home Care,GlowCare,SUP13,102.0,7,15.18583758241201,34.10891450548893,18.4104678,83.58953220000001,No Risk,No Action,0.0
Safety Stock +20%,2025-12-31,SKU0044,WH03,South,Home Care,GlowCare,SUP13,58.0,7,15.387891048702267,34.926352587163805,19.0430724,38.9569276,No Risk,No Action,0.0
Safety Stock +20%,2025-12-31,SKU0044,WH04,North,Home Care,GlowCare,SUP13,10.0,7,15.299501681459882,34.29950168145988,19.7408894,-9.7408894,Critical Stockout Risk,Reorder Now,381.7680646471083
Safety Stock +20%,2025-12-31,SKU0044,WH05,South,Home Care,GlowCare,SUP13,50.0,7,17.415220467195695,38.10752815950339,17.0679969,32.9320031,No Risk,No Action,0.0
Safety Stock +20%,2025-12-31,SKU0045,WH01,North,Home Care,SurfStyle,SUP5,759.0,6,224.9937209123058,499.14756706615196,283.878959,475.121041,No Risk,No Action,0.0
Safety Stock +20%,2025-12-31,SKU0045,WH02,South,Home Care,SurfStyle,SUP5,179.0,6,222.7400121683182,495.6411110694171,277.482626,-98.48262599999998,Critical Stockout Risk,Reorder Now,1592.4070494768666
Safety Stock +20%,2025-12-31,SKU0045,WH03,South,Home Care,SurfStyle,SUP5,795.0,6,216.4601750369006,480.5920431687688,271.049064,523.950936,No Risk,No Action,0.0
Safety Stock +20%,2025-12-31,SKU0045,WH04,North,Home Care,SurfStyle,SUP5,494.0,6,218.48511225970606,486.0455518201456,266.566087,227.43391300000002,No Risk,No Action,0.0
Safety Stock +20%,2025-12-31,SKU0045,WH05,South,Home Care,SurfStyle,SUP5,694.0,6,225.5051215290193,501.7688577927556,285.893802,408.106198,No Risk,No Action,0.0
Safety Stock +20%,2025-12-31,SKU0046,WH01,North,Home Care,DailyEssentials,SUP5,431.0,6,189.46073307552436,454.12007373486506,255.515151,175.484849,Reorder Soon,Reorder Soon,1069.414109167175
Safety Stock +20%,2025-12-31,SKU0046,WH02,South,Home Care,DailyEssentials,SUP5,680.0,6,183.39502073923325,440.66974601395856,251.10294,428.89706,No Risk,No Action,0.0
Safety Stock +20%,2025-12-31,SKU0046,WH03,South,Home Care,DailyEssentials,SUP5,458.0,6,183.44878858186328,443.29494242801707,251.69642,206.30358,No Risk,No Action,0.0
Safety Stock +20%,2025-12-31,SKU0046,WH04,North,Home Care,DailyEssentials,SUP5,809.0,6,194.64575487466263,465.0413592702671,256.439167,552.560833,No Risk,No Action,0.0
Safety Stock +20%,2025-12-31,SKU0046,WH05,South,Home Care,DailyEssentials,SUP5,571.0,6,190.22245755611314,455.9367432703989,266.712273,304.287727,No Risk,No Action,0.0
Safety Stock +20%,2025-12-31,SKU0047,WH01,North,Personal Care,GlowCare,SUP14,62.0,11,22.573312237585952,47.837048501322215,26.3106964,35.6893036,No Risk,No Action,0.0
Safety Stock +20%,2025-12-31,SKU0047,WH02,South,Personal Care,GlowCare,SUP14,41.0,11,25.4008666798885,57.07119635021817,27.7845177,13.215482300000001,Reorder Soon,Reorder Soon,434.4099886668092
Safety Stock +20%,2025-12-31,SKU0047,WH03,South,Personal Care,GlowCare,SUP14,50.0,11,26.507806290559614,58.178135960889286,28.0091658,21.9908342,Reorder Soon,Reorder Soon,434.4099886668092
Safety Stock +20%,2025-12-31,SKU0047,WH04,North,Personal Care,GlowCare,SUP14,7.0,11,23.97917583135859,52.506648358831114,28.8234934,-21.8234934,Critical Stockout Risk,Reorder Now,412.292237883738
Safety Stock +20%,2025-12-31,SKU0047,WH05,South,Personal Care,GlowCare,SUP14,55.0,11,22.423244748225816,49.016651341632404,27.8189737,27.1810263,No Risk,No Action,0.0
Safety Stock +20%,2025-12-31,SKU0048,WH01,North,Personal Care,DailyEssentials,SUP3,6.0,6,4.805149284957756,8.95899543880391,5.94043058,0.05956941999999987,Reorder Soon,Reorder Soon,68.02268234014429
Safety Stock +20%,2025-12-31,SKU0048,WH02,South,Personal Care,DailyEssentials,SUP3,8.0,6,4.99017720856034,8.748418966802099,6.6325533,1.3674467000000003,Reorder Soon,Reorder Soon,64.70247693139633
Safety Stock +20%,2025-12-31,SKU0048,WH03,South,Personal Care,DailyEssentials,SUP3,9.0,6,3.7635911164338154,6.466887819730518,6.6207986,2.3792014000000004,No Risk,No Action,0.0
Safety Stock +20%,2025-12-31,SKU0048,WH04,North,Personal Care,DailyEssentials,SUP3,9.0,6,3.8083732396010985,6.973208404436264,6.48884386,2.5111561399999998,No Risk,No Action,0.0
Safety Stock +20%,2025-12-31,SKU0048,WH05,South,Personal Care,DailyEssentials,SUP3,7.0,6,3.8459526515262343,6.944853750427334,6.6374759,0.3625240999999999,No Risk,No Action,0.0
Safety Stock +20%,2025-12-31,SKU0049,WH01,North,Home Care,FreshFoods,SUP14,132.0,11,65.21176705628145,162.64033848485286,89.7368304,42.2631696,Reorder Soon,Reorder Soon,904.0059498949544
Safety Stock +20%,2025-12-31,SKU0049,WH02,South,Home Care,FreshFoods,SUP14,112.0,11,71.64374724320938,180.55583515529727,104.024755,7.975245000000001,Reorder Soon,Reorder Soon,955.7981013238428
Safety Stock +20%,2025-12-31,SKU0049,WH03,South,Home Care,FreshFoods,SUP14,147.0,11,69.49267523433173,172.36080710246358,96.770345,50.229654999999994,Reorder Soon,Reorder Soon,928.8991126711333
Safety Stock +20%,2025-12-31,SKU0049,WH04,North,Home Care,FreshFoods,SUP14,234.0,11,72.78563238439423,183.2691488679107,107.5260455,126.4739545,No Risk,No Action,0.0
Safety Stock +20%,2025-12-31,SKU0049,WH05,South,Home Care,FreshFoods,SUP14,148.0,11,71.69435503357643,179.0350143742358,106.149557,41.850443,Reorder Soon,Reorder Soon,948.8777232927706
Safety Stock +20%,2025-12-31,SKU0050,WH01,North,Personal Care,DailyEssentials,SUP14,457.0,11,121.45654970869194,306.7642420163843,187.180766,269.819234,No Risk,No Action,0.0
Safety Stock +20%,2025-12-31,SKU0050,WH02,South,Personal Care,DailyEssentials,SUP14,226.0,11,121.64556649094358,307.4367752821524,185.974465,40.02553499999999,Reorder Soon,Reorder Soon,496.93271791940185
Safety Stock +20%,2025-12-31,SKU0050,WH03,South,Personal Care,DailyEssentials,SUP14,309.0,11,120.77351596134298,301.3669225547495,171.2060765,137.7939235,No Risk,No Action,0.0
Safety Stock +20%,2025-12-31,SKU0050,WH04,North,Personal Care,DailyEssentials,SUP14,515.0,11,108.38943800149137,274.8399874520408,164.6841065,350.3158935,No Risk,No Action,0.0
Safety Stock +20%,2025-12-31,SKU0050,WH05,South,Personal Care,DailyEssentials,SUP14,370.0,11,120.04171891604803,301.3604002347293,169.141134,200.858866,No Risk,No Action,0.0
Safety Stock +20%,2025-12-31,SKU0051,WH01,North,Home Care,DailyEssentials,SUP9,34.0,8,6.666255596305518,11.940980871030792,7.6657182,26.3342818,No Risk,No Action,0.0
Safety Stock +20%,2025-12-31,SKU0051,WH02,South,Home Care,DailyEssentials,SUP9,33.0,8,7.817993916898722,14.411400510305315,8.21918568,24.780814319999998,No Risk,No Action,0.0
Safety Stock +20%,2025-12-31,SKU0051,WH03,South,Home Care,DailyEssentials,SUP9,5.0,8,5.937812203870969,10.50924077529954,7.679382439999999,-2.6793824399999986,Critical Stockout Risk,Reorder Now,93.23989781006836
Safety Stock +20%,2025-12-31,SKU0051,WH04,North,Home Care,DailyEssentials,SUP9,16.0,8,6.572258448201033,11.75907163501422,7.78202515,8.217974850000001,No Risk,No Action,0.0
Safety Stock +20%,2025-12-31,SKU0051,WH05,South,Home Care,DailyEssentials,SUP9,13.0,8,5.033020005933952,8.725327698241644,7.89019658,5.10980342,No Risk,No Action,0.0
Safety Stock +20%,2025-12-31,SKU0052,WH01,North,Personal Care,SurfStyle,SUP3,84.0,6,109.88179122327696,261.92574726723296,145.949983,-61.949983,Critical Stockout Risk,Reorder Now,658.4120732910022
Safety Stock +20%,2025-12-31,SKU0052,WH02,South,Personal Care,SurfStyle,SUP3,66.0,6,102.38297379316641,244.40495181514444,144.231487,-78.23148699999999,Critical Stockout Risk,Reorder Now,636.3425792602188
Safety Stock +20%,2025-12-31,SKU0052,WH03,South,Personal Care,SurfStyle,SUP3,487.0,6,104.22722472304021,250.00744450326,136.355822,350.644178,No Risk,No Action,0.0
Safety Stock +20%,2025-12-31,SKU0052,WH04,North,Personal Care,SurfStyle,SUP3,105.0,6,107.31390869723386,256.2589636422888,147.929679,-42.92967899999999,Critical Stockout Risk,Reorder Now,651.6677813969806
Safety Stock +20%,2025-12-31,SKU0052,WH05,South,Personal Care,SurfStyle,SUP3,55.0,6,107.10997308610655,255.98909396522743,147.735768,-92.73576800000001,Critical Stockout Risk,Reorder Now,651.5235273207479
Safety Stock +20%,2025-12-31,SKU0053,WH01,North,Home Care,GlowCare,SUP3,15.0,6,13.445244775479848,30.12656345679853,16.8057571,-1.805757100000001,Critical Stockout Risk,Reorder Now,435.20775773742326
Safety Stock +20%,2025-12-31,SKU0053,WH02,South,Home Care,GlowCare,SUP3,1.0,6,13.530449747817062,29.684295901663216,17.2185882,-16.2185882,Critical Stockout Risk,Reorder Now,428.2717319994184
Safety Stock +20%,2025-12-31,SKU0053,WH03,South,Home Care,GlowCare,SUP3,20.0,6,14.781551161196385,31.46286984251506,14.0499881,5.9500119,Reorder Soon,Reorder Soon,435.20775773742326
Safety Stock +20%,2025-12-31,SKU0053,WH04,North,Home Care,GlowCare,SUP3,39.0,6,14.31108798442263,31.19020886354351,18.3016988,20.6983012,No Risk,No Action,0.0
Safety Stock +20%,2025-12-31,SKU0053,WH05,South,Home Care,GlowCare,SUP3,9.0,6,13.408524626695511,28.903030121201006,14.1666293,-5.1666293,Critical Stockout Risk,Reorder Now,419.4404385290765
Safety Stock +20%,2025-12-31,SKU0054,WH01,North,Home Care,GlowCare,SUP5,119.0,6,67.95368180475322,150.30533015640157,84.4446925,34.5553075,Reorder Soon,Reorder Soon,302.4602843041647
Safety Stock +20%,2025-12-31,SKU0054,WH02,South,Home Care,GlowCare,SUP5,47.0,6,67.53956558335342,148.90220294599078,74.736008,-27.736007999999998,Critical Stockout Risk,Reorder Now,300.6385836280624
Safety Stock +20%,2025-12-31,SKU0054,WH03,South,Home Care,GlowCare,SUP5,232.0,6,67.82024463156614,148.19387100519253,88.059655,143.94034499999998,No Risk,No Action,0.0
Safety Stock +20%,2025-12-31,SKU0054,WH04,North,Home Care,GlowCare,SUP5,314.0,6,70.02257996059814,155.01159094960911,81.3499365,232.6500635,No Risk,No Action,0.0
Safety Stock +20%,2025-12-31,SKU0054,WH05,South,Home Care,GlowCare,SUP5,163.0,6,69.37541170463763,151.46332379254972,67.790058,95.209942,No Risk,No Action,0.0
Safety Stock +20%,2025-12-31,SKU0055,WH01,North,Home Care,GlowCare,SUP9,353.0,8,114.09350331583671,276.9946022169356,153.246994,199.753006,No Risk,No Action,0.0
Safety Stock +20%,2025-12-31,SKU0055,WH02,South,Home Care,GlowCare,SUP9,579.0,8,106.53559074725071,257.56855778021776,145.630367,433.369633,No Risk,No Action,0.0
Safety Stock +20%,2025-12-31,SKU0055,WH03,South,Home Care,GlowCare,SUP9,0.0,8,104.16093231137516,252.29280044324332,144.646361,-144.646361,Critical Stockout Risk,Reorder Now,689.205874842948
Safety Stock +20%,2025-12-31,SKU0055,WH04,North,Home Care,GlowCare,SUP9,337.0,8,112.26683832168139,270.50859656343965,138.718984,198.281016,No Risk,No Action,0.0
Safety Stock +20%,2025-12-31,SKU0055,WH05,South,Home Care,GlowCare,SUP9,138.0,8,110.03583219486796,266.87099703003287,166.244939,-28.244938999999988,Critical Stockout Risk,Reorder Now,709.1636116988292
Safety Stock +20%,2025-12-31,SKU0056,WH01,North,Personal Care,SurfStyle,SUP3,9.0,6,4.684034118654735,8.376341810962428,6.6374759,2.3625241,No Risk,No Action,0.0
Safety Stock +20%,2025-12-31,SKU0056,WH02,South,Personal Care,SurfStyle,SUP3,4.0,6,4.917354677034616,9.137134896814835,7.00839874,-3.0083987399999996,Critical Stockout Risk,Reorder Now,105.38329625246752
Safety Stock +20%,2025-12-31,SKU0056,WH03,South,Personal Care,SurfStyle,SUP3,0.0,6,5.427349037377547,10.108667718696228,8.0910056,-8.0910056,Critical Stockout Risk,Reorder Now,110.99692972678832
Safety Stock +20%,2025-12-31,SKU0056,WH04,North,Personal Care,SurfStyle,SUP3,12.0,6,5.425679051817834,10.304799930938714,7.09147857,4.90852143,No Risk,No Action,0.0
Safety Stock +20%,2025-12-31,SKU0056,WH05,South,Personal Care,SurfStyle,SUP3,5.0,6,4.965093963851771,9.38267638143419,7.99760775,-2.9976077500000002,Critical Stockout Risk,Reorder Now,107.82493201114886
Safety Stock +20%,2025-12-31,SKU0057,WH01,North,Home Care,FreshFoods,SUP7,107.0,7,24.500367548060996,65.88498293267638,38.9364354,68.0635646,No Risk,No Action,0.0
Safety Stock +20%,2025-12-31,SKU0057,WH02,South,Home Care,FreshFoods,SUP7,40.0,7,23.713903029845792,63.09851841446118,39.6242307,0.37576930000000175,Reorder Soon,Reorder Soon,622.6911456728811
Safety Stock +20%,2025-12-31,SKU0057,WH03,South,Home Care,FreshFoods,SUP7,52.0,7,24.62989468302515,66.93758699071745,36.0265957,15.973404299999999,Reorder Soon,Reorder Soon,645.3852782729634
Safety Stock +20%,2025-12-31,SKU0057,WH04,North,Home Care,FreshFoods,SUP7,150.0,7,23.929642871846433,65.08348902569259,38.3211772,111.6788228,No Risk,No Action,0.0
Safety Stock +20%,2025-12-31,SKU0057,WH05,South,Home Care,FreshFoods,SUP7,113.0,7,23.945063314893375,64.09890946873952,37.6232384,75.37676160000001,No Risk,No Action,0.0
Safety Stock +20%,2025-12-31,SKU0058,WH01,North,Home Care,SurfStyle,SUP2,513.0,8,107.5801654262272,330.8768687229305,203.089849,309.91015100000004,No Risk,No Action,0.0
Safety Stock +20%,2025-12-31,SKU0058,WH02,South,Home Care,SurfStyle,SUP2,295.0,8,107.7588983928558,331.5830742170316,211.510335,83.489665,Reorder Soon,Reorder Soon,1315.3449120098117
Safety Stock +20%,2025-12-31,SKU0058,WH03,South,Home Care,SurfStyle,SUP2,759.0,8,104.18306452598027,323.78746013037585,219.503898,539.4961020000001,No Risk,No Action,0.0
Safety Stock +20%,2025-12-31,SKU0058,WH04,North,Home Care,SurfStyle,SUP2,57.0,8,115.61405779917013,351.57010175521407,231.990605,-174.990605,Critical Stockout Risk,Reorder Now,1350.5221307923116
Safety Stock +20%,2025-12-31,SKU0058,WH05,South,Home Care,SurfStyle,SUP2,325.0,8,111.74146441770412,345.3238820001217,236.205163,88.794837,Reorder Soon,Reorder Soon,1343.7120962586514
Safety Stock +20%,2025-12-31,SKU0059,WH01,North,Home Care,FreshFoods,SUP9,493.0,8,123.74202237444278,299.39037402279445,168.391161,324.608839,No Risk,No Action,0.0
Safety Stock +20%,2025-12-31,SKU0059,WH02,South,Home Care,FreshFoods,SUP9,650.0,8,124.24945763545273,300.0736334596285,188.525693,461.474307,No Risk,No Action,0.0
Safety Stock +20%,2025-12-31,SKU0059,WH03,South,Home Care,FreshFoods,SUP9,531.0,8,123.05742358270818,295.89258841787307,158.521548,372.478452,No Risk,No Action,0.0
Safety Stock +20%,2025-12-31,SKU0059,WH04,North,Home Care,FreshFoods,SUP9,274.0,8,123.23080795101204,299.75828047848455,176.446258,97.553742,Reorder Soon,Reorder Soon,465.27537604128696
Safety Stock +20%,2025-12-31,SKU0059,WH05,South,Home Care,FreshFoods,SUP9,346.0,8,126.50866033106068,307.34382516622554,179.767562,166.232438,No Risk,No Action,0.0
Safety Stock +20%,2025-12-31,SKU0060,WH01,North,Foods & Refreshment,FreshFoods,SUP1,208.0,10,69.96262292236143,173.14943610917464,106.014441,101.985559,No Risk,No Action,0.0
Safety Stock +20%,2025-12-31,SKU0060,WH02,South,Foods & Refreshment,FreshFoods,SUP1,236.0,10,64.94142738719974,162.52384496961736,92.9992885,143.0007115,No Risk,No Action,0.0
Safety Stock +20%,2025-12-31,SKU0060,WH03,South,Foods & Refreshment,FreshFoods,SUP1,132.0,10,63.33293775393637,158.27799269899134,93.166196,38.833804,Reorder Soon,Reorder Soon,411.5623927244212
Safety Stock +20%,2025-12-31,SKU0060,WH04,North,Foods & Refreshment,FreshFoods,SUP1,83.0,10,69.69198378695258,172.76890686387566,94.447616,-11.447615999999996,Critical Stockout Risk,Reorder Now,428.8251334024852
Safety Stock +20%,2025-12-31,SKU0060,WH05,South,Foods & Refreshment,FreshFoods,SUP1,169.0,10,65.7400348767839,163.76201289876195,92.9468455,76.0531545,No Risk,No Action,0.0
Safety Stock +20%,2025-12-31,SKU0061,WH01,North,Foods & Refreshment,DailyEssentials,SUP11,191.0,5,54.3583110546093,127.7649044612027,70.5036425,120.4963575,No Risk,No Action,0.0
Safety Stock +20%,2025-12-31,SKU0061,WH02,South,Foods & Refreshment,DailyEssentials,SUP11,136.0,5,56.82005436940411,133.85302140237116,80.318481,55.681518999999994,No Risk,No Action,0.0
Safety Stock +20%,2025-12-31,SKU0061,WH03,South,Foods & Refreshment,DailyEssentials,SUP11,152.0,5,57.88221103861447,135.62946378586722,83.98165499999999,68.01834500000001,No Risk,No Action,0.0
Safety Stock +20%,2025-12-31,SKU0061,WH04,North,Foods & Refreshment,DailyEssentials,SUP11,37.0,5,57.815515389067215,135.94738352093535,83.224635,-46.224635000000006,Critical Stockout Risk,Reorder Now,737.4281212113668
Safety Stock +20%,2025-12-31,SKU0061,WH05,South,Foods & Refreshment,DailyEssentials,SUP11,141.0,5,57.43489649478937,133.53379759369048,85.682362,55.317638,No Risk,No Action,0.0
Safety Stock +20%,2025-12-31,SKU0062,WH01,North,Personal Care,FreshFoods,SUP1,584.0,10,230.63273127915147,584.6986653450856,305.170365,278.829635,Reorder Soon,Reorder Soon,1194.7862124113697
Safety Stock +20%,2025-12-31,SKU0062,WH02,South,Personal Care,FreshFoods,SUP1,857.0,10,236.28668838613777,597.9350400344895,364.739769,492.260231,No Risk,No Action,0.0
Safety Stock +20%,2025-12-31,SKU0062,WH03,South,Personal Care,FreshFoods,SUP1,798.0,10,232.9892159141924,592.3298752548517,342.129571,455.870429,No Risk,No Action,0.0
Safety Stock +20%,2025-12-31,SKU0062,WH04,North,Personal Care,FreshFoods,SUP1,1292.0,10,243.3984064291315,607.5742306049557,337.441058,954.558942,No Risk,No Action,0.0
Safety Stock +20%,2025-12-31,SKU0062,WH05,South,Personal Care,FreshFoods,SUP1,667.0,10,227.84836030392594,574.1120965676622,335.347439,331.652561,No Risk,No Action,0.0
Safety Stock +20%,2025-12-31,SKU0063,WH01,North,Home Care,GlowCare,SUP3,231.0,6,56.49071503128588,123.47972602029685,61.72709,169.27291,No Risk,No Action,0.0
Safety Stock +20%,2025-12-31,SKU0063,WH02,South,Home Care,GlowCare,SUP3,42.0,6,58.7921262069312,129.2097086245136,73.814239,-31.814239,Critical Stockout Risk,Reorder Now,613.1152106721329
Safety Stock +20%,2025-12-31,SKU0063,WH03,South,Home Care,GlowCare,SUP3,142.0,6,58.24761336390368,127.41244852873885,65.06943,76.93057,No Risk,No Action,0.0
Safety Stock +20%,2025-12-31,SKU0063,WH04,North,Home Care,GlowCare,SUP3,105.0,6,63.02081127119125,133.43839368877366,64.371438,40.628562,Reorder Soon,Reorder Soon,613.1152106721329
Safety Stock +20%,2025-12-31,SKU0063,WH05,South,Home Care,GlowCare,SUP3,125.0,6,56.307510013046475,122.90091660645308,61.276708,63.723292,No Risk,No Action,0.0
Safety Stock +20%,2025-12-31,SKU0064,WH01,North,Foods & Refreshment,DailyEssentials,SUP3,132.0,6,37.195928317007564,84.60252172360097,48.630447,83.369553,No Risk,No Action,0.0
Safety Stock +20%,2025-12-31,SKU0064,WH02,South,Foods & Refreshment,DailyEssentials,SUP3,72.0,6,39.762845781470624,91.19141721004206,55.025746,16.974254000000002,Reorder Soon,Reorder Soon,340.6758239229525
Safety Stock +20%,2025-12-31,SKU0064,WH03,South,Foods & Refreshment,DailyEssentials,SUP3,24.0,6,38.58489391286612,89.09038841836063,48.985775,-24.985774999999997,Critical Stockout Risk,Reorder Now,337.60463340307683
Safety Stock +20%,2025-12-31,SKU0064,WH04,North,Foods & Refreshment,DailyEssentials,SUP3,74.0,6,39.22269493787003,90.12379383896894,55.424943,18.575057,Reorder Soon,Reorder Soon,338.9242656653656
Safety Stock +20%,2025-12-31,SKU0064,WH05,South,Foods & Refreshment,DailyEssentials,SUP3,94.0,6,36.84484114088573,85.30637960242419,52.396564000000005,41.603435999999995,No Risk,No Action,0.0
Safety Stock +20%,2025-12-31,SKU0065,WH01,North,Personal Care,GlowCare,SUP13,646.0,7,204.73192162372104,498.0396139314133,302.122931,343.877069,No Risk,No Action,0.0
Safety Stock +20%,2025-12-31,SKU0065,WH02,South,Personal Care,GlowCare,SUP13,455.0,7,207.4955906220887,502.3417444682425,281.923882,173.076118,Reorder Soon,Reorder Soon,1102.0543127971578
Safety Stock +20%,2025-12-31,SKU0065,WH03,South,Personal Care,GlowCare,SUP13,499.0,7,197.69003242117012,477.76695549809324,290.986448,208.013552,No Risk,No Action,0.0
Safety Stock +20%,2025-12-31,SKU0065,WH04,North,Personal Care,GlowCare,SUP13,566.0,7,200.53512422836158,487.6889703822077,273.75621,292.24379,No Risk,No Action,0.0
Safety Stock +20%,2025-12-31,SKU0065,WH05,South,Personal Care,GlowCare,SUP13,956.0,7,203.74246084731763,495.35784546270224,296.295123,659.704877,No Risk,No Action,0.0
Safety Stock +20%,2025-12-31,SKU0066,WH01,North,Personal Care,GlowCare,SUP1,227.0,10,51.8092136561067,139.06196090885393,81.9903346,145.00966540000002,No Risk,No Action,0.0
Safety Stock +20%,2025-12-31,SKU0066,WH02,South,Personal Care,GlowCare,SUP1,116.0,10,54.01346973669265,144.01346973669266,82.861924,33.138076,Reorder Soon,Reorder Soon,326.66442254897936
Safety Stock +20%,2025-12-31,SKU0066,WH03,South,Personal Care,GlowCare,SUP1,367.0,10,50.98768457322375,136.59208017761935,80.1646414,286.8353586,No Risk,No Action,0.0
Safety Stock +20%,2025-12-31,SKU0066,WH04,North,Personal Care,GlowCare,SUP1,172.0,10,51.65003829768667,137.8038844515328,88.508461,83.491539,No Risk,No Action,0.0
Safety Stock +20%,2025-12-31,SKU0066,WH05,South,Personal Care,GlowCare,SUP1,158.0,10,50.7492357954525,136.4635215097382,96.660449,61.339551,No Risk,No Action,0.0
Safety Stock +20%,2025-12-31,SKU0067,WH01,North,Home Care,DailyEssentials,SUP7,379.0,7,220.19080857530307,489.42157780607226,264.024001,114.975999,Reorder Soon,Reorder Soon,2432.290111972889
Safety Stock +20%,2025-12-31,SKU0067,WH02,South,Home Care,DailyEssentials,SUP7,606.0,7,223.85692888837355,492.93385196529664,257.316506,348.683494,No Risk,No Action,0.0
Safety Stock +20%,2025-12-31,SKU0067,WH03,South,Home Care,DailyEssentials,SUP7,326.0,7,221.29216820085082,488.6767835854662,269.2554,56.74459999999999,Reorder Soon,Reorder Soon,2423.9364864541308
Safety Stock +20%,2025-12-31,SKU0067,WH04,North,Home Care,DailyEssentials,SUP7,367.0,7,223.51346946813328,496.74423869890256,273.533989,93.46601099999998,Reorder Soon,Reorder Soon,2450.291935412797
Safety Stock +20%,2025-12-31,SKU0067,WH05,South,Home Care,DailyEssentials,SUP7,853.0,7,212.2275339539252,467.4583031846944,264.38471,588.61529,No Risk,No Action,0.0
Safety Stock +20%,2025-12-31,SKU0068,WH01,North,Home Care,GlowCare,SUP9,25.0,8,11.392346357121115,21.941796906571668,11.10867831,13.89132169,No Risk,No Action,0.0
Safety Stock +20%,2025-12-31,SKU0068,WH02,South,Home Care,GlowCare,SUP9,18.0,8,11.778078261656075,22.942913426491238,12.1889045,5.8110955,Reorder Soon,Reorder Soon,165.28022292780244
Safety Stock +20%,2025-12-31,SKU0068,WH03,South,Home Care,GlowCare,SUP9,44.0,8,13.762862944864526,27.213412395413975,11.9501345,32.049865499999996,No Risk,No Action,0.0
Safety Stock +20%,2025-12-31,SKU0068,WH04,North,Home Care,GlowCare,SUP9,33.0,8,11.482645096984434,22.295831910171245,14.3846353,18.6153647,No Risk,No Action,0.0
Safety Stock +20%,2025-12-31,SKU0068,WH05,South,Home Care,GlowCare,SUP9,25.0,8,13.330708935520938,25.550489155301157,15.4228139,9.5771861,Reorder Soon,Reorder Soon,172.91251578592158
Safety Stock +20%,2025-12-31,SKU0069,WH01,North,Home Care,SurfStyle,SUP8,0.0,8,118.94420752991519,247.12003170573936,133.702265,-133.702265,Critical Stockout Risk,Reorder Now,562.314334923928
Safety Stock +20%,2025-12-31,SKU0069,WH02,South,Home Care,SurfStyle,SUP8,251.0,8,111.95444218491988,232.21817844865615,122.3002155,128.69978450000002,No Risk,No Action,0.0
Safety Stock +20%,2025-12-31,SKU0069,WH03,South,Home Care,SurfStyle,SUP8,244.0,8,117.95100016812968,243.57737379450333,134.061826,109.938174,No Risk,No Action,0.0
Safety Stock +20%,2025-12-31,SKU0069,WH04,North,Home Care,SurfStyle,SUP8,273.0,8,118.44285481062218,245.82747019523757,130.708469,142.291531,No Risk,No Action,0.0
Safety Stock +20%,2025-12-31,SKU0069,WH05,South,Home Care,SurfStyle,SUP8,272.0,8,122.05734636656629,251.99141230063222,138.609068,133.390932,No Risk,No Action,0.0
Safety Stock +20%,2025-12-31,SKU0070,WH01,North,Foods & Refreshment,GlowCare,SUP11,106.0,5,50.59089713384496,118.77771032065814,74.122512,31.877488,Reorder Soon,Reorder Soon,600.2246639579112
Safety Stock +20%,2025-12-31,SKU0070,WH02,South,Foods & Refreshment,GlowCare,SUP11,162.0,5,52.208092465704105,122.75754301515465,75.473626,86.526374,No Risk,No Action,0.0
Safety Stock +20%,2025-12-31,SKU0070,WH03,South,Foods & Refreshment,GlowCare,SUP11,119.0,5,51.210126666434114,120.44089589720335,74.74155400000001,44.25844599999999,Reorder Soon,Reorder Soon,604.8020004192234
Safety Stock +20%,2025-12-31,SKU0070,WH04,North,Foods & Refreshment,GlowCare,SUP11,166.0,5,49.82142606744786,116.63461288063468,75.456429,90.543571,No Risk,No Action,0.0
Safety Stock +20%,2025-12-31,SKU0070,WH05,South,Foods & Refreshment,GlowCare,SUP11,45.0,5,50.21469295463229,117.74216548210481,72.57833,-27.578329999999994,Critical Stockout Risk,Reorder Now,597.3156420005421
Safety Stock +20%,2025-12-31,SKU0071,WH01,North,Personal Care,DailyEssentials,SUP13,54.0,7,64.67007713472755,150.9008463654968,80.571521,-26.571521000000004,Critical Stockout Risk,Reorder Now,457.356305739962
Safety Stock +20%,2025-12-31,SKU0071,WH02,South,Personal Care,DailyEssentials,SUP13,346.0,7,65.12019952005872,154.5048149046741,78.725993,267.274007,No Risk,No Action,0.0
Safety Stock +20%,2025-12-31,SKU0071,WH03,South,Personal Care,DailyEssentials,SUP13,338.0,7,61.66878518127709,144.6687851812771,79.010519,258.989481,No Risk,No Action,0.0
Safety Stock +20%,2025-12-31,SKU0071,WH04,North,Personal Care,DailyEssentials,SUP13,182.0,7,61.12908628944934,144.5906247509878,73.832157,108.167843,No Risk,No Action,0.0
Safety Stock +20%,2025-12-31,SKU0071,WH05,South,Personal Care,DailyEssentials,SUP13,138.0,7,59.92659427996969,141.4650558184312,71.0583665,66.9416335,Reorder Soon,Reorder Soon,444.73857231203993
Safety Stock +20%,2025-12-31,SKU0072,WH01,North,Home Care,SurfStyle,SUP6,15.0,10,31.461876122348684,108.3849530454256,88.29398499999999,-73.29398499999999,Critical Stockout Risk,Reorder Now,453.2638588382188
Safety Stock +20%,2025-12-31,SKU0072,WH02,South,Home Care,SurfStyle,SUP6,132.0,10,29.304037604513155,103.69964200011755,72.8421616,59.1578384,No Risk,No Action,0.0
Safety Stock +20%,2025-12-31,SKU0072,WH03,South,Home Care,SurfStyle,SUP6,124.0,10,30.286059458032206,107.86847704044979,72.053241,51.946759,No Risk,No Action,0.0
Safety Stock +20%,2025-12-31,SKU0072,WH04,North,Home Care,SurfStyle,SUP6,109.0,10,28.93983942896612,100.14863063775732,63.9357068,45.0642932,No Risk,No Action,0.0
Safety Stock +20%,2025-12-31,SKU0072,WH05,South,Home Care,SurfStyle,SUP6,125.0,10,30.7365538556475,109.52776264685629,75.3761793,49.623820699999996,No Risk,No Action,0.0
Safety Stock +20%,2025-12-31,SKU0073,WH01,North,Home Care,GlowCare,SUP13,349.0,7,125.8482844193663,302.77136134244324,176.866685,172.133315,No Risk,No Action,0.0
Safety Stock +20%,2025-12-31,SKU0073,WH02,South,Home Care,GlowCare,SUP13,341.0,7,126.50183935723425,305.271070126465,167.149567,173.850433,No Risk,No Action,0.0
Safety Stock +20%,2025-12-31,SKU0073,WH03,South,Home Care,GlowCare,SUP13,0.0,7,126.90482521611875,306.90482521611875,187.505085,-187.505085,Critical Stockout Risk,Reorder Now,666.9048252161188
Safety Stock +20%,2025-12-31,SKU0073,WH04,North,Home Care,GlowCare,SUP13,128.0,7,124.27695314757075,298.8923377629554,161.634418,-33.63441800000001,Critical Stockout Risk,Reorder Now,520.1231069937246
Safety Stock +20%,2025-12-31,SKU0073,WH05,South,Home Care,GlowCare,SUP13,223.0,7,125.0545078980934,301.51604635963184,167.171293,55.82870700000001,Reorder Soon,Reorder Soon,431.4391232827088
Safety Stock +20%,2025-12-31,SKU0074,WH01,North,Personal Care,SurfStyle,SUP5,196.0,6,85.42237860675174,203.7740269584001,114.748427,81.251573,Reorder Soon,Reorder Soon,410.1342436603277
Safety Stock +20%,2025-12-31,SKU0074,WH02,South,Personal Care,SurfStyle,SUP5,196.0,6,76.98932498423694,184.19811619302817,103.072895,92.927105,No Risk,No Action,0.0
Safety Stock +20%,2025-12-31,SKU0074,WH03,South,Personal Care,SurfStyle,SUP5,284.0,6,81.70983950345492,194.3911581847736,106.491653,177.50834700000001,No Risk,No Action,0.0
Safety Stock +20%,2025-12-31,SKU0074,WH04,North,Personal Care,SurfStyle,SUP5,403.0,6,83.80318068699182,199.05592793973906,116.738609,286.261391,No Risk,No Action,0.0
Safety Stock +20%,2025-12-31,SKU0074,WH05,South,Personal Care,SurfStyle,SUP5,94.0,6,78.28487626653964,187.53762351928688,111.219079,-17.219078999999994,Critical Stockout Risk,Reorder Now,394.0533821934099
Safety Stock +20%,2025-12-31,SKU0075,WH01,North,Home Care,FreshFoods,SUP15,95.0,6,26.512189306732754,54.204496999040444,21.7346245,73.2653755,No Risk,No Action,0.0
Safety Stock +20%,2025-12-31,SKU0075,WH02,South,Home Care,FreshFoods,SUP15,46.0,6,24.558999829480125,50.20735147783178,26.7745154,19.2254846,Reorder Soon,Reorder Soon,213.16628765157856
Safety Stock +20%,2025-12-31,SKU0075,WH03,South,Home Care,FreshFoods,SUP15,50.0,6,25.551744698179235,52.58471173114627,23.9200737,26.0799263,Reorder Soon,Reorder Soon,218.844506655995
Safety Stock +20%,2025-12-31,SKU0075,WH04,North,Home Care,FreshFoods,SUP15,8.0,6,25.814273563462077,52.71537246456098,30.8091204,-22.8091204,Critical Stockout Risk,Reorder Now,218.3100870386108
Safety Stock +20%,2025-12-31,SKU0075,WH05,South,Home Care,FreshFoods,SUP15,36.0,6,25.180400000153146,51.42215824191139,24.5376169,11.4623831,Reorder Soon,Reorder Soon,215.6181211060556
Safety Stock +20%,2025-12-31,SKU0076,WH01,North,Foods & Refreshment,GlowCare,SUP8,176.0,8,109.47893050943553,227.01739204789706,119.301841,56.698159000000004,Reorder Soon,Reorder Soon,331.28875800665617
Safety Stock +20%,2025-12-31,SKU0076,WH02,South,Foods & Refreshment,GlowCare,SUP8,180.0,8,101.05795218573803,210.4205895483754,118.593488,61.406512000000006,Reorder Soon,Reorder Soon,319.5590970025951
Safety Stock +20%,2025-12-31,SKU0076,WH03,South,Foods & Refreshment,GlowCare,SUP8,423.0,8,106.49088471038267,221.2161594356574,98.978088,324.021912,No Risk,No Action,0.0
Safety Stock +20%,2025-12-31,SKU0076,WH04,North,Foods & Refreshment,GlowCare,SUP8,283.0,8,102.95405889970235,214.07493802058147,93.688422,189.311578,No Risk,No Action,0.0
Safety Stock +20%,2025-12-31,SKU0076,WH05,South,Foods & Refreshment,GlowCare,SUP8,0.0,8,102.9834933174452,214.1922845262364,132.803897,-132.803897,Critical Stockout Risk,Reorder Now,408.807669141621
Safety Stock +20%,2025-12-31,SKU0077,WH01,North,Personal Care,GlowCare,SUP12,225.0,8,68.39745840251932,149.45240345746436,73.946123,151.053877,No Risk,No Action,0.0
Safety Stock +20%,2025-12-31,SKU0077,WH02,South,Personal Care,GlowCare,SUP12,120.0,8,68.2729633228526,150.11911716900644,85.2576485,34.7423515,Reorder Soon,Reorder Soon,433.80527716450285
Safety Stock +20%,2025-12-31,SKU0077,WH03,South,Personal Care,GlowCare,SUP12,0.0,8,70.89326208170021,155.37677856521668,83.202611,-83.202611,Critical Stockout Risk,Reorder Now,440.73920522087474
Safety Stock +20%,2025-12-31,SKU0077,WH04,North,Personal Care,GlowCare,SUP12,375.0,8,64.50568198423024,144.59359407214234,75.753858,299.246142,No Risk,No Action,0.0
Safety Stock +20%,2025-12-31,SKU0077,WH05,South,Personal Care,GlowCare,SUP12,29.0,8,65.47805397679983,144.1593726581185,81.68225050000001,-52.68225050000001,Critical Stockout Risk,Reorder Now,425.335378575804
Safety Stock +20%,2025-12-31,SKU0078,WH01,North,Personal Care,SurfStyle,SUP14,119.0,11,65.15374992116138,164.51638728379874,102.479973,16.520027,Reorder Soon,Reorder Soon,375.2616028118332
Safety Stock +20%,2025-12-31,SKU0078,WH02,South,Personal Care,SurfStyle,SUP14,185.0,11,70.99181637575066,177.72808011201442,111.7567605,73.2432395,No Risk,No Action,0.0
Safety Stock +20%,2025-12-31,SKU0078,WH03,South,Personal Care,SurfStyle,SUP14,353.0,11,63.985103616978265,158.87521350708815,95.256837,257.743163,No Risk,No Action,0.0
Safety Stock +20%,2025-12-31,SKU0078,WH04,North,Personal Care,SurfStyle,SUP14,398.0,11,65.64809850750761,163.8019446613538,106.276223,291.723777,No Risk,No Action,0.0
Safety Stock +20%,2025-12-31,SKU0078,WH05,South,Personal Care,SurfStyle,SUP14,0.0,11,64.61272764316023,161.92041995085253,102.904111,-102.904111,Critical Stockout Risk,Reorder Now,371.3608871461917
Safety Stock +20%,2025-12-31,SKU0079,WH01,North,Home Care,FreshFoods,SUP12,15.0,8,9.316823391681025,18.987153062010695,9.16397522,5.836024780000001,Reorder Soon,Reorder Soon,253.18805925202025
Safety Stock +20%,2025-12-31,SKU0079,WH02,South,Home Care,FreshFoods,SUP12,12.0,8,9.478481379151487,18.709250609920716,8.561918499999999,3.438081500000001,Reorder Soon,Reorder Soon,247.3668659652092
Safety Stock +20%,2025-12-31,SKU0079,WH03,South,Home Care,FreshFoods,SUP12,4.0,8,8.745229766802085,17.975998997571313,10.3271333,-6.3271333,Critical Stockout Risk,Reorder Now,247.3668659652092
Safety Stock +20%,2025-12-31,SKU0079,WH04,North,Home Care,FreshFoods,SUP12,20.0,8,9.008040354231998,18.062985409177053,10.88435146,9.11564854,No Risk,No Action,0.0
Safety Stock +20%,2025-12-31,SKU0079,WH05,South,Home Care,FreshFoods,SUP12,17.0,8,7.411337722062745,14.79595310667813,8.37997426,8.62002574,No Risk,No Action,0.0
Safety Stock +20%,2025-12-31,SKU0080,WH01,North,Personal Care,FreshFoods,SUP13,171.0,7,73.00925374071585,174.77848450994662,103.813428,67.186572,Reorder Soon,Reorder Soon,1159.0235136371066
Safety Stock +20%,2025-12-31,SKU0080,WH02,South,Personal Care,FreshFoods,SUP13,105.0,7,74.15266926412568,173.84497695643336,96.859599,8.140400999999997,Reorder Soon,Reorder Soon,1147.1357787351244
Safety Stock +20%,2025-12-31,SKU0080,WH03,South,Personal Care,FreshFoods,SUP13,34.0,7,71.54617624895911,172.08463778742066,104.298292,-70.298292,Critical Stockout Risk,Reorder Now,1151.9937383199904
Safety Stock +20%,2025-12-31,SKU0080,WH04,North,Personal Care,FreshFoods,SUP13,197.0,7,77.76627612349596,183.53550689272674,115.450185,81.549815,No Risk,No Action,0.0
Safety Stock +20%,2025-12-31,SKU0080,WH05,South,Personal Care,FreshFoods,SUP13,143.0,7,72.67153965801495,172.67153965801495,104.2947635,38.7052365,Reorder Soon,Reorder Soon,1148.904686152446
Inventory -20%,2025-12-31,SKU0001,WH01,North,Home Care,SurfStyle,SUP5,207.20000000000002,6,53.97279269418089,168.96180368319187,117.111809,90.08819100000002,No Risk,No Action,0.0
Inventory -20%,2025-12-31,SKU0001,WH02,South,Home Care,SurfStyle,SUP5,10.4,6,56.23022745158588,175.57088679224523,112.715714,-102.315714,Critical Stockout Risk,Reorder Now,1269.821309648881
Inventory -20%,2025-12-31,SKU0001,WH03,South,Home Care,SurfStyle,SUP5,248.0,6,55.00685850980463,169.33652883947494,99.890128,148.109872,No Risk,No Action,0.0
Inventory -20%,2025-12-31,SKU0001,WH04,North,Home Care,SurfStyle,SUP5,348.0,6,57.475611056475785,172.99209457295927,106.171905,241.82809500000002,No Risk,No Action,0.0
Inventory -20%,2025-12-31,SKU0001,WH05,South,Home Care,SurfStyle,SUP5,175.20000000000002,6,58.64462182044602,179.50176467758888,111.137458,64.06254200000002,Reorder Soon,Reorder Soon,1277.8637665086103
Inventory -20%,2025-12-31,SKU0002,WH01,North,Personal Care,DailyEssentials,SUP13,43.2,7,14.381528230013132,43.996912845397745,26.4209542,16.779045800000002,Reorder Soon,Reorder Soon,168.49621775552225
Inventory -20%,2025-12-31,SKU0002,WH02,South,Personal Care,DailyEssentials,SUP13,40.0,7,15.171199027839624,45.017352873993474,23.4944794,16.5055206,Reorder Soon,Reorder Soon,169.15142262966754
Inventory -20%,2025-12-31,SKU0002,WH03,South,Personal Care,DailyEssentials,SUP13,61.6,7,17.20891953113404,49.90122722344174,32.7724916,28.8275084,No Risk,No Action,0.0
Inventory -20%,2025-12-31,SKU0002,WH04,North,Personal Care,DailyEssentials,SUP13,3.2,7,15.41866410386483,45.49558718078791,27.5204021,-24.3204021,Critical Stockout Risk,Reorder Now,169.8040993538272
Inventory -20%,2025-12-31,SKU0002,WH05,South,Personal Care,DailyEssentials,SUP13,75.2,7,15.79087923519265,46.79087923519265,28.7051105,46.4948895,No Risk,No Action,0.0
Inventory -20%,2025-12-31,SKU0003,WH01,North,Personal Care,FreshFoods,SUP4,133.6,5,199.16112078449865,422.7874944108722,234.792664,-101.19266400000001,Critical Stockout Risk,Reorder Now,1697.6919115043993
Inventory -20%,2025-12-31,SKU0003,WH02,South,Personal Care,FreshFoods,SUP4,596.0,5,194.9299615129166,412.40248898544405,215.219445,380.780555,No Risk,No Action,0.0
Inventory -20%,2025-12-31,SKU0003,WH03,South,Personal Care,FreshFoods,SUP4,861.6,5,204.66116678825205,432.2435843706696,214.145105,647.4548950000001,No Risk,No Action,0.0
Inventory -20%,2025-12-31,SKU0003,WH04,North,Personal Care,FreshFoods,SUP4,110.4,5,193.5400207045042,408.375185539669,212.68142,-102.28142,Critical Stockout Risk,Reorder Now,1663.98747730054
Inventory -20%,2025-12-31,SKU0003,WH05,South,Personal Care,FreshFoods,SUP4,0.0,5,187.35070821156103,396.4715873324402,208.943503,-208.943503,Critical Stockout Risk,Reorder Now,1641.7085759840647
Inventory -20%,2025-12-31,SKU0004,WH01,North,Home Care,GlowCare,SUP12,399.20000000000005,8,419.65611182940273,1060.3594085326995,622.347904,-223.14790399999993,Critical Stockout Risk,Reorder Now,2940.808012243158
Inventory -20%,2025-12-31,SKU0004,WH02,South,Home Care,GlowCare,SUP12,325.6,8,432.7094644463414,1084.6655084023853,624.96431,-299.36430999999993,Critical Stockout Risk,Reorder Now,2966.520484119045
Inventory -20%,2025-12-31,SKU0004,WH03,South,Home Care,GlowCare,SUP12,661.6,8,420.0718963777085,1063.3246436304557,717.177884,-55.577883999999926,Critical Stockout Risk,Reorder Now,2946.653152334336
Inventory -20%,2025-12-31,SKU0004,WH04,North,Home Care,GlowCare,SUP12,1239.2,8,416.0306874801052,1053.744973194391,650.679122,588.520878,No Risk,No Action,0.0
Inventory -20%,2025-12-31,SKU0004,WH05,South,Home Care,GlowCare,SUP12,792.8000000000001,8,430.5179223826512,1087.5728674375962,691.82129,100.97871000000009,Reorder Soon,Reorder Soon,2978.098361920666
Inventory -20%,2025-12-31,SKU0005,WH01,North,Personal Care,GlowCare,SUP7,452.8,7,81.12279950818352,216.81510720049118,122.846707,329.95329300000003,No Risk,No Action,0.0
Inventory -20%,2025-12-31,SKU0005,WH02,South,Personal Care,GlowCare,SUP7,416.8,7,86.50165533333684,230.04011687179838,127.714357,289.085643,No Risk,No Action,0.0
Inventory -20%,2025-12-31,SKU0005,WH03,South,Personal Care,GlowCare,SUP7,180.0,7,86.51876892466811,230.9803073862066,128.02702,51.97298000000001,Reorder Soon,Reorder Soon,451.5416573406529
Inventory -20%,2025-12-31,SKU0005,WH04,North,Personal Care,GlowCare,SUP7,196.0,7,86.76807976549547,230.30654130395703,134.193369,61.80663100000001,Reorder Soon,Reorder Soon,450.0967203321867
Inventory -20%,2025-12-31,SKU0005,WH05,South,Personal Care,GlowCare,SUP7,320.8,7,82.93658054185596,221.09042669570212,115.713127,205.08687300000003,No Risk,No Action,0.0
Inventory -20%,2025-12-31,SKU0006,WH01,North,Personal Care,DailyEssentials,SUP4,4.0,5,4.105356019601571,7.292169206414757,6.0110943,-2.0110943,Critical Stockout Risk,Reorder Now,143.66595219946964
Inventory -20%,2025-12-31,SKU0006,WH02,South,Personal Care,DailyEssentials,SUP4,15.200000000000001,5,4.424026501822814,7.995455073251385,6.18695724,9.013042760000001,No Risk,No Action,0.0
Inventory -20%,2025-12-31,SKU0006,WH03,South,Personal Care,DailyEssentials,SUP4,15.200000000000001,5,4.397281803628357,7.9137653201118745,6.3747678,8.825232200000002,No Risk,No Action,0.0
Inventory -20%,2025-12-31,SKU0006,WH04,North,Personal Care,DailyEssentials,SUP4,2.4000000000000004,5,3.528033446247561,6.440121358335473,6.1191627,-3.7191627,Critical Stockout Risk,Reorder Now,137.3339127651988
Inventory -20%,2025-12-31,SKU0006,WH05,South,Personal Care,DailyEssentials,SUP4,11.200000000000001,5,3.680450735537305,6.592538647625217,6.0358044,5.164195600000001,No Risk,No Action,0.0
Inventory -20%,2025-12-31,SKU0007,WH01,North,Home Care,SurfStyle,SUP6,180.8,10,43.19561551895875,175.61319793654116,142.0834665,38.716533500000025,No Risk,No Action,0.0
Inventory -20%,2025-12-31,SKU0007,WH02,South,Home Care,SurfStyle,SUP6,59.2,10,51.68060670326932,202.88939791206053,149.738739,-90.538739,Critical Stockout Risk,Reorder Now,488.36223013744353
Inventory -20%,2025-12-31,SKU0007,WH03,South,Home Care,SurfStyle,SUP6,16.0,10,46.217326611821136,184.78875518324972,136.723055,-120.72305499999999,Critical Stockout Risk,Reorder Now,467.5094507867445
Inventory -20%,2025-12-31,SKU0007,WH04,North,Home Care,SurfStyle,SUP6,206.4,10,48.713484131175655,198.3838138015053,169.00227,37.397729999999996,No Risk,No Action,0.0
Inventory -20%,2025-12-31,SKU0007,WH05,South,Home Care,SurfStyle,SUP6,23.200000000000003,10,46.65170358102039,189.8385167678336,133.83823,-110.63823000000001,Critical Stockout Risk,Reorder Now,475.2313246209383
Inventory -20%,2025-12-31,SKU0008,WH01,North,Home Care,FreshFoods,SUP8,460.8,8,174.38268380299365,400.49257391288376,230.84263,229.95737,No Risk,No Action,0.0
Inventory -20%,2025-12-31,SKU0008,WH02,South,Home Care,FreshFoods,SUP8,227.20000000000002,8,178.29480948111876,409.94316112947047,222.664567,4.535433000000012,Reorder Soon,Reorder Soon,588.1277765140858
Inventory -20%,2025-12-31,SKU0008,WH03,South,Home Care,FreshFoods,SUP8,136.8,8,164.99373206966254,379.9387870147175,223.673647,-86.87364699999998,Critical Stockout Risk,Reorder Now,619.2926331685637
Inventory -20%,2025-12-31,SKU0008,WH04,North,Home Care,FreshFoods,SUP8,399.20000000000005,8,170.69367969004887,392.75961375598297,218.97848,180.22152000000006,No Risk,No Action,0.0
Inventory -20%,2025-12-31,SKU0008,WH05,South,Home Care,FreshFoods,SUP8,656.8000000000001,8,172.77559560437842,397.83054065932345,227.208783,429.59121700000003,No Risk,No Action,0.0
Inventory -20%,2025-12-31,SKU0009,WH01,North,Personal Care,SurfStyle,SUP12,271.2,8,181.6161134021713,457.04468483074277,268.350266,2.849734000000012,Reorder Soon,Reorder Soon,667.8446848307428
Inventory -20%,2025-12-31,SKU0009,WH02,South,Personal Care,SurfStyle,SUP12,596.0,8,194.7502193572105,490.48648309347413,291.317995,304.682005,No Risk,No Action,0.0
Inventory -20%,2025-12-31,SKU0009,WH03,South,Personal Care,SurfStyle,SUP12,1140.0,8,194.10467184970184,488.52225426728427,297.006643,842.9933570000001,No Risk,No Action,0.0
Inventory -20%,2025-12-31,SKU0009,WH04,North,Personal Care,SurfStyle,SUP12,246.4,8,198.20090125055287,497.89320894286055,283.542158,-37.14215799999997,Critical Stockout Risk,Reorder Now,775.954747404399
Inventory -20%,2025-12-31,SKU0009,WH05,South,Personal Care,SurfStyle,SUP12,0.0,8,192.2598515174437,481.4906207482129,260.603433,-260.603433,Critical Stockout Risk,Reorder Now,987.6444669020591
Inventory -20%,2025-12-31,SKU0010,WH01,North,Home Care,SurfStyle,SUP10,40.800000000000004,9,28.59800166516912,92.58701265418011,60.4309292,-19.630929199999997,Critical Stockout Risk,Reorder Now,252.07909920969712
Inventory -20%,2025-12-31,SKU0010,WH02,South,Home Care,SurfStyle,SUP10,85.60000000000001,9,28.36730158025889,91.3673015802589,64.1459237,21.45407630000001,Reorder Soon,Reorder Soon,250.12345214226903
Inventory -20%,2025-12-31,SKU0010,WH03,South,Home Care,SurfStyle,SUP10,70.4,9,28.453290651116035,91.74999394781933,50.7617779,19.638222100000007,Reorder Soon,Reorder Soon,250.7117480207257
Inventory -20%,2025-12-31,SKU0010,WH04,North,Home Care,SurfStyle,SUP10,143.20000000000002,9,29.497835403034948,94.87146177666133,71.29357379999999,71.90642620000003,No Risk,No Action,0.0
Inventory -20%,2025-12-31,SKU0010,WH05,South,Home Care,SurfStyle,SUP10,97.60000000000001,9,28.61487064121989,92.10937613572538,62.1174093,35.48259070000001,No Risk,No Action,0.0
Inventory -20%,2025-12-31,SKU0011,WH01,North,Home Care,FreshFoods,SUP14,0.0,11,144.85669212078955,379.6039448680423,254.542094,-254.542094,Critical Stockout Risk,Reorder Now,678.3731756372731
Inventory -20%,2025-12-31,SKU0011,WH02,South,Home Care,FreshFoods,SUP14,0.0,11,139.1304843566363,364.3282865544385,225.119125,-225.119125,Critical Stockout Risk,Reorder Now,650.943671169823
Inventory -20%,2025-12-31,SKU0011,WH03,South,Home Care,FreshFoods,SUP14,267.2,11,144.31316768263935,378.93954130901295,254.653505,12.546494999999993,Reorder Soon,Reorder Soon,431.861174093327
Inventory -20%,2025-12-31,SKU0011,WH04,North,Home Care,FreshFoods,SUP14,0.0,11,141.15683418790852,372.2777133087876,224.139851,-224.139851,Critical Stockout Risk,Reorder Now,666.4315594626338
Inventory -20%,2025-12-31,SKU0011,WH05,South,Home Care,FreshFoods,SUP14,284.0,11,149.56456826027642,393.8612715569797,252.360781,31.639218999999997,Reorder Soon,Reorder Soon,440.67108027674834
Inventory -20%,2025-12-31,SKU0012,WH01,North,Home Care,DailyEssentials,SUP14,113.60000000000001,11,44.95591600796118,150.48338853543368,111.229583,2.3704170000000033,Reorder Soon,Reorder Soon,549.9761716529432
Inventory -20%,2025-12-31,SKU0012,WH02,South,Home Care,DailyEssentials,SUP14,260.0,11,46.80432443932071,151.84828048327677,103.372742,156.62725799999998,No Risk,No Action,0.0
Inventory -20%,2025-12-31,SKU0012,WH03,South,Home Care,DailyEssentials,SUP14,42.400000000000006,11,43.919523572861,144.0074356607731,105.838112,-63.43811199999999,Critical Stockout Risk,Reorder Now,535.6139999509431
Inventory -20%,2025-12-31,SKU0012,WH04,North,Home Care,DailyEssentials,SUP14,125.60000000000001,11,45.65501662767287,150.45721442987067,115.2068885,10.393111500000003,Reorder Soon,Reorder Soon,548.0829606245911
Inventory -20%,2025-12-31,SKU0012,WH05,South,Home Care,DailyEssentials,SUP14,283.2,11,47.06990198290105,155.74023165323072,114.3924845,168.8075155,No Risk,No Action,0.0
Inventory -20%,2025-12-31,SKU0013,WH01,North,Personal Care,FreshFoods,SUP12,16.8,8,43.06184124713819,98.71019289548984,59.8735872,-43.073587200000006,Critical Stockout Risk,Reorder Now,572.6703612726548
Inventory -20%,2025-12-31,SKU0013,WH02,South,Personal Care,FreshFoods,SUP12,73.60000000000001,8,43.56445691075373,98.59742394372077,59.9878175,13.61218250000001,Reorder Soon,Reorder Soon,569.4951347982592
Inventory -20%,2025-12-31,SKU0013,WH03,South,Personal Care,FreshFoods,SUP12,64.8,8,44.099952424774735,100.01204033686264,49.1069257,15.6930743,Reorder Soon,Reorder Soon,574.0257959764609
Inventory -20%,2025-12-31,SKU0013,WH04,North,Personal Care,FreshFoods,SUP12,126.4,8,46.48792464836206,104.86155102198842,62.8492065,63.550793500000005,No Risk,No Action,0.0
Inventory -20%,2025-12-31,SKU0013,WH05,South,Personal Care,FreshFoods,SUP12,170.4,8,44.86261182501504,101.47799644039965,51.8851824,118.51481760000001,No Risk,No Action,0.0
Inventory -20%,2025-12-31,SKU0014,WH01,North,Personal Care,DailyEssentials,SUP10,21.6,9,15.623983536575272,46.87673078932253,30.8028449,-9.202844899999999,Critical Stockout Risk,Reorder Now,143.4279240771751
Inventory -20%,2025-12-31,SKU0014,WH02,South,Personal Care,DailyEssentials,SUP10,54.400000000000006,9,16.116714412287106,49.644186939759635,30.1126649,24.287335100000007,No Risk,No Action,0.0
Inventory -20%,2025-12-31,SKU0014,WH03,South,Personal Care,DailyEssentials,SUP10,33.6,9,16.675019531592014,51.19150304807553,31.006685,2.5933150000000005,Reorder Soon,Reorder Soon,150.7311056486007
Inventory -20%,2025-12-31,SKU0014,WH04,North,Personal Care,DailyEssentials,SUP10,37.6,9,17.53829001734585,54.527301006356836,28.6421818,8.957818200000002,Reorder Soon,Reorder Soon,156.03641815155223
Inventory -20%,2025-12-31,SKU0014,WH05,South,Personal Care,DailyEssentials,SUP10,58.400000000000006,9,15.517202632208477,47.462257577263415,28.7480999,29.651900100000006,No Risk,No Action,0.0
Inventory -20%,2025-12-31,SKU0015,WH01,North,Personal Care,FreshFoods,SUP5,6.4,6,14.3921275111439,33.710808829825226,18.6886312,-12.2886312,Critical Stockout Risk,Reorder Now,289.4280254832235
Inventory -20%,2025-12-31,SKU0015,WH02,South,Personal Care,FreshFoods,SUP5,46.400000000000006,6,13.122988501936751,29.6724390513873,16.5689484,29.831051600000006,No Risk,No Action,0.0
Inventory -20%,2025-12-31,SKU0015,WH03,South,Personal Care,FreshFoods,SUP5,43.2,6,13.740470536235302,30.68552548129025,16.4265084,26.773491600000003,No Risk,No Action,0.0
Inventory -20%,2025-12-31,SKU0015,WH04,North,Personal Care,FreshFoods,SUP5,24.8,6,12.5986123779552,29.082128861471688,16.0259751,8.7740249,Reorder Soon,Reorder Soon,267.3478993035958
Inventory -20%,2025-12-31,SKU0015,WH05,South,Personal Care,FreshFoods,SUP5,3.2,6,14.193532118070666,32.721004645543196,16.721062500000002,-13.521062500000003,Critical Stockout Risk,Reorder Now,283.4392117730701
Inventory -20%,2025-12-31,SKU0016,WH01,North,Personal Care,DailyEssentials,SUP7,668.0,7,266.38301296787995,662.8445514294185,400.417984,267.582016,No Risk,No Action,0.0
Inventory -20%,2025-12-31,SKU0016,WH02,South,Personal Care,DailyEssentials,SUP7,221.60000000000002,7,277.0062359723256,686.390851356941,407.7437,-186.14369999999997,Critical Stockout Risk,Reorder Now,2294.5316781231686
Inventory -20%,2025-12-31,SKU0016,WH03,South,Personal Care,DailyEssentials,SUP7,675.2,7,280.28520949130046,695.9775171836081,401.985795,273.21420500000005,Reorder Soon,Reorder Soon,2312.1408833076325
Inventory -20%,2025-12-31,SKU0016,WH04,North,Personal Care,DailyEssentials,SUP7,681.6,7,270.61096599852425,670.7648121523705,440.503471,241.09652900000003,No Risk,No Action,0.0
Inventory -20%,2025-12-31,SKU0016,WH05,South,Personal Care,DailyEssentials,SUP7,684.0,7,261.4932116922403,648.8009039999326,406.619534,277.380466,No Risk,No Action,0.0
Inventory -20%,2025-12-31,SKU0017,WH01,North,Personal Care,FreshFoods,SUP2,7.2,8,34.9983126619505,104.7125983762362,63.8039743,-56.6039743,Critical Stockout Risk,Reorder Now,483.3089232666823
Inventory -20%,2025-12-31,SKU0017,WH02,South,Personal Care,FreshFoods,SUP2,41.6,8,38.621076135500246,118.2694277838519,74.131933,-32.531933,Critical Stockout Risk,Reorder Now,516.5975220964924
Inventory -20%,2025-12-31,SKU0017,WH03,South,Personal Care,FreshFoods,SUP2,205.60000000000002,8,37.44525312833536,111.02767071075291,66.8529925,138.74700750000002,No Risk,No Action,0.0
Inventory -20%,2025-12-31,SKU0017,WH04,North,Personal Care,FreshFoods,SUP2,75.2,8,36.43092652257428,108.51883861048638,70.7740525,4.425947500000007,Reorder Soon,Reorder Soon,491.46788723017465
Inventory -20%,2025-12-31,SKU0017,WH05,South,Personal Care,FreshFoods,SUP2,48.0,8,38.20278152121803,113.89508921352572,77.030073,-29.030073,Critical Stockout Risk,Reorder Now,503.6047243497784
Inventory -20%,2025-12-31,SKU0018,WH01,North,Personal Care,SurfStyle,SUP6,23.200000000000003,10,89.64046250337013,282.1679350308426,199.345188,-176.14518800000002,Critical Stockout Risk,Reorder Now,528.506396569304
Inventory -20%,2025-12-31,SKU0018,WH02,South,Personal Care,SurfStyle,SUP6,402.40000000000003,10,95.63363694380122,300.02924133940564,199.650671,202.74932900000005,No Risk,No Action,0.0
Inventory -20%,2025-12-31,SKU0018,WH03,South,Personal Care,SurfStyle,SUP6,268.0,10,87.44041388165583,277.6601941014361,201.05223,66.94776999999999,Reorder Soon,Reorder Soon,415.23555348992863
Inventory -20%,2025-12-31,SKU0018,WH04,North,Personal Care,SurfStyle,SUP6,193.60000000000002,10,91.8153945114078,289.3978120938254,195.84775,-2.247749999999968,Critical Stockout Risk,Reorder Now,423.1953056216117
Inventory -20%,2025-12-31,SKU0018,WH05,South,Personal Care,SurfStyle,SUP6,399.20000000000005,10,89.38516409973333,286.41813113270035,199.480133,199.71986700000005,No Risk,No Action,0.0
Inventory -20%,2025-12-31,SKU0019,WH01,North,Home Care,DailyEssentials,SUP14,123.2,11,143.0975958971784,408.9107827103652,248.429892,-125.22989199999999,Critical Stockout Risk,Reorder Now,624.0184750180574
Inventory -20%,2025-12-31,SKU0019,WH02,South,Home Care,DailyEssentials,SUP14,468.0,11,149.15571556775373,426.5732979853361,283.983504,184.01649600000002,No Risk,No Action,0.0
Inventory -20%,2025-12-31,SKU0019,WH03,South,Home Care,DailyEssentials,SUP14,194.4,11,137.8175943601727,391.4219899645683,234.774361,-40.37436099999999,Critical Stockout Risk,Reorder Now,599.6039837547439
Inventory -20%,2025-12-31,SKU0019,WH04,North,Home Care,DailyEssentials,SUP14,874.4000000000001,11,145.63245601091384,412.89619227465005,268.122895,606.2771050000001,No Risk,No Action,0.0
Inventory -20%,2025-12-31,SKU0019,WH05,South,Home Care,DailyEssentials,SUP14,416.0,11,143.64319682152947,411.51132868966135,280.98833,135.01166999999998,No Risk,No Action,0.0
Inventory -20%,2025-12-31,SKU0020,WH01,North,Home Care,GlowCare,SUP7,122.4,7,61.058839031138376,162.75114672344608,101.102242,21.297758,Reorder Soon,Reorder Soon,428.7286373587704
Inventory -20%,2025-12-31,SKU0020,WH02,South,Home Care,GlowCare,SUP7,129.6,7,61.1780448860765,161.10112180915343,88.0670605,41.5329395,Reorder Soon,Reorder Soon,424.9827882912128
Inventory -20%,2025-12-31,SKU0020,WH03,South,Home Care,GlowCare,SUP7,5.6000000000000005,7,62.3393214985632,165.18547534471705,100.738698,-95.138698,Critical Stockout Risk,Reorder Now,431.154049717565
Inventory -20%,2025-12-31,SKU0020,WH04,North,Home Care,GlowCare,SUP7,123.2,7,61.765782981586526,163.07347528927883,88.306952,34.89304800000001,Reorder Soon,Reorder Soon,427.9171116692951
Inventory -20%,2025-12-31,SKU0020,WH05,South,Home Care,GlowCare,SUP7,152.0,7,64.0707875308461,170.0707875308461,104.701681,47.298319000000006,Reorder Soon,Reorder Soon,437.7149447428188
Inventory -20%,2025-12-31,SKU0021,WH01,North,Personal Care,FreshFoods,SUP2,69.60000000000001,8,17.026860307574196,52.543343824057715,40.2360218,29.363978200000005,No Risk,No Action,0.0
Inventory -20%,2025-12-31,SKU0021,WH02,South,Personal Care,FreshFoods,SUP2,20.0,8,17.897720734718607,51.21640205339993,23.5693796,-3.5693796000000013,Critical Stockout Risk,Reorder Now,213.6708658693748
Inventory -20%,2025-12-31,SKU0021,WH03,South,Personal Care,FreshFoods,SUP2,40.800000000000004,8,15.793736817959756,47.96956099378393,30.7298604,10.070139600000005,Reorder Soon,Reorder Soon,209.97435102329493
Inventory -20%,2025-12-31,SKU0021,WH04,North,Personal Care,FreshFoods,SUP2,47.2,8,15.882753738242268,48.84978670527522,29.863266,17.336734000000003,Reorder Soon,Reorder Soon,212.54032425417907
Inventory -20%,2025-12-31,SKU0021,WH05,South,Personal Care,FreshFoods,SUP2,0.0,8,16.3588798428748,49.0621765461715,35.1434734,-35.1434734,Critical Stockout Risk,Reorder Now,211.68845579907992
Inventory -20%,2025-12-31,SKU0022,WH01,North,Personal Care,GlowCare,SUP10,18.400000000000002,9,21.97600538494186,71.22875263768911,46.0725416,-27.6725416,Critical Stockout Risk,Reorder Now,146.95137282318638
Inventory -20%,2025-12-31,SKU0022,WH02,South,Personal Care,GlowCare,SUP10,88.80000000000001,9,22.003732361764754,70.06966642769882,50.7087182,38.09128180000001,No Risk,No Action,0.0
Inventory -20%,2025-12-31,SKU0022,WH03,South,Personal Care,GlowCare,SUP10,7.2,9,21.978923656682294,70.24265992041856,45.2672217,-38.0672217,Critical Stockout Risk,Reorder Now,145.4684754185271
Inventory -20%,2025-12-31,SKU0022,WH04,North,Personal Care,GlowCare,SUP10,32.0,9,21.96679269500604,70.7250344532478,50.7398551,-18.7398551,Critical Stockout Risk,Reorder Now,146.21180409804424
Inventory -20%,2025-12-31,SKU0022,WH05,South,Personal Care,GlowCare,SUP10,50.400000000000006,9,20.80999554990604,67.09570983562034,43.5199707,6.880029300000004,Reorder Soon,Reorder Soon,142.45637954312062
Inventory -20%,2025-12-31,SKU0023,WH01,North,Personal Care,SurfStyle,SUP15,80.80000000000001,6,41.7328234831255,95.79875754905957,56.405747000000005,24.394253000000006,Reorder Soon,Reorder Soon,464.30599001069976
Inventory -20%,2025-12-31,SKU0023,WH02,South,Personal Care,SurfStyle,SUP15,0.0,6,44.05423325383941,100.42785962746579,57.31574,-57.31574,Critical Stockout Risk,Reorder Now,474.111421461812
Inventory -20%,2025-12-31,SKU0023,WH03,South,Personal Care,SurfStyle,SUP15,108.0,6,43.74538608462505,99.7893421285811,55.053269,52.946731,No Risk,No Action,0.0
Inventory -20%,2025-12-31,SKU0023,WH04,North,Personal Care,SurfStyle,SUP15,184.0,6,43.04275762813448,99.35044993582679,60.548918,123.451082,No Risk,No Action,0.0
Inventory -20%,2025-12-31,SKU0023,WH05,South,Personal Care,SurfStyle,SUP15,178.4,6,41.44899847694806,94.72372375167333,53.28687,125.11313000000001,No Risk,No Action,0.0
Inventory -20%,2025-12-31,SKU0024,WH01,North,Personal Care,DailyEssentials,SUP14,483.20000000000005,11,146.0237793903494,413.8919112584813,270.977666,212.22233400000005,No Risk,No Action,0.0
Inventory -20%,2025-12-31,SKU0024,WH02,South,Personal Care,DailyEssentials,SUP14,397.6,11,148.74254810253285,420.59969095967574,276.561898,121.03810200000004,Reorder Soon,Reorder Soon,700.6904974500527
Inventory -20%,2025-12-31,SKU0024,WH03,South,Personal Care,DailyEssentials,SUP14,408.8,11,144.42389139113322,405.52279249003436,234.264675,174.535325,No Risk,No Action,0.0
Inventory -20%,2025-12-31,SKU0024,WH04,North,Personal Care,DailyEssentials,SUP14,0.0,11,149.3893218295665,427.77393721418184,269.883911,-269.883911,Critical Stockout Risk,Reorder Now,782.0816295218741
Inventory -20%,2025-12-31,SKU0024,WH05,South,Personal Care,DailyEssentials,SUP14,336.0,11,151.52787651748974,434.0223820119952,278.56622,57.43378000000001,Reorder Soon,Reorder Soon,714.2674450218785
Inventory -20%,2025-12-31,SKU0025,WH01,North,Personal Care,DailyEssentials,SUP5,95.2,6,88.12123256323119,215.4399138819125,125.91346,-30.713459999999998,Critical Stockout Risk,Reorder Now,549.6742999535295
Inventory -20%,2025-12-31,SKU0025,WH02,South,Personal Care,DailyEssentials,SUP5,236.8,6,89.27050992499238,219.95182860631107,116.543479,120.256521,No Risk,No Action,0.0
Inventory -20%,2025-12-31,SKU0025,WH03,South,Personal Care,DailyEssentials,SUP5,222.4,6,90.65372489459952,222.45592269679733,124.743089,97.65691100000001,Reorder Soon,Reorder Soon,559.2689290205351
Inventory -20%,2025-12-31,SKU0025,WH04,North,Personal Care,DailyEssentials,SUP5,28.0,6,89.29187887026396,219.5116590900442,134.494711,-106.494711,Critical Stockout Risk,Reorder Now,555.9014989356825
Inventory -20%,2025-12-31,SKU0025,WH05,South,Personal Care,DailyEssentials,SUP5,233.60000000000002,6,92.93971265833306,226.06059177921216,129.15919300000002,104.440807,No Risk,No Action,0.0
Inventory -20%,2025-12-31,SKU0026,WH01,North,Personal Care,FreshFoods,SUP7,415.20000000000005,7,183.07962814681437,493.3873204545067,317.258154,97.94184600000006,Reorder Soon,Reorder Soon,770.6973126807117
Inventory -20%,2025-12-31,SKU0026,WH02,South,Personal Care,FreshFoods,SUP7,140.8,7,177.3922381638055,477.77685354842083,299.682907,-158.882907,Critical Stockout Risk,Reorder Now,937.7460843176518
Inventory -20%,2025-12-31,SKU0026,WH03,South,Personal Care,FreshFoods,SUP7,344.0,7,178.12038744449342,483.50500282910883,286.51394500000004,57.486054999999965,Reorder Soon,Reorder Soon,764.5592572672509
Inventory -20%,2025-12-31,SKU0026,WH04,North,Personal Care,FreshFoods,SUP7,859.2,7,186.0195847130456,501.94266163612247,304.742066,554.457934,No Risk,No Action,0.0
Inventory -20%,2025-12-31,SKU0026,WH05,South,Personal Care,FreshFoods,SUP7,109.60000000000001,7,179.7060053702676,487.3213899856522,317.90947,-208.30946999999998,Critical Stockout Risk,Reorder Now,992.9521592164214
Inventory -20%,2025-12-31,SKU0027,WH01,North,Personal Care,GlowCare,SUP8,248.0,8,102.76033237397804,234.62846424210989,123.6093815,124.3906185,No Risk,No Action,0.0
Inventory -20%,2025-12-31,SKU0027,WH02,South,Personal Care,GlowCare,SUP8,107.2,8,103.56018057141873,237.88985090108906,125.356647,-18.156646999999992,Critical Stockout Risk,Reorder Now,647.4396255659343
Inventory -20%,2025-12-31,SKU0027,WH03,South,Personal Care,GlowCare,SUP8,191.20000000000002,8,103.31551887918884,235.447387011057,129.427587,61.77241300000003,Reorder Soon,Reorder Soon,642.1213194033203
Inventory -20%,2025-12-31,SKU0027,WH04,North,Personal Care,GlowCare,SUP8,189.60000000000002,8,97.75054827656729,223.8164823425014,127.437648,62.16235200000003,Reorder Soon,Reorder Soon,627.2088458010929
Inventory -20%,2025-12-31,SKU0027,WH05,South,Personal Care,GlowCare,SUP8,192.0,8,97.3766404192718,222.73927778190915,116.577058,75.422942,Reorder Soon,Reorder Soon,625.4568623626383
Inventory -20%,2025-12-31,SKU0028,WH01,North,Home Care,DailyEssentials,SUP4,66.4,5,34.6898095311195,72.16233700364697,36.8475737,29.552426300000008,Reorder Soon,Reorder Soon,850.0691974727973
Inventory -20%,2025-12-31,SKU0028,WH02,South,Home Care,DailyEssentials,SUP4,26.400000000000002,5,35.406953201074245,73.97838177250281,39.0234375,-12.623437499999998,Critical Stockout Risk,Reorder Now,862.4434901164859
Inventory -20%,2025-12-31,SKU0028,WH03,South,Home Care,DailyEssentials,SUP4,0.0,5,34.52341212933024,71.61132421724233,40.9639445,-40.9639445,Critical Stockout Risk,Reorder Now,845.6954202836592
Inventory -20%,2025-12-31,SKU0028,WH04,North,Home Care,DailyEssentials,SUP4,64.0,5,35.30709439244351,73.4939075792567,42.043363,21.956637,Reorder Soon,Reorder Soon,858.1327852034407
Inventory -20%,2025-12-31,SKU0028,WH05,South,Home Care,DailyEssentials,SUP4,32.800000000000004,5,33.42188618326894,69.90540266678542,38.5508419,-5.7508418999999975,Critical Stockout Risk,Reorder Now,838.7762637646658
Inventory -20%,2025-12-31,SKU0029,WH01,North,Home Care,FreshFoods,SUP5,54.400000000000006,6,35.98047037563418,93.87058026574405,59.217313,-4.8173129999999915,Critical Stockout Risk,Reorder Now,278.27833429391967
Inventory -20%,2025-12-31,SKU0029,WH02,South,Home Care,FreshFoods,SUP5,75.2,6,37.79807615006074,99.31455966654426,58.092026,17.107974000000006,Reorder Soon,Reorder Soon,286.86195841650425
Inventory -20%,2025-12-31,SKU0029,WH03,South,Home Care,FreshFoods,SUP5,65.60000000000001,6,33.57974094015794,87.97534533576234,55.365379,10.234621000000011,Reorder Soon,Reorder Soon,269.74854538496584
Inventory -20%,2025-12-31,SKU0029,WH04,North,Home Care,FreshFoods,SUP5,76.0,6,37.398254516525306,96.54111165938245,58.68574,17.314259999999997,Reorder Soon,Reorder Soon,281.2732029601643
Inventory -20%,2025-12-31,SKU0029,WH05,South,Home Care,FreshFoods,SUP5,146.4,6,34.95057147284974,91.52200004427831,57.376999,89.02300100000001,No Risk,No Action,0.0
Inventory -20%,2025-12-31,SKU0030,WH01,North,Home Care,GlowCare,SUP4,126.4,5,62.02595897088151,149.44354138846393,87.042652,39.357348,Reorder Soon,Reorder Soon,683.932995203179
Inventory -20%,2025-12-31,SKU0030,WH02,South,Home Care,GlowCare,SUP4,432.0,5,58.662567045430215,142.61861100147416,86.127904,345.872096,No Risk,No Action,0.0
Inventory -20%,2025-12-31,SKU0030,WH03,South,Home Care,GlowCare,SUP4,156.8,5,61.548412077138,149.9550054837314,88.42702,68.37298000000001,No Risk,No Action,0.0
Inventory -20%,2025-12-31,SKU0030,WH04,North,Home Care,GlowCare,SUP4,124.80000000000001,5,60.71480317822207,147.30820977162864,86.656421,38.14357900000002,Reorder Soon,Reorder Soon,680.7012886895105
Inventory -20%,2025-12-31,SKU0030,WH05,South,Home Care,GlowCare,SUP4,224.0,5,62.33669214710651,150.4136152240296,85.637459,138.362541,No Risk,No Action,0.0
Inventory -20%,2025-12-31,SKU0031,WH01,North,Home Care,GlowCare,SUP15,33.6,6,41.31349930887747,94.98382897920715,46.7608959,-13.1608959,Critical Stockout Risk,Reorder Now,263.4529023932485
Inventory -20%,2025-12-31,SKU0031,WH02,South,Home Care,GlowCare,SUP15,20.8,6,43.78014533714818,100.54937610637896,59.87379,-39.07379,Critical Stockout Risk,Reorder Now,270.95199979739795
Inventory -20%,2025-12-31,SKU0031,WH03,South,Home Care,GlowCare,SUP15,16.8,6,41.44107034632595,94.71579562105123,51.69161,-34.89161,Critical Stockout Risk,Reorder Now,262.4801498936209
Inventory -20%,2025-12-31,SKU0031,WH04,North,Home Care,GlowCare,SUP15,125.60000000000001,6,41.79202968977648,95.33049122823802,55.035022,70.56497800000001,No Risk,No Action,0.0
Inventory -20%,2025-12-31,SKU0031,WH05,South,Home Care,GlowCare,SUP15,195.20000000000002,6,39.05589954921612,89.69326218657876,49.769421,145.43057900000002,No Risk,No Action,0.0
Inventory -20%,2025-12-31,SKU0032,WH01,North,Home Care,SurfStyle,SUP12,20.0,8,47.172300541186445,117.23823460712052,75.1215515,-55.121551499999995,Critical Stockout Risk,Reorder Now,623.9465462145906
Inventory -20%,2025-12-31,SKU0032,WH02,South,Home Care,SurfStyle,SUP12,132.0,8,47.925625693440736,119.22232899014404,73.8417725,58.158227499999995,No Risk,No Action,0.0
Inventory -20%,2025-12-31,SKU0032,WH03,South,Home Care,SurfStyle,SUP12,0.0,8,47.23468847374936,117.74018297924387,74.675353,-74.675353,Critical Stockout Risk,Reorder Now,625.9006585660575
Inventory -20%,2025-12-31,SKU0032,WH04,North,Home Care,SurfStyle,SUP12,149.6,8,47.998865255571296,119.20765646436251,78.2942125,71.3057875,No Risk,No Action,0.0
Inventory -20%,2025-12-31,SKU0032,WH05,South,Home Care,SurfStyle,SUP12,84.80000000000001,8,45.96982793649781,113.92587189254176,74.8798045,9.920195500000005,Reorder Soon,Reorder Soon,614.4803101838473
Inventory -20%,2025-12-31,SKU0033,WH01,North,Foods & Refreshment,SurfStyle,SUP13,45.6,7,18.49257817575788,46.492578175757885,24.1853998,21.414600200000002,Reorder Soon,Reorder Soon,327.46428693183566
Inventory -20%,2025-12-31,SKU0033,WH02,South,Foods & Refreshment,SurfStyle,SUP13,49.6,7,19.656189965880955,50.96388227357326,30.4784477,19.1215523,Reorder Soon,Reorder Soon,346.2664829290539
Inventory -20%,2025-12-31,SKU0033,WH03,South,Foods & Refreshment,SurfStyle,SUP13,136.8,7,18.491214647366984,46.645060801213134,30.1035045,106.69649550000001,No Risk,No Action,0.0
Inventory -20%,2025-12-31,SKU0033,WH04,North,Foods & Refreshment,SurfStyle,SUP13,27.200000000000003,7,20.284991766601543,51.05422253583232,29.9079543,-2.7079542999999973,Critical Stockout Risk,Reorder Now,343.27584655859874
Inventory -20%,2025-12-31,SKU0033,WH05,South,Foods & Refreshment,SurfStyle,SUP13,108.80000000000001,7,18.19174315753392,46.268666234457,29.7759165,79.02408350000002,No Risk,No Action,0.0
Inventory -20%,2025-12-31,SKU0034,WH01,North,Home Care,FreshFoods,SUP13,7.2,7,24.57141484858667,63.72526100243282,37.2882094,-30.0882094,Critical Stockout Risk,Reorder Now,161.85428767831303
Inventory -20%,2025-12-31,SKU0034,WH02,South,Home Care,FreshFoods,SUP13,101.60000000000001,7,25.5845356984969,65.96915108311228,38.2021103,63.39788970000001,No Risk,No Action,0.0
Inventory -20%,2025-12-31,SKU0034,WH03,South,Home Care,FreshFoods,SUP13,63.2,7,24.639717215565994,64.17817875402753,35.0770654,28.1229346,Reorder Soon,Reorder Soon,162.64730706425922
Inventory -20%,2025-12-31,SKU0034,WH04,North,Home Care,FreshFoods,SUP13,176.0,7,25.80706657722112,68.03783580799035,35.0602145,140.9397855,No Risk,No Action,0.0
Inventory -20%,2025-12-31,SKU0034,WH05,South,Home Care,FreshFoods,SUP13,105.60000000000001,7,23.709404395152543,61.40171208746024,36.7752766,68.82472340000001,No Risk,No Action,0.0
Inventory -20%,2025-12-31,SKU0035,WH01,North,Home Care,DailyEssentials,SUP15,51.2,6,23.73324519434808,54.12884958995247,25.6844836,25.515516400000003,Reorder Soon,Reorder Soon,510.39137608425017
Inventory -20%,2025-12-31,SKU0035,WH02,South,Home Care,DailyEssentials,SUP15,41.6,6,23.70203241829171,53.76796648422578,26.0639259,15.5360741,Reorder Soon,Reorder Soon,507.61598098166
Inventory -20%,2025-12-31,SKU0035,WH03,South,Home Care,DailyEssentials,SUP15,80.0,6,24.218553319129345,54.74602584660187,29.3400107,50.6599893,No Risk,No Action,0.0
Inventory -20%,2025-12-31,SKU0035,WH04,North,Home Care,DailyEssentials,SUP15,15.200000000000001,6,23.34835259184613,52.68901193250547,26.384525,-11.184524999999999,Critical Stockout Risk,Reorder Now,501.4560442899555
Inventory -20%,2025-12-31,SKU0035,WH05,South,Home Care,DailyEssentials,SUP15,50.400000000000006,6,22.60625959995559,50.69417168786768,25.2092416,25.190758400000007,Reorder Soon,Reorder Soon,490.63402689659046
Inventory -20%,2025-12-31,SKU0036,WH01,North,Home Care,SurfStyle,SUP2,0.0,8,19.393745665734837,60.09704236903154,36.7010302,-36.7010302,Critical Stockout Risk,Reorder Now,413.7459986529043
Inventory -20%,2025-12-31,SKU0036,WH02,South,Home Care,SurfStyle,SUP2,16.8,8,17.717169384661364,54.112773780265755,34.0014408,-17.201440799999997,Critical Stockout Risk,Reorder Now,391.2402085944427
Inventory -20%,2025-12-31,SKU0036,WH03,South,Home Care,SurfStyle,SUP2,60.0,8,17.37229667835536,55.35031865637734,35.249882400000004,24.750117599999996,No Risk,No Action,0.0
Inventory -20%,2025-12-31,SKU0036,WH04,North,Home Care,SurfStyle,SUP2,16.0,8,18.32613110939043,56.3920651753245,35.403369,-19.403368999999998,Critical Stockout Risk,Reorder Now,400.1172354028658
Inventory -20%,2025-12-31,SKU0036,WH05,South,Home Care,SurfStyle,SUP2,27.200000000000003,8,17.438586227058103,57.350674139146015,38.8572612,-11.6572612,Critical Stockout Risk,Reorder Now,409.7049750745432
Inventory -20%,2025-12-31,SKU0037,WH01,North,Home Care,DailyEssentials,SUP14,6.4,11,5.954778435076454,13.449283929581949,10.19262868,-3.79262868,Critical Stockout Risk,Reorder Now,87.18123100349935
Inventory -20%,2025-12-31,SKU0037,WH02,South,Home Care,DailyEssentials,SUP14,4.800000000000001,11,4.680522316840183,9.757445393763259,9.18302877,-4.383028769999999,Critical Stockout Risk,Reorder Now,71.7549386464873
Inventory -20%,2025-12-31,SKU0037,WH03,South,Home Care,DailyEssentials,SUP14,12.8,11,5.19661704361855,11.361452208453716,7.88088056,4.919119440000001,No Risk,No Action,0.0
Inventory -20%,2025-12-31,SKU0037,WH04,North,Home Care,DailyEssentials,SUP14,22.400000000000002,11,4.626536787388847,10.42873458958665,8.87506681,13.524933190000002,No Risk,No Action,0.0
Inventory -20%,2025-12-31,SKU0037,WH05,South,Home Care,DailyEssentials,SUP14,6.4,11,5.888931566818584,12.899920577807595,8.6720115,-2.2720114999999996,Critical Stockout Risk,Reorder Now,84.32204857248574
Inventory -20%,2025-12-31,SKU0038,WH01,North,Personal Care,DailyEssentials,SUP1,409.6,10,75.65104505494223,228.83785824175544,149.211358,260.388642,No Risk,No Action,0.0
Inventory -20%,2025-12-31,SKU0038,WH02,South,Personal Care,DailyEssentials,SUP1,139.20000000000002,10,77.13702522529847,235.81834390661714,164.641874,-25.441873999999984,Critical Stockout Risk,Reorder Now,470.4095406362346
Inventory -20%,2025-12-31,SKU0038,WH03,South,Personal Care,DailyEssentials,SUP1,212.8,10,82.05740482846457,249.74971252077228,151.4601515,61.339848500000016,Reorder Soon,Reorder Soon,483.5816263533011
Inventory -20%,2025-12-31,SKU0038,WH04,North,Personal Care,DailyEssentials,SUP1,388.0,10,78.1277749282973,242.96293976346212,156.703747,231.296253,No Risk,No Action,0.0
Inventory -20%,2025-12-31,SKU0038,WH05,South,Personal Care,DailyEssentials,SUP1,212.8,10,79.28963594246002,244.12480077762484,157.786869,55.013131000000016,Reorder Soon,Reorder Soon,479.4442938897941
Inventory -20%,2025-12-31,SKU0039,WH01,North,Personal Care,GlowCare,SUP8,24.8,8,49.85350629733874,113.15020959404204,66.4783745,-41.678374500000004,Critical Stockout Risk,Reorder Now,636.876685985118
Inventory -20%,2025-12-31,SKU0039,WH02,South,Personal Care,GlowCare,SUP8,106.4,8,50.66809829279575,115.10765873235619,62.2222317,44.177768300000004,Reorder Soon,Reorder Soon,642.6005458940156
Inventory -20%,2025-12-31,SKU0039,WH03,South,Personal Care,GlowCare,SUP8,0.0,8,46.525676163445,105.95424759201643,60.4806579,-60.4806579,Critical Stockout Risk,Reorder Now,617.109810697255
Inventory -20%,2025-12-31,SKU0039,WH04,North,Personal Care,GlowCare,SUP8,0.0,8,49.245540637340326,111.75103514283484,54.5139483,-54.5139483,Critical Stockout Risk,Reorder Now,632.8836893434641
Inventory -20%,2025-12-31,SKU0039,WH05,South,Personal Care,GlowCare,SUP8,64.8,8,48.50533032353157,110.7470885652898,56.8279182,7.972081799999998,Reorder Soon,Reorder Soon,631.5470802710306
Inventory -20%,2025-12-31,SKU0040,WH01,North,Personal Care,FreshFoods,SUP9,0.0,8,40.50371044008412,85.33887527524895,37.5005876,-37.5005876,Critical Stockout Risk,Reorder Now,376.1960993851925
Inventory -20%,2025-12-31,SKU0040,WH02,South,Personal Care,FreshFoods,SUP9,75.2,8,37.45870463639645,78.77738595507776,43.1902207,32.009779300000005,Reorder Soon,Reorder Soon,361.1421083623828
Inventory -20%,2025-12-31,SKU0040,WH03,South,Personal Care,FreshFoods,SUP9,156.8,8,40.30088782990346,86.27890980792543,42.8638678,113.9361322,No Risk,No Action,0.0
Inventory -20%,2025-12-31,SKU0040,WH04,North,Personal Care,FreshFoods,SUP9,12.0,8,41.78356956558546,88.99236077437666,46.2216395,-34.2216395,Critical Stockout Risk,Reorder Now,386.0258100901714
Inventory -20%,2025-12-31,SKU0040,WH05,South,Personal Care,FreshFoods,SUP9,97.60000000000001,8,42.66783481117975,90.75574689909183,41.628991,55.97100900000001,No Risk,No Action,0.0
Inventory -20%,2025-12-31,SKU0041,WH01,North,Personal Care,SurfStyle,SUP6,0.0,10,6.639145571396051,14.551233483483962,9.74254975,-9.74254975,Critical Stockout Risk,Reorder Now,96.09928114095251
Inventory -20%,2025-12-31,SKU0041,WH02,South,Personal Care,SurfStyle,SUP6,6.4,10,6.215843036860085,14.677381498398546,9.22498028,-2.82498028,Critical Stockout Risk,Reorder Now,99.38005971446206
Inventory -20%,2025-12-31,SKU0041,WH03,South,Personal Care,SurfStyle,SUP6,18.400000000000002,10,6.727607041740157,16.617716931850048,8.49540226,9.904597740000002,No Risk,No Action,0.0
Inventory -20%,2025-12-31,SKU0041,WH04,North,Personal Care,SurfStyle,SUP6,4.800000000000001,10,5.905259496090676,14.25690784773903,8.64109942,-3.841099419999999,Critical Stockout Risk,Reorder Now,98.73262572342338
Inventory -20%,2025-12-31,SKU0041,WH05,South,Personal Care,SurfStyle,SUP6,12.8,10,6.776314684636495,15.127963036284847,9.53988263,3.2601173700000015,Reorder Soon,Reorder Soon,98.73262572342338
Inventory -20%,2025-12-31,SKU0042,WH01,North,Home Care,DailyEssentials,SUP3,200.0,6,69.49592014963632,186.26515091886708,116.772537,83.227463,No Risk,No Action,0.0
Inventory -20%,2025-12-31,SKU0042,WH02,South,Home Care,DailyEssentials,SUP3,196.8,6,75.46899174958891,202.45800273859987,131.33092,65.46908000000002,Reorder Soon,Reorder Soon,306.5659014040435
Inventory -20%,2025-12-31,SKU0042,WH03,South,Home Care,DailyEssentials,SUP3,100.80000000000001,6,71.25250865223856,188.3514097511397,115.262135,-14.46213499999999,Critical Stockout Risk,Reorder Now,360.782178981909
Inventory -20%,2025-12-31,SKU0042,WH04,North,Home Care,DailyEssentials,SUP3,72.0,6,75.73654170114352,202.198080162682,131.85844,-59.85844,Critical Stockout Risk,Reorder Now,425.2750032396051
Inventory -20%,2025-12-31,SKU0042,WH05,South,Home Care,DailyEssentials,SUP3,281.6,6,74.82788531042986,200.76195124449578,117.172453,164.427547,No Risk,No Action,0.0
Inventory -20%,2025-12-31,SKU0043,WH01,North,Personal Care,FreshFoods,SUP3,20.0,6,9.102487977461523,21.498092373065923,13.7006819,6.299318100000001,Reorder Soon,Reorder Soon,187.45914633770647
Inventory -20%,2025-12-31,SKU0043,WH02,South,Personal Care,FreshFoods,SUP3,42.400000000000006,6,9.261555205713634,21.723093667252098,13.0734567,29.326543300000004,No Risk,No Action,0.0
Inventory -20%,2025-12-31,SKU0043,WH03,South,Personal Care,FreshFoods,SUP3,14.4,6,9.85653318860809,22.84554417761908,15.9488905,-1.5488904999999988,Critical Stockout Risk,Reorder Now,191.8937471193001
Inventory -20%,2025-12-31,SKU0043,WH04,North,Personal Care,FreshFoods,SUP3,13.600000000000001,6,8.63219217686402,20.038785583457425,13.7903403,-0.19034029999999902,Critical Stockout Risk,Reorder Now,179.82528692026216
Inventory -20%,2025-12-31,SKU0043,WH05,South,Personal Care,FreshFoods,SUP3,13.600000000000001,6,9.954907028075716,23.339522412691103,12.6495743,0.950425700000002,Reorder Soon,Reorder Soon,194.79406889165975
Inventory -20%,2025-12-31,SKU0044,WH01,North,Home Care,GlowCare,SUP13,62.400000000000006,7,13.725385853645614,33.956155084414846,18.9346214,43.46537860000001,No Risk,No Action,0.0
Inventory -20%,2025-12-31,SKU0044,WH02,South,Home Care,GlowCare,SUP13,81.60000000000001,7,12.654864652010009,31.577941575086932,18.4104678,63.18953220000001,No Risk,No Action,0.0
Inventory -20%,2025-12-31,SKU0044,WH03,South,Home Care,GlowCare,SUP13,46.400000000000006,7,12.823242540585223,32.36170407904676,19.0430724,27.356927600000006,No Risk,No Action,0.0
Inventory -20%,2025-12-31,SKU0044,WH04,North,Home Care,GlowCare,SUP13,8.0,7,12.749584734549902,31.749584734549902,19.7408894,-11.7408894,Critical Stockout Risk,Reorder Now,381.7680646471083
Inventory -20%,2025-12-31,SKU0044,WH05,South,Home Care,GlowCare,SUP13,40.0,7,14.51268372266308,35.20499141497078,17.0679969,22.9320031,No Risk,No Action,0.0
Inventory -20%,2025-12-31,SKU0045,WH01,North,Home Care,SurfStyle,SUP5,607.2,6,187.4947674269215,461.6486135807677,283.878959,323.32104100000004,No Risk,No Action,0.0
Inventory -20%,2025-12-31,SKU0045,WH02,South,Home Care,SurfStyle,SUP5,143.20000000000002,6,185.61667680693185,458.51777570803074,277.482626,-134.28262599999996,Critical Stockout Risk,Reorder Now,1592.4070494768666
Inventory -20%,2025-12-31,SKU0045,WH03,South,Home Care,SurfStyle,SUP5,636.0,6,180.3834791974172,444.5153473292853,271.049064,364.950936,No Risk,No Action,0.0
Inventory -20%,2025-12-31,SKU0045,WH04,North,Home Care,SurfStyle,SUP5,395.20000000000005,6,182.0709268830884,449.6313664435279,266.566087,128.63391300000006,Reorder Soon,Reorder Soon,1576.7484025042097
Inventory -20%,2025-12-31,SKU0045,WH05,South,Home Care,SurfStyle,SUP5,555.2,6,187.9209346075161,464.18467087125237,285.893802,269.30619800000005,No Risk,No Action,0.0
Inventory -20%,2025-12-31,SKU0046,WH01,North,Home Care,DailyEssentials,SUP5,344.8,6,157.88394422960363,422.5432848889443,255.515151,89.28484900000001,Reorder Soon,Reorder Soon,1069.414109167175
Inventory -20%,2025-12-31,SKU0046,WH02,South,Home Care,DailyEssentials,SUP5,544.0,6,152.82918394936104,410.10390922408635,251.10294,292.89706,No Risk,No Action,0.0
Inventory -20%,2025-12-31,SKU0046,WH03,South,Home Care,DailyEssentials,SUP5,366.40000000000003,6,152.87399048488606,412.7201443310399,251.69642,114.70358000000004,Reorder Soon,Reorder Soon,1059.6451213616128
Inventory -20%,2025-12-31,SKU0046,WH04,North,Home Care,DailyEssentials,SUP5,647.2,6,162.20479572888553,432.60040012448997,256.439167,390.76083300000005,No Risk,No Action,0.0
Inventory -20%,2025-12-31,SKU0046,WH05,South,Home Care,DailyEssentials,SUP5,456.8,6,158.51871463009428,424.23300034438,266.712273,190.08772700000003,No Risk,No Action,0.0
Inventory -20%,2025-12-31,SKU0047,WH01,North,Personal Care,GlowCare,SUP14,49.6,11,18.811093531321628,44.074829795057894,26.3106964,23.2893036,No Risk,No Action,0.0
Inventory -20%,2025-12-31,SKU0047,WH02,South,Personal Care,GlowCare,SUP14,32.800000000000004,11,21.167388899907085,52.83771857023676,27.7845177,5.015482300000006,Reorder Soon,Reorder Soon,434.4099886668092
Inventory -20%,2025-12-31,SKU0047,WH03,South,Personal Care,GlowCare,SUP14,40.0,11,22.089838575466345,53.76016824579602,28.0091658,11.990834199999998,Reorder Soon,Reorder Soon,434.4099886668092
Inventory -20%,2025-12-31,SKU0047,WH04,North,Personal Care,GlowCare,SUP14,5.6000000000000005,11,19.982646526132157,48.51011905360468,28.8234934,-23.2234934,Critical Stockout Risk,Reorder Now,412.292237883738
Inventory -20%,2025-12-31,SKU0047,WH05,South,Personal Care,GlowCare,SUP14,44.0,11,18.68603729018818,45.279443883594766,27.8189737,16.1810263,Reorder Soon,Reorder Soon,398.0709611822049
Inventory -20%,2025-12-31,SKU0048,WH01,North,Personal Care,DailyEssentials,SUP3,4.800000000000001,6,4.00429107079813,8.158137224644284,5.94043058,-1.1404305799999994,Critical Stockout Risk,Reorder Now,68.02268234014429
Inventory -20%,2025-12-31,SKU0048,WH02,South,Personal Care,DailyEssentials,SUP3,6.4,6,4.1584810071336165,7.916722765375375,6.6325533,-0.2325532999999993,Critical Stockout Risk,Reorder Now,64.70247693139633
Inventory -20%,2025-12-31,SKU0048,WH03,South,Personal Care,DailyEssentials,SUP3,7.2,6,3.136325930361513,5.839622633658216,6.6207986,0.5792014000000005,No Risk,No Action,0.0
Inventory -20%,2025-12-31,SKU0048,WH04,North,Personal Care,DailyEssentials,SUP3,7.2,6,3.173644366334249,6.338479531169414,6.48884386,0.7111561399999999,No Risk,No Action,0.0
Inventory -20%,2025-12-31,SKU0048,WH05,South,Personal Care,DailyEssentials,SUP3,5.6000000000000005,6,3.2049605429385286,6.303861641839628,6.6374759,-1.0374758999999996,Critical Stockout Risk,Reorder Now,58.75331935224912
Inventory -20%,2025-12-31,SKU0049,WH01,North,Home Care,FreshFoods,SUP14,105.60000000000001,11,54.34313921356787,151.7717106421393,89.7368304,15.863169600000006,Reorder Soon,Reorder Soon,904.0059498949544
Inventory -20%,2025-12-31,SKU0049,WH02,South,Home Care,FreshFoods,SUP14,89.60000000000001,11,59.70312270267448,168.61521061476236,104.024755,-14.42475499999999,Critical Stockout Risk,Reorder Now,955.7981013238428
Inventory -20%,2025-12-31,SKU0049,WH03,South,Home Care,FreshFoods,SUP14,117.60000000000001,11,57.91056269527644,160.7786945634083,96.770345,20.829655000000002,Reorder Soon,Reorder Soon,928.8991126711333
Inventory -20%,2025-12-31,SKU0049,WH04,North,Home Care,FreshFoods,SUP14,187.20000000000002,11,60.65469365366186,171.13821013717833,107.5260455,79.67395450000002,No Risk,No Action,0.0
Inventory -20%,2025-12-31,SKU0049,WH05,South,Home Care,FreshFoods,SUP14,118.4,11,59.74529586131369,167.08595520197306,106.149557,12.250443000000004,Reorder Soon,Reorder Soon,948.8777232927706
Inventory -20%,2025-12-31,SKU0050,WH01,North,Personal Care,DailyEssentials,SUP14,365.6,11,101.21379142390995,286.5214837316023,187.180766,178.41923400000002,No Risk,No Action,0.0
Inventory -20%,2025-12-31,SKU0050,WH02,South,Personal Care,DailyEssentials,SUP14,180.8,11,101.37130540911966,287.1625142003285,185.974465,-5.174464999999998,Critical Stockout Risk,Reorder Now,496.93271791940185
Inventory -20%,2025-12-31,SKU0050,WH03,South,Personal Care,DailyEssentials,SUP14,247.20000000000002,11,100.64459663445248,281.23800322785905,171.2060765,75.99392350000002,Reorder Soon,Reorder Soon,489.9321693330349
Inventory -20%,2025-12-31,SKU0050,WH04,North,Personal Care,DailyEssentials,SUP14,412.0,11,90.32453166790948,256.7750811184589,164.6841065,247.3158935,No Risk,No Action,0.0
Inventory -20%,2025-12-31,SKU0050,WH05,South,Personal Care,DailyEssentials,SUP14,296.0,11,100.03476576337336,281.35344708205463,169.141134,126.858866,No Risk,No Action,0.0
Inventory -20%,2025-12-31,SKU0051,WH01,North,Home Care,DailyEssentials,SUP9,27.200000000000003,8,5.555212996921266,10.82993827164654,7.6657182,19.534281800000002,No Risk,No Action,0.0
Inventory -20%,2025-12-31,SKU0051,WH02,South,Home Care,DailyEssentials,SUP9,26.400000000000002,8,6.514994930748935,13.108401524155529,8.21918568,18.180814320000003,No Risk,No Action,0.0
Inventory -20%,2025-12-31,SKU0051,WH03,South,Home Care,DailyEssentials,SUP9,4.0,8,4.948176836559141,9.519605407987711,7.679382439999999,-3.6793824399999986,Critical Stockout Risk,Reorder Now,93.23989781006836
Inventory -20%,2025-12-31,SKU0051,WH04,North,Home Care,DailyEssentials,SUP9,12.8,8,5.476882040167528,10.663695226980714,7.78202515,5.017974850000001,No Risk,No Action,0.0
Inventory -20%,2025-12-31,SKU0051,WH05,South,Home Care,DailyEssentials,SUP9,10.4,8,4.194183338278293,7.886491030585985,7.89019658,2.509803420000001,No Risk,No Action,0.0
Inventory -20%,2025-12-31,SKU0052,WH01,North,Personal Care,SurfStyle,SUP3,67.2,6,91.5681593527308,243.61211539668682,145.949983,-78.749983,Critical Stockout Risk,Reorder Now,658.4120732910022
Inventory -20%,2025-12-31,SKU0052,WH02,South,Personal Care,SurfStyle,SUP3,52.800000000000004,6,85.31914482763868,227.34112284961674,144.231487,-91.43148699999998,Critical Stockout Risk,Reorder Now,636.3425792602188
Inventory -20%,2025-12-31,SKU0052,WH03,South,Personal Care,SurfStyle,SUP3,389.6,6,86.8560206025335,232.63624038275327,136.355822,253.24417800000003,No Risk,No Action,0.0
Inventory -20%,2025-12-31,SKU0052,WH04,North,Personal Care,SurfStyle,SUP3,84.0,6,89.42825724769489,238.37331219274984,147.929679,-63.92967899999999,Critical Stockout Risk,Reorder Now,651.6677813969806
Inventory -20%,2025-12-31,SKU0052,WH05,South,Personal Care,SurfStyle,SUP3,44.0,6,89.25831090508879,238.13743178420967,147.735768,-103.73576800000001,Critical Stockout Risk,Reorder Now,651.5235273207479
Inventory -20%,2025-12-31,SKU0053,WH01,North,Home Care,GlowCare,SUP3,12.0,6,11.204370646233206,27.885689327551887,16.8057571,-4.805757100000001,Critical Stockout Risk,Reorder Now,435.20775773742326
Inventory -20%,2025-12-31,SKU0053,WH02,South,Home Care,GlowCare,SUP3,0.8,6,11.275374789847552,27.429220943693707,17.2185882,-16.4185882,Critical Stockout Risk,Reorder Now,428.2717319994184
Inventory -20%,2025-12-31,SKU0053,WH03,South,Home Care,GlowCare,SUP3,16.0,6,12.317959300996987,28.999277982315668,14.0499881,1.9500118999999998,Reorder Soon,Reorder Soon,435.20775773742326
Inventory -20%,2025-12-31,SKU0053,WH04,North,Home Care,GlowCare,SUP3,31.200000000000003,6,11.925906653685525,28.805027532806406,18.3016988,12.898301200000002,No Risk,No Action,0.0
Inventory -20%,2025-12-31,SKU0053,WH05,South,Home Care,GlowCare,SUP3,7.2,6,11.17377052224626,26.668276016751754,14.1666293,-6.9666293,Critical Stockout Risk,Reorder Now,419.4404385290765
Inventory -20%,2025-12-31,SKU0054,WH01,North,Home Care,GlowCare,SUP5,95.2,6,56.628068170627685,138.97971652227602,84.4446925,10.7553075,Reorder Soon,Reorder Soon,302.4602843041647
Inventory -20%,2025-12-31,SKU0054,WH02,South,Home Care,GlowCare,SUP5,37.6,6,56.28297131946118,137.64560868209855,74.736008,-37.136008,Critical Stockout Risk,Reorder Now,300.6385836280624
Inventory -20%,2025-12-31,SKU0054,WH03,South,Home Care,GlowCare,SUP5,185.60000000000002,6,56.51687052630512,136.8904968999315,88.059655,97.54034500000002,No Risk,No Action,0.0
Inventory -20%,2025-12-31,SKU0054,WH04,North,Home Care,GlowCare,SUP5,251.20000000000002,6,58.35214996716512,143.3411609561761,81.3499365,169.85006350000003,No Risk,No Action,0.0
Inventory -20%,2025-12-31,SKU0054,WH05,South,Home Care,GlowCare,SUP5,130.4,6,57.812843087198026,139.9007551751101,67.790058,62.609942000000004,Reorder Soon,Reorder Soon,301.9755719986268
Inventory -20%,2025-12-31,SKU0055,WH01,North,Home Care,GlowCare,SUP9,282.40000000000003,8,95.07791942986393,257.97901833096284,153.246994,129.15300600000003,No Risk,No Action,0.0
Inventory -20%,2025-12-31,SKU0055,WH02,South,Home Care,GlowCare,SUP9,463.20000000000005,8,88.77965895604225,239.8126259890093,145.630367,317.56963300000007,No Risk,No Action,0.0
Inventory -20%,2025-12-31,SKU0055,WH03,South,Home Care,GlowCare,SUP9,0.0,8,86.80077692614597,234.93264505801415,144.646361,-144.646361,Critical Stockout Risk,Reorder Now,689.205874842948
Inventory -20%,2025-12-31,SKU0055,WH04,North,Home Care,GlowCare,SUP9,269.6,8,93.55569860140116,251.7974568431594,138.718984,130.88101600000002,No Risk,No Action,0.0
Inventory -20%,2025-12-31,SKU0055,WH05,South,Home Care,GlowCare,SUP9,110.4,8,91.69652682905664,248.5316916642215,166.244939,-55.84493899999998,Critical Stockout Risk,Reorder Now,709.1636116988292
Inventory -20%,2025-12-31,SKU0056,WH01,North,Personal Care,SurfStyle,SUP3,7.2,6,3.903361765545613,7.5956694578533055,6.6374759,0.5625241000000001,Reorder Soon,Reorder Soon,98.57704721640796
Inventory -20%,2025-12-31,SKU0056,WH02,South,Personal Care,SurfStyle,SUP3,3.2,6,4.097795564195514,8.317575783975734,7.00839874,-3.8083987399999994,Critical Stockout Risk,Reorder Now,105.38329625246752
Inventory -20%,2025-12-31,SKU0056,WH03,South,Personal Care,SurfStyle,SUP3,0.0,6,4.522790864481289,9.20410954579997,8.0910056,-8.0910056,Critical Stockout Risk,Reorder Now,110.99692972678832
Inventory -20%,2025-12-31,SKU0056,WH04,North,Personal Care,SurfStyle,SUP3,9.600000000000001,6,4.521399209848195,9.400520088969074,7.09147857,2.508521430000002,No Risk,No Action,0.0
Inventory -20%,2025-12-31,SKU0056,WH05,South,Personal Care,SurfStyle,SUP3,4.0,6,4.13757830320981,8.555160720792227,7.99760775,-3.9976077500000002,Critical Stockout Risk,Reorder Now,107.82493201114886
Inventory -20%,2025-12-31,SKU0057,WH01,North,Home Care,FreshFoods,SUP7,85.60000000000001,7,20.416972956717498,61.80158834133289,38.9364354,46.66356460000001,No Risk,No Action,0.0
Inventory -20%,2025-12-31,SKU0057,WH02,South,Home Care,FreshFoods,SUP7,32.0,7,19.76158585820483,59.14620124282021,39.6242307,-7.624230699999998,Critical Stockout Risk,Reorder Now,622.6911456728811
Inventory -20%,2025-12-31,SKU0057,WH03,South,Home Care,FreshFoods,SUP7,41.6,7,20.52491223585429,62.832604543546594,36.0265957,5.5734043,Reorder Soon,Reorder Soon,645.3852782729634
Inventory -20%,2025-12-31,SKU0057,WH04,North,Home Care,FreshFoods,SUP7,120.0,7,19.941369059872027,61.09521521371819,38.3211772,81.6788228,No Risk,No Action,0.0
Inventory -20%,2025-12-31,SKU0057,WH05,South,Home Care,FreshFoods,SUP7,90.4,7,19.954219429077813,60.10806558292397,37.6232384,52.77676160000001,No Risk,No Action,0.0
Inventory -20%,2025-12-31,SKU0058,WH01,North,Home Care,SurfStyle,SUP2,410.40000000000003,8,89.65013785518933,312.9468411518926,203.089849,207.31015100000005,No Risk,No Action,0.0
Inventory -20%,2025-12-31,SKU0058,WH02,South,Home Care,SurfStyle,SUP2,236.0,8,89.7990819940465,313.6232578182223,211.510335,24.489665000000002,Reorder Soon,Reorder Soon,1315.3449120098117
Inventory -20%,2025-12-31,SKU0058,WH03,South,Home Care,SurfStyle,SUP2,607.2,8,86.81922043831689,306.42361604271247,219.503898,387.69610200000005,No Risk,No Action,0.0
Inventory -20%,2025-12-31,SKU0058,WH04,North,Home Care,SurfStyle,SUP2,45.6,8,96.34504816597511,332.30109212201904,231.990605,-186.390605,Critical Stockout Risk,Reorder Now,1350.5221307923116
Inventory -20%,2025-12-31,SKU0058,WH05,South,Home Care,SurfStyle,SUP2,260.0,8,93.11788701475344,326.70030459717105,236.205163,23.794837,Reorder Soon,Reorder Soon,1343.7120962586514
Inventory -20%,2025-12-31,SKU0059,WH01,North,Home Care,FreshFoods,SUP9,394.40000000000003,8,103.11835197870232,278.76670362705397,168.391161,226.00883900000002,No Risk,No Action,0.0
Inventory -20%,2025-12-31,SKU0059,WH02,South,Home Care,FreshFoods,SUP9,520.0,8,103.54121469621062,279.3653905203864,188.525693,331.474307,No Risk,No Action,0.0
Inventory -20%,2025-12-31,SKU0059,WH03,South,Home Care,FreshFoods,SUP9,424.8,8,102.54785298559015,275.383017820755,158.521548,266.278452,No Risk,No Action,0.0
Inventory -20%,2025-12-31,SKU0059,WH04,North,Home Care,FreshFoods,SUP9,219.20000000000002,8,102.6923399591767,279.21981248664923,176.446258,42.75374200000002,Reorder Soon,Reorder Soon,465.27537604128696
Inventory -20%,2025-12-31,SKU0059,WH05,South,Home Care,FreshFoods,SUP9,276.8,8,105.42388360921724,286.25904844438213,179.767562,97.03243800000001,Reorder Soon,Reorder Soon,470.9180753790107
Inventory -20%,2025-12-31,SKU0060,WH01,North,Foods & Refreshment,FreshFoods,SUP1,166.4,10,58.30218576863453,161.48899895544773,106.014441,60.385559,No Risk,No Action,0.0
Inventory -20%,2025-12-31,SKU0060,WH02,South,Foods & Refreshment,FreshFoods,SUP1,188.8,10,54.11785615599979,151.7002737384174,92.9992885,95.8007115,No Risk,No Action,0.0
Inventory -20%,2025-12-31,SKU0060,WH03,South,Foods & Refreshment,FreshFoods,SUP1,105.60000000000001,10,52.77744812828031,147.72250307333528,93.166196,12.43380400000001,Reorder Soon,Reorder Soon,411.5623927244212
Inventory -20%,2025-12-31,SKU0060,WH04,North,Foods & Refreshment,FreshFoods,SUP1,66.4,10,58.07665315579382,161.1535762327169,94.447616,-28.04761599999999,Critical Stockout Risk,Reorder Now,428.8251334024852
Inventory -20%,2025-12-31,SKU0060,WH05,South,Foods & Refreshment,FreshFoods,SUP1,135.20000000000002,10,54.78336239731991,152.80534041929795,92.9468455,42.25315450000002,Reorder Soon,Reorder Soon,418.1780560228031
Inventory -20%,2025-12-31,SKU0061,WH01,North,Foods & Refreshment,DailyEssentials,SUP11,152.8,5,45.29859254550775,118.70518595210115,70.5036425,82.29635750000001,No Risk,No Action,0.0
Inventory -20%,2025-12-31,SKU0061,WH02,South,Foods & Refreshment,DailyEssentials,SUP11,108.80000000000001,5,47.35004530783676,124.38301234080379,80.318481,28.481519000000006,Reorder Soon,Reorder Soon,732.223905716734
Inventory -20%,2025-12-31,SKU0061,WH03,South,Foods & Refreshment,DailyEssentials,SUP11,121.60000000000001,5,48.23517586551206,125.9824286127648,83.98165499999999,37.61834500000002,Reorder Soon,Reorder Soon,735.6108338691974
Inventory -20%,2025-12-31,SKU0061,WH04,North,Foods & Refreshment,DailyEssentials,SUP11,29.6,5,48.17959615755601,126.31146428942415,83.224635,-53.624635000000005,Critical Stockout Risk,Reorder Now,737.4281212113668
Inventory -20%,2025-12-31,SKU0061,WH05,South,Foods & Refreshment,DailyEssentials,SUP11,112.80000000000001,5,47.86241374565781,123.96131484455893,85.682362,27.117638000000014,Reorder Soon,Reorder Soon,727.7710629932668
Inventory -20%,2025-12-31,SKU0062,WH01,North,Personal Care,FreshFoods,SUP1,467.20000000000005,10,192.19394273262623,546.2598767985603,305.170365,162.02963500000004,Reorder Soon,Reorder Soon,1194.7862124113697
Inventory -20%,2025-12-31,SKU0062,WH02,South,Personal Care,FreshFoods,SUP1,685.6,10,196.9055736551148,558.5539253034665,364.739769,320.860231,No Risk,No Action,0.0
Inventory -20%,2025-12-31,SKU0062,WH03,South,Personal Care,FreshFoods,SUP1,638.4000000000001,10,194.15767992849368,553.498339269153,342.129571,296.2704290000001,No Risk,No Action,0.0
Inventory -20%,2025-12-31,SKU0062,WH04,North,Personal Care,FreshFoods,SUP1,1033.6000000000001,10,202.8320053576096,567.0078295334338,337.441058,696.1589420000001,No Risk,No Action,0.0
Inventory -20%,2025-12-31,SKU0062,WH05,South,Personal Care,FreshFoods,SUP1,533.6,10,189.87363358660497,536.1373698503412,335.347439,198.25256100000001,Reorder Soon,Reorder Soon,1181.5487248786758
Inventory -20%,2025-12-31,SKU0063,WH01,North,Home Care,GlowCare,SUP3,184.8,6,47.0755958594049,114.06460684841588,61.72709,123.07291000000001,No Risk,No Action,0.0
Inventory -20%,2025-12-31,SKU0063,WH02,South,Home Care,GlowCare,SUP3,33.6,6,48.993438505776005,119.41102092335842,73.814239,-40.214239,Critical Stockout Risk,Reorder Now,613.1152106721329
Inventory -20%,2025-12-31,SKU0063,WH03,South,Home Care,GlowCare,SUP3,113.60000000000001,6,48.53967780325307,117.70451296808824,65.06943,48.53057000000001,Reorder Soon,Reorder Soon,607.6369964470344
Inventory -20%,2025-12-31,SKU0063,WH04,North,Home Care,GlowCare,SUP3,84.0,6,52.51734272599271,122.93492514357513,64.371438,19.628562000000002,Reorder Soon,Reorder Soon,613.1152106721329
Inventory -20%,2025-12-31,SKU0063,WH05,South,Home Care,GlowCare,SUP3,100.0,6,46.92292501087206,113.51633160427866,61.276708,38.723292,Reorder Soon,Reorder Soon,596.2345673794142
Inventory -20%,2025-12-31,SKU0064,WH01,North,Foods & Refreshment,DailyEssentials,SUP3,105.60000000000001,6,30.99660693083964,78.40320033743305,48.630447,56.96955300000001,No Risk,No Action,0.0
Inventory -20%,2025-12-31,SKU0064,WH02,South,Foods & Refreshment,DailyEssentials,SUP3,57.6,6,33.13570481789219,84.56427624646362,55.025746,2.5742540000000034,Reorder Soon,Reorder Soon,340.6758239229525
Inventory -20%,2025-12-31,SKU0064,WH03,South,Foods & Refreshment,DailyEssentials,SUP3,19.200000000000003,6,32.15407826072177,82.65957276621629,48.985775,-29.785774999999994,Critical Stockout Risk,Reorder Now,337.60463340307683
Inventory -20%,2025-12-31,SKU0064,WH04,North,Foods & Refreshment,DailyEssentials,SUP3,59.2,6,32.685579114891695,83.5866780159906,55.424943,3.775057000000004,Reorder Soon,Reorder Soon,338.9242656653656
Inventory -20%,2025-12-31,SKU0064,WH05,South,Foods & Refreshment,DailyEssentials,SUP3,75.2,6,30.70403428407144,79.1655727456099,52.396564000000005,22.803435999999998,Reorder Soon,Reorder Soon,330.70265616369335
Inventory -20%,2025-12-31,SKU0065,WH01,North,Personal Care,GlowCare,SUP13,516.8000000000001,7,170.6099346864342,463.91762699412646,302.122931,214.67706900000007,No Risk,No Action,0.0
Inventory -20%,2025-12-31,SKU0065,WH02,South,Personal Care,GlowCare,SUP13,364.0,7,172.91299218507393,467.7591460312277,281.923882,82.07611800000001,Reorder Soon,Reorder Soon,1102.0543127971578
Inventory -20%,2025-12-31,SKU0065,WH03,South,Personal Care,GlowCare,SUP13,399.20000000000005,7,164.74169368430844,444.8186167612315,290.986448,108.21355200000005,Reorder Soon,Reorder Soon,1074.098050458339
Inventory -20%,2025-12-31,SKU0065,WH04,North,Personal Care,GlowCare,SUP13,452.8,7,167.11260352363465,454.26644967748075,273.75621,179.04379,Reorder Soon,Reorder Soon,1087.5834339845003
Inventory -20%,2025-12-31,SKU0065,WH05,South,Personal Care,GlowCare,SUP13,764.8000000000001,7,169.78538403943136,461.4007686548159,296.295123,468.5048770000001,No Risk,No Action,0.0
Inventory -20%,2025-12-31,SKU0066,WH01,North,Personal Care,GlowCare,SUP1,181.60000000000002,10,43.17434471342225,130.42709196616948,81.9903346,99.60966540000003,No Risk,No Action,0.0
Inventory -20%,2025-12-31,SKU0066,WH02,South,Personal Care,GlowCare,SUP1,92.80000000000001,10,45.01122478057721,135.0112247805772,82.861924,9.93807600000001,Reorder Soon,Reorder Soon,326.66442254897936
Inventory -20%,2025-12-31,SKU0066,WH03,South,Personal Care,GlowCare,SUP1,293.6,10,42.48973714435313,128.09413274874873,80.1646414,213.43535860000003,No Risk,No Action,0.0
Inventory -20%,2025-12-31,SKU0066,WH04,North,Personal Care,GlowCare,SUP1,137.6,10,43.04169858140556,129.1955447352517,88.508461,49.091539,No Risk,No Action,0.0
Inventory -20%,2025-12-31,SKU0066,WH05,South,Personal Care,GlowCare,SUP1,126.4,10,42.29102982954375,128.00531554382945,96.660449,29.739551000000006,Reorder Soon,Reorder Soon,318.7918337952394
Inventory -20%,2025-12-31,SKU0067,WH01,North,Home Care,DailyEssentials,SUP7,303.2,7,183.49234047941923,452.72310971018845,264.024001,39.17599899999999,Reorder Soon,Reorder Soon,2432.290111972889
Inventory -20%,2025-12-31,SKU0067,WH02,South,Home Care,DailyEssentials,SUP7,484.8,7,186.5474407403113,455.6243638172344,257.316506,227.483494,No Risk,No Action,0.0
Inventory -20%,2025-12-31,SKU0067,WH03,South,Home Care,DailyEssentials,SUP7,260.8,7,184.4101401673757,451.79475555199105,269.2554,-8.455399999999997,Critical Stockout Risk,Reorder Now,2423.9364864541308
Inventory -20%,2025-12-31,SKU0067,WH04,North,Home Care,DailyEssentials,SUP7,293.6,7,186.26122455677773,459.491993787547,273.533989,20.066011000000003,Reorder Soon,Reorder Soon,2450.291935412797
Inventory -20%,2025-12-31,SKU0067,WH05,South,Home Care,DailyEssentials,SUP7,682.4000000000001,7,176.85627829493765,432.0870475257069,264.38471,418.0152900000001,No Risk,No Action,0.0
Inventory -20%,2025-12-31,SKU0068,WH01,North,Home Care,GlowCare,SUP9,20.0,8,9.493621964267597,20.043072513718148,11.10867831,8.89132169,Reorder Soon,Reorder Soon,160.66069912559544
Inventory -20%,2025-12-31,SKU0068,WH02,South,Home Care,GlowCare,SUP9,14.4,8,9.81506521804673,20.979900382881894,12.1889045,2.2110955000000008,Reorder Soon,Reorder Soon,165.28022292780244
Inventory -20%,2025-12-31,SKU0068,WH03,South,Home Care,GlowCare,SUP9,35.2,8,11.469052454053772,24.91960190460322,11.9501345,23.249865500000002,No Risk,No Action,0.0
Inventory -20%,2025-12-31,SKU0068,WH04,North,Home Care,GlowCare,SUP9,26.400000000000002,8,9.568870914153695,20.38205772734051,14.3846353,12.015364700000003,No Risk,No Action,0.0
Inventory -20%,2025-12-31,SKU0068,WH05,South,Home Care,GlowCare,SUP9,20.0,8,11.108924112934115,23.328704332714334,15.4228139,4.5771861000000005,Reorder Soon,Reorder Soon,172.91251578592158
Inventory -20%,2025-12-31,SKU0069,WH01,North,Home Care,SurfStyle,SUP8,0.0,8,99.120172941596,227.29599711742017,133.702265,-133.702265,Critical Stockout Risk,Reorder Now,562.314334923928
Inventory -20%,2025-12-31,SKU0069,WH02,South,Home Care,SurfStyle,SUP8,200.8,8,93.29536848743324,213.5591047511695,122.3002155,78.49978450000002,Reorder Soon,Reorder Soon,544.682524541708
Inventory -20%,2025-12-31,SKU0069,WH03,South,Home Care,SurfStyle,SUP8,195.20000000000002,8,98.29250014010807,223.9188737664817,134.061826,61.13817400000002,Reorder Soon,Reorder Soon,556.6939575207471
Inventory -20%,2025-12-31,SKU0069,WH04,North,Home Care,SurfStyle,SUP8,218.4,8,98.70237900885182,226.0869943934672,130.708469,87.691531,Reorder Soon,Reorder Soon,560.5761102552965
Inventory -20%,2025-12-31,SKU0069,WH05,South,Home Care,SurfStyle,SUP8,217.60000000000002,8,101.71445530547192,231.64852123953784,138.609068,78.99093200000002,Reorder Soon,Reorder Soon,566.1579499660729
Inventory -20%,2025-12-31,SKU0070,WH01,North,Foods & Refreshment,GlowCare,SUP11,84.80000000000001,5,42.1590809448708,110.34589413168399,74.122512,10.677488000000011,Reorder Soon,Reorder Soon,600.2246639579112
Inventory -20%,2025-12-31,SKU0070,WH02,South,Foods & Refreshment,GlowCare,SUP11,129.6,5,43.50674372142009,114.05619427087063,75.473626,54.126374,No Risk,No Action,0.0
Inventory -20%,2025-12-31,SKU0070,WH03,South,Foods & Refreshment,GlowCare,SUP11,95.2,5,42.67510555536176,111.905874786131,74.74155400000001,20.458445999999995,Reorder Soon,Reorder Soon,604.8020004192234
Inventory -20%,2025-12-31,SKU0070,WH04,North,Foods & Refreshment,GlowCare,SUP11,132.8,5,41.51785505620655,108.33104186939337,75.456429,57.34357100000001,No Risk,No Action,0.0
Inventory -20%,2025-12-31,SKU0070,WH05,South,Foods & Refreshment,GlowCare,SUP11,36.0,5,41.845577462193575,109.3730499896661,72.57833,-36.578329999999994,Critical Stockout Risk,Reorder Now,597.3156420005421
Inventory -20%,2025-12-31,SKU0071,WH01,North,Personal Care,DailyEssentials,SUP13,43.2,7,53.89173094560629,140.12250017637552,80.571521,-37.371521,Critical Stockout Risk,Reorder Now,457.356305739962
Inventory -20%,2025-12-31,SKU0071,WH02,South,Personal Care,DailyEssentials,SUP13,276.8,7,54.26683293338227,143.65144831799765,78.725993,198.074007,No Risk,No Action,0.0
Inventory -20%,2025-12-31,SKU0071,WH03,South,Personal Care,DailyEssentials,SUP13,270.40000000000003,7,51.390654317730906,134.3906543177309,79.010519,191.38948100000005,No Risk,No Action,0.0
Inventory -20%,2025-12-31,SKU0071,WH04,North,Personal Care,DailyEssentials,SUP13,145.6,7,50.94090524120779,134.40244370274627,73.832157,71.767843,No Risk,No Action,0.0
Inventory -20%,2025-12-31,SKU0071,WH05,South,Personal Care,DailyEssentials,SUP13,110.4,7,49.93882856664141,131.47729010510295,71.0583665,39.3416335,Reorder Soon,Reorder Soon,444.73857231203993
Inventory -20%,2025-12-31,SKU0072,WH01,North,Home Care,SurfStyle,SUP6,12.0,10,26.21823010195724,103.14130702503417,88.29398499999999,-76.29398499999999,Critical Stockout Risk,Reorder Now,453.2638588382188
Inventory -20%,2025-12-31,SKU0072,WH02,South,Home Care,SurfStyle,SUP6,105.60000000000001,10,24.420031337094297,98.8156357326987,72.8421616,32.75783840000001,No Risk,No Action,0.0
Inventory -20%,2025-12-31,SKU0072,WH03,South,Home Care,SurfStyle,SUP6,99.2,10,25.238382881693507,102.82080046411109,72.053241,27.146759000000003,Reorder Soon,Reorder Soon,455.2022733507951
Inventory -20%,2025-12-31,SKU0072,WH04,North,Home Care,SurfStyle,SUP6,87.2,10,24.116532857471768,95.32532406626297,63.9357068,23.264293200000004,Reorder Soon,Reorder Soon,436.1035025776326
Inventory -20%,2025-12-31,SKU0072,WH05,South,Home Care,SurfStyle,SUP6,100.0,10,25.61379487970625,104.40500367091504,75.3761793,24.623820699999996,Reorder Soon,Reorder Soon,458.7347601947127
Inventory -20%,2025-12-31,SKU0073,WH01,North,Home Care,GlowCare,SUP13,279.2,7,104.87357034947192,281.79664727254885,176.866685,102.333315,Reorder Soon,Reorder Soon,356.4428011187028
Inventory -20%,2025-12-31,SKU0073,WH02,South,Home Care,GlowCare,SUP13,272.8,7,105.41819946436188,284.18743023359264,167.149567,105.65043300000002,Reorder Soon,Reorder Soon,368.9258917720543
Inventory -20%,2025-12-31,SKU0073,WH03,South,Home Care,GlowCare,SUP13,0.0,7,105.7540210134323,285.7540210134323,187.505085,-187.505085,Critical Stockout Risk,Reorder Now,645.7540210134323
Inventory -20%,2025-12-31,SKU0073,WH04,North,Home Care,GlowCare,SUP13,102.4,7,103.56412762297563,278.17951223836025,161.634418,-59.234418000000005,Critical Stockout Risk,Reorder Now,525.0102814691295
Inventory -20%,2025-12-31,SKU0073,WH05,South,Home Care,GlowCare,SUP13,178.4,7,104.21208991507784,280.6736283766163,167.171293,11.228707000000014,Reorder Soon,Reorder Soon,455.19670529969324
Inventory -20%,2025-12-31,SKU0074,WH01,North,Personal Care,SurfStyle,SUP5,156.8,6,71.18531550562645,189.5369638572748,114.748427,42.051573000000005,Reorder Soon,Reorder Soon,410.1342436603277
Inventory -20%,2025-12-31,SKU0074,WH02,South,Personal Care,SurfStyle,SUP5,156.8,6,64.15777082019746,171.36656202898865,103.072895,53.72710500000001,Reorder Soon,Reorder Soon,390.3499030742021
Inventory -20%,2025-12-31,SKU0074,WH03,South,Personal Care,SurfStyle,SUP5,227.20000000000002,6,68.09153291954577,180.77285160086444,106.491653,120.70834700000002,No Risk,No Action,0.0
Inventory -20%,2025-12-31,SKU0074,WH04,North,Personal Care,SurfStyle,SUP5,322.40000000000003,6,69.83598390582652,185.08873115857375,116.738609,205.66139100000004,No Risk,No Action,0.0
Inventory -20%,2025-12-31,SKU0074,WH05,South,Personal Care,SurfStyle,SUP5,75.2,6,65.23739688878304,174.49014414153027,111.219079,-36.01907899999999,Critical Stockout Risk,Reorder Now,394.0533821934099
Inventory -20%,2025-12-31,SKU0075,WH01,North,Home Care,FreshFoods,SUP15,76.0,6,22.093491088943964,49.78579878125166,21.7346245,54.265375500000005,No Risk,No Action,0.0
Inventory -20%,2025-12-31,SKU0075,WH02,South,Home Care,FreshFoods,SUP15,36.800000000000004,6,20.46583319123344,46.11418483958509,26.7745154,10.025484600000006,Reorder Soon,Reorder Soon,213.16628765157856
Inventory -20%,2025-12-31,SKU0075,WH03,South,Home Care,FreshFoods,SUP15,40.0,6,21.29312058181603,48.32608761478306,23.9200737,16.0799263,Reorder Soon,Reorder Soon,218.844506655995
Inventory -20%,2025-12-31,SKU0075,WH04,North,Home Care,FreshFoods,SUP15,6.4,6,21.511894636218397,48.4129935373173,30.8091204,-24.4091204,Critical Stockout Risk,Reorder Now,218.3100870386108
Inventory -20%,2025-12-31,SKU0075,WH05,South,Home Care,FreshFoods,SUP15,28.8,6,20.98366666679429,47.225424908552526,24.5376169,4.262383100000001,Reorder Soon,Reorder Soon,215.6181211060556
Inventory -20%,2025-12-31,SKU0076,WH01,North,Foods & Refreshment,GlowCare,SUP8,140.8,8,91.23244209119628,208.77090362965782,119.301841,21.498159000000015,Reorder Soon,Reorder Soon,331.28875800665617
Inventory -20%,2025-12-31,SKU0076,WH02,South,Foods & Refreshment,GlowCare,SUP8,144.0,8,84.21496015478169,193.57759751741906,118.593488,25.406512000000006,Reorder Soon,Reorder Soon,319.5590970025951
Inventory -20%,2025-12-31,SKU0076,WH03,South,Foods & Refreshment,GlowCare,SUP8,338.40000000000003,8,88.7424039253189,203.4676786505936,98.978088,239.42191200000002,No Risk,No Action,0.0
Inventory -20%,2025-12-31,SKU0076,WH04,North,Foods & Refreshment,GlowCare,SUP8,226.4,8,85.79504908308529,196.91592820396443,93.688422,132.711578,No Risk,No Action,0.0
Inventory -20%,2025-12-31,SKU0076,WH05,South,Foods & Refreshment,GlowCare,SUP8,0.0,8,85.81957776453767,197.02836897332887,132.803897,-132.803897,Critical Stockout Risk,Reorder Now,391.6437535887134
Inventory -20%,2025-12-31,SKU0077,WH01,North,Personal Care,GlowCare,SUP12,180.0,8,56.99788200209944,138.05282705704448,73.946123,106.053877,No Risk,No Action,0.0
Inventory -20%,2025-12-31,SKU0077,WH02,South,Personal Care,GlowCare,SUP12,96.0,8,56.89413610237717,138.740289948531,85.2576485,10.742351499999998,Reorder Soon,Reorder Soon,433.80527716450285
Inventory -20%,2025-12-31,SKU0077,WH03,South,Personal Care,GlowCare,SUP12,0.0,8,59.07771840141685,143.56123488493333,83.202611,-83.202611,Critical Stockout Risk,Reorder Now,440.73920522087474
Inventory -20%,2025-12-31,SKU0077,WH04,North,Personal Care,GlowCare,SUP12,300.0,8,53.75473498685854,133.84264707477064,75.753858,224.24614200000002,No Risk,No Action,0.0
Inventory -20%,2025-12-31,SKU0077,WH05,South,Personal Care,GlowCare,SUP12,23.200000000000003,8,54.56504498066652,133.2463636619852,81.68225050000001,-58.482250500000006,Critical Stockout Risk,Reorder Now,425.335378575804
Inventory -20%,2025-12-31,SKU0078,WH01,North,Personal Care,SurfStyle,SUP14,95.2,11,54.29479160096781,153.65742896360518,102.479973,-7.279972999999998,Critical Stockout Risk,Reorder Now,375.2616028118332
Inventory -20%,2025-12-31,SKU0078,WH02,South,Personal Care,SurfStyle,SUP14,148.0,11,59.15984697979221,165.89611071605597,111.7567605,36.2432395,Reorder Soon,Reorder Soon,388.936384022486
Inventory -20%,2025-12-31,SKU0078,WH03,South,Personal Care,SurfStyle,SUP14,282.40000000000003,11,53.32091968081522,148.21102957092512,95.256837,187.14316300000002,No Risk,No Action,0.0
Inventory -20%,2025-12-31,SKU0078,WH04,North,Personal Care,SurfStyle,SUP14,318.40000000000003,11,54.706748756256346,152.86059491010252,106.276223,212.12377700000002,No Risk,No Action,0.0
Inventory -20%,2025-12-31,SKU0078,WH05,South,Personal Care,SurfStyle,SUP14,0.0,11,53.84393970263353,151.15163201032584,102.904111,-102.904111,Critical Stockout Risk,Reorder Now,371.3608871461917
Inventory -20%,2025-12-31,SKU0079,WH01,North,Home Care,FreshFoods,SUP12,12.0,8,7.76401949306752,17.43434916339719,9.16397522,2.8360247800000007,Reorder Soon,Reorder Soon,253.18805925202025
Inventory -20%,2025-12-31,SKU0079,WH02,South,Home Care,FreshFoods,SUP12,9.600000000000001,8,7.89873448262624,17.12950371339547,8.561918499999999,1.0380815000000023,Reorder Soon,Reorder Soon,247.3668659652092
Inventory -20%,2025-12-31,SKU0079,WH03,South,Home Care,FreshFoods,SUP12,3.2,8,7.287691472335071,16.5184607031043,10.3271333,-7.1271333,Critical Stockout Risk,Reorder Now,247.3668659652092
Inventory -20%,2025-12-31,SKU0079,WH04,North,Home Care,FreshFoods,SUP12,16.0,8,7.5067002951933315,16.561645350138384,10.88435146,5.1156485400000005,Reorder Soon,Reorder Soon,244.99966446774548
Inventory -20%,2025-12-31,SKU0079,WH05,South,Home Care,FreshFoods,SUP12,13.600000000000001,8,6.176114768385621,13.560730153001007,8.37997426,5.220025740000002,No Risk,No Action,0.0
Inventory -20%,2025-12-31,SKU0080,WH01,North,Personal Care,FreshFoods,SUP13,136.8,7,60.841044783929874,162.61027555316065,103.813428,32.98657200000001,Reorder Soon,Reorder Soon,1159.0235136371066
Inventory -20%,2025-12-31,SKU0080,WH02,South,Personal Care,FreshFoods,SUP13,84.0,7,61.79389105343807,161.48619874574575,96.859599,-12.859599000000003,Critical Stockout Risk,Reorder Now,1147.1357787351244
Inventory -20%,2025-12-31,SKU0080,WH03,South,Personal Care,FreshFoods,SUP13,27.200000000000003,7,59.62181354079926,160.1602750792608,104.298292,-77.098292,Critical Stockout Risk,Reorder Now,1151.9937383199904
Inventory -20%,2025-12-31,SKU0080,WH04,North,Personal Care,FreshFoods,SUP13,157.60000000000002,7,64.8052301029133,170.57446087214407,115.450185,42.14981500000002,Reorder Soon,Reorder Soon,1181.5814759373245
Inventory -20%,2025-12-31,SKU0080,WH05,South,Personal Care,FreshFoods,SUP13,114.4,7,60.55961638167913,160.55961638167912,104.2947635,10.105236500000004,Reorder Soon,Reorder Soon,1148.904686152446
