month_start,sku_id,wh_id,demand_units,promo_days,avg_price
2024-01-01,SKU0001,WH01,612.0,1,46.47967741935484
2024-01-01,SKU0001,WH02,636.0,1,46.47967741935484
2024-01-01,SKU0001,WH03,602.0,1,46.47967741935484
2024-01-01,SKU0001,WH04,675.0,1,46.47967741935484
2024-01-01,SKU0001,WH05,650.0,1,46.47967741935484
2024-01-01,SKU0002,WH01,165.0,2,318.8477419354839
2024-01-01,SKU0002,WH02,147.0,2,318.8477419354839
2024-01-01,SKU0002,WH03,179.0,2,318.8477419354839
2024-01-01,SKU0002,WH04,146.0,2,318.8477419354839
2024-01-01,SKU0002,WH05,172.0,2,318.8477419354839
2024-01-01,SKU0003,WH01,1443.0,2,87.84290322580645
2024-01-01,SKU0003,WH02,1463.0,2,87.84290322580645
2024-01-01,SKU0003,WH03,1461.0,2,87.84290322580645
2024-01-01,SKU0003,WH04,1392.0,2,87.84290322580645
2024-01-01,SKU0003,WH05,1503.0,2,87.84290322580645
2024-01-01,SKU0004,WH01,3014.0,3,22.5
2024-01-01,SKU0004,WH02,2887.0,3,22.5
2024-01-01,SKU0004,WH03,2836.0,3,22.5
2024-01-01,SKU0004,WH04,2744.0,3,22.5
2024-01-01,SKU0004,WH05,2656.0,3,22.5
2024-01-01,SKU0005,WH01,718.0,4,195.4458064516129
2024-01-01,SKU0005,WH02,723.0,4,195.4458064516129
2024-01-01,SKU0005,WH03,686.0,4,195.4458064516129
2024-01-01,SKU0005,WH04,690.0,4,195.4458064516129
2024-01-01,SKU0005,WH05,720.0,4,195.4458064516129
2024-01-01,SKU0006,WH01,28.0,0,136.11
2024-01-01,SKU0006,WH02,19.0,0,136.11
2024-01-01,SKU0006,WH03,24.0,0,136.11
2024-01-01,SKU0006,WH04,26.0,0,136.11
2024-01-01,SKU0006,WH05,31.0,0,136.11
2024-01-01,SKU0007,WH01,462.0,3,288.83161290322585
2024-01-01,SKU0007,WH02,425.0,3,288.83161290322585
2024-01-01,SKU0007,WH03,460.0,3,288.83161290322585
2024-01-01,SKU0007,WH04,465.0,3,288.83161290322585
2024-01-01,SKU0007,WH05,428.0,3,288.83161290322585
2024-01-01,SKU0008,WH01,960.0,3,280.6758064516129
2024-01-01,SKU0008,WH02,1027.0,3,280.6758064516129
2024-01-01,SKU0008,WH03,967.0,3,280.6758064516129
2024-01-01,SKU0008,WH04,894.0,3,280.6758064516129
2024-01-01,SKU0008,WH05,979.0,3,280.6758064516129
2024-01-01,SKU0009,WH01,1244.0,3,116.31
2024-01-01,SKU0009,WH02,1309.0,3,116.31
2024-01-01,SKU0009,WH03,1254.0,3,116.31
2024-01-01,SKU0009,WH04,1311.0,3,116.31
2024-01-01,SKU0009,WH05,1316.0,3,116.31
2024-01-01,SKU0010,WH01,273.0,5,327.5254838709678
2024-01-01,SKU0010,WH02,268.0,5,327.5254838709678
2024-01-01,SKU0010,WH03,276.0,5,327.5254838709678
2024-01-01,SKU0010,WH04,261.0,5,327.5254838709678
2024-01-01,SKU0010,WH05,251.0,5,327.5254838709678
2024-01-01,SKU0011,WH01,705.0,1,108.20741935483872
2024-01-01,SKU0011,WH02,703.0,1,108.20741935483872
2024-01-01,SKU0011,WH03,675.0,1,108.20741935483872
2024-01-01,SKU0011,WH04,728.0,1,108.20741935483872
2024-01-01,SKU0011,WH05,746.0,1,108.20741935483872
2024-01-01,SKU0012,WH01,292.0,2,183.92548387096775
2024-01-01,SKU0012,WH02,335.0,2,183.92548387096775
2024-01-01,SKU0012,WH03,291.0,2,183.92548387096775
2024-01-01,SKU0012,WH04,313.0,2,183.92548387096775
2024-01-01,SKU0012,WH05,278.0,2,183.92548387096775
2024-01-01,SKU0013,WH01,232.0,4,95.4651612903226
2024-01-01,SKU0013,WH02,262.0,4,95.4651612903226
2024-01-01,SKU0013,WH03,262.0,4,95.4651612903226
2024-01-01,SKU0013,WH04,263.0,4,95.4651612903226
2024-01-01,SKU0013,WH05,267.0,4,95.4651612903226
2024-01-01,SKU0014,WH01,118.0,3,324.0148387096774
2024-01-01,SKU0014,WH02,132.0,3,324.0148387096774
2024-01-01,SKU0014,WH03,137.0,3,324.0148387096774
2024-01-01,SKU0014,WH04,139.0,3,324.0148387096774
2024-01-01,SKU0014,WH05,145.0,3,324.0148387096774
2024-01-01,SKU0015,WH01,90.0,3,65.11870967741936
2024-01-01,SKU0015,WH02,102.0,3,65.11870967741936
2024-01-01,SKU0015,WH03,95.0,3,65.11870967741936
2024-01-01,SKU0015,WH04,86.0,3,65.11870967741936
2024-01-01,SKU0015,WH05,90.0,3,65.11870967741936
2024-01-01,SKU0016,WH01,1759.0,0,25.27
2024-01-01,SKU0016,WH02,1732.0,0,25.27
2024-01-01,SKU0016,WH03,1893.0,0,25.27
2024-01-01,SKU0016,WH04,1853.0,0,25.27
2024-01-01,SKU0016,WH05,1811.0,0,25.27
2024-01-01,SKU0017,WH01,355.0,3,155.3825806451613
2024-01-01,SKU0017,WH02,331.0,3,155.3825806451613
2024-01-01,SKU0017,WH03,327.0,3,155.3825806451613
2024-01-01,SKU0017,WH04,308.0,3,155.3825806451613
2024-01-01,SKU0017,WH05,348.0,3,155.3825806451613
2024-01-01,SKU0018,WH01,637.0,2,345.1687096774194
2024-01-01,SKU0018,WH02,673.0,2,345.1687096774194
2024-01-01,SKU0018,WH03,678.0,2,345.1687096774194
2024-01-01,SKU0018,WH04,675.0,2,345.1687096774194
2024-01-01,SKU0018,WH05,708.0,2,345.1687096774194
2024-01-01,SKU0019,WH01,858.0,3,308.62387096774194
2024-01-01,SKU0019,WH02,850.0,3,308.62387096774194
2024-01-01,SKU0019,WH03,888.0,3,308.62387096774194
2024-01-01,SKU0019,WH04,808.0,3,308.62387096774194
2024-01-01,SKU0019,WH05,843.0,3,308.62387096774194
2024-01-01,SKU0020,WH01,488.0,5,259.40999999999997
2024-01-01,SKU0020,WH02,481.0,5,259.40999999999997
2024-01-01,SKU0020,WH03,558.0,5,259.40999999999997
2024-01-01,SKU0020,WH04,535.0,5,259.40999999999997
2024-01-01,SKU0020,WH05,562.0,5,259.40999999999997
2024-01-01,SKU0021,WH01,139.0,3,307.31935483870967
2024-01-01,SKU0021,WH02,138.0,3,307.31935483870967
2024-01-01,SKU0021,WH03,118.0,3,307.31935483870967
2024-01-01,SKU0021,WH04,147.0,3,307.31935483870967
2024-01-01,SKU0021,WH05,153.0,3,307.31935483870967
2024-01-01,SKU0022,WH01,174.0,0,313.77
2024-01-01,SKU0022,WH02,192.0,0,313.77
2024-01-01,SKU0022,WH03,187.0,0,313.77
2024-01-01,SKU0022,WH04,158.0,0,313.77
2024-01-01,SKU0022,WH05,181.0,0,313.77
2024-01-01,SKU0023,WH01,311.0,2,184.9067741935484
2024-01-01,SKU0023,WH02,326.0,2,184.9067741935484
2024-01-01,SKU0023,WH03,315.0,2,184.9067741935484
2024-01-01,SKU0023,WH04,328.0,2,184.9067741935484
2024-01-01,SKU0023,WH05,310.0,2,184.9067741935484
2024-01-01,SKU0024,WH01,868.0,3,116.28387096774195
2024-01-01,SKU0024,WH02,866.0,3,116.28387096774195
2024-01-01,SKU0024,WH03,825.0,3,116.28387096774195
2024-01-01,SKU0024,WH04,705.0,3,116.28387096774195
2024-01-01,SKU0024,WH05,770.0,3,116.28387096774195
2024-01-01,SKU0025,WH01,685.0,1,272.04064516129034
2024-01-01,SKU0025,WH02,709.0,1,272.04064516129034
2024-01-01,SKU0025,WH03,705.0,1,272.04064516129034
2024-01-01,SKU0025,WH04,736.0,1,272.04064516129034
2024-01-01,SKU0025,WH05,715.0,1,272.04064516129034
2024-01-01,SKU0026,WH01,1503.0,1,234.20193548387098
2024-01-01,SKU0026,WH02,1459.0,1,234.20193548387098
2024-01-01,SKU0026,WH03,1379.0,1,234.20193548387098
2024-01-01,SKU0026,WH04,1446.0,1,234.20193548387098
2024-01-01,SKU0026,WH05,1396.0,1,234.20193548387098
2024-01-01,SKU0027,WH01,516.0,2,135.9348387096774
2024-01-01,SKU0027,WH02,557.0,2,135.9348387096774
2024-01-01,SKU0027,WH03,542.0,2,135.9348387096774
2024-01-01,SKU0027,WH04,538.0,2,135.9348387096774
2024-01-01,SKU0027,WH05,547.0,2,135.9348387096774
2024-01-01,SKU0028,WH01,239.0,1,41.9841935483871
2024-01-01,SKU0028,WH02,249.0,1,41.9841935483871
2024-01-01,SKU0028,WH03,228.0,1,41.9841935483871
2024-01-01,SKU0028,WH04,252.0,1,41.9841935483871
2024-01-01,SKU0028,WH05,234.0,1,41.9841935483871
2024-01-01,SKU0029,WH01,316.0,2,261.78161290322583
2024-01-01,SKU0029,WH02,319.0,2,261.78161290322583
2024-01-01,SKU0029,WH03,299.0,2,261.78161290322583
2024-01-01,SKU0029,WH04,332.0,2,261.78161290322583
2024-01-01,SKU0029,WH05,304.0,2,261.78161290322583
2024-01-01,SKU0030,WH01,670.0,5,97.47967741935483
2024-01-01,SKU0030,WH02,578.0,5,97.47967741935483
2024-01-01,SKU0030,WH03,617.0,5,97.47967741935483
2024-01-01,SKU0030,WH04,570.0,5,97.47967741935483
2024-01-01,SKU0030,WH05,603.0,5,97.47967741935483
2024-01-01,SKU0031,WH01,312.0,2,325.8706451612903
2024-01-01,SKU0031,WH02,299.0,2,325.8706451612903
2024-01-01,SKU0031,WH03,294.0,2,325.8706451612903
2024-01-01,SKU0031,WH04,292.0,2,325.8706451612903
2024-01-01,SKU0031,WH05,313.0,2,325.8706451612903
2024-01-01,SKU0032,WH01,282.0,1,91.3367741935484
2024-01-01,SKU0032,WH02,303.0,1,91.3367741935484
2024-01-01,SKU0032,WH03,299.0,1,91.3367741935484
2024-01-01,SKU0032,WH04,284.0,1,91.3367741935484
2024-01-01,SKU0032,WH05,326.0,1,91.3367741935484
2024-01-01,SKU0033,WH01,122.0,1,51.48967741935484
2024-01-01,SKU0033,WH02,145.0,1,51.48967741935484
2024-01-01,SKU0033,WH03,116.0,1,51.48967741935484
2024-01-01,SKU0033,WH04,133.0,1,51.48967741935484
2024-01-01,SKU0033,WH05,119.0,1,51.48967741935484
2024-01-01,SKU0034,WH01,159.0,4,288.8045161290322
2024-01-01,SKU0034,WH02,195.0,4,288.8045161290322
2024-01-01,SKU0034,WH03,184.0,4,288.8045161290322
2024-01-01,SKU0034,WH04,162.0,4,288.8045161290322
2024-01-01,SKU0034,WH05,160.0,4,288.8045161290322
2024-01-01,SKU0035,WH01,187.0,1,62.019677419354835
2024-01-01,SKU0035,WH02,159.0,1,62.019677419354835
2024-01-01,SKU0035,WH03,157.0,1,62.019677419354835
2024-01-01,SKU0035,WH04,171.0,1,62.019677419354835
2024-01-01,SKU0035,WH05,124.0,1,62.019677419354835
2024-01-01,SKU0036,WH01,140.0,2,70.72096774193548
2024-01-01,SKU0036,WH02,144.0,2,70.72096774193548
2024-01-01,SKU0036,WH03,168.0,2,70.72096774193548
2024-01-01,SKU0036,WH04,156.0,2,70.72096774193548
2024-01-01,SKU0036,WH05,173.0,2,70.72096774193548
2024-01-01,SKU0037,WH01,21.0,2,211.03129032258062
2024-01-01,SKU0037,WH02,20.0,2,211.03129032258062
2024-01-01,SKU0037,WH03,28.0,2,211.03129032258062
2024-01-01,SKU0037,WH04,21.0,2,211.03129032258062
2024-01-01,SKU0037,WH05,14.0,2,211.03129032258062
2024-01-01,SKU0038,WH01,536.0,1,305.36709677419356
2024-01-01,SKU0038,WH02,536.0,1,305.36709677419356
2024-01-01,SKU0038,WH03,494.0,1,305.36709677419356
2024-01-01,SKU0038,WH04,531.0,1,305.36709677419356
2024-01-01,SKU0038,WH05,535.0,1,305.36709677419356
2024-01-01,SKU0039,WH01,261.0,3,76.29451612903226
2024-01-01,SKU0039,WH02,228.0,3,76.29451612903226
2024-01-01,SKU0039,WH03,237.0,3,76.29451612903226
2024-01-01,SKU0039,WH04,275.0,3,76.29451612903226
2024-01-01,SKU0039,WH05,274.0,3,76.29451612903226
2024-01-01,SKU0040,WH01,219.0,2,114.57838709677421
2024-01-01,SKU0040,WH02,188.0,2,114.57838709677421
2024-01-01,SKU0040,WH03,184.0,2,114.57838709677421
2024-01-01,SKU0040,WH04,190.0,2,114.57838709677421
2024-01-01,SKU0040,WH05,212.0,2,114.57838709677421
2024-01-01,SKU0041,WH01,31.0,1,272.9925806451613
2024-01-01,SKU0041,WH02,27.0,1,272.9925806451613
2024-01-01,SKU0041,WH03,17.0,1,272.9925806451613
2024-01-01,SKU0041,WH04,35.0,1,272.9925806451613
2024-01-01,SKU0041,WH05,19.0,1,272.9925806451613
2024-01-01,SKU0042,WH01,694.0,5,332.7335483870968
2024-01-01,SKU0042,WH02,734.0,5,332.7335483870968
2024-01-01,SKU0042,WH03,729.0,5,332.7335483870968
2024-01-01,SKU0042,WH04,739.0,5,332.7335483870968
2024-01-01,SKU0042,WH05,759.0,5,332.7335483870968
2024-01-01,SKU0043,WH01,79.0,3,178.21483870967742
2024-01-01,SKU0043,WH02,63.0,3,178.21483870967742
2024-01-01,SKU0043,WH03,74.0,3,178.21483870967742
2024-01-01,SKU0043,WH04,65.0,3,178.21483870967742
2024-01-01,SKU0043,WH05,65.0,3,178.21483870967742
2024-01-01,SKU0044,WH01,106.0,4,57.884516129032264
2024-01-01,SKU0044,WH02,95.0,4,57.884516129032264
2024-01-01,SKU0044,WH03,84.0,4,57.884516129032264
2024-01-01,SKU0044,WH04,107.0,4,57.884516129032264
2024-01-01,SKU0044,WH05,105.0,4,57.884516129032264
2024-01-01,SKU0045,WH01,1398.0,1,14.716129032258063
2024-01-01,SKU0045,WH02,1363.0,1,14.716129032258063
2024-01-01,SKU0045,WH03,1431.0,1,14.716129032258063
2024-01-01,SKU0045,WH04,1478.0,1,14.716129032258063
2024-01-01,SKU0045,WH05,1417.0,1,14.716129032258063
2024-01-01,SKU0046,WH01,1617.0,6,85.94903225806452
2024-01-01,SKU0046,WH02,1541.0,6,85.94903225806452
2024-01-01,SKU0046,WH03,1509.0,6,85.94903225806452
2024-01-01,SKU0046,WH04,1582.0,6,85.94903225806452
2024-01-01,SKU0046,WH05,1596.0,6,85.94903225806452
2024-01-01,SKU0047,WH01,83.0,2,54.28967741935484
2024-01-01,SKU0047,WH02,88.0,2,54.28967741935484
2024-01-01,SKU0047,WH03,84.0,2,54.28967741935484
2024-01-01,SKU0047,WH04,95.0,2,54.28967741935484
2024-01-01,SKU0047,WH05,74.0,2,54.28967741935484
2024-01-01,SKU0048,WH01,17.0,2,239.2367741935484
2024-01-01,SKU0048,WH02,20.0,2,239.2367741935484
2024-01-01,SKU0048,WH03,14.0,2,239.2367741935484
2024-01-01,SKU0048,WH04,16.0,2,239.2367741935484
2024-01-01,SKU0048,WH05,17.0,2,239.2367741935484
2024-01-01,SKU0049,WH01,339.0,3,50.92258064516129
2024-01-01,SKU0049,WH02,336.0,3,50.92258064516129
2024-01-01,SKU0049,WH03,333.0,3,50.92258064516129
2024-01-01,SKU0049,WH04,330.0,3,50.92258064516129
2024-01-01,SKU0049,WH05,292.0,3,50.92258064516129
2024-01-01,SKU0050,WH01,555.0,2,180.38741935483873
2024-01-01,SKU0050,WH02,526.0,2,180.38741935483873
2024-01-01,SKU0050,WH03,527.0,2,180.38741935483873
2024-01-01,SKU0050,WH04,576.0,2,180.38741935483873
2024-01-01,SKU0050,WH05,495.0,2,180.38741935483873
2024-01-01,SKU0051,WH01,20.0,3,242.87548387096777
2024-01-01,SKU0051,WH02,25.0,3,242.87548387096777
2024-01-01,SKU0051,WH03,23.0,3,242.87548387096777
2024-01-01,SKU0051,WH04,22.0,3,242.87548387096777
2024-01-01,SKU0051,WH05,15.0,3,242.87548387096777
2024-01-01,SKU0052,WH01,903.0,5,203.8967741935484
2024-01-01,SKU0052,WH02,898.0,5,203.8967741935484
2024-01-01,SKU0052,WH03,839.0,5,203.8967741935484
2024-01-01,SKU0052,WH04,811.0,5,203.8967741935484
2024-01-01,SKU0052,WH05,866.0,5,203.8967741935484
2024-01-01,SKU0053,WH01,89.0,3,77.41709677419354
2024-01-01,SKU0053,WH02,93.0,3,77.41709677419354
2024-01-01,SKU0053,WH03,85.0,3,77.41709677419354
2024-01-01,SKU0053,WH04,63.0,3,77.41709677419354
2024-01-01,SKU0053,WH05,103.0,3,77.41709677419354
2024-01-01,SKU0054,WH01,468.0,2,281.5716129032258
2024-01-01,SKU0054,WH02,423.0,2,281.5716129032258
2024-01-01,SKU0054,WH03,465.0,2,281.5716129032258
2024-01-01,SKU0054,WH04,480.0,2,281.5716129032258
2024-01-01,SKU0054,WH05,459.0,2,281.5716129032258
2024-01-01,SKU0055,WH01,631.0,1,252.01451612903227
2024-01-01,SKU0055,WH02,636.0,1,252.01451612903227
2024-01-01,SKU0055,WH03,709.0,1,252.01451612903227
2024-01-01,SKU0055,WH04,619.0,1,252.01451612903227
2024-01-01,SKU0055,WH05,619.0,1,252.01451612903227
2024-01-01,SKU0056,WH01,21.0,1,260.82870967741934
2024-01-01,SKU0056,WH02,25.0,1,260.82870967741934
2024-01-01,SKU0056,WH03,25.0,1,260.82870967741934
2024-01-01,SKU0056,WH04,18.0,1,260.82870967741934
2024-01-01,SKU0056,WH05,15.0,1,260.82870967741934
2024-01-01,SKU0057,WH01,231.0,3,53.94387096774194
2024-01-01,SKU0057,WH02,217.0,3,53.94387096774194
2024-01-01,SKU0057,WH03,220.0,3,53.94387096774194
2024-01-01,SKU0057,WH04,219.0,3,53.94387096774194
2024-01-01,SKU0057,WH05,205.0,3,53.94387096774194
2024-01-01,SKU0058,WH01,940.0,2,51.74387096774194
2024-01-01,SKU0058,WH02,1053.0,2,51.74387096774194
2024-01-01,SKU0058,WH03,926.0,2,51.74387096774194
2024-01-01,SKU0058,WH04,988.0,2,51.74387096774194
2024-01-01,SKU0058,WH05,915.0,2,51.74387096774194
2024-01-01,SKU0059,WH01,642.0,1,324.8451612903226
2024-01-01,SKU0059,WH02,662.0,1,324.8451612903226
2024-01-01,SKU0059,WH03,724.0,1,324.8451612903226
2024-01-01,SKU0059,WH04,710.0,1,324.8451612903226
2024-01-01,SKU0059,WH05,732.0,1,324.8451612903226
2024-01-01,SKU0060,WH01,315.0,3,143.54064516129034
2024-01-01,SKU0060,WH02,379.0,3,143.54064516129034
2024-01-01,SKU0060,WH03,329.0,3,143.54064516129034
2024-01-01,SKU0060,WH04,336.0,3,143.54064516129034
2024-01-01,SKU0060,WH05,345.0,3,143.54064516129034
2024-01-01,SKU0061,WH01,549.0,6,109.96483870967741
2024-01-01,SKU0061,WH02,538.0,6,109.96483870967741
2024-01-01,SKU0061,WH03,532.0,6,109.96483870967741
2024-01-01,SKU0061,WH04,563.0,6,109.96483870967741
2024-01-01,SKU0061,WH05,549.0,6,109.96483870967741
2024-01-01,SKU0062,WH01,1123.0,1,175.55193548387098
2024-01-01,SKU0062,WH02,1200.0,1,175.55193548387098
2024-01-01,SKU0062,WH03,1220.0,1,175.55193548387098
2024-01-01,SKU0062,WH04,1100.0,1,175.55193548387098
2024-01-01,SKU0062,WH05,1112.0,1,175.55193548387098
2024-01-01,SKU0063,WH01,398.0,3,233.4716129032258
2024-01-01,SKU0063,WH02,370.0,3,233.4716129032258
2024-01-01,SKU0063,WH03,396.0,3,233.4716129032258
2024-01-01,SKU0063,WH04,391.0,3,233.4716129032258
2024-01-01,SKU0063,WH05,403.0,3,233.4716129032258
2024-01-01,SKU0064,WH01,260.0,3,331.6687096774194
2024-01-01,SKU0064,WH02,236.0,3,331.6687096774194
2024-01-01,SKU0064,WH03,268.0,3,331.6687096774194
2024-01-01,SKU0064,WH04,269.0,3,331.6687096774194
2024-01-01,SKU0064,WH05,254.0,3,331.6687096774194
2024-01-01,SKU0065,WH01,1479.0,2,106.1774193548387
2024-01-01,SKU0065,WH02,1531.0,2,106.1774193548387
2024-01-01,SKU0065,WH03,1587.0,2,106.1774193548387
2024-01-01,SKU0065,WH04,1486.0,2,106.1774193548387
2024-01-01,SKU0065,WH05,1437.0,2,106.1774193548387
2024-01-01,SKU0066,WH01,295.0,2,322.8603225806452
2024-01-01,SKU0066,WH02,286.0,2,322.8603225806452
2024-01-01,SKU0066,WH03,293.0,2,322.8603225806452
2024-01-01,SKU0066,WH04,296.0,2,322.8603225806452
2024-01-01,SKU0066,WH05,277.0,2,322.8603225806452
2024-01-01,SKU0067,WH01,1294.0,0,18.45
2024-01-01,SKU0067,WH02,1280.0,0,18.45
2024-01-01,SKU0067,WH03,1197.0,0,18.45
2024-01-01,SKU0067,WH04,1111.0,0,18.45
2024-01-01,SKU0067,WH05,1153.0,0,18.45
2024-01-01,SKU0068,WH01,44.0,2,197.80806451612904
2024-01-01,SKU0068,WH02,43.0,2,197.80806451612904
2024-01-01,SKU0068,WH03,45.0,2,197.80806451612904
2024-01-01,SKU0068,WH04,45.0,2,197.80806451612904
2024-01-01,SKU0068,WH05,50.0,2,197.80806451612904
2024-01-01,SKU0069,WH01,550.0,1,224.09483870967748
2024-01-01,SKU0069,WH02,510.0,1,224.09483870967748
2024-01-01,SKU0069,WH03,512.0,1,224.09483870967748
2024-01-01,SKU0069,WH04,540.0,1,224.09483870967748
2024-01-01,SKU0069,WH05,493.0,1,224.09483870967748
2024-01-01,SKU0070,WH01,481.0,2,45.63903225806452
2024-01-01,SKU0070,WH02,449.0,2,45.63903225806452
2024-01-01,SKU0070,WH03,465.0,2,45.63903225806452
2024-01-01,SKU0070,WH04,494.0,2,45.63903225806452
2024-01-01,SKU0070,WH05,476.0,2,45.63903225806452
2024-01-01,SKU0071,WH01,443.0,5,56.50967741935484
2024-01-01,SKU0071,WH02,416.0,5,56.50967741935484
2024-01-01,SKU0071,WH03,421.0,5,56.50967741935484
2024-01-01,SKU0071,WH04,468.0,5,56.50967741935484
2024-01-01,SKU0071,WH05,441.0,5,56.50967741935484
2024-01-01,SKU0072,WH01,256.0,3,150.28612903225806
2024-01-01,SKU0072,WH02,272.0,3,150.28612903225806
2024-01-01,SKU0072,WH03,299.0,3,150.28612903225806
2024-01-01,SKU0072,WH04,250.0,3,150.28612903225806
2024-01-01,SKU0072,WH05,271.0,3,150.28612903225806
2024-01-01,SKU0073,WH01,781.0,2,335.24387096774194
2024-01-01,SKU0073,WH02,864.0,2,335.24387096774194
2024-01-01,SKU0073,WH03,884.0,2,335.24387096774194
2024-01-01,SKU0073,WH04,817.0,2,335.24387096774194
2024-01-01,SKU0073,WH05,869.0,2,335.24387096774194
2024-01-01,SKU0074,WH01,611.0,3,210.5925806451613
2024-01-01,SKU0074,WH02,638.0,3,210.5925806451613
2024-01-01,SKU0074,WH03,674.0,3,210.5925806451613
2024-01-01,SKU0074,WH04,627.0,3,210.5925806451613
2024-01-01,SKU0074,WH05,604.0,3,210.5925806451613
2024-01-01,SKU0075,WH01,141.0,1,325.6467741935484
2024-01-01,SKU0075,WH02,140.0,1,325.6467741935484
2024-01-01,SKU0075,WH03,144.0,1,325.6467741935484
2024-01-01,SKU0075,WH04,165.0,1,325.6467741935484
2024-01-01,SKU0075,WH05,157.0,1,325.6467741935484
2024-01-01,SKU0076,WH01,465.0,3,280.7367741935484
2024-01-01,SKU0076,WH02,486.0,3,280.7367741935484
2024-01-01,SKU0076,WH03,499.0,3,280.7367741935484
2024-01-01,SKU0076,WH04,480.0,3,280.7367741935484
2024-01-01,SKU0076,WH05,542.0,3,280.7367741935484
2024-01-01,SKU0077,WH01,309.0,0,168.91
2024-01-01,SKU0077,WH02,311.0,0,168.91
2024-01-01,SKU0077,WH03,324.0,0,168.91
2024-01-01,SKU0077,WH04,313.0,0,168.91
2024-01-01,SKU0077,WH05,323.0,0,168.91
2024-01-01,SKU0078,WH01,327.0,2,274.14129032258063
2024-01-01,SKU0078,WH02,307.0,2,274.14129032258063
2024-01-01,SKU0078,WH03,312.0,2,274.14129032258063
2024-01-01,SKU0078,WH04,307.0,2,274.14129032258063
2024-01-01,SKU0078,WH05,301.0,2,274.14129032258063
2024-01-01,SKU0079,WH01,29.0,0,16.06
2024-01-01,SKU0079,WH02,24.0,0,16.06
2024-01-01,SKU0079,WH03,28.0,0,16.06
2024-01-01,SKU0079,WH04,14.0,0,16.06
2024-01-01,SKU0079,WH05,29.0,0,16.06
2024-01-01,SKU0080,WH01,440.0,1,46.95806451612903
2024-01-01,SKU0080,WH02,461.0,1,46.95806451612903
2024-01-01,SKU0080,WH03,515.0,1,46.95806451612903
2024-01-01,SKU0080,WH04,519.0,1,46.95806451612903
2024-01-01,SKU0080,WH05,533.0,1,46.95806451612903
2024-02-01,SKU0001,WH01,638.0,4,46.06758620689655
2024-02-01,SKU0001,WH02,687.0,4,46.06758620689655
2024-02-01,SKU0001,WH03,634.0,4,46.06758620689655
2024-02-01,SKU0001,WH04,641.0,4,46.06758620689655
2024-02-01,SKU0001,WH05,677.0,4,46.06758620689655
2024-02-01,SKU0002,WH01,140.0,1,320.3317241379311
2024-02-01,SKU0002,WH02,150.0,1,320.3317241379311
2024-02-01,SKU0002,WH03,174.0,1,320.3317241379311
2024-02-01,SKU0002,WH04,153.0,1,320.3317241379311
2024-02-01,SKU0002,WH05,145.0,1,320.3317241379311
2024-02-01,SKU0003,WH01,1483.0,3,87.05241379310345
2024-02-01,SKU0003,WH02,1495.0,3,87.05241379310345
2024-02-01,SKU0003,WH03,1458.0,3,87.05241379310345
2024-02-01,SKU0003,WH04,1608.0,3,87.05241379310345
2024-02-01,SKU0003,WH05,1487.0,3,87.05241379310345
2024-02-01,SKU0004,WH01,3021.0,3,22.523793103448273
2024-02-01,SKU0004,WH02,2763.0,3,22.523793103448273
2024-02-01,SKU0004,WH03,2677.0,3,22.523793103448273
2024-02-01,SKU0004,WH04,2776.0,3,22.523793103448273
2024-02-01,SKU0004,WH05,2796.0,3,22.523793103448273
2024-02-01,SKU0005,WH01,629.0,1,197.96482758620692
2024-02-01,SKU0005,WH02,644.0,1,197.96482758620692
2024-02-01,SKU0005,WH03,641.0,1,197.96482758620692
2024-02-01,SKU0005,WH04,578.0,1,197.96482758620692
2024-02-01,SKU0005,WH05,654.0,1,197.96482758620692
2024-02-01,SKU0006,WH01,21.0,1,135.40586206896552
2024-02-01,SKU0006,WH02,24.0,1,135.40586206896552
2024-02-01,SKU0006,WH03,37.0,1,135.40586206896552
2024-02-01,SKU0006,WH04,18.0,1,135.40586206896552
2024-02-01,SKU0006,WH05,23.0,1,135.40586206896552
2024-02-01,SKU0007,WH01,503.0,2,289.61172413793105
2024-02-01,SKU0007,WH02,495.0,2,289.61172413793105
2024-02-01,SKU0007,WH03,476.0,2,289.61172413793105
2024-02-01,SKU0007,WH04,459.0,2,289.61172413793105
2024-02-01,SKU0007,WH05,449.0,2,289.61172413793105
2024-02-01,SKU0008,WH01,976.0,0,284.81
2024-02-01,SKU0008,WH02,936.0,0,284.81
2024-02-01,SKU0008,WH03,897.0,0,284.81
2024-02-01,SKU0008,WH04,871.0,0,284.81
2024-02-01,SKU0008,WH05,878.0,0,284.81
2024-02-01,SKU0009,WH01,1175.0,1,117.42379310344828
2024-02-01,SKU0009,WH02,1108.0,1,117.42379310344828
2024-02-01,SKU0009,WH03,1158.0,1,117.42379310344828
2024-02-01,SKU0009,WH04,1238.0,1,117.42379310344828
2024-02-01,SKU0009,WH05,1191.0,1,117.42379310344828
2024-02-01,SKU0010,WH01,263.0,1,333.4141379310345
2024-02-01,SKU0010,WH02,240.0,1,333.4141379310345
2024-02-01,SKU0010,WH03,242.0,1,333.4141379310345
2024-02-01,SKU0010,WH04,222.0,1,333.4141379310345
2024-02-01,SKU0010,WH05,244.0,1,333.4141379310345
2024-02-01,SKU0011,WH01,680.0,0,108.91000000000001
2024-02-01,SKU0011,WH02,708.0,0,108.91000000000001
2024-02-01,SKU0011,WH03,648.0,0,108.91000000000001
2024-02-01,SKU0011,WH04,779.0,0,108.91000000000001
2024-02-01,SKU0011,WH05,702.0,0,108.91000000000001
2024-02-01,SKU0012,WH01,306.0,2,183.5241379310345
2024-02-01,SKU0012,WH02,314.0,2,183.5241379310345
2024-02-01,SKU0012,WH03,310.0,2,183.5241379310345
2024-02-01,SKU0012,WH04,323.0,2,183.5241379310345
2024-02-01,SKU0012,WH05,315.0,2,183.5241379310345
2024-02-01,SKU0013,WH01,232.0,1,96.36068965517244
2024-02-01,SKU0013,WH02,243.0,1,96.36068965517244
2024-02-01,SKU0013,WH03,239.0,1,96.36068965517244
2024-02-01,SKU0013,WH04,232.0,1,96.36068965517244
2024-02-01,SKU0013,WH05,232.0,1,96.36068965517244
2024-02-01,SKU0014,WH01,124.0,2,325.42034482758623
2024-02-01,SKU0014,WH02,131.0,2,325.42034482758623
2024-02-01,SKU0014,WH03,124.0,2,325.42034482758623
2024-02-01,SKU0014,WH04,159.0,2,325.42034482758623
2024-02-01,SKU0014,WH05,111.0,2,325.42034482758623
2024-02-01,SKU0015,WH01,99.0,0,65.97
2024-02-01,SKU0015,WH02,82.0,0,65.97
2024-02-01,SKU0015,WH03,102.0,0,65.97
2024-02-01,SKU0015,WH04,104.0,0,65.97
2024-02-01,SKU0015,WH05,99.0,0,65.97
2024-02-01,SKU0016,WH01,2253.0,5,24.66
2024-02-01,SKU0016,WH02,2161.0,5,24.66
2024-02-01,SKU0016,WH03,2049.0,5,24.66
2024-02-01,SKU0016,WH04,2215.0,5,24.66
2024-02-01,SKU0016,WH05,2069.0,5,24.66
2024-02-01,SKU0017,WH01,326.0,2,156.0237931034483
2024-02-01,SKU0017,WH02,385.0,2,156.0237931034483
2024-02-01,SKU0017,WH03,312.0,2,156.0237931034483
2024-02-01,SKU0017,WH04,303.0,2,156.0237931034483
2024-02-01,SKU0017,WH05,316.0,2,156.0237931034483
2024-02-01,SKU0018,WH01,673.0,4,343.2172413793104
2024-02-01,SKU0018,WH02,712.0,4,343.2172413793104
2024-02-01,SKU0018,WH03,654.0,4,343.2172413793104
2024-02-01,SKU0018,WH04,716.0,4,343.2172413793104
2024-02-01,SKU0018,WH05,701.0,4,343.2172413793104
2024-02-01,SKU0019,WH01,742.0,1,311.55
2024-02-01,SKU0019,WH02,808.0,1,311.55
2024-02-01,SKU0019,WH03,780.0,1,311.55
2024-02-01,SKU0019,WH04,790.0,1,311.55
2024-02-01,SKU0019,WH05,796.0,1,311.55
2024-02-01,SKU0020,WH01,444.0,1,264.0737931034483
2024-02-01,SKU0020,WH02,490.0,1,264.0737931034483
2024-02-01,SKU0020,WH03,457.0,1,264.0737931034483
2024-02-01,SKU0020,WH04,434.0,1,264.0737931034483
2024-02-01,SKU0020,WH05,443.0,1,264.0737931034483
2024-02-01,SKU0021,WH01,142.0,2,310.17310344827587
2024-02-01,SKU0021,WH02,124.0,2,310.17310344827587
2024-02-01,SKU0021,WH03,153.0,2,310.17310344827587
2024-02-01,SKU0021,WH04,126.0,2,310.17310344827587
2024-02-01,SKU0021,WH05,139.0,2,310.17310344827587
2024-02-01,SKU0022,WH01,169.0,0,313.77
2024-02-01,SKU0022,WH02,209.0,0,313.77
2024-02-01,SKU0022,WH03,179.0,0,313.77
2024-02-01,SKU0022,WH04,177.0,0,313.77
2024-02-01,SKU0022,WH05,173.0,0,313.77
2024-02-01,SKU0023,WH01,314.0,2,184.80310344827586
2024-02-01,SKU0023,WH02,331.0,2,184.80310344827586
2024-02-01,SKU0023,WH03,287.0,2,184.80310344827586
2024-02-01,SKU0023,WH04,324.0,2,184.80310344827586
2024-02-01,SKU0023,WH05,335.0,2,184.80310344827586
2024-02-01,SKU0024,WH01,766.0,1,117.21758620689656
2024-02-01,SKU0024,WH02,774.0,1,117.21758620689656
2024-02-01,SKU0024,WH03,803.0,1,117.21758620689656
2024-02-01,SKU0024,WH04,780.0,1,117.21758620689656
2024-02-01,SKU0024,WH05,825.0,1,117.21758620689656
2024-02-01,SKU0025,WH01,697.0,1,271.5403448275862
2024-02-01,SKU0025,WH02,738.0,1,271.5403448275862
2024-02-01,SKU0025,WH03,704.0,1,271.5403448275862
2024-02-01,SKU0025,WH04,673.0,1,271.5403448275862
2024-02-01,SKU0025,WH05,688.0,1,271.5403448275862
2024-02-01,SKU0026,WH01,1561.0,1,233.3396551724138
2024-02-01,SKU0026,WH02,1416.0,1,233.3396551724138
2024-02-01,SKU0026,WH03,1471.0,1,233.3396551724138
2024-02-01,SKU0026,WH04,1543.0,1,233.3396551724138
2024-02-01,SKU0026,WH05,1431.0,1,233.3396551724138
2024-02-01,SKU0027,WH01,514.0,2,135.62241379310345
2024-02-01,SKU0027,WH02,558.0,2,135.62241379310345
2024-02-01,SKU0027,WH03,563.0,2,135.62241379310345
2024-02-01,SKU0027,WH04,557.0,2,135.62241379310345
2024-02-01,SKU0027,WH05,495.0,2,135.62241379310345
2024-02-01,SKU0028,WH01,236.0,2,41.90206896551724
2024-02-01,SKU0028,WH02,259.0,2,41.90206896551724
2024-02-01,SKU0028,WH03,249.0,2,41.90206896551724
2024-02-01,SKU0028,WH04,227.0,2,41.90206896551724
2024-02-01,SKU0028,WH05,254.0,2,41.90206896551724
2024-02-01,SKU0029,WH01,360.0,3,259.81482758620695
2024-02-01,SKU0029,WH02,393.0,3,259.81482758620695
2024-02-01,SKU0029,WH03,377.0,3,259.81482758620695
2024-02-01,SKU0029,WH04,329.0,3,259.81482758620695
2024-02-01,SKU0029,WH05,350.0,3,259.81482758620695
2024-02-01,SKU0030,WH01,567.0,3,98.04206896551723
2024-02-01,SKU0030,WH02,534.0,3,98.04206896551723
2024-02-01,SKU0030,WH03,665.0,3,98.04206896551723
2024-02-01,SKU0030,WH04,581.0,3,98.04206896551723
2024-02-01,SKU0030,WH05,585.0,3,98.04206896551723
2024-02-01,SKU0031,WH01,303.0,3,323.9886206896552
2024-02-01,SKU0031,WH02,328.0,3,323.9886206896552
2024-02-01,SKU0031,WH03,341.0,3,323.9886206896552
2024-02-01,SKU0031,WH04,327.0,3,323.9886206896552
2024-02-01,SKU0031,WH05,307.0,3,323.9886206896552
2024-02-01,SKU0032,WH01,314.0,2,91.61275862068966
2024-02-01,SKU0032,WH02,301.0,2,91.61275862068966
2024-02-01,SKU0032,WH03,287.0,2,91.61275862068966
2024-02-01,SKU0032,WH04,288.0,2,91.61275862068966
2024-02-01,SKU0032,WH05,324.0,2,91.61275862068966
2024-02-01,SKU0033,WH01,120.0,2,51.204827586206896
2024-02-01,SKU0033,WH02,151.0,2,51.204827586206896
2024-02-01,SKU0033,WH03,126.0,2,51.204827586206896
2024-02-01,SKU0033,WH04,122.0,2,51.204827586206896
2024-02-01,SKU0033,WH05,135.0,2,51.204827586206896
2024-02-01,SKU0034,WH01,171.0,6,288.0396551724138
2024-02-01,SKU0034,WH02,161.0,6,288.0396551724138
2024-02-01,SKU0034,WH03,189.0,6,288.0396551724138
2024-02-01,SKU0034,WH04,176.0,6,288.0396551724138
2024-02-01,SKU0034,WH05,195.0,6,288.0396551724138
2024-02-01,SKU0035,WH01,193.0,4,60.8351724137931
2024-02-01,SKU0035,WH02,167.0,4,60.8351724137931
2024-02-01,SKU0035,WH03,163.0,4,60.8351724137931
2024-02-01,SKU0035,WH04,198.0,4,60.8351724137931
2024-02-01,SKU0035,WH05,184.0,4,60.8351724137931
2024-02-01,SKU0036,WH01,178.0,3,70.09413793103448
2024-02-01,SKU0036,WH02,172.0,3,70.09413793103448
2024-02-01,SKU0036,WH03,167.0,3,70.09413793103448
2024-02-01,SKU0036,WH04,199.0,3,70.09413793103448
2024-02-01,SKU0036,WH05,169.0,3,70.09413793103448
2024-02-01,SKU0037,WH01,17.0,5,208.6293103448276
2024-02-01,SKU0037,WH02,21.0,5,208.6293103448276
2024-02-01,SKU0037,WH03,21.0,5,208.6293103448276
2024-02-01,SKU0037,WH04,24.0,5,208.6293103448276
2024-02-01,SKU0037,WH05,16.0,5,208.6293103448276
2024-02-01,SKU0038,WH01,524.0,1,306.2903448275862
2024-02-01,SKU0038,WH02,532.0,1,306.2903448275862
2024-02-01,SKU0038,WH03,504.0,1,306.2903448275862
2024-02-01,SKU0038,WH04,532.0,1,306.2903448275862
2024-02-01,SKU0038,WH05,545.0,1,306.2903448275862
2024-02-01,SKU0039,WH01,274.0,6,74.67137931034483
2024-02-01,SKU0039,WH02,298.0,6,74.67137931034483
2024-02-01,SKU0039,WH03,280.0,6,74.67137931034483
2024-02-01,SKU0039,WH04,296.0,6,74.67137931034483
2024-02-01,SKU0039,WH05,295.0,6,74.67137931034483
2024-02-01,SKU0040,WH01,197.0,3,114.11551724137932
2024-02-01,SKU0040,WH02,200.0,3,114.11551724137932
2024-02-01,SKU0040,WH03,182.0,3,114.11551724137932
2024-02-01,SKU0040,WH04,188.0,3,114.11551724137932
2024-02-01,SKU0040,WH05,206.0,3,114.11551724137932
2024-02-01,SKU0041,WH01,31.0,1,273.37413793103445
2024-02-01,SKU0041,WH02,33.0,1,273.37413793103445
2024-02-01,SKU0041,WH03,24.0,1,273.37413793103445
2024-02-01,SKU0041,WH04,29.0,1,273.37413793103445
2024-02-01,SKU0041,WH05,26.0,1,273.37413793103445
2024-02-01,SKU0042,WH01,701.0,4,335.7248275862069
2024-02-01,SKU0042,WH02,767.0,4,335.7248275862069
2024-02-01,SKU0042,WH03,698.0,4,335.7248275862069
2024-02-01,SKU0042,WH04,683.0,4,335.7248275862069
2024-02-01,SKU0042,WH05,686.0,4,335.7248275862069
2024-02-01,SKU0043,WH01,59.0,1,179.00689655172414
2024-02-01,SKU0043,WH02,68.0,1,179.00689655172414
2024-02-01,SKU0043,WH03,83.0,1,179.00689655172414
2024-02-01,SKU0043,WH04,65.0,1,179.00689655172414
2024-02-01,SKU0043,WH05,81.0,1,179.00689655172414
2024-02-01,SKU0044,WH01,88.0,3,58.11689655172414
2024-02-01,SKU0044,WH02,80.0,3,58.11689655172414
2024-02-01,SKU0044,WH03,97.0,3,58.11689655172414
2024-02-01,SKU0044,WH04,82.0,3,58.11689655172414
2024-02-01,SKU0044,WH05,89.0,3,58.11689655172414
2024-02-01,SKU0045,WH01,1553.0,4,14.511379310344827
2024-02-01,SKU0045,WH02,1499.0,4,14.511379310344827
2024-02-01,SKU0045,WH03,1581.0,4,14.511379310344827
2024-02-01,SKU0045,WH04,1462.0,4,14.511379310344827
2024-02-01,SKU0045,WH05,1534.0,4,14.511379310344827
2024-02-01,SKU0046,WH01,1478.0,2,87.32068965517242
2024-02-01,SKU0046,WH02,1439.0,2,87.32068965517242
2024-02-01,SKU0046,WH03,1462.0,2,87.32068965517242
2024-02-01,SKU0046,WH04,1454.0,2,87.32068965517242
2024-02-01,SKU0046,WH05,1476.0,2,87.32068965517242
2024-02-01,SKU0047,WH01,79.0,3,54.34758620689655
2024-02-01,SKU0047,WH02,85.0,3,54.34758620689655
2024-02-01,SKU0047,WH03,84.0,3,54.34758620689655
2024-02-01,SKU0047,WH04,84.0,3,54.34758620689655
2024-02-01,SKU0047,WH05,87.0,3,54.34758620689655
2024-02-01,SKU0048,WH01,15.0,2,238.74206896551726
2024-02-01,SKU0048,WH02,19.0,2,238.74206896551726
2024-02-01,SKU0048,WH03,16.0,2,238.74206896551726
2024-02-01,SKU0048,WH04,10.0,2,238.74206896551726
2024-02-01,SKU0048,WH05,24.0,2,238.74206896551726
2024-02-01,SKU0049,WH01,393.0,6,50.00206896551724
2024-02-01,SKU0049,WH02,383.0,6,50.00206896551724
2024-02-01,SKU0049,WH03,365.0,6,50.00206896551724
2024-02-01,SKU0049,WH04,359.0,6,50.00206896551724
2024-02-01,SKU0049,WH05,389.0,6,50.00206896551724
2024-02-01,SKU0050,WH01,623.0,5,179.00965517241377
2024-02-01,SKU0050,WH02,587.0,5,179.00965517241377
2024-02-01,SKU0050,WH03,588.0,5,179.00965517241377
2024-02-01,SKU0050,WH04,568.0,5,179.00965517241377
2024-02-01,SKU0050,WH05,560.0,5,179.00965517241377
2024-02-01,SKU0051,WH01,13.0,3,244.3534482758621
2024-02-01,SKU0051,WH02,20.0,3,244.3534482758621
2024-02-01,SKU0051,WH03,24.0,3,244.3534482758621
2024-02-01,SKU0051,WH04,25.0,3,244.3534482758621
2024-02-01,SKU0051,WH05,29.0,3,244.3534482758621
2024-02-01,SKU0052,WH01,813.0,1,206.14827586206897
2024-02-01,SKU0052,WH02,828.0,1,206.14827586206897
2024-02-01,SKU0052,WH03,783.0,1,206.14827586206897
2024-02-01,SKU0052,WH04,787.0,1,206.14827586206897
2024-02-01,SKU0052,WH05,785.0,1,206.14827586206897
2024-02-01,SKU0053,WH01,87.0,2,76.97965517241379
2024-02-01,SKU0053,WH02,80.0,2,76.97965517241379
2024-02-01,SKU0053,WH03,89.0,2,76.97965517241379
2024-02-01,SKU0053,WH04,98.0,2,76.97965517241379
2024-02-01,SKU0053,WH05,88.0,2,76.97965517241379
2024-02-01,SKU0054,WH01,432.0,0,283.4
2024-02-01,SKU0054,WH02,420.0,0,283.4
2024-02-01,SKU0054,WH03,453.0,0,283.4
2024-02-01,SKU0054,WH04,390.0,0,283.4
2024-02-01,SKU0054,WH05,441.0,0,283.4
2024-02-01,SKU0055,WH01,667.0,1,252.36689655172415
2024-02-01,SKU0055,WH02,674.0,1,252.36689655172415
2024-02-01,SKU0055,WH03,651.0,1,252.36689655172415
2024-02-01,SKU0055,WH04,721.0,1,252.36689655172415
2024-02-01,SKU0055,WH05,695.0,1,252.36689655172415
2024-02-01,SKU0056,WH01,17.0,2,259.44793103448274
2024-02-01,SKU0056,WH02,28.0,2,259.44793103448274
2024-02-01,SKU0056,WH03,21.0,2,259.44793103448274
2024-02-01,SKU0056,WH04,19.0,2,259.44793103448274
2024-02-01,SKU0056,WH05,21.0,2,259.44793103448274
2024-02-01,SKU0057,WH01,187.0,5,53.80724137931035
2024-02-01,SKU0057,WH02,242.0,5,53.80724137931035
2024-02-01,SKU0057,WH03,221.0,5,53.80724137931035
2024-02-01,SKU0057,WH04,223.0,5,53.80724137931035
2024-02-01,SKU0057,WH05,232.0,5,53.80724137931035
2024-02-01,SKU0058,WH01,979.0,1,51.90034482758621
2024-02-01,SKU0058,WH02,957.0,1,51.90034482758621
2024-02-01,SKU0058,WH03,920.0,1,51.90034482758621
2024-02-01,SKU0058,WH04,965.0,1,51.90034482758621
2024-02-01,SKU0058,WH05,966.0,1,51.90034482758621
2024-02-01,SKU0059,WH01,668.0,2,323.1258620689655
2024-02-01,SKU0059,WH02,743.0,2,323.1258620689655
2024-02-01,SKU0059,WH03,760.0,2,323.1258620689655
2024-02-01,SKU0059,WH04,737.0,2,323.1258620689655
2024-02-01,SKU0059,WH05,699.0,2,323.1258620689655
2024-02-01,SKU0060,WH01,348.0,2,144.1786206896552
2024-02-01,SKU0060,WH02,320.0,2,144.1786206896552
2024-02-01,SKU0060,WH03,337.0,2,144.1786206896552
2024-02-01,SKU0060,WH04,313.0,2,144.1786206896552
2024-02-01,SKU0060,WH05,342.0,2,144.1786206896552
2024-02-01,SKU0061,WH01,495.0,2,111.73896551724137
2024-02-01,SKU0061,WH02,481.0,2,111.73896551724137
2024-02-01,SKU0061,WH03,467.0,2,111.73896551724137
2024-02-01,SKU0061,WH04,499.0,2,111.73896551724137
2024-02-01,SKU0061,WH05,498.0,2,111.73896551724137
2024-02-01,SKU0062,WH01,1217.0,2,174.9051724137931
2024-02-01,SKU0062,WH02,1231.0,2,174.9051724137931
2024-02-01,SKU0062,WH03,1104.0,2,174.9051724137931
2024-02-01,SKU0062,WH04,1156.0,2,174.9051724137931
2024-02-01,SKU0062,WH05,1208.0,2,174.9051724137931
2024-02-01,SKU0063,WH01,400.0,3,232.93482758620692
2024-02-01,SKU0063,WH02,376.0,3,232.93482758620692
2024-02-01,SKU0063,WH03,437.0,3,232.93482758620692
2024-02-01,SKU0063,WH04,380.0,3,232.93482758620692
2024-02-01,SKU0063,WH05,391.0,3,232.93482758620692
2024-02-01,SKU0064,WH01,277.0,1,334.3324137931035
2024-02-01,SKU0064,WH02,249.0,1,334.3324137931035
2024-02-01,SKU0064,WH03,246.0,1,334.3324137931035
2024-02-01,SKU0064,WH04,252.0,1,334.3324137931035
2024-02-01,SKU0064,WH05,257.0,1,334.3324137931035
2024-02-01,SKU0065,WH01,1341.0,0,107.39
2024-02-01,SKU0065,WH02,1381.0,0,107.39
2024-02-01,SKU0065,WH03,1383.0,0,107.39
2024-02-01,SKU0065,WH04,1440.0,0,107.39
2024-02-01,SKU0065,WH05,1327.0,0,107.39
2024-02-01,SKU0066,WH01,313.0,4,318.8368965517242
2024-02-01,SKU0066,WH02,302.0,4,318.8368965517242
2024-02-01,SKU0066,WH03,292.0,4,318.8368965517242
2024-02-01,SKU0066,WH04,315.0,4,318.8368965517242
2024-02-01,SKU0066,WH05,334.0,4,318.8368965517242
2024-02-01,SKU0067,WH01,1387.0,3,18.19551724137931
2024-02-01,SKU0067,WH02,1253.0,3,18.19551724137931
2024-02-01,SKU0067,WH03,1378.0,3,18.19551724137931
2024-02-01,SKU0067,WH04,1338.0,3,18.19551724137931
2024-02-01,SKU0067,WH05,1270.0,3,18.19551724137931
2024-02-01,SKU0068,WH01,52.0,1,197.3993103448276
2024-02-01,SKU0068,WH02,43.0,1,197.3993103448276
2024-02-01,SKU0068,WH03,61.0,1,197.3993103448276
2024-02-01,SKU0068,WH04,36.0,1,197.3993103448276
2024-02-01,SKU0068,WH05,39.0,1,197.3993103448276
2024-02-01,SKU0069,WH01,509.0,0,225.55
2024-02-01,SKU0069,WH02,544.0,0,225.55
2024-02-01,SKU0069,WH03,560.0,0,225.55
2024-02-01,SKU0069,WH04,498.0,0,225.55
2024-02-01,SKU0069,WH05,498.0,0,225.55
2024-02-01,SKU0070,WH01,427.0,3,45.69275862068965
2024-02-01,SKU0070,WH02,435.0,3,45.69275862068965
2024-02-01,SKU0070,WH03,441.0,3,45.69275862068965
2024-02-01,SKU0070,WH04,451.0,3,45.69275862068965
2024-02-01,SKU0070,WH05,441.0,3,45.69275862068965
2024-02-01,SKU0071,WH01,444.0,4,56.7248275862069
2024-02-01,SKU0071,WH02,407.0,4,56.7248275862069
2024-02-01,SKU0071,WH03,406.0,4,56.7248275862069
2024-02-01,SKU0071,WH04,464.0,4,56.7248275862069
2024-02-01,SKU0071,WH05,460.0,4,56.7248275862069
2024-02-01,SKU0072,WH01,261.0,3,150.6593103448276
2024-02-01,SKU0072,WH02,256.0,3,150.6593103448276
2024-02-01,SKU0072,WH03,256.0,3,150.6593103448276
2024-02-01,SKU0072,WH04,257.0,3,150.6593103448276
2024-02-01,SKU0072,WH05,282.0,3,150.6593103448276
2024-02-01,SKU0073,WH01,808.0,0,338.52
2024-02-01,SKU0073,WH02,801.0,0,338.52
2024-02-01,SKU0073,WH03,829.0,0,338.52
2024-02-01,SKU0073,WH04,786.0,0,338.52
2024-02-01,SKU0073,WH05,834.0,0,338.52
2024-02-01,SKU0074,WH01,579.0,3,210.08379310344827
2024-02-01,SKU0074,WH02,573.0,3,210.08379310344827
2024-02-01,SKU0074,WH03,638.0,3,210.08379310344827
2024-02-01,SKU0074,WH04,597.0,3,210.08379310344827
2024-02-01,SKU0074,WH05,683.0,3,210.08379310344827
2024-02-01,SKU0075,WH01,141.0,1,326.66586206896557
2024-02-01,SKU0075,WH02,140.0,1,326.66586206896557
2024-02-01,SKU0075,WH03,131.0,1,326.66586206896557
2024-02-01,SKU0075,WH04,132.0,1,326.66586206896557
2024-02-01,SKU0075,WH05,145.0,1,326.66586206896557
2024-02-01,SKU0076,WH01,537.0,4,279.08103448275864
2024-02-01,SKU0076,WH02,493.0,4,279.08103448275864
2024-02-01,SKU0076,WH03,505.0,4,279.08103448275864
2024-02-01,SKU0076,WH04,504.0,4,279.08103448275864
2024-02-01,SKU0076,WH05,515.0,4,279.08103448275864
2024-02-01,SKU0077,WH01,341.0,2,167.16275862068966
2024-02-01,SKU0077,WH02,355.0,2,167.16275862068966
2024-02-01,SKU0077,WH03,361.0,2,167.16275862068966
2024-02-01,SKU0077,WH04,351.0,2,167.16275862068966
2024-02-01,SKU0077,WH05,349.0,2,167.16275862068966
2024-02-01,SKU0078,WH01,388.0,6,269.1841379310345
2024-02-01,SKU0078,WH02,332.0,6,269.1841379310345
2024-02-01,SKU0078,WH03,375.0,6,269.1841379310345
2024-02-01,SKU0078,WH04,364.0,6,269.1841379310345
2024-02-01,SKU0078,WH05,325.0,6,269.1841379310345
2024-02-01,SKU0079,WH01,35.0,2,15.949310344827586
2024-02-01,SKU0079,WH02,35.0,2,15.949310344827586
2024-02-01,SKU0079,WH03,26.0,2,15.949310344827586
2024-02-01,SKU0079,WH04,37.0,2,15.949310344827586
2024-02-01,SKU0079,WH05,29.0,2,15.949310344827586
2024-02-01,SKU0080,WH01,478.0,2,46.866206896551724
2024-02-01,SKU0080,WH02,491.0,2,46.866206896551724
2024-02-01,SKU0080,WH03,494.0,2,46.866206896551724
2024-02-01,SKU0080,WH04,510.0,2,46.866206896551724
2024-02-01,SKU0080,WH05,502.0,2,46.866206896551724
2024-03-01,SKU0001,WH01,763.0,4,45.87806451612904
2024-03-01,SKU0001,WH02,783.0,4,45.87806451612904
2024-03-01,SKU0001,WH03,735.0,4,45.87806451612904
2024-03-01,SKU0001,WH04,691.0,4,45.87806451612904
2024-03-01,SKU0001,WH05,767.0,4,45.87806451612904
2024-03-01,SKU0002,WH01,161.0,3,318.84806451612906
2024-03-01,SKU0002,WH02,167.0,3,318.84806451612906
2024-03-01,SKU0002,WH03,159.0,3,318.84806451612906
2024-03-01,SKU0002,WH04,170.0,3,318.84806451612906
2024-03-01,SKU0002,WH05,128.0,3,318.84806451612906
2024-03-01,SKU0003,WH01,1752.0,2,87.55806451612902
2024-03-01,SKU0003,WH02,1531.0,2,87.55806451612902
2024-03-01,SKU0003,WH03,1617.0,2,87.55806451612902
2024-03-01,SKU0003,WH04,1605.0,2,87.55806451612902
2024-03-01,SKU0003,WH05,1736.0,2,87.55806451612902
2024-03-01,SKU0004,WH01,3246.0,3,22.463548387096775
2024-03-01,SKU0004,WH02,2985.0,3,22.463548387096775
2024-03-01,SKU0004,WH03,3129.0,3,22.463548387096775
2024-03-01,SKU0004,WH04,3187.0,3,22.463548387096775
2024-03-01,SKU0004,WH05,3226.0,3,22.463548387096775
2024-03-01,SKU0005,WH01,740.0,1,198.32967741935485
2024-03-01,SKU0005,WH02,714.0,1,198.32967741935485
2024-03-01,SKU0005,WH03,662.0,1,198.32967741935485
2024-03-01,SKU0005,WH04,663.0,1,198.32967741935485
2024-03-01,SKU0005,WH05,708.0,1,198.32967741935485
2024-03-01,SKU0006,WH01,39.0,0,136.11
2024-03-01,SKU0006,WH02,23.0,0,136.11
2024-03-01,SKU0006,WH03,30.0,0,136.11
2024-03-01,SKU0006,WH04,24.0,0,136.11
2024-03-01,SKU0006,WH05,23.0,0,136.11
2024-03-01,SKU0007,WH01,517.0,1,291.18774193548387
2024-03-01,SKU0007,WH02,510.0,1,291.18774193548387
2024-03-01,SKU0007,WH03,523.0,1,291.18774193548387
2024-03-01,SKU0007,WH04,514.0,1,291.18774193548387
2024-03-01,SKU0007,WH05,526.0,1,291.18774193548387
2024-03-01,SKU0008,WH01,1129.0,2,281.5945161290323
2024-03-01,SKU0008,WH02,1077.0,2,281.5945161290323
2024-03-01,SKU0008,WH03,1084.0,2,281.5945161290323
2024-03-01,SKU0008,WH04,1094.0,2,281.5945161290323
2024-03-01,SKU0008,WH05,1105.0,2,281.5945161290323
2024-03-01,SKU0009,WH01,1214.0,1,117.64
2024-03-01,SKU0009,WH02,1304.0,1,117.64
2024-03-01,SKU0009,WH03,1318.0,1,117.64
2024-03-01,SKU0009,WH04,1276.0,1,117.64
2024-03-01,SKU0009,WH05,1304.0,1,117.64
2024-03-01,SKU0010,WH01,263.0,2,331.29645161290324
2024-03-01,SKU0010,WH02,256.0,2,331.29645161290324
2024-03-01,SKU0010,WH03,299.0,2,331.29645161290324
2024-03-01,SKU0010,WH04,257.0,2,331.29645161290324
2024-03-01,SKU0010,WH05,279.0,2,331.29645161290324
2024-03-01,SKU0011,WH01,851.0,5,106.62612903225808
2024-03-01,SKU0011,WH02,819.0,5,106.62612903225808
2024-03-01,SKU0011,WH03,835.0,5,106.62612903225808
2024-03-01,SKU0011,WH04,849.0,5,106.62612903225808
2024-03-01,SKU0011,WH05,842.0,5,106.62612903225808
2024-03-01,SKU0012,WH01,356.0,4,182.73129032258063
2024-03-01,SKU0012,WH02,372.0,4,182.73129032258063
2024-03-01,SKU0012,WH03,365.0,4,182.73129032258063
2024-03-01,SKU0012,WH04,364.0,4,182.73129032258063
2024-03-01,SKU0012,WH05,367.0,4,182.73129032258063
2024-03-01,SKU0013,WH01,236.0,0,97.03000000000002
2024-03-01,SKU0013,WH02,266.0,0,97.03000000000002
2024-03-01,SKU0013,WH03,247.0,0,97.03000000000002
2024-03-01,SKU0013,WH04,233.0,0,97.03000000000002
2024-03-01,SKU0013,WH05,252.0,0,97.03000000000002
2024-03-01,SKU0014,WH01,107.0,1,326.66161290322583
2024-03-01,SKU0014,WH02,140.0,1,326.66161290322583
2024-03-01,SKU0014,WH03,138.0,1,326.66161290322583
2024-03-01,SKU0014,WH04,119.0,1,326.66161290322583
2024-03-01,SKU0014,WH05,147.0,1,326.66161290322583
2024-03-01,SKU0015,WH01,120.0,2,65.3316129032258
2024-03-01,SKU0015,WH02,107.0,2,65.3316129032258
2024-03-01,SKU0015,WH03,101.0,2,65.3316129032258
2024-03-01,SKU0015,WH04,106.0,2,65.3316129032258
2024-03-01,SKU0015,WH05,130.0,2,65.3316129032258
2024-03-01,SKU0016,WH01,2074.0,3,25.02548387096774
2024-03-01,SKU0016,WH02,2108.0,3,25.02548387096774
2024-03-01,SKU0016,WH03,2263.0,3,25.02548387096774
2024-03-01,SKU0016,WH04,2230.0,3,25.02548387096774
2024-03-01,SKU0016,WH05,2188.0,3,25.02548387096774
2024-03-01,SKU0017,WH01,354.0,4,155.8922580645161
2024-03-01,SKU0017,WH02,359.0,4,155.8922580645161
2024-03-01,SKU0017,WH03,331.0,4,155.8922580645161
2024-03-01,SKU0017,WH04,345.0,4,155.8922580645161
2024-03-01,SKU0017,WH05,327.0,4,155.8922580645161
2024-03-01,SKU0018,WH01,765.0,2,344.0480645161291
2024-03-01,SKU0018,WH02,761.0,2,344.0480645161291
2024-03-01,SKU0018,WH03,741.0,2,344.0480645161291
2024-03-01,SKU0018,WH04,742.0,2,344.0480645161291
2024-03-01,SKU0018,WH05,729.0,2,344.0480645161291
2024-03-01,SKU0019,WH01,934.0,4,306.60322580645163
2024-03-01,SKU0019,WH02,1055.0,4,306.60322580645163
2024-03-01,SKU0019,WH03,930.0,4,306.60322580645163
2024-03-01,SKU0019,WH04,920.0,4,306.60322580645163
2024-03-01,SKU0019,WH05,977.0,4,306.60322580645163
2024-03-01,SKU0020,WH01,486.0,1,263.6767741935484
2024-03-01,SKU0020,WH02,562.0,1,263.6767741935484
2024-03-01,SKU0020,WH03,513.0,1,263.6767741935484
2024-03-01,SKU0020,WH04,550.0,1,263.6767741935484
2024-03-01,SKU0020,WH05,505.0,1,263.6767741935484
2024-03-01,SKU0021,WH01,150.0,2,308.8332258064516
2024-03-01,SKU0021,WH02,145.0,2,308.8332258064516
2024-03-01,SKU0021,WH03,158.0,2,308.8332258064516
2024-03-01,SKU0021,WH04,164.0,2,308.8332258064516
2024-03-01,SKU0021,WH05,158.0,2,308.8332258064516
2024-03-01,SKU0022,WH01,220.0,5,307.6964516129032
2024-03-01,SKU0022,WH02,199.0,5,307.6964516129032
2024-03-01,SKU0022,WH03,234.0,5,307.6964516129032
2024-03-01,SKU0022,WH04,235.0,5,307.6964516129032
2024-03-01,SKU0022,WH05,238.0,5,307.6964516129032
2024-03-01,SKU0023,WH01,351.0,3,184.9067741935484
2024-03-01,SKU0023,WH02,346.0,3,184.9067741935484
2024-03-01,SKU0023,WH03,352.0,3,184.9067741935484
2024-03-01,SKU0023,WH04,394.0,3,184.9067741935484
2024-03-01,SKU0023,WH05,326.0,3,184.9067741935484
2024-03-01,SKU0024,WH01,872.0,0,117.42
2024-03-01,SKU0024,WH02,842.0,0,117.42
2024-03-01,SKU0024,WH03,841.0,0,117.42
2024-03-01,SKU0024,WH04,874.0,0,117.42
2024-03-01,SKU0024,WH05,885.0,0,117.42
2024-03-01,SKU0025,WH01,918.0,4,266.32677419354843
2024-03-01,SKU0025,WH02,829.0,4,266.32677419354843
2024-03-01,SKU0025,WH03,996.0,4,266.32677419354843
2024-03-01,SKU0025,WH04,860.0,4,266.32677419354843
2024-03-01,SKU0025,WH05,942.0,4,266.32677419354843
2024-03-01,SKU0026,WH01,1807.0,3,233.06483870967742
2024-03-01,SKU0026,WH02,1837.0,3,233.06483870967742
2024-03-01,SKU0026,WH03,1678.0,3,233.06483870967742
2024-03-01,SKU0026,WH04,1678.0,3,233.06483870967742
2024-03-01,SKU0026,WH05,1698.0,3,233.06483870967742
2024-03-01,SKU0027,WH01,514.0,2,136.37709677419355
2024-03-01,SKU0027,WH02,531.0,2,136.37709677419355
2024-03-01,SKU0027,WH03,606.0,2,136.37709677419355
2024-03-01,SKU0027,WH04,572.0,2,136.37709677419355
2024-03-01,SKU0027,WH05,626.0,2,136.37709677419355
2024-03-01,SKU0028,WH01,313.0,2,41.780322580645155
2024-03-01,SKU0028,WH02,315.0,2,41.780322580645155
2024-03-01,SKU0028,WH03,267.0,2,41.780322580645155
2024-03-01,SKU0028,WH04,257.0,2,41.780322580645155
2024-03-01,SKU0028,WH05,265.0,2,41.780322580645155
2024-03-01,SKU0029,WH01,381.0,2,261.3561290322581
2024-03-01,SKU0029,WH02,348.0,2,261.3561290322581
2024-03-01,SKU0029,WH03,353.0,2,261.3561290322581
2024-03-01,SKU0029,WH04,392.0,2,261.3561290322581
2024-03-01,SKU0029,WH05,407.0,2,261.3561290322581
2024-03-01,SKU0030,WH01,641.0,1,99.08
2024-03-01,SKU0030,WH02,630.0,1,99.08
2024-03-01,SKU0030,WH03,651.0,1,99.08
2024-03-01,SKU0030,WH04,597.0,1,99.08
2024-03-01,SKU0030,WH05,625.0,1,99.08
2024-03-01,SKU0031,WH01,372.0,4,322.69161290322575
2024-03-01,SKU0031,WH02,365.0,4,322.69161290322575
2024-03-01,SKU0031,WH03,338.0,4,322.69161290322575
2024-03-01,SKU0031,WH04,355.0,4,322.69161290322575
2024-03-01,SKU0031,WH05,345.0,4,322.69161290322575
2024-03-01,SKU0032,WH01,368.0,3,90.29870967741937
2024-03-01,SKU0032,WH02,396.0,3,90.29870967741937
2024-03-01,SKU0032,WH03,344.0,3,90.29870967741937
2024-03-01,SKU0032,WH04,383.0,3,90.29870967741937
2024-03-01,SKU0032,WH05,380.0,3,90.29870967741937
2024-03-01,SKU0033,WH01,158.0,3,51.23935483870968
2024-03-01,SKU0033,WH02,151.0,3,51.23935483870968
2024-03-01,SKU0033,WH03,170.0,3,51.23935483870968
2024-03-01,SKU0033,WH04,134.0,3,51.23935483870968
2024-03-01,SKU0033,WH05,136.0,3,51.23935483870968
2024-03-01,SKU0034,WH01,201.0,1,291.63612903225805
2024-03-01,SKU0034,WH02,180.0,1,291.63612903225805
2024-03-01,SKU0034,WH03,196.0,1,291.63612903225805
2024-03-01,SKU0034,WH04,188.0,1,291.63612903225805
2024-03-01,SKU0034,WH05,194.0,1,291.63612903225805
2024-03-01,SKU0035,WH01,206.0,4,61.118064516129024
2024-03-01,SKU0035,WH02,207.0,4,61.118064516129024
2024-03-01,SKU0035,WH03,199.0,4,61.118064516129024
2024-03-01,SKU0035,WH04,230.0,4,61.118064516129024
2024-03-01,SKU0035,WH05,218.0,4,61.118064516129024
2024-03-01,SKU0036,WH01,185.0,2,70.26354838709678
2024-03-01,SKU0036,WH02,198.0,2,70.26354838709678
2024-03-01,SKU0036,WH03,185.0,2,70.26354838709678
2024-03-01,SKU0036,WH04,205.0,2,70.26354838709678
2024-03-01,SKU0036,WH05,200.0,2,70.26354838709678
2024-03-01,SKU0037,WH01,24.0,2,212.75548387096774
2024-03-01,SKU0037,WH02,17.0,2,212.75548387096774
2024-03-01,SKU0037,WH03,22.0,2,212.75548387096774
2024-03-01,SKU0037,WH04,23.0,2,212.75548387096774
2024-03-01,SKU0037,WH05,19.0,2,212.75548387096774
2024-03-01,SKU0038,WH01,587.0,2,305.3674193548388
2024-03-01,SKU0038,WH02,562.0,2,305.3674193548388
2024-03-01,SKU0038,WH03,626.0,2,305.3674193548388
2024-03-01,SKU0038,WH04,611.0,2,305.3674193548388
2024-03-01,SKU0038,WH05,576.0,2,305.3674193548388
2024-03-01,SKU0039,WH01,304.0,3,75.92290322580645
2024-03-01,SKU0039,WH02,282.0,3,75.92290322580645
2024-03-01,SKU0039,WH03,294.0,3,75.92290322580645
2024-03-01,SKU0039,WH04,305.0,3,75.92290322580645
2024-03-01,SKU0039,WH05,301.0,3,75.92290322580645
2024-03-01,SKU0040,WH01,211.0,1,115.13741935483871
2024-03-01,SKU0040,WH02,246.0,1,115.13741935483871
2024-03-01,SKU0040,WH03,186.0,1,115.13741935483871
2024-03-01,SKU0040,WH04,218.0,1,115.13741935483871
2024-03-01,SKU0040,WH05,200.0,1,115.13741935483871
2024-03-01,SKU0041,WH01,25.0,1,273.4351612903226
2024-03-01,SKU0041,WH02,28.0,1,273.4351612903226
2024-03-01,SKU0041,WH03,24.0,1,273.4351612903226
2024-03-01,SKU0041,WH04,32.0,1,273.4351612903226
2024-03-01,SKU0041,WH05,23.0,1,273.4351612903226
2024-03-01,SKU0042,WH01,759.0,0,340.42
2024-03-01,SKU0042,WH02,776.0,0,340.42
2024-03-01,SKU0042,WH03,722.0,0,340.42
2024-03-01,SKU0042,WH04,711.0,0,340.42
2024-03-01,SKU0042,WH05,737.0,0,340.42
2024-03-01,SKU0043,WH01,93.0,6,176.47
2024-03-01,SKU0043,WH02,87.0,6,176.47
2024-03-01,SKU0043,WH03,90.0,6,176.47
2024-03-01,SKU0043,WH04,86.0,6,176.47
2024-03-01,SKU0043,WH05,88.0,6,176.47
2024-03-01,SKU0044,WH01,98.0,3,58.16967741935484
2024-03-01,SKU0044,WH02,101.0,3,58.16967741935484
2024-03-01,SKU0044,WH03,120.0,3,58.16967741935484
2024-03-01,SKU0044,WH04,118.0,3,58.16967741935484
2024-03-01,SKU0044,WH05,95.0,3,58.16967741935484
2024-03-01,SKU0045,WH01,1798.0,5,14.454516129032259
2024-03-01,SKU0045,WH02,1663.0,5,14.454516129032259
2024-03-01,SKU0045,WH03,1709.0,5,14.454516129032259
2024-03-01,SKU0045,WH04,1673.0,5,14.454516129032259
2024-03-01,SKU0045,WH05,1801.0,5,14.454516129032259
2024-03-01,SKU0046,WH01,1703.0,4,86.65935483870967
2024-03-01,SKU0046,WH02,1666.0,4,86.65935483870967
2024-03-01,SKU0046,WH03,1680.0,4,86.65935483870967
2024-03-01,SKU0046,WH04,1631.0,4,86.65935483870967
2024-03-01,SKU0046,WH05,1680.0,4,86.65935483870967
2024-03-01,SKU0047,WH01,112.0,2,54.37806451612904
2024-03-01,SKU0047,WH02,106.0,2,54.37806451612904
2024-03-01,SKU0047,WH03,94.0,2,54.37806451612904
2024-03-01,SKU0047,WH04,108.0,2,54.37806451612904
2024-03-01,SKU0047,WH05,97.0,2,54.37806451612904
2024-03-01,SKU0048,WH01,22.0,1,239.6245161290323
2024-03-01,SKU0048,WH02,21.0,1,239.6245161290323
2024-03-01,SKU0048,WH03,25.0,1,239.6245161290323
2024-03-01,SKU0048,WH04,18.0,1,239.6245161290323
2024-03-01,SKU0048,WH05,13.0,1,239.6245161290323
2024-03-01,SKU0049,WH01,368.0,4,50.92258064516129
2024-03-01,SKU0049,WH02,387.0,4,50.92258064516129
2024-03-01,SKU0049,WH03,386.0,4,50.92258064516129
2024-03-01,SKU0049,WH04,393.0,4,50.92258064516129
2024-03-01,SKU0049,WH05,351.0,4,50.92258064516129
2024-03-01,SKU0050,WH01,643.0,3,179.8
2024-03-01,SKU0050,WH02,593.0,3,179.8
2024-03-01,SKU0050,WH03,601.0,3,179.8
2024-03-01,SKU0050,WH04,658.0,3,179.8
2024-03-01,SKU0050,WH05,599.0,3,179.8
2024-03-01,SKU0051,WH01,21.0,1,245.25645161290325
2024-03-01,SKU0051,WH02,27.0,1,245.25645161290325
2024-03-01,SKU0051,WH03,27.0,1,245.25645161290325
2024-03-01,SKU0051,WH04,27.0,1,245.25645161290325
2024-03-01,SKU0051,WH05,34.0,1,245.25645161290325
2024-03-01,SKU0052,WH01,928.0,6,204.56645161290325
2024-03-01,SKU0052,WH02,948.0,6,204.56645161290325
2024-03-01,SKU0052,WH03,952.0,6,204.56645161290325
2024-03-01,SKU0052,WH04,918.0,6,204.56645161290325
2024-03-01,SKU0052,WH05,979.0,6,204.56645161290325
2024-03-01,SKU0053,WH01,115.0,2,77.54290322580646
2024-03-01,SKU0053,WH02,100.0,2,77.54290322580646
2024-03-01,SKU0053,WH03,81.0,2,77.54290322580646
2024-03-01,SKU0053,WH04,106.0,2,77.54290322580646
2024-03-01,SKU0053,WH05,103.0,2,77.54290322580646
2024-03-01,SKU0054,WH01,535.0,6,277.9148387096774
2024-03-01,SKU0054,WH02,579.0,6,277.9148387096774
2024-03-01,SKU0054,WH03,552.0,6,277.9148387096774
2024-03-01,SKU0054,WH04,579.0,6,277.9148387096774
2024-03-01,SKU0054,WH05,571.0,6,277.9148387096774
2024-03-01,SKU0055,WH01,771.0,5,249.97258064516132
2024-03-01,SKU0055,WH02,754.0,5,249.97258064516132
2024-03-01,SKU0055,WH03,808.0,5,249.97258064516132
2024-03-01,SKU0055,WH04,830.0,5,249.97258064516132
2024-03-01,SKU0055,WH05,768.0,5,249.97258064516132
2024-03-01,SKU0056,WH01,26.0,7,254.5074193548387
2024-03-01,SKU0056,WH02,36.0,7,254.5074193548387
2024-03-01,SKU0056,WH03,33.0,7,254.5074193548387
2024-03-01,SKU0056,WH04,24.0,7,254.5074193548387
2024-03-01,SKU0056,WH05,27.0,7,254.5074193548387
2024-03-01,SKU0057,WH01,234.0,2,54.295806451612904
2024-03-01,SKU0057,WH02,213.0,2,54.295806451612904
2024-03-01,SKU0057,WH03,215.0,2,54.295806451612904
2024-03-01,SKU0057,WH04,232.0,2,54.295806451612904
2024-03-01,SKU0057,WH05,266.0,2,54.295806451612904
2024-03-01,SKU0058,WH01,1044.0,4,51.24
2024-03-01,SKU0058,WH02,1140.0,4,51.24
2024-03-01,SKU0058,WH03,1071.0,4,51.24
2024-03-01,SKU0058,WH04,1178.0,4,51.24
2024-03-01,SKU0058,WH05,1139.0,4,51.24
2024-03-01,SKU0059,WH01,809.0,3,321.69612903225806
2024-03-01,SKU0059,WH02,790.0,3,321.69612903225806
2024-03-01,SKU0059,WH03,826.0,3,321.69612903225806
2024-03-01,SKU0059,WH04,874.0,3,321.69612903225806
2024-03-01,SKU0059,WH05,851.0,3,321.69612903225806
2024-03-01,SKU0060,WH01,443.0,2,143.30645161290323
2024-03-01,SKU0060,WH02,364.0,2,143.30645161290323
2024-03-01,SKU0060,WH03,411.0,2,143.30645161290323
2024-03-01,SKU0060,WH04,383.0,2,143.30645161290323
2024-03-01,SKU0060,WH05,352.0,2,143.30645161290323
2024-03-01,SKU0061,WH01,614.0,3,110.50870967741936
2024-03-01,SKU0061,WH02,641.0,3,110.50870967741936
2024-03-01,SKU0061,WH03,628.0,3,110.50870967741936
2024-03-01,SKU0061,WH04,627.0,3,110.50870967741936
2024-03-01,SKU0061,WH05,561.0,3,110.50870967741936
2024-03-01,SKU0062,WH01,1362.0,3,174.1316129032258
2024-03-01,SKU0062,WH02,1333.0,3,174.1316129032258
2024-03-01,SKU0062,WH03,1393.0,3,174.1316129032258
2024-03-01,SKU0062,WH04,1408.0,3,174.1316129032258
2024-03-01,SKU0062,WH05,1334.0,3,174.1316129032258
2024-03-01,SKU0063,WH01,404.0,2,234.61064516129034
2024-03-01,SKU0063,WH02,421.0,2,234.61064516129034
2024-03-01,SKU0063,WH03,436.0,2,234.61064516129034
2024-03-01,SKU0063,WH04,415.0,2,234.61064516129034
2024-03-01,SKU0063,WH05,438.0,2,234.61064516129034
2024-03-01,SKU0064,WH01,292.0,2,333.2893548387097
2024-03-01,SKU0064,WH02,276.0,2,333.2893548387097
2024-03-01,SKU0064,WH03,286.0,2,333.2893548387097
2024-03-01,SKU0064,WH04,298.0,2,333.2893548387097
2024-03-01,SKU0064,WH05,330.0,2,333.2893548387097
2024-03-01,SKU0065,WH01,1608.0,3,106.35064516129032
2024-03-01,SKU0065,WH02,1673.0,3,106.35064516129032
2024-03-01,SKU0065,WH03,1539.0,3,106.35064516129032
2024-03-01,SKU0065,WH04,1669.0,3,106.35064516129032
2024-03-01,SKU0065,WH05,1632.0,3,106.35064516129032
2024-03-01,SKU0066,WH01,319.0,1,323.38354838709677
2024-03-01,SKU0066,WH02,323.0,1,323.38354838709677
2024-03-01,SKU0066,WH03,299.0,1,323.38354838709677
2024-03-01,SKU0066,WH04,336.0,1,323.38354838709677
2024-03-01,SKU0066,WH05,329.0,1,323.38354838709677
2024-03-01,SKU0067,WH01,1243.0,0,18.45
2024-03-01,SKU0067,WH02,1339.0,0,18.45
2024-03-01,SKU0067,WH03,1347.0,0,18.45
2024-03-01,SKU0067,WH04,1272.0,0,18.45
2024-03-01,SKU0067,WH05,1414.0,0,18.45
2024-03-01,SKU0068,WH01,58.0,3,195.56387096774196
2024-03-01,SKU0068,WH02,63.0,3,195.56387096774196
2024-03-01,SKU0068,WH03,63.0,3,195.56387096774196
2024-03-01,SKU0068,WH04,41.0,3,195.56387096774196
2024-03-01,SKU0068,WH05,65.0,3,195.56387096774196
2024-03-01,SKU0069,WH01,632.0,3,223.36741935483874
2024-03-01,SKU0069,WH02,548.0,3,223.36741935483874
2024-03-01,SKU0069,WH03,532.0,3,223.36741935483874
2024-03-01,SKU0069,WH04,536.0,3,223.36741935483874
2024-03-01,SKU0069,WH05,596.0,3,223.36741935483874
2024-03-01,SKU0070,WH01,480.0,1,45.935806451612905
2024-03-01,SKU0070,WH02,501.0,1,45.935806451612905
2024-03-01,SKU0070,WH03,489.0,1,45.935806451612905
2024-03-01,SKU0070,WH04,476.0,1,45.935806451612905
2024-03-01,SKU0070,WH05,497.0,1,45.935806451612905
2024-03-01,SKU0071,WH01,440.0,3,57.06838709677419
2024-03-01,SKU0071,WH02,491.0,3,57.06838709677419
2024-03-01,SKU0071,WH03,458.0,3,57.06838709677419
2024-03-01,SKU0071,WH04,474.0,3,57.06838709677419
2024-03-01,SKU0071,WH05,439.0,3,57.06838709677419
2024-03-01,SKU0072,WH01,304.0,1,151.76193548387096
2024-03-01,SKU0072,WH02,306.0,1,151.76193548387096
2024-03-01,SKU0072,WH03,318.0,1,151.76193548387096
2024-03-01,SKU0072,WH04,295.0,1,151.76193548387096
2024-03-01,SKU0072,WH05,311.0,1,151.76193548387096
2024-03-01,SKU0073,WH01,953.0,1,337.428064516129
2024-03-01,SKU0073,WH02,982.0,1,337.428064516129
2024-03-01,SKU0073,WH03,931.0,1,337.428064516129
2024-03-01,SKU0073,WH04,897.0,1,337.428064516129
2024-03-01,SKU0073,WH05,924.0,1,337.428064516129
2024-03-01,SKU0074,WH01,778.0,5,207.8483870967742
2024-03-01,SKU0074,WH02,732.0,5,207.8483870967742
2024-03-01,SKU0074,WH03,796.0,5,207.8483870967742
2024-03-01,SKU0074,WH04,759.0,5,207.8483870967742
2024-03-01,SKU0074,WH05,771.0,5,207.8483870967742
2024-03-01,SKU0075,WH01,141.0,0,327.23
2024-03-01,SKU0075,WH02,167.0,0,327.23
2024-03-01,SKU0075,WH03,150.0,0,327.23
2024-03-01,SKU0075,WH04,133.0,0,327.23
2024-03-01,SKU0075,WH05,167.0,0,327.23
2024-03-01,SKU0076,WH01,545.0,5,277.9932258064516
2024-03-01,SKU0076,WH02,613.0,5,277.9932258064516
2024-03-01,SKU0076,WH03,583.0,5,277.9932258064516
2024-03-01,SKU0076,WH04,591.0,5,277.9932258064516
2024-03-01,SKU0076,WH05,560.0,5,277.9932258064516
2024-03-01,SKU0077,WH01,343.0,1,168.0925806451613
2024-03-01,SKU0077,WH02,370.0,1,168.0925806451613
2024-03-01,SKU0077,WH03,330.0,1,168.0925806451613
2024-03-01,SKU0077,WH04,330.0,1,168.0925806451613
2024-03-01,SKU0077,WH05,350.0,1,168.0925806451613
2024-03-01,SKU0078,WH01,315.0,1,275.92709677419356
2024-03-01,SKU0078,WH02,307.0,1,275.92709677419356
2024-03-01,SKU0078,WH03,363.0,1,275.92709677419356
2024-03-01,SKU0078,WH04,327.0,1,275.92709677419356
2024-03-01,SKU0078,WH05,331.0,1,275.92709677419356
2024-03-01,SKU0079,WH01,34.0,0,16.06
2024-03-01,SKU0079,WH02,39.0,0,16.06
2024-03-01,SKU0079,WH03,36.0,0,16.06
2024-03-01,SKU0079,WH04,34.0,0,16.06
2024-03-01,SKU0079,WH05,26.0,0,16.06
2024-03-01,SKU0080,WH01,553.0,2,46.73
2024-03-01,SKU0080,WH02,481.0,2,46.73
2024-03-01,SKU0080,WH03,590.0,2,46.73
2024-03-01,SKU0080,WH04,536.0,2,46.73
2024-03-01,SKU0080,WH05,559.0,2,46.73
2024-04-01,SKU0001,WH01,717.0,4,46.00866666666666
2024-04-01,SKU0001,WH02,703.0,4,46.00866666666666
2024-04-01,SKU0001,WH03,704.0,4,46.00866666666666
2024-04-01,SKU0001,WH04,686.0,4,46.00866666666666
2024-04-01,SKU0001,WH05,715.0,4,46.00866666666666
2024-04-01,SKU0002,WH01,142.0,1,319.8326666666666
2024-04-01,SKU0002,WH02,163.0,1,319.8326666666666
2024-04-01,SKU0002,WH03,156.0,1,319.8326666666666
2024-04-01,SKU0002,WH04,155.0,1,319.8326666666666
2024-04-01,SKU0002,WH05,184.0,1,319.8326666666666
2024-04-01,SKU0003,WH01,1568.0,1,88.123
2024-04-01,SKU0003,WH02,1480.0,1,88.123
2024-04-01,SKU0003,WH03,1468.0,1,88.123
2024-04-01,SKU0003,WH04,1455.0,1,88.123
2024-04-01,SKU0003,WH05,1545.0,1,88.123
2024-04-01,SKU0004,WH01,2806.0,1,22.644333333333332
2024-04-01,SKU0004,WH02,2704.0,1,22.644333333333332
2024-04-01,SKU0004,WH03,2906.0,1,22.644333333333332
2024-04-01,SKU0004,WH04,2883.0,1,22.644333333333332
2024-04-01,SKU0004,WH05,3022.0,1,22.644333333333332
2024-04-01,SKU0005,WH01,645.0,2,197.65666666666667
2024-04-01,SKU0005,WH02,739.0,2,197.65666666666667
2024-04-01,SKU0005,WH03,707.0,2,197.65666666666667
2024-04-01,SKU0005,WH04,682.0,2,197.65666666666667
2024-04-01,SKU0005,WH05,716.0,2,197.65666666666667
2024-04-01,SKU0006,WH01,26.0,2,135.20233333333334
2024-04-01,SKU0006,WH02,21.0,2,135.20233333333334
2024-04-01,SKU0006,WH03,23.0,2,135.20233333333334
2024-04-01,SKU0006,WH04,20.0,2,135.20233333333334
2024-04-01,SKU0006,WH05,16.0,2,135.20233333333334
2024-04-01,SKU0007,WH01,498.0,2,288.72166666666664
2024-04-01,SKU0007,WH02,514.0,2,288.72166666666664
2024-04-01,SKU0007,WH03,510.0,2,288.72166666666664
2024-04-01,SKU0007,WH04,502.0,2,288.72166666666664
2024-04-01,SKU0007,WH05,547.0,2,288.72166666666664
2024-04-01,SKU0008,WH01,1115.0,2,282.43666666666667
2024-04-01,SKU0008,WH02,979.0,2,282.43666666666667
2024-04-01,SKU0008,WH03,1016.0,2,282.43666666666667
2024-04-01,SKU0008,WH04,1066.0,2,282.43666666666667
2024-04-01,SKU0008,WH05,1056.0,2,282.43666666666667
2024-04-01,SKU0009,WH01,1452.0,5,116.25933333333333
2024-04-01,SKU0009,WH02,1273.0,5,116.25933333333333
2024-04-01,SKU0009,WH03,1302.0,5,116.25933333333333
2024-04-01,SKU0009,WH04,1359.0,5,116.25933333333333
2024-04-01,SKU0009,WH05,1250.0,5,116.25933333333333
2024-04-01,SKU0010,WH01,283.0,1,332.32
2024-04-01,SKU0010,WH02,240.0,1,332.32
2024-04-01,SKU0010,WH03,268.0,1,332.32
2024-04-01,SKU0010,WH04,271.0,1,332.32
2024-04-01,SKU0010,WH05,234.0,1,332.32
2024-04-01,SKU0011,WH01,717.0,2,108.18366666666667
2024-04-01,SKU0011,WH02,810.0,2,108.18366666666667
2024-04-01,SKU0011,WH03,753.0,2,108.18366666666667
2024-04-01,SKU0011,WH04,724.0,2,108.18366666666667
2024-04-01,SKU0011,WH05,763.0,2,108.18366666666667
2024-04-01,SKU0012,WH01,373.0,2,182.96033333333335
2024-04-01,SKU0012,WH02,343.0,2,182.96033333333335
2024-04-01,SKU0012,WH03,324.0,2,182.96033333333335
2024-04-01,SKU0012,WH04,335.0,2,182.96033333333335
2024-04-01,SKU0012,WH05,331.0,2,182.96033333333335
2024-04-01,SKU0013,WH01,231.0,3,96.22166666666668
2024-04-01,SKU0013,WH02,230.0,3,96.22166666666668
2024-04-01,SKU0013,WH03,243.0,3,96.22166666666668
2024-04-01,SKU0013,WH04,258.0,3,96.22166666666668
2024-04-01,SKU0013,WH05,251.0,3,96.22166666666668
2024-04-01,SKU0014,WH01,133.0,3,323.87333333333333
2024-04-01,SKU0014,WH02,134.0,3,323.87333333333333
2024-04-01,SKU0014,WH03,128.0,3,323.87333333333333
2024-04-01,SKU0014,WH04,145.0,3,323.87333333333333
2024-04-01,SKU0014,WH05,126.0,3,323.87333333333333
2024-04-01,SKU0015,WH01,129.0,3,65.20033333333333
2024-04-01,SKU0015,WH02,110.0,3,65.20033333333333
2024-04-01,SKU0015,WH03,106.0,3,65.20033333333333
2024-04-01,SKU0015,WH04,99.0,3,65.20033333333333
2024-04-01,SKU0015,WH05,105.0,3,65.20033333333333
2024-04-01,SKU0016,WH01,2085.0,0,25.27
2024-04-01,SKU0016,WH02,2053.0,0,25.27
2024-04-01,SKU0016,WH03,1963.0,0,25.27
2024-04-01,SKU0016,WH04,1948.0,0,25.27
2024-04-01,SKU0016,WH05,1864.0,0,25.27
2024-04-01,SKU0017,WH01,346.0,2,156.87733333333333
2024-04-01,SKU0017,WH02,337.0,2,156.87733333333333
2024-04-01,SKU0017,WH03,330.0,2,156.87733333333333
2024-04-01,SKU0017,WH04,314.0,2,156.87733333333333
2024-04-01,SKU0017,WH05,336.0,2,156.87733333333333
2024-04-01,SKU0018,WH01,687.0,1,346.25200000000007
2024-04-01,SKU0018,WH02,778.0,1,346.25200000000007
2024-04-01,SKU0018,WH03,747.0,1,346.25200000000007
2024-04-01,SKU0018,WH04,729.0,1,346.25200000000007
2024-04-01,SKU0018,WH05,761.0,1,346.25200000000007
2024-04-01,SKU0019,WH01,905.0,3,310.56000000000006
2024-04-01,SKU0019,WH02,894.0,3,310.56000000000006
2024-04-01,SKU0019,WH03,849.0,3,310.56000000000006
2024-04-01,SKU0019,WH04,839.0,3,310.56000000000006
2024-04-01,SKU0019,WH05,861.0,3,310.56000000000006
2024-04-01,SKU0020,WH01,539.0,3,260.562
2024-04-01,SKU0020,WH02,582.0,3,260.562
2024-04-01,SKU0020,WH03,557.0,3,260.562
2024-04-01,SKU0020,WH04,538.0,3,260.562
2024-04-01,SKU0020,WH05,598.0,3,260.562
2024-04-01,SKU0021,WH01,152.0,2,309.74133333333333
2024-04-01,SKU0021,WH02,140.0,2,309.74133333333333
2024-04-01,SKU0021,WH03,157.0,2,309.74133333333333
2024-04-01,SKU0021,WH04,144.0,2,309.74133333333333
2024-04-01,SKU0021,WH05,127.0,2,309.74133333333333
2024-04-01,SKU0022,WH01,224.0,4,308.53999999999996
2024-04-01,SKU0022,WH02,215.0,4,308.53999999999996
2024-04-01,SKU0022,WH03,244.0,4,308.53999999999996
2024-04-01,SKU0022,WH04,207.0,4,308.53999999999996
2024-04-01,SKU0022,WH05,187.0,4,308.53999999999996
2024-04-01,SKU0023,WH01,343.0,5,182.99266666666665
2024-04-01,SKU0023,WH02,356.0,5,182.99266666666665
2024-04-01,SKU0023,WH03,350.0,5,182.99266666666665
2024-04-01,SKU0023,WH04,336.0,5,182.99266666666665
2024-04-01,SKU0023,WH05,358.0,5,182.99266666666665
2024-04-01,SKU0024,WH01,854.0,2,116.44166666666666
2024-04-01,SKU0024,WH02,852.0,2,116.44166666666666
2024-04-01,SKU0024,WH03,842.0,2,116.44166666666666
2024-04-01,SKU0024,WH04,834.0,2,116.44166666666666
2024-04-01,SKU0024,WH05,870.0,2,116.44166666666666
2024-04-01,SKU0025,WH01,770.0,0,272.48
2024-04-01,SKU0025,WH02,689.0,0,272.48
2024-04-01,SKU0025,WH03,783.0,0,272.48
2024-04-01,SKU0025,WH04,750.0,0,272.48
2024-04-01,SKU0025,WH05,763.0,0,272.48
2024-04-01,SKU0026,WH01,1516.0,1,234.56833333333333
2024-04-01,SKU0026,WH02,1577.0,1,234.56833333333333
2024-04-01,SKU0026,WH03,1501.0,1,234.56833333333333
2024-04-01,SKU0026,WH04,1436.0,1,234.56833333333333
2024-04-01,SKU0026,WH05,1447.0,1,234.56833333333333
2024-04-01,SKU0027,WH01,617.0,1,136.35466666666667
2024-04-01,SKU0027,WH02,529.0,1,136.35466666666667
2024-04-01,SKU0027,WH03,559.0,1,136.35466666666667
2024-04-01,SKU0027,WH04,544.0,1,136.35466666666667
2024-04-01,SKU0027,WH05,599.0,1,136.35466666666667
2024-04-01,SKU0028,WH01,258.0,0,42.12
2024-04-01,SKU0028,WH02,288.0,0,42.12
2024-04-01,SKU0028,WH03,226.0,0,42.12
2024-04-01,SKU0028,WH04,252.0,0,42.12
2024-04-01,SKU0028,WH05,249.0,0,42.12
2024-04-01,SKU0029,WH01,374.0,4,259.51133333333337
2024-04-01,SKU0029,WH02,381.0,4,259.51133333333337
2024-04-01,SKU0029,WH03,385.0,4,259.51133333333337
2024-04-01,SKU0029,WH04,385.0,4,259.51133333333337
2024-04-01,SKU0029,WH05,371.0,4,259.51133333333337
2024-04-01,SKU0030,WH01,693.0,4,97.42066666666666
2024-04-01,SKU0030,WH02,664.0,4,97.42066666666666
2024-04-01,SKU0030,WH03,626.0,4,97.42066666666666
2024-04-01,SKU0030,WH04,658.0,4,97.42066666666666
2024-04-01,SKU0030,WH05,698.0,4,97.42066666666666
2024-04-01,SKU0031,WH01,293.0,1,327.425
2024-04-01,SKU0031,WH02,360.0,1,327.425
2024-04-01,SKU0031,WH03,329.0,1,327.425
2024-04-01,SKU0031,WH04,320.0,1,327.425
2024-04-01,SKU0031,WH05,354.0,1,327.425
2024-04-01,SKU0032,WH01,370.0,1,91.31700000000001
2024-04-01,SKU0032,WH02,342.0,1,91.31700000000001
2024-04-01,SKU0032,WH03,342.0,1,91.31700000000001
2024-04-01,SKU0032,WH04,327.0,1,91.31700000000001
2024-04-01,SKU0032,WH05,363.0,1,91.31700000000001
2024-04-01,SKU0033,WH01,136.0,3,51.309
2024-04-01,SKU0033,WH02,170.0,3,51.309
2024-04-01,SKU0033,WH03,146.0,3,51.309
2024-04-01,SKU0033,WH04,138.0,3,51.309
2024-04-01,SKU0033,WH05,143.0,3,51.309
2024-04-01,SKU0034,WH01,175.0,1,291.117
2024-04-01,SKU0034,WH02,181.0,1,291.117
2024-04-01,SKU0034,WH03,165.0,1,291.117
2024-04-01,SKU0034,WH04,184.0,1,291.117
2024-04-01,SKU0034,WH05,208.0,1,291.117
2024-04-01,SKU0035,WH01,191.0,2,61.602333333333334
2024-04-01,SKU0035,WH02,190.0,2,61.602333333333334
2024-04-01,SKU0035,WH03,186.0,2,61.602333333333334
2024-04-01,SKU0035,WH04,195.0,2,61.602333333333334
2024-04-01,SKU0035,WH05,172.0,2,61.602333333333334
2024-04-01,SKU0036,WH01,172.0,4,69.64966666666668
2024-04-01,SKU0036,WH02,191.0,4,69.64966666666668
2024-04-01,SKU0036,WH03,174.0,4,69.64966666666668
2024-04-01,SKU0036,WH04,183.0,4,69.64966666666668
2024-04-01,SKU0036,WH05,199.0,4,69.64966666666668
2024-04-01,SKU0037,WH01,18.0,4,211.29566666666668
2024-04-01,SKU0037,WH02,22.0,4,211.29566666666668
2024-04-01,SKU0037,WH03,15.0,4,211.29566666666668
2024-04-01,SKU0037,WH04,16.0,4,211.29566666666668
2024-04-01,SKU0037,WH05,20.0,4,211.29566666666668
2024-04-01,SKU0038,WH01,591.0,2,303.25200000000007
2024-04-01,SKU0038,WH02,602.0,2,303.25200000000007
2024-04-01,SKU0038,WH03,569.0,2,303.25200000000007
2024-04-01,SKU0038,WH04,637.0,2,303.25200000000007
2024-04-01,SKU0038,WH05,563.0,2,303.25200000000007
2024-04-01,SKU0039,WH01,289.0,1,76.406
2024-04-01,SKU0039,WH02,269.0,1,76.406
2024-04-01,SKU0039,WH03,277.0,1,76.406
2024-04-01,SKU0039,WH04,259.0,1,76.406
2024-04-01,SKU0039,WH05,240.0,1,76.406
2024-04-01,SKU0040,WH01,220.0,2,114.35466666666667
2024-04-01,SKU0040,WH02,214.0,2,114.35466666666667
2024-04-01,SKU0040,WH03,200.0,2,114.35466666666667
2024-04-01,SKU0040,WH04,188.0,2,114.35466666666667
2024-04-01,SKU0040,WH05,241.0,2,114.35466666666667
2024-04-01,SKU0041,WH01,31.0,4,271.11966666666666
2024-04-01,SKU0041,WH02,26.0,4,271.11966666666666
2024-04-01,SKU0041,WH03,36.0,4,271.11966666666666
2024-04-01,SKU0041,WH04,39.0,4,271.11966666666666
2024-04-01,SKU0041,WH05,32.0,4,271.11966666666666
2024-04-01,SKU0042,WH01,677.0,2,338.718
2024-04-01,SKU0042,WH02,774.0,2,338.718
2024-04-01,SKU0042,WH03,705.0,2,338.718
2024-04-01,SKU0042,WH04,730.0,2,338.718
2024-04-01,SKU0042,WH05,703.0,2,338.718
2024-04-01,SKU0043,WH01,70.0,3,179.04833333333332
2024-04-01,SKU0043,WH02,79.0,3,179.04833333333332
2024-04-01,SKU0043,WH03,83.0,3,179.04833333333332
2024-04-01,SKU0043,WH04,73.0,3,179.04833333333332
2024-04-01,SKU0043,WH05,91.0,3,179.04833333333332
2024-04-01,SKU0044,WH01,101.0,6,57.555
2024-04-01,SKU0044,WH02,111.0,6,57.555
2024-04-01,SKU0044,WH03,105.0,6,57.555
2024-04-01,SKU0044,WH04,112.0,6,57.555
2024-04-01,SKU0044,WH05,103.0,6,57.555
2024-04-01,SKU0045,WH01,1570.0,0,14.74
2024-04-01,SKU0045,WH02,1511.0,0,14.74
2024-04-01,SKU0045,WH03,1465.0,0,14.74
2024-04-01,SKU0045,WH04,1591.0,0,14.74
2024-04-01,SKU0045,WH05,1589.0,0,14.74
2024-04-01,SKU0046,WH01,1564.0,1,87.78633333333333
2024-04-01,SKU0046,WH02,1426.0,1,87.78633333333333
2024-04-01,SKU0046,WH03,1617.0,1,87.78633333333333
2024-04-01,SKU0046,WH04,1554.0,1,87.78633333333333
2024-04-01,SKU0046,WH05,1576.0,1,87.78633333333333
2024-04-01,SKU0047,WH01,103.0,4,54.089333333333336
2024-04-01,SKU0047,WH02,99.0,4,54.089333333333336
2024-04-01,SKU0047,WH03,112.0,4,54.089333333333336
2024-04-01,SKU0047,WH04,91.0,4,54.089333333333336
2024-04-01,SKU0047,WH05,106.0,4,54.089333333333336
2024-04-01,SKU0048,WH01,25.0,5,236.39333333333335
2024-04-01,SKU0048,WH02,26.0,5,236.39333333333335
2024-04-01,SKU0048,WH03,17.0,5,236.39333333333335
2024-04-01,SKU0048,WH04,15.0,5,236.39333333333335
2024-04-01,SKU0048,WH05,13.0,5,236.39333333333335
2024-04-01,SKU0049,WH01,360.0,2,51.07733333333333
2024-04-01,SKU0049,WH02,313.0,2,51.07733333333333
2024-04-01,SKU0049,WH03,366.0,2,51.07733333333333
2024-04-01,SKU0049,WH04,330.0,2,51.07733333333333
2024-04-01,SKU0049,WH05,337.0,2,51.07733333333333
2024-04-01,SKU0050,WH01,553.0,1,181.543
2024-04-01,SKU0050,WH02,581.0,1,181.543
2024-04-01,SKU0050,WH03,546.0,1,181.543
2024-04-01,SKU0050,WH04,518.0,1,181.543
2024-04-01,SKU0050,WH05,609.0,1,181.543
2024-04-01,SKU0051,WH01,26.0,2,243.99966666666668
2024-04-01,SKU0051,WH02,24.0,2,243.99966666666668
2024-04-01,SKU0051,WH03,24.0,2,243.99966666666668
2024-04-01,SKU0051,WH04,24.0,2,243.99966666666668
2024-04-01,SKU0051,WH05,20.0,2,243.99966666666668
2024-04-01,SKU0052,WH01,912.0,1,206.196
2024-04-01,SKU0052,WH02,822.0,1,206.196
2024-04-01,SKU0052,WH03,904.0,1,206.196
2024-04-01,SKU0052,WH04,862.0,1,206.196
2024-04-01,SKU0052,WH05,849.0,1,206.196
2024-04-01,SKU0053,WH01,92.0,3,77.40033333333334
2024-04-01,SKU0053,WH02,83.0,3,77.40033333333334
2024-04-01,SKU0053,WH03,117.0,3,77.40033333333334
2024-04-01,SKU0053,WH04,97.0,3,77.40033333333334
2024-04-01,SKU0053,WH05,92.0,3,77.40033333333334
2024-04-01,SKU0054,WH01,545.0,3,280.566
2024-04-01,SKU0054,WH02,482.0,3,280.566
2024-04-01,SKU0054,WH03,518.0,3,280.566
2024-04-01,SKU0054,WH04,513.0,3,280.566
2024-04-01,SKU0054,WH05,539.0,3,280.566
2024-04-01,SKU0055,WH01,718.0,3,250.708
2024-04-01,SKU0055,WH02,739.0,3,250.708
2024-04-01,SKU0055,WH03,766.0,3,250.708
2024-04-01,SKU0055,WH04,807.0,3,250.708
2024-04-01,SKU0055,WH05,760.0,3,250.708
2024-04-01,SKU0056,WH01,20.0,3,257.7663333333333
2024-04-01,SKU0056,WH02,27.0,3,257.7663333333333
2024-04-01,SKU0056,WH03,27.0,3,257.7663333333333
2024-04-01,SKU0056,WH04,23.0,3,257.7663333333333
2024-04-01,SKU0056,WH05,23.0,3,257.7663333333333
2024-04-01,SKU0057,WH01,233.0,3,54.105000000000004
2024-04-01,SKU0057,WH02,209.0,3,54.105000000000004
2024-04-01,SKU0057,WH03,230.0,3,54.105000000000004
2024-04-01,SKU0057,WH04,212.0,3,54.105000000000004
2024-04-01,SKU0057,WH05,202.0,3,54.105000000000004
2024-04-01,SKU0058,WH01,1136.0,5,50.951666666666675
2024-04-01,SKU0058,WH02,1098.0,5,50.951666666666675
2024-04-01,SKU0058,WH03,1125.0,5,50.951666666666675
2024-04-01,SKU0058,WH04,1113.0,5,50.951666666666675
2024-04-01,SKU0058,WH05,1114.0,5,50.951666666666675
2024-04-01,SKU0059,WH01,752.0,1,324.2853333333333
2024-04-01,SKU0059,WH02,713.0,1,324.2853333333333
2024-04-01,SKU0059,WH03,744.0,1,324.2853333333333
2024-04-01,SKU0059,WH04,757.0,1,324.2853333333333
2024-04-01,SKU0059,WH05,775.0,1,324.2853333333333
2024-04-01,SKU0060,WH01,334.0,2,143.97
2024-04-01,SKU0060,WH02,363.0,2,143.97
2024-04-01,SKU0060,WH03,348.0,2,143.97
2024-04-01,SKU0060,WH04,358.0,2,143.97
2024-04-01,SKU0060,WH05,362.0,2,143.97
2024-04-01,SKU0061,WH01,608.0,1,111.57133333333333
2024-04-01,SKU0061,WH02,590.0,1,111.57133333333333
2024-04-01,SKU0061,WH03,555.0,1,111.57133333333333
2024-04-01,SKU0061,WH04,485.0,1,111.57133333333333
2024-04-01,SKU0061,WH05,558.0,1,111.57133333333333
2024-04-01,SKU0062,WH01,1290.0,3,173.47833333333335
2024-04-01,SKU0062,WH02,1259.0,3,173.47833333333335
2024-04-01,SKU0062,WH03,1444.0,3,173.47833333333335
2024-04-01,SKU0062,WH04,1342.0,3,173.47833333333335
2024-04-01,SKU0062,WH05,1362.0,3,173.47833333333335
2024-04-01,SKU0063,WH01,450.0,5,229.87766666666667
2024-04-01,SKU0063,WH02,478.0,5,229.87766666666667
2024-04-01,SKU0063,WH03,475.0,5,229.87766666666667
2024-04-01,SKU0063,WH04,445.0,5,229.87766666666667
2024-04-01,SKU0063,WH05,493.0,5,229.87766666666667
2024-04-01,SKU0064,WH01,278.0,2,332.119
2024-04-01,SKU0064,WH02,295.0,2,332.119
2024-04-01,SKU0064,WH03,273.0,2,332.119
2024-04-01,SKU0064,WH04,273.0,2,332.119
2024-04-01,SKU0064,WH05,264.0,2,332.119
2024-04-01,SKU0065,WH01,1616.0,2,106.49499999999999
2024-04-01,SKU0065,WH02,1652.0,2,106.49499999999999
2024-04-01,SKU0065,WH03,1506.0,2,106.49499999999999
2024-04-01,SKU0065,WH04,1512.0,2,106.49499999999999
2024-04-01,SKU0065,WH05,1585.0,2,106.49499999999999
2024-04-01,SKU0066,WH01,337.0,4,321.186
2024-04-01,SKU0066,WH02,300.0,4,321.186
2024-04-01,SKU0066,WH03,352.0,4,321.186
2024-04-01,SKU0066,WH04,344.0,4,321.186
2024-04-01,SKU0066,WH05,315.0,4,321.186
2024-04-01,SKU0067,WH01,1317.0,1,18.41933333333333
2024-04-01,SKU0067,WH02,1248.0,1,18.41933333333333
2024-04-01,SKU0067,WH03,1321.0,1,18.41933333333333
2024-04-01,SKU0067,WH04,1313.0,1,18.41933333333333
2024-04-01,SKU0067,WH05,1285.0,1,18.41933333333333
2024-04-01,SKU0068,WH01,55.0,2,197.44466666666668
2024-04-01,SKU0068,WH02,50.0,2,197.44466666666668
2024-04-01,SKU0068,WH03,57.0,2,197.44466666666668
2024-04-01,SKU0068,WH04,38.0,2,197.44466666666668
2024-04-01,SKU0068,WH05,68.0,2,197.44466666666668
2024-04-01,SKU0069,WH01,604.0,2,224.04633333333337
2024-04-01,SKU0069,WH02,524.0,2,224.04633333333337
2024-04-01,SKU0069,WH03,570.0,2,224.04633333333337
2024-04-01,SKU0069,WH04,543.0,2,224.04633333333337
2024-04-01,SKU0069,WH05,570.0,2,224.04633333333337
2024-04-01,SKU0070,WH01,507.0,1,45.85666666666667
2024-04-01,SKU0070,WH02,470.0,1,45.85666666666667
2024-04-01,SKU0070,WH03,492.0,1,45.85666666666667
2024-04-01,SKU0070,WH04,453.0,1,45.85666666666667
2024-04-01,SKU0070,WH05,464.0,1,45.85666666666667
2024-04-01,SKU0071,WH01,440.0,3,56.85433333333333
2024-04-01,SKU0071,WH02,478.0,3,56.85433333333333
2024-04-01,SKU0071,WH03,466.0,3,56.85433333333333
2024-04-01,SKU0071,WH04,459.0,3,56.85433333333333
2024-04-01,SKU0071,WH05,494.0,3,56.85433333333333
2024-04-01,SKU0072,WH01,292.0,1,151.99166666666667
2024-04-01,SKU0072,WH02,275.0,1,151.99166666666667
2024-04-01,SKU0072,WH03,282.0,1,151.99166666666667
2024-04-01,SKU0072,WH04,255.0,1,151.99166666666667
2024-04-01,SKU0072,WH05,282.0,1,151.99166666666667
2024-04-01,SKU0073,WH01,897.0,1,336.82733333333334
2024-04-01,SKU0073,WH02,928.0,1,336.82733333333334
2024-04-01,SKU0073,WH03,897.0,1,336.82733333333334
2024-04-01,SKU0073,WH04,850.0,1,336.82733333333334
2024-04-01,SKU0073,WH05,838.0,1,336.82733333333334
2024-04-01,SKU0074,WH01,718.0,4,209.46033333333335
2024-04-01,SKU0074,WH02,711.0,4,209.46033333333335
2024-04-01,SKU0074,WH03,798.0,4,209.46033333333335
2024-04-01,SKU0074,WH04,697.0,4,209.46033333333335
2024-04-01,SKU0074,WH05,710.0,4,209.46033333333335
2024-04-01,SKU0075,WH01,188.0,1,326.13933333333335
2024-04-01,SKU0075,WH02,172.0,1,326.13933333333335
2024-04-01,SKU0075,WH03,180.0,1,326.13933333333335
2024-04-01,SKU0075,WH04,133.0,1,326.13933333333335
2024-04-01,SKU0075,WH05,141.0,1,326.13933333333335
2024-04-01,SKU0076,WH01,494.0,2,281.5903333333334
2024-04-01,SKU0076,WH02,545.0,2,281.5903333333334
2024-04-01,SKU0076,WH03,504.0,2,281.5903333333334
2024-04-01,SKU0076,WH04,497.0,2,281.5903333333334
2024-04-01,SKU0076,WH05,531.0,2,281.5903333333334
2024-04-01,SKU0077,WH01,367.0,2,167.784
2024-04-01,SKU0077,WH02,382.0,2,167.784
2024-04-01,SKU0077,WH03,358.0,2,167.784
2024-04-01,SKU0077,WH04,384.0,2,167.784
2024-04-01,SKU0077,WH05,351.0,2,167.784
2024-04-01,SKU0078,WH01,311.0,2,275.89733333333334
2024-04-01,SKU0078,WH02,305.0,2,275.89733333333334
2024-04-01,SKU0078,WH03,351.0,2,275.89733333333334
2024-04-01,SKU0078,WH04,308.0,2,275.89733333333334
2024-04-01,SKU0078,WH05,342.0,2,275.89733333333334
2024-04-01,SKU0079,WH01,34.0,2,15.925999999999998
2024-04-01,SKU0079,WH02,28.0,2,15.925999999999998
2024-04-01,SKU0079,WH03,32.0,2,15.925999999999998
2024-04-01,SKU0079,WH04,29.0,2,15.925999999999998
2024-04-01,SKU0079,WH05,44.0,2,15.925999999999998
2024-04-01,SKU0080,WH01,580.0,3,46.40333333333332
2024-04-01,SKU0080,WH02,601.0,3,46.40333333333332
2024-04-01,SKU0080,WH03,513.0,3,46.40333333333332
2024-04-01,SKU0080,WH04,549.0,3,46.40333333333332
2024-04-01,SKU0080,WH05,505.0,3,46.40333333333332
2024-05-01,SKU0001,WH01,630.0,1,46.47967741935484
2024-05-01,SKU0001,WH02,632.0,1,46.47967741935484
2024-05-01,SKU0001,WH03,667.0,1,46.47967741935484
2024-05-01,SKU0001,WH04,666.0,1,46.47967741935484
2024-05-01,SKU0001,WH05,728.0,1,46.47967741935484
2024-05-01,SKU0002,WH01,130.0,0,321.44
2024-05-01,SKU0002,WH02,162.0,0,321.44
2024-05-01,SKU0002,WH03,142.0,0,321.44
2024-05-01,SKU0002,WH04,145.0,0,321.44
2024-05-01,SKU0002,WH05,147.0,0,321.44
2024-05-01,SKU0003,WH01,1534.0,3,87.41548387096775
2024-05-01,SKU0003,WH02,1591.0,3,87.41548387096775
2024-05-01,SKU0003,WH03,1615.0,3,87.41548387096775
2024-05-01,SKU0003,WH04,1594.0,3,87.41548387096775
2024-05-01,SKU0003,WH05,1533.0,3,87.41548387096775
2024-05-01,SKU0004,WH01,2864.0,1,22.61
2024-05-01,SKU0004,WH02,2838.0,1,22.61
2024-05-01,SKU0004,WH03,2807.0,1,22.61
2024-05-01,SKU0004,WH04,3072.0,1,22.61
2024-05-01,SKU0004,WH05,2884.0,1,22.61
2024-05-01,SKU0005,WH01,742.0,4,195.44548387096776
2024-05-01,SKU0005,WH02,740.0,4,195.44548387096776
2024-05-01,SKU0005,WH03,741.0,4,195.44548387096776
2024-05-01,SKU0005,WH04,770.0,4,195.44548387096776
2024-05-01,SKU0005,WH05,776.0,4,195.44548387096776
2024-05-01,SKU0006,WH01,24.0,4,134.35387096774195
2024-05-01,SKU0006,WH02,31.0,4,134.35387096774195
2024-05-01,SKU0006,WH03,19.0,4,134.35387096774195
2024-05-01,SKU0006,WH04,23.0,4,134.35387096774195
2024-05-01,SKU0006,WH05,25.0,4,134.35387096774195
2024-05-01,SKU0007,WH01,519.0,2,290.24548387096775
2024-05-01,SKU0007,WH02,460.0,2,290.24548387096775
2024-05-01,SKU0007,WH03,538.0,2,290.24548387096775
2024-05-01,SKU0007,WH04,509.0,2,290.24548387096775
2024-05-01,SKU0007,WH05,482.0,2,290.24548387096775
2024-05-01,SKU0008,WH01,1016.0,6,278.83838709677417
2024-05-01,SKU0008,WH02,1135.0,6,278.83838709677417
2024-05-01,SKU0008,WH03,1137.0,6,278.83838709677417
2024-05-01,SKU0008,WH04,1078.0,6,278.83838709677417
2024-05-01,SKU0008,WH05,1117.0,6,278.83838709677417
2024-05-01,SKU0009,WH01,1409.0,4,115.35935483870968
2024-05-01,SKU0009,WH02,1341.0,4,115.35935483870968
2024-05-01,SKU0009,WH03,1365.0,4,115.35935483870968
2024-05-01,SKU0009,WH04,1408.0,4,115.35935483870968
2024-05-01,SKU0009,WH05,1400.0,4,115.35935483870968
2024-05-01,SKU0010,WH01,213.0,1,333.45129032258063
2024-05-01,SKU0010,WH02,250.0,1,333.45129032258063
2024-05-01,SKU0010,WH03,282.0,1,333.45129032258063
2024-05-01,SKU0010,WH04,255.0,1,333.45129032258063
2024-05-01,SKU0010,WH05,251.0,1,333.45129032258063
2024-05-01,SKU0011,WH01,740.0,1,108.55870967741936
2024-05-01,SKU0011,WH02,662.0,1,108.55870967741936
2024-05-01,SKU0011,WH03,698.0,1,108.55870967741936
2024-05-01,SKU0011,WH04,704.0,1,108.55870967741936
2024-05-01,SKU0011,WH05,656.0,1,108.55870967741936
2024-05-01,SKU0012,WH01,301.0,3,182.73161290322582
2024-05-01,SKU0012,WH02,370.0,3,182.73161290322582
2024-05-01,SKU0012,WH03,354.0,3,182.73161290322582
2024-05-01,SKU0012,WH04,351.0,3,182.73161290322582
2024-05-01,SKU0012,WH05,344.0,3,182.73161290322582
2024-05-01,SKU0013,WH01,285.0,3,95.77838709677421
2024-05-01,SKU0013,WH02,238.0,3,95.77838709677421
2024-05-01,SKU0013,WH03,249.0,3,95.77838709677421
2024-05-01,SKU0013,WH04,241.0,3,95.77838709677421
2024-05-01,SKU0013,WH05,247.0,3,95.77838709677421
2024-05-01,SKU0014,WH01,141.0,3,324.0148387096774
2024-05-01,SKU0014,WH02,127.0,3,324.0148387096774
2024-05-01,SKU0014,WH03,120.0,3,324.0148387096774
2024-05-01,SKU0014,WH04,137.0,3,324.0148387096774
2024-05-01,SKU0014,WH05,144.0,3,324.0148387096774
2024-05-01,SKU0015,WH01,110.0,1,65.86354838709677
2024-05-01,SKU0015,WH02,100.0,1,65.86354838709677
2024-05-01,SKU0015,WH03,92.0,1,65.86354838709677
2024-05-01,SKU0015,WH04,109.0,1,65.86354838709677
2024-05-01,SKU0015,WH05,96.0,1,65.86354838709677
2024-05-01,SKU0016,WH01,2177.0,3,24.984516129032258
2024-05-01,SKU0016,WH02,2128.0,3,24.984516129032258
2024-05-01,SKU0016,WH03,2067.0,3,24.984516129032258
2024-05-01,SKU0016,WH04,2024.0,3,24.984516129032258
2024-05-01,SKU0016,WH05,1911.0,3,24.984516129032258
2024-05-01,SKU0017,WH01,322.0,3,156.14709677419356
2024-05-01,SKU0017,WH02,356.0,3,156.14709677419356
2024-05-01,SKU0017,WH03,359.0,3,156.14709677419356
2024-05-01,SKU0017,WH04,337.0,3,156.14709677419356
2024-05-01,SKU0017,WH05,338.0,3,156.14709677419356
2024-05-01,SKU0018,WH01,697.0,1,346.2893548387097
2024-05-01,SKU0018,WH02,709.0,1,346.2893548387097
2024-05-01,SKU0018,WH03,744.0,1,346.2893548387097
2024-05-01,SKU0018,WH04,715.0,1,346.2893548387097
2024-05-01,SKU0018,WH05,805.0,1,346.2893548387097
2024-05-01,SKU0019,WH01,880.0,0,313.17
2024-05-01,SKU0019,WH02,796.0,0,313.17
2024-05-01,SKU0019,WH03,849.0,0,313.17
2024-05-01,SKU0019,WH04,730.0,0,313.17
2024-05-01,SKU0019,WH05,796.0,0,313.17
2024-05-01,SKU0020,WH01,509.0,2,262.3964516129032
2024-05-01,SKU0020,WH02,493.0,2,262.3964516129032
2024-05-01,SKU0020,WH03,505.0,2,262.3964516129032
2024-05-01,SKU0020,WH04,535.0,2,262.3964516129032
2024-05-01,SKU0020,WH05,529.0,2,262.3964516129032
2024-05-01,SKU0021,WH01,173.0,3,307.31935483870967
2024-05-01,SKU0021,WH02,168.0,3,307.31935483870967
2024-05-01,SKU0021,WH03,161.0,3,307.31935483870967
2024-05-01,SKU0021,WH04,155.0,3,307.31935483870967
2024-05-01,SKU0021,WH05,147.0,3,307.31935483870967
2024-05-01,SKU0022,WH01,226.0,5,308.2025806451613
2024-05-01,SKU0022,WH02,186.0,5,308.2025806451613
2024-05-01,SKU0022,WH03,212.0,5,308.2025806451613
2024-05-01,SKU0022,WH04,206.0,5,308.2025806451613
2024-05-01,SKU0022,WH05,222.0,5,308.2025806451613
2024-05-01,SKU0023,WH01,340.0,5,183.40354838709678
2024-05-01,SKU0023,WH02,336.0,5,183.40354838709678
2024-05-01,SKU0023,WH03,320.0,5,183.40354838709678
2024-05-01,SKU0023,WH04,336.0,5,183.40354838709678
2024-05-01,SKU0023,WH05,363.0,5,183.40354838709678
2024-05-01,SKU0024,WH01,901.0,5,115.90516129032258
2024-05-01,SKU0024,WH02,922.0,5,115.90516129032258
2024-05-01,SKU0024,WH03,914.0,5,115.90516129032258
2024-05-01,SKU0024,WH04,847.0,5,115.90516129032258
2024-05-01,SKU0024,WH05,932.0,5,115.90516129032258
2024-05-01,SKU0025,WH01,890.0,5,267.2061290322581
2024-05-01,SKU0025,WH02,888.0,5,267.2061290322581
2024-05-01,SKU0025,WH03,907.0,5,267.2061290322581
2024-05-01,SKU0025,WH04,806.0,5,267.2061290322581
2024-05-01,SKU0025,WH05,810.0,5,267.2061290322581
2024-05-01,SKU0026,WH01,1518.0,2,233.44419354838712
2024-05-01,SKU0026,WH02,1541.0,2,233.44419354838712
2024-05-01,SKU0026,WH03,1570.0,2,233.44419354838712
2024-05-01,SKU0026,WH04,1587.0,2,233.44419354838712
2024-05-01,SKU0026,WH05,1592.0,2,233.44419354838712
2024-05-01,SKU0027,WH01,576.0,2,135.9348387096774
2024-05-01,SKU0027,WH02,593.0,2,135.9348387096774
2024-05-01,SKU0027,WH03,552.0,2,135.9348387096774
2024-05-01,SKU0027,WH04,584.0,2,135.9348387096774
2024-05-01,SKU0027,WH05,637.0,2,135.9348387096774
2024-05-01,SKU0028,WH01,253.0,0,42.12
2024-05-01,SKU0028,WH02,259.0,0,42.12
2024-05-01,SKU0028,WH03,251.0,0,42.12
2024-05-01,SKU0028,WH04,244.0,0,42.12
2024-05-01,SKU0028,WH05,245.0,0,42.12
2024-05-01,SKU0029,WH01,373.0,3,260.93032258064517
2024-05-01,SKU0029,WH02,392.0,3,260.93032258064517
2024-05-01,SKU0029,WH03,367.0,3,260.93032258064517
2024-05-01,SKU0029,WH04,349.0,3,260.93032258064517
2024-05-01,SKU0029,WH05,375.0,3,260.93032258064517
2024-05-01,SKU0030,WH01,649.0,4,97.15870967741935
2024-05-01,SKU0030,WH02,679.0,4,97.15870967741935
2024-05-01,SKU0030,WH03,680.0,4,97.15870967741935
2024-05-01,SKU0030,WH04,706.0,4,97.15870967741935
2024-05-01,SKU0030,WH05,677.0,4,97.15870967741935
2024-05-01,SKU0031,WH01,352.0,2,325.8706451612903
2024-05-01,SKU0031,WH02,322.0,2,325.8706451612903
2024-05-01,SKU0031,WH03,318.0,2,325.8706451612903
2024-05-01,SKU0031,WH04,325.0,2,325.8706451612903
2024-05-01,SKU0031,WH05,339.0,2,325.8706451612903
2024-05-01,SKU0032,WH01,331.0,2,91.33709677419355
2024-05-01,SKU0032,WH02,363.0,2,91.33709677419355
2024-05-01,SKU0032,WH03,359.0,2,91.33709677419355
2024-05-01,SKU0032,WH04,295.0,2,91.33709677419355
2024-05-01,SKU0032,WH05,365.0,2,91.33709677419355
2024-05-01,SKU0033,WH01,151.0,6,50.238064516129036
2024-05-01,SKU0033,WH02,157.0,6,50.238064516129036
2024-05-01,SKU0033,WH03,162.0,6,50.238064516129036
2024-05-01,SKU0033,WH04,163.0,6,50.238064516129036
2024-05-01,SKU0033,WH05,145.0,6,50.238064516129036
2024-05-01,SKU0034,WH01,163.0,2,291.1641935483871
2024-05-01,SKU0034,WH02,169.0,2,291.1641935483871
2024-05-01,SKU0034,WH03,185.0,2,291.1641935483871
2024-05-01,SKU0034,WH04,192.0,2,291.1641935483871
2024-05-01,SKU0034,WH05,213.0,2,291.1641935483871
2024-05-01,SKU0035,WH01,180.0,2,61.51903225806451
2024-05-01,SKU0035,WH02,176.0,2,61.51903225806451
2024-05-01,SKU0035,WH03,162.0,2,61.51903225806451
2024-05-01,SKU0035,WH04,158.0,2,61.51903225806451
2024-05-01,SKU0035,WH05,196.0,2,61.51903225806451
2024-05-01,SKU0036,WH01,178.0,2,70.60677419354839
2024-05-01,SKU0036,WH02,216.0,2,70.60677419354839
2024-05-01,SKU0036,WH03,185.0,2,70.60677419354839
2024-05-01,SKU0036,WH04,165.0,2,70.60677419354839
2024-05-01,SKU0036,WH05,215.0,2,70.60677419354839
2024-05-01,SKU0037,WH01,15.0,0,213.79
2024-05-01,SKU0037,WH02,15.0,0,213.79
2024-05-01,SKU0037,WH03,23.0,0,213.79
2024-05-01,SKU0037,WH04,13.0,0,213.79
2024-05-01,SKU0037,WH05,12.0,0,213.79
2024-05-01,SKU0038,WH01,515.0,1,306.35870967741937
2024-05-01,SKU0038,WH02,560.0,1,306.35870967741937
2024-05-01,SKU0038,WH03,566.0,1,306.35870967741937
2024-05-01,SKU0038,WH04,555.0,1,306.35870967741937
2024-05-01,SKU0038,WH05,546.0,1,306.35870967741937
2024-05-01,SKU0039,WH01,238.0,2,76.29451612903226
2024-05-01,SKU0039,WH02,300.0,2,76.29451612903226
2024-05-01,SKU0039,WH03,283.0,2,76.29451612903226
2024-05-01,SKU0039,WH04,276.0,2,76.29451612903226
2024-05-01,SKU0039,WH05,268.0,2,76.29451612903226
2024-05-01,SKU0040,WH01,185.0,1,115.32354838709678
2024-05-01,SKU0040,WH02,180.0,1,115.32354838709678
2024-05-01,SKU0040,WH03,194.0,1,115.32354838709678
2024-05-01,SKU0040,WH04,210.0,1,115.32354838709678
2024-05-01,SKU0040,WH05,201.0,1,115.32354838709678
2024-05-01,SKU0041,WH01,18.0,1,273.4351612903226
2024-05-01,SKU0041,WH02,29.0,1,273.4351612903226
2024-05-01,SKU0041,WH03,29.0,1,273.4351612903226
2024-05-01,SKU0041,WH04,29.0,1,273.4351612903226
2024-05-01,SKU0041,WH05,24.0,1,273.4351612903226
2024-05-01,SKU0042,WH01,775.0,4,333.83161290322585
2024-05-01,SKU0042,WH02,848.0,4,333.83161290322585
2024-05-01,SKU0042,WH03,795.0,4,333.83161290322585
2024-05-01,SKU0042,WH04,771.0,4,333.83161290322585
2024-05-01,SKU0042,WH05,823.0,4,333.83161290322585
2024-05-01,SKU0043,WH01,83.0,3,177.3425806451613
2024-05-01,SKU0043,WH02,81.0,3,177.3425806451613
2024-05-01,SKU0043,WH03,80.0,3,177.3425806451613
2024-05-01,SKU0043,WH04,62.0,3,177.3425806451613
2024-05-01,SKU0043,WH05,77.0,3,177.3425806451613
2024-05-01,SKU0044,WH01,88.0,2,58.55
2024-05-01,SKU0044,WH02,122.0,2,58.55
2024-05-01,SKU0044,WH03,104.0,2,58.55
2024-05-01,SKU0044,WH04,97.0,2,58.55
2024-05-01,SKU0044,WH05,118.0,2,58.55
2024-05-01,SKU0045,WH01,1630.0,1,14.644838709677419
2024-05-01,SKU0045,WH02,1462.0,1,14.644838709677419
2024-05-01,SKU0045,WH03,1499.0,1,14.644838709677419
2024-05-01,SKU0045,WH04,1610.0,1,14.644838709677419
2024-05-01,SKU0045,WH05,1464.0,1,14.644838709677419
2024-05-01,SKU0046,WH01,1670.0,4,86.51709677419355
2024-05-01,SKU0046,WH02,1649.0,4,86.51709677419355
2024-05-01,SKU0046,WH03,1582.0,4,86.51709677419355
2024-05-01,SKU0046,WH04,1658.0,4,86.51709677419355
2024-05-01,SKU0046,WH05,1581.0,4,86.51709677419355
2024-05-01,SKU0047,WH01,74.0,1,54.64322580645162
2024-05-01,SKU0047,WH02,96.0,1,54.64322580645162
2024-05-01,SKU0047,WH03,64.0,1,54.64322580645162
2024-05-01,SKU0047,WH04,97.0,1,54.64322580645162
2024-05-01,SKU0047,WH05,103.0,1,54.64322580645162
2024-05-01,SKU0048,WH01,17.0,3,237.29806451612902
2024-05-01,SKU0048,WH02,22.0,3,237.29806451612902
2024-05-01,SKU0048,WH03,20.0,3,237.29806451612902
2024-05-01,SKU0048,WH04,21.0,3,237.29806451612902
2024-05-01,SKU0048,WH05,22.0,3,237.29806451612902
2024-05-01,SKU0049,WH01,380.0,4,50.75677419354838
2024-05-01,SKU0049,WH02,382.0,4,50.75677419354838
2024-05-01,SKU0049,WH03,359.0,4,50.75677419354838
2024-05-01,SKU0049,WH04,358.0,4,50.75677419354838
2024-05-01,SKU0049,WH05,342.0,4,50.75677419354838
2024-05-01,SKU0050,WH01,518.0,1,181.26870967741937
2024-05-01,SKU0050,WH02,570.0,1,181.26870967741937
2024-05-01,SKU0050,WH03,597.0,1,181.26870967741937
2024-05-01,SKU0050,WH04,575.0,1,181.26870967741937
2024-05-01,SKU0050,WH05,520.0,1,181.26870967741937
2024-05-01,SKU0051,WH01,22.0,0,246.05000000000004
2024-05-01,SKU0051,WH02,22.0,0,246.05000000000004
2024-05-01,SKU0051,WH03,18.0,0,246.05000000000004
2024-05-01,SKU0051,WH04,22.0,0,246.05000000000004
2024-05-01,SKU0051,WH05,12.0,0,246.05000000000004
2024-05-01,SKU0052,WH01,885.0,1,206.57548387096776
2024-05-01,SKU0052,WH02,849.0,1,206.57548387096776
2024-05-01,SKU0052,WH03,868.0,1,206.57548387096776
2024-05-01,SKU0052,WH04,891.0,1,206.57548387096776
2024-05-01,SKU0052,WH05,838.0,1,206.57548387096776
2024-05-01,SKU0053,WH01,97.0,3,77.29161290322581
2024-05-01,SKU0053,WH02,103.0,3,77.29161290322581
2024-05-01,SKU0053,WH03,106.0,3,77.29161290322581
2024-05-01,SKU0053,WH04,91.0,3,77.29161290322581
2024-05-01,SKU0053,WH05,100.0,3,77.29161290322581
2024-05-01,SKU0054,WH01,502.0,2,282.02870967741933
2024-05-01,SKU0054,WH02,455.0,2,282.02870967741933
2024-05-01,SKU0054,WH03,512.0,2,282.02870967741933
2024-05-01,SKU0054,WH04,526.0,2,282.02870967741933
2024-05-01,SKU0054,WH05,430.0,2,282.02870967741933
2024-05-01,SKU0055,WH01,886.0,5,247.11322580645162
2024-05-01,SKU0055,WH02,739.0,5,247.11322580645162
2024-05-01,SKU0055,WH03,844.0,5,247.11322580645162
2024-05-01,SKU0055,WH04,789.0,5,247.11322580645162
2024-05-01,SKU0055,WH05,799.0,5,247.11322580645162
2024-05-01,SKU0056,WH01,29.0,2,259.5641935483871
2024-05-01,SKU0056,WH02,20.0,2,259.5641935483871
2024-05-01,SKU0056,WH03,25.0,2,259.5641935483871
2024-05-01,SKU0056,WH04,25.0,2,259.5641935483871
2024-05-01,SKU0056,WH05,28.0,2,259.5641935483871
2024-05-01,SKU0057,WH01,205.0,1,54.38387096774194
2024-05-01,SKU0057,WH02,207.0,1,54.38387096774194
2024-05-01,SKU0057,WH03,204.0,1,54.38387096774194
2024-05-01,SKU0057,WH04,207.0,1,54.38387096774194
2024-05-01,SKU0057,WH05,208.0,1,54.38387096774194
2024-05-01,SKU0058,WH01,1140.0,4,51.40806451612904
2024-05-01,SKU0058,WH02,1090.0,4,51.40806451612904
2024-05-01,SKU0058,WH03,1061.0,4,51.40806451612904
2024-05-01,SKU0058,WH04,1126.0,4,51.40806451612904
2024-05-01,SKU0058,WH05,1056.0,4,51.40806451612904
2024-05-01,SKU0059,WH01,794.0,2,322.7458064516129
2024-05-01,SKU0059,WH02,762.0,2,322.7458064516129
2024-05-01,SKU0059,WH03,725.0,2,322.7458064516129
2024-05-01,SKU0059,WH04,741.0,2,322.7458064516129
2024-05-01,SKU0059,WH05,786.0,2,322.7458064516129
2024-05-01,SKU0060,WH01,384.0,3,143.54064516129034
2024-05-01,SKU0060,WH02,366.0,3,143.54064516129034
2024-05-01,SKU0060,WH03,356.0,3,143.54064516129034
2024-05-01,SKU0060,WH04,366.0,3,143.54064516129034
2024-05-01,SKU0060,WH05,398.0,3,143.54064516129034
2024-05-01,SKU0061,WH01,562.0,2,111.41419354838709
2024-05-01,SKU0061,WH02,561.0,2,111.41419354838709
2024-05-01,SKU0061,WH03,604.0,2,111.41419354838709
2024-05-01,SKU0061,WH04,557.0,2,111.41419354838709
2024-05-01,SKU0061,WH05,555.0,2,111.41419354838709
2024-05-01,SKU0062,WH01,1266.0,3,175.26741935483872
2024-05-01,SKU0062,WH02,1253.0,3,175.26741935483872
2024-05-01,SKU0062,WH03,1235.0,3,175.26741935483872
2024-05-01,SKU0062,WH04,1177.0,3,175.26741935483872
2024-05-01,SKU0062,WH05,1228.0,3,175.26741935483872
2024-05-01,SKU0063,WH01,373.0,3,231.9535483870968
2024-05-01,SKU0063,WH02,403.0,3,231.9535483870968
2024-05-01,SKU0063,WH03,451.0,3,231.9535483870968
2024-05-01,SKU0063,WH04,439.0,3,231.9535483870968
2024-05-01,SKU0063,WH05,410.0,3,231.9535483870968
2024-05-01,SKU0064,WH01,274.0,2,332.20903225806455
2024-05-01,SKU0064,WH02,282.0,2,332.20903225806455
2024-05-01,SKU0064,WH03,277.0,2,332.20903225806455
2024-05-01,SKU0064,WH04,273.0,2,332.20903225806455
2024-05-01,SKU0064,WH05,296.0,2,332.20903225806455
2024-05-01,SKU0065,WH01,1380.0,0,107.39
2024-05-01,SKU0065,WH02,1439.0,0,107.39
2024-05-01,SKU0065,WH03,1430.0,0,107.39
2024-05-01,SKU0065,WH04,1529.0,0,107.39
2024-05-01,SKU0065,WH05,1524.0,0,107.39
2024-05-01,SKU0066,WH01,307.0,1,322.8603225806452
2024-05-01,SKU0066,WH02,302.0,1,322.8603225806452
2024-05-01,SKU0066,WH03,296.0,1,322.8603225806452
2024-05-01,SKU0066,WH04,297.0,1,322.8603225806452
2024-05-01,SKU0066,WH05,326.0,1,322.8603225806452
2024-05-01,SKU0067,WH01,1316.0,3,18.301290322580645
2024-05-01,SKU0067,WH02,1349.0,3,18.301290322580645
2024-05-01,SKU0067,WH03,1319.0,3,18.301290322580645
2024-05-01,SKU0067,WH04,1352.0,3,18.301290322580645
2024-05-01,SKU0067,WH05,1305.0,3,18.301290322580645
2024-05-01,SKU0068,WH01,44.0,0,198.77
2024-05-01,SKU0068,WH02,46.0,0,198.77
2024-05-01,SKU0068,WH03,46.0,0,198.77
2024-05-01,SKU0068,WH04,46.0,0,198.77
2024-05-01,SKU0068,WH05,48.0,0,198.77
2024-05-01,SKU0069,WH01,551.0,2,224.82225806451618
2024-05-01,SKU0069,WH02,552.0,2,224.82225806451618
2024-05-01,SKU0069,WH03,541.0,2,224.82225806451618
2024-05-01,SKU0069,WH04,589.0,2,224.82225806451618
2024-05-01,SKU0069,WH05,559.0,2,224.82225806451618
2024-05-01,SKU0070,WH01,548.0,7,44.600322580645155
2024-05-01,SKU0070,WH02,545.0,7,44.600322580645155
2024-05-01,SKU0070,WH03,559.0,7,44.600322580645155
2024-05-01,SKU0070,WH04,559.0,7,44.600322580645155
2024-05-01,SKU0070,WH05,549.0,7,44.600322580645155
2024-05-01,SKU0071,WH01,395.0,0,57.72
2024-05-01,SKU0071,WH02,396.0,0,57.72
2024-05-01,SKU0071,WH03,445.0,0,57.72
2024-05-01,SKU0071,WH04,443.0,0,57.72
2024-05-01,SKU0071,WH05,415.0,0,57.72
2024-05-01,SKU0072,WH01,268.0,0,152.5
2024-05-01,SKU0072,WH02,262.0,0,152.5
2024-05-01,SKU0072,WH03,290.0,0,152.5
2024-05-01,SKU0072,WH04,289.0,0,152.5
2024-05-01,SKU0072,WH05,270.0,0,152.5
2024-05-01,SKU0073,WH01,819.0,2,336.88193548387096
2024-05-01,SKU0073,WH02,876.0,2,336.88193548387096
2024-05-01,SKU0073,WH03,867.0,2,336.88193548387096
2024-05-01,SKU0073,WH04,883.0,2,336.88193548387096
2024-05-01,SKU0073,WH05,883.0,2,336.88193548387096
2024-05-01,SKU0074,WH01,650.0,4,210.5925806451613
2024-05-01,SKU0074,WH02,658.0,4,210.5925806451613
2024-05-01,SKU0074,WH03,675.0,4,210.5925806451613
2024-05-01,SKU0074,WH04,698.0,4,210.5925806451613
2024-05-01,SKU0074,WH05,635.0,4,210.5925806451613
2024-05-01,SKU0075,WH01,163.0,4,321.95258064516133
2024-05-01,SKU0075,WH02,169.0,4,321.95258064516133
2024-05-01,SKU0075,WH03,160.0,4,321.95258064516133
2024-05-01,SKU0075,WH04,163.0,4,321.95258064516133
2024-05-01,SKU0075,WH05,165.0,4,321.95258064516133
2024-05-01,SKU0076,WH01,529.0,2,280.7367741935484
2024-05-01,SKU0076,WH02,534.0,2,280.7367741935484
2024-05-01,SKU0076,WH03,520.0,2,280.7367741935484
2024-05-01,SKU0076,WH04,544.0,2,280.7367741935484
2024-05-01,SKU0076,WH05,514.0,2,280.7367741935484
2024-05-01,SKU0077,WH01,352.0,1,168.0925806451613
2024-05-01,SKU0077,WH02,349.0,1,168.0925806451613
2024-05-01,SKU0077,WH03,320.0,1,168.0925806451613
2024-05-01,SKU0077,WH04,364.0,1,168.0925806451613
2024-05-01,SKU0077,WH05,370.0,1,168.0925806451613
2024-05-01,SKU0078,WH01,330.0,4,272.801935483871
2024-05-01,SKU0078,WH02,342.0,4,272.801935483871
2024-05-01,SKU0078,WH03,315.0,4,272.801935483871
2024-05-01,SKU0078,WH04,323.0,4,272.801935483871
2024-05-01,SKU0078,WH05,329.0,4,272.801935483871
2024-05-01,SKU0079,WH01,34.0,2,15.904516129032256
2024-05-01,SKU0079,WH02,36.0,2,15.904516129032256
2024-05-01,SKU0079,WH03,33.0,2,15.904516129032256
2024-05-01,SKU0079,WH04,37.0,2,15.904516129032256
2024-05-01,SKU0079,WH05,38.0,2,15.904516129032256
2024-05-01,SKU0080,WH01,530.0,4,46.65387096774193
2024-05-01,SKU0080,WH02,562.0,4,46.65387096774193
2024-05-01,SKU0080,WH03,508.0,4,46.65387096774193
2024-05-01,SKU0080,WH04,517.0,4,46.65387096774193
2024-05-01,SKU0080,WH05,504.0,4,46.65387096774193
2024-06-01,SKU0001,WH01,653.0,4,46.086333333333336
2024-06-01,SKU0001,WH02,615.0,4,46.086333333333336
2024-06-01,SKU0001,WH03,604.0,4,46.086333333333336
2024-06-01,SKU0001,WH04,618.0,4,46.086333333333336
2024-06-01,SKU0001,WH05,700.0,4,46.086333333333336
2024-06-01,SKU0002,WH01,152.0,2,318.22533333333337
2024-06-01,SKU0002,WH02,155.0,2,318.22533333333337
2024-06-01,SKU0002,WH03,158.0,2,318.22533333333337
2024-06-01,SKU0002,WH04,130.0,2,318.22533333333337
2024-06-01,SKU0002,WH05,152.0,2,318.22533333333337
2024-06-01,SKU0003,WH01,1317.0,3,87.38699999999999
2024-06-01,SKU0003,WH02,1480.0,3,87.38699999999999
2024-06-01,SKU0003,WH03,1472.0,3,87.38699999999999
2024-06-01,SKU0003,WH04,1442.0,3,87.38699999999999
2024-06-01,SKU0003,WH05,1441.0,3,87.38699999999999
2024-06-01,SKU0004,WH01,2485.0,3,22.56833333333333
2024-06-01,SKU0004,WH02,2687.0,3,22.56833333333333
2024-06-01,SKU0004,WH03,2814.0,3,22.56833333333333
2024-06-01,SKU0004,WH04,2582.0,3,22.56833333333333
2024-06-01,SKU0004,WH05,2622.0,3,22.56833333333333
2024-06-01,SKU0005,WH01,704.0,3,195.339
2024-06-01,SKU0005,WH02,701.0,3,195.339
2024-06-01,SKU0005,WH03,646.0,3,195.339
2024-06-01,SKU0005,WH04,726.0,3,195.339
2024-06-01,SKU0005,WH05,663.0,3,195.339
2024-06-01,SKU0006,WH01,35.0,3,134.29500000000002
2024-06-01,SKU0006,WH02,24.0,3,134.29500000000002
2024-06-01,SKU0006,WH03,26.0,3,134.29500000000002
2024-06-01,SKU0006,WH04,27.0,3,134.29500000000002
2024-06-01,SKU0006,WH05,15.0,3,134.29500000000002
2024-06-01,SKU0007,WH01,426.0,2,290.1823333333333
2024-06-01,SKU0007,WH02,426.0,2,290.1823333333333
2024-06-01,SKU0007,WH03,415.0,2,290.1823333333333
2024-06-01,SKU0007,WH04,450.0,2,290.1823333333333
2024-06-01,SKU0007,WH05,434.0,2,290.1823333333333
2024-06-01,SKU0008,WH01,889.0,2,283.386
2024-06-01,SKU0008,WH02,968.0,2,283.386
2024-06-01,SKU0008,WH03,922.0,2,283.386
2024-06-01,SKU0008,WH04,894.0,2,283.386
2024-06-01,SKU0008,WH05,902.0,2,283.386
2024-06-01,SKU0009,WH01,1189.0,1,117.04433333333333
2024-06-01,SKU0009,WH02,1131.0,1,117.04433333333333
2024-06-01,SKU0009,WH03,1173.0,1,117.04433333333333
2024-06-01,SKU0009,WH04,1162.0,1,117.04433333333333
2024-06-01,SKU0009,WH05,1115.0,1,117.04433333333333
2024-06-01,SKU0010,WH01,255.0,2,331.2066666666667
2024-06-01,SKU0010,WH02,226.0,2,331.2066666666667
2024-06-01,SKU0010,WH03,241.0,2,331.2066666666667
2024-06-01,SKU0010,WH04,259.0,2,331.2066666666667
2024-06-01,SKU0010,WH05,255.0,2,331.2066666666667
2024-06-01,SKU0011,WH01,760.0,3,107.45766666666668
2024-06-01,SKU0011,WH02,653.0,3,107.45766666666668
2024-06-01,SKU0011,WH03,725.0,3,107.45766666666668
2024-06-01,SKU0011,WH04,698.0,3,107.45766666666668
2024-06-01,SKU0011,WH05,725.0,3,107.45766666666668
2024-06-01,SKU0012,WH01,348.0,4,181.10933333333332
2024-06-01,SKU0012,WH02,334.0,4,181.10933333333332
2024-06-01,SKU0012,WH03,348.0,4,181.10933333333332
2024-06-01,SKU0012,WH04,300.0,4,181.10933333333332
2024-06-01,SKU0012,WH05,346.0,4,181.10933333333332
2024-06-01,SKU0013,WH01,217.0,1,96.70666666666668
2024-06-01,SKU0013,WH02,216.0,1,96.70666666666668
2024-06-01,SKU0013,WH03,216.0,1,96.70666666666668
2024-06-01,SKU0013,WH04,222.0,1,96.70666666666668
2024-06-01,SKU0013,WH05,224.0,1,96.70666666666668
2024-06-01,SKU0014,WH01,133.0,3,324.9676666666667
2024-06-01,SKU0014,WH02,112.0,3,324.9676666666667
2024-06-01,SKU0014,WH03,126.0,3,324.9676666666667
2024-06-01,SKU0014,WH04,106.0,3,324.9676666666667
2024-06-01,SKU0014,WH05,119.0,3,324.9676666666667
2024-06-01,SKU0015,WH01,83.0,3,65.31
2024-06-01,SKU0015,WH02,104.0,3,65.31
2024-06-01,SKU0015,WH03,82.0,3,65.31
2024-06-01,SKU0015,WH04,90.0,3,65.31
2024-06-01,SKU0015,WH05,93.0,3,65.31
2024-06-01,SKU0016,WH01,1757.0,0,25.27
2024-06-01,SKU0016,WH02,1718.0,0,25.27
2024-06-01,SKU0016,WH03,1783.0,0,25.27
2024-06-01,SKU0016,WH04,1810.0,0,25.27
2024-06-01,SKU0016,WH05,1801.0,0,25.27
2024-06-01,SKU0017,WH01,302.0,3,156.61366666666666
2024-06-01,SKU0017,WH02,313.0,3,156.61366666666666
2024-06-01,SKU0017,WH03,320.0,3,156.61366666666666
2024-06-01,SKU0017,WH04,309.0,3,156.61366666666666
2024-06-01,SKU0017,WH05,303.0,3,156.61366666666666
2024-06-01,SKU0018,WH01,656.0,1,345.09400000000005
2024-06-01,SKU0018,WH02,668.0,1,345.09400000000005
2024-06-01,SKU0018,WH03,685.0,1,345.09400000000005
2024-06-01,SKU0018,WH04,638.0,1,345.09400000000005
2024-06-01,SKU0018,WH05,673.0,1,345.09400000000005
2024-06-01,SKU0019,WH01,696.0,1,312.648
2024-06-01,SKU0019,WH02,814.0,1,312.648
2024-06-01,SKU0019,WH03,757.0,1,312.648
2024-06-01,SKU0019,WH04,840.0,1,312.648
2024-06-01,SKU0019,WH05,704.0,1,312.648
2024-06-01,SKU0020,WH01,447.0,1,263.6483333333333
2024-06-01,SKU0020,WH02,441.0,1,263.6483333333333
2024-06-01,SKU0020,WH03,493.0,1,263.6483333333333
2024-06-01,SKU0020,WH04,448.0,1,263.6483333333333
2024-06-01,SKU0020,WH05,455.0,1,263.6483333333333
2024-06-01,SKU0021,WH01,146.0,2,311.3056666666667
2024-06-01,SKU0021,WH02,124.0,2,311.3056666666667
2024-06-01,SKU0021,WH03,133.0,2,311.3056666666667
2024-06-01,SKU0021,WH04,131.0,2,311.3056666666667
2024-06-01,SKU0021,WH05,116.0,2,311.3056666666667
2024-06-01,SKU0022,WH01,172.0,3,309.0636666666667
2024-06-01,SKU0022,WH02,200.0,3,309.0636666666667
2024-06-01,SKU0022,WH03,208.0,3,309.0636666666667
2024-06-01,SKU0022,WH04,193.0,3,309.0636666666667
2024-06-01,SKU0022,WH05,195.0,3,309.0636666666667
2024-06-01,SKU0023,WH01,281.0,2,184.546
2024-06-01,SKU0023,WH02,274.0,2,184.546
2024-06-01,SKU0023,WH03,304.0,2,184.546
2024-06-01,SKU0023,WH04,299.0,2,184.546
2024-06-01,SKU0023,WH05,284.0,2,184.546
2024-06-01,SKU0024,WH01,712.0,1,117.02866666666667
2024-06-01,SKU0024,WH02,748.0,1,117.02866666666667
2024-06-01,SKU0024,WH03,738.0,1,117.02866666666667
2024-06-01,SKU0024,WH04,737.0,1,117.02866666666667
2024-06-01,SKU0024,WH05,730.0,1,117.02866666666667
2024-06-01,SKU0025,WH01,763.0,7,265.2136666666667
2024-06-01,SKU0025,WH02,744.0,7,265.2136666666667
2024-06-01,SKU0025,WH03,823.0,7,265.2136666666667
2024-06-01,SKU0025,WH04,720.0,7,265.2136666666667
2024-06-01,SKU0025,WH05,759.0,7,265.2136666666667
2024-06-01,SKU0026,WH01,1370.0,1,234.56833333333333
2024-06-01,SKU0026,WH02,1426.0,1,234.56833333333333
2024-06-01,SKU0026,WH03,1375.0,1,234.56833333333333
2024-06-01,SKU0026,WH04,1373.0,1,234.56833333333333
2024-06-01,SKU0026,WH05,1429.0,1,234.56833333333333
2024-06-01,SKU0027,WH01,482.0,5,134.29933333333332
2024-06-01,SKU0027,WH02,575.0,5,134.29933333333332
2024-06-01,SKU0027,WH03,555.0,5,134.29933333333332
2024-06-01,SKU0027,WH04,582.0,5,134.29933333333332
2024-06-01,SKU0027,WH05,545.0,5,134.29933333333332
2024-06-01,SKU0028,WH01,260.0,1,42.04966666666667
2024-06-01,SKU0028,WH02,217.0,1,42.04966666666667
2024-06-01,SKU0028,WH03,262.0,1,42.04966666666667
2024-06-01,SKU0028,WH04,229.0,1,42.04966666666667
2024-06-01,SKU0028,WH05,236.0,1,42.04966666666667
2024-06-01,SKU0029,WH01,329.0,1,262.5903333333334
2024-06-01,SKU0029,WH02,310.0,1,262.5903333333334
2024-06-01,SKU0029,WH03,315.0,1,262.5903333333334
2024-06-01,SKU0029,WH04,313.0,1,262.5903333333334
2024-06-01,SKU0029,WH05,297.0,1,262.5903333333334
2024-06-01,SKU0030,WH01,559.0,0,99.24
2024-06-01,SKU0030,WH02,540.0,0,99.24
2024-06-01,SKU0030,WH03,556.0,0,99.24
2024-06-01,SKU0030,WH04,601.0,0,99.24
2024-06-01,SKU0030,WH05,487.0,0,99.24
2024-06-01,SKU0031,WH01,282.0,1,327.9723333333333
2024-06-01,SKU0031,WH02,282.0,1,327.9723333333333
2024-06-01,SKU0031,WH03,298.0,1,327.9723333333333
2024-06-01,SKU0031,WH04,268.0,1,327.9723333333333
2024-06-01,SKU0031,WH05,294.0,1,327.9723333333333
2024-06-01,SKU0032,WH01,292.0,2,91.31733333333334
2024-06-01,SKU0032,WH02,290.0,2,91.31733333333334
2024-06-01,SKU0032,WH03,314.0,2,91.31733333333334
2024-06-01,SKU0032,WH04,315.0,2,91.31733333333334
2024-06-01,SKU0032,WH05,285.0,2,91.31733333333334
2024-06-01,SKU0033,WH01,134.0,2,51.22266666666667
2024-06-01,SKU0033,WH02,144.0,2,51.22266666666667
2024-06-01,SKU0033,WH03,138.0,2,51.22266666666667
2024-06-01,SKU0033,WH04,102.0,2,51.22266666666667
2024-06-01,SKU0033,WH05,132.0,2,51.22266666666667
2024-06-01,SKU0034,WH01,168.0,4,287.21566666666666
2024-06-01,SKU0034,WH02,171.0,4,287.21566666666666
2024-06-01,SKU0034,WH03,185.0,4,287.21566666666666
2024-06-01,SKU0034,WH04,187.0,4,287.21566666666666
2024-06-01,SKU0034,WH05,170.0,4,287.21566666666666
2024-06-01,SKU0035,WH01,178.0,3,61.188333333333325
2024-06-01,SKU0035,WH02,174.0,3,61.188333333333325
2024-06-01,SKU0035,WH03,187.0,3,61.188333333333325
2024-06-01,SKU0035,WH04,178.0,3,61.188333333333325
2024-06-01,SKU0035,WH05,169.0,3,61.188333333333325
2024-06-01,SKU0036,WH01,162.0,4,70.00433333333334
2024-06-01,SKU0036,WH02,184.0,4,70.00433333333334
2024-06-01,SKU0036,WH03,165.0,4,70.00433333333334
2024-06-01,SKU0036,WH04,197.0,4,70.00433333333334
2024-06-01,SKU0036,WH05,178.0,4,70.00433333333334
2024-06-01,SKU0037,WH01,19.0,0,213.79
2024-06-01,SKU0037,WH02,16.0,0,213.79
2024-06-01,SKU0037,WH03,17.0,0,213.79
2024-06-01,SKU0037,WH04,13.0,0,213.79
2024-06-01,SKU0037,WH05,25.0,0,213.79
2024-06-01,SKU0038,WH01,488.0,1,306.3256666666667
2024-06-01,SKU0038,WH02,495.0,1,306.3256666666667
2024-06-01,SKU0038,WH03,481.0,1,306.3256666666667
2024-06-01,SKU0038,WH04,505.0,1,306.3256666666667
2024-06-01,SKU0038,WH05,473.0,1,306.3256666666667
2024-06-01,SKU0039,WH01,236.0,2,76.534
2024-06-01,SKU0039,WH02,215.0,2,76.534
2024-06-01,SKU0039,WH03,253.0,2,76.534
2024-06-01,SKU0039,WH04,258.0,2,76.534
2024-06-01,SKU0039,WH05,262.0,2,76.534
2024-06-01,SKU0040,WH01,213.0,3,113.58466666666666
2024-06-01,SKU0040,WH02,204.0,3,113.58466666666666
2024-06-01,SKU0040,WH03,190.0,3,113.58466666666666
2024-06-01,SKU0040,WH04,206.0,3,113.58466666666666
2024-06-01,SKU0040,WH05,186.0,3,113.58466666666666
2024-06-01,SKU0041,WH01,27.0,1,273.40566666666666
2024-06-01,SKU0041,WH02,24.0,1,273.40566666666666
2024-06-01,SKU0041,WH03,26.0,1,273.40566666666666
2024-06-01,SKU0041,WH04,26.0,1,273.40566666666666
2024-06-01,SKU0041,WH05,37.0,1,273.40566666666666
2024-06-01,SKU0042,WH01,744.0,3,334.74666666666667
2024-06-01,SKU0042,WH02,650.0,3,334.74666666666667
2024-06-01,SKU0042,WH03,731.0,3,334.74666666666667
2024-06-01,SKU0042,WH04,788.0,3,334.74666666666667
2024-06-01,SKU0042,WH05,624.0,3,334.74666666666667
2024-06-01,SKU0043,WH01,72.0,2,179.04833333333332
2024-06-01,SKU0043,WH02,77.0,2,179.04833333333332
2024-06-01,SKU0043,WH03,69.0,2,179.04833333333332
2024-06-01,SKU0043,WH04,66.0,2,179.04833333333332
2024-06-01,SKU0043,WH05,80.0,2,179.04833333333332
2024-06-01,SKU0044,WH01,99.0,1,58.63533333333333
2024-06-01,SKU0044,WH02,74.0,1,58.63533333333333
2024-06-01,SKU0044,WH03,84.0,1,58.63533333333333
2024-06-01,SKU0044,WH04,93.0,1,58.63533333333333
2024-06-01,SKU0044,WH05,94.0,1,58.63533333333333
2024-06-01,SKU0045,WH01,1390.0,3,14.593
2024-06-01,SKU0045,WH02,1550.0,3,14.593
2024-06-01,SKU0045,WH03,1386.0,3,14.593
2024-06-01,SKU0045,WH04,1412.0,3,14.593
2024-06-01,SKU0045,WH05,1609.0,3,14.593
2024-06-01,SKU0046,WH01,1309.0,2,87.63966666666667
2024-06-01,SKU0046,WH02,1453.0,2,87.63966666666667
2024-06-01,SKU0046,WH03,1337.0,2,87.63966666666667
2024-06-01,SKU0046,WH04,1361.0,2,87.63966666666667
2024-06-01,SKU0046,WH05,1332.0,2,87.63966666666667
2024-06-01,SKU0047,WH01,83.0,1,54.63733333333334
2024-06-01,SKU0047,WH02,70.0,1,54.63733333333334
2024-06-01,SKU0047,WH03,64.0,1,54.63733333333334
2024-06-01,SKU0047,WH04,91.0,1,54.63733333333334
2024-06-01,SKU0047,WH05,89.0,1,54.63733333333334
2024-06-01,SKU0048,WH01,19.0,2,239.198
2024-06-01,SKU0048,WH02,17.0,2,239.198
2024-06-01,SKU0048,WH03,11.0,2,239.198
2024-06-01,SKU0048,WH04,19.0,2,239.198
2024-06-01,SKU0048,WH05,19.0,2,239.198
2024-06-01,SKU0049,WH01,305.0,0,51.419999999999995
2024-06-01,SKU0049,WH02,268.0,0,51.419999999999995
2024-06-01,SKU0049,WH03,324.0,0,51.419999999999995
2024-06-01,SKU0049,WH04,278.0,0,51.419999999999995
2024-06-01,SKU0049,WH05,330.0,0,51.419999999999995
2024-06-01,SKU0050,WH01,590.0,4,179.418
2024-06-01,SKU0050,WH02,552.0,4,179.418
2024-06-01,SKU0050,WH03,602.0,4,179.418
2024-06-01,SKU0050,WH04,555.0,4,179.418
2024-06-01,SKU0050,WH05,547.0,4,179.418
2024-06-01,SKU0051,WH01,22.0,2,242.76933333333335
2024-06-01,SKU0051,WH02,16.0,2,242.76933333333335
2024-06-01,SKU0051,WH03,21.0,2,242.76933333333335
2024-06-01,SKU0051,WH04,12.0,2,242.76933333333335
2024-06-01,SKU0051,WH05,18.0,2,242.76933333333335
2024-06-01,SKU0052,WH01,877.0,4,205.158
2024-06-01,SKU0052,WH02,836.0,4,205.158
2024-06-01,SKU0052,WH03,806.0,4,205.158
2024-06-01,SKU0052,WH04,744.0,4,205.158
2024-06-01,SKU0052,WH05,830.0,4,205.158
2024-06-01,SKU0053,WH01,93.0,3,76.881
2024-06-01,SKU0053,WH02,74.0,3,76.881
2024-06-01,SKU0053,WH03,104.0,3,76.881
2024-06-01,SKU0053,WH04,106.0,3,76.881
2024-06-01,SKU0053,WH05,95.0,3,76.881
2024-06-01,SKU0054,WH01,458.0,5,275.3703333333333
2024-06-01,SKU0054,WH02,493.0,5,275.3703333333333
2024-06-01,SKU0054,WH03,551.0,5,275.3703333333333
2024-06-01,SKU0054,WH04,529.0,5,275.3703333333333
2024-06-01,SKU0054,WH05,472.0,5,275.3703333333333
2024-06-01,SKU0055,WH01,618.0,4,249.44166666666666
2024-06-01,SKU0055,WH02,724.0,4,249.44166666666666
2024-06-01,SKU0055,WH03,683.0,4,249.44166666666666
2024-06-01,SKU0055,WH04,685.0,4,249.44166666666666
2024-06-01,SKU0055,WH05,668.0,4,249.44166666666666
2024-06-01,SKU0056,WH01,19.0,1,259.9436666666667
2024-06-01,SKU0056,WH02,21.0,1,259.9436666666667
2024-06-01,SKU0056,WH03,29.0,1,259.9436666666667
2024-06-01,SKU0056,WH04,25.0,1,259.9436666666667
2024-06-01,SKU0056,WH05,22.0,1,259.9436666666667
2024-06-01,SKU0057,WH01,213.0,3,53.83233333333333
2024-06-01,SKU0057,WH02,226.0,3,53.83233333333333
2024-06-01,SKU0057,WH03,195.0,3,53.83233333333333
2024-06-01,SKU0057,WH04,178.0,3,53.83233333333333
2024-06-01,SKU0057,WH05,194.0,3,53.83233333333333
2024-06-01,SKU0058,WH01,929.0,2,51.646
2024-06-01,SKU0058,WH02,901.0,2,51.646
2024-06-01,SKU0058,WH03,932.0,2,51.646
2024-06-01,SKU0058,WH04,936.0,2,51.646
2024-06-01,SKU0058,WH05,853.0,2,51.646
2024-06-01,SKU0059,WH01,698.0,4,321.0316666666667
2024-06-01,SKU0059,WH02,683.0,4,321.0316666666667
2024-06-01,SKU0059,WH03,731.0,4,321.0316666666667
2024-06-01,SKU0059,WH04,715.0,4,321.0316666666667
2024-06-01,SKU0059,WH05,708.0,4,321.0316666666667
2024-06-01,SKU0060,WH01,302.0,1,144.21200000000002
2024-06-01,SKU0060,WH02,300.0,1,144.21200000000002
2024-06-01,SKU0060,WH03,331.0,1,144.21200000000002
2024-06-01,SKU0060,WH04,325.0,1,144.21200000000002
2024-06-01,SKU0060,WH05,319.0,1,144.21200000000002
2024-06-01,SKU0061,WH01,485.0,3,111.19666666666666
2024-06-01,SKU0061,WH02,541.0,3,111.19666666666666
2024-06-01,SKU0061,WH03,496.0,3,111.19666666666666
2024-06-01,SKU0061,WH04,492.0,3,111.19666666666666
2024-06-01,SKU0061,WH05,471.0,3,111.19666666666666
2024-06-01,SKU0062,WH01,1151.0,2,175.23933333333335
2024-06-01,SKU0062,WH02,1075.0,2,175.23933333333335
2024-06-01,SKU0062,WH03,1169.0,2,175.23933333333335
2024-06-01,SKU0062,WH04,1087.0,2,175.23933333333335
2024-06-01,SKU0062,WH05,1200.0,2,175.23933333333335
2024-06-01,SKU0063,WH01,375.0,0,235.37
2024-06-01,SKU0063,WH02,374.0,0,235.37
2024-06-01,SKU0063,WH03,333.0,0,235.37
2024-06-01,SKU0063,WH04,335.0,0,235.37
2024-06-01,SKU0063,WH05,390.0,0,235.37
2024-06-01,SKU0064,WH01,226.0,2,332.119
2024-06-01,SKU0064,WH02,231.0,2,332.119
2024-06-01,SKU0064,WH03,232.0,2,332.119
2024-06-01,SKU0064,WH04,235.0,2,332.119
2024-06-01,SKU0064,WH05,269.0,2,332.119
2024-06-01,SKU0065,WH01,1443.0,3,106.137
2024-06-01,SKU0065,WH02,1414.0,3,106.137
2024-06-01,SKU0065,WH03,1467.0,3,106.137
2024-06-01,SKU0065,WH04,1378.0,3,106.137
2024-06-01,SKU0065,WH05,1352.0,3,106.137
2024-06-01,SKU0066,WH01,301.0,5,320.1046666666667
2024-06-01,SKU0066,WH02,333.0,5,320.1046666666667
2024-06-01,SKU0066,WH03,273.0,5,320.1046666666667
2024-06-01,SKU0066,WH04,291.0,5,320.1046666666667
2024-06-01,SKU0066,WH05,288.0,5,320.1046666666667
2024-06-01,SKU0067,WH01,1169.0,1,18.388666666666666
2024-06-01,SKU0067,WH02,1185.0,1,18.388666666666666
2024-06-01,SKU0067,WH03,1167.0,1,18.388666666666666
2024-06-01,SKU0067,WH04,1241.0,1,18.388666666666666
2024-06-01,SKU0067,WH05,1175.0,1,18.388666666666666
2024-06-01,SKU0068,WH01,56.0,4,196.11933333333334
2024-06-01,SKU0068,WH02,52.0,4,196.11933333333334
2024-06-01,SKU0068,WH03,43.0,4,196.11933333333334
2024-06-01,SKU0068,WH04,30.0,4,196.11933333333334
2024-06-01,SKU0068,WH05,44.0,4,196.11933333333334
2024-06-01,SKU0069,WH01,559.0,5,221.4156666666667
2024-06-01,SKU0069,WH02,563.0,5,221.4156666666667
2024-06-01,SKU0069,WH03,572.0,5,221.4156666666667
2024-06-01,SKU0069,WH04,583.0,5,221.4156666666667
2024-06-01,SKU0069,WH05,524.0,5,221.4156666666667
2024-06-01,SKU0070,WH01,483.0,2,45.55
2024-06-01,SKU0070,WH02,412.0,2,45.55
2024-06-01,SKU0070,WH03,446.0,2,45.55
2024-06-01,SKU0070,WH04,469.0,2,45.55
2024-06-01,SKU0070,WH05,411.0,2,45.55
2024-06-01,SKU0071,WH01,402.0,1,57.52766666666666
2024-06-01,SKU0071,WH02,368.0,1,57.52766666666666
2024-06-01,SKU0071,WH03,370.0,1,57.52766666666666
2024-06-01,SKU0071,WH04,372.0,1,57.52766666666666
2024-06-01,SKU0071,WH05,377.0,1,57.52766666666666
2024-06-01,SKU0072,WH01,278.0,1,152.246
2024-06-01,SKU0072,WH02,263.0,1,152.246
2024-06-01,SKU0072,WH03,249.0,1,152.246
2024-06-01,SKU0072,WH04,251.0,1,152.246
2024-06-01,SKU0072,WH05,257.0,1,152.246
2024-06-01,SKU0073,WH01,834.0,2,335.69899999999996
2024-06-01,SKU0073,WH02,759.0,2,335.69899999999996
2024-06-01,SKU0073,WH03,756.0,2,335.69899999999996
2024-06-01,SKU0073,WH04,763.0,2,335.69899999999996
2024-06-01,SKU0073,WH05,821.0,2,335.69899999999996
2024-06-01,SKU0074,WH01,614.0,4,209.10600000000002
2024-06-01,SKU0074,WH02,649.0,4,209.10600000000002
2024-06-01,SKU0074,WH03,572.0,4,209.10600000000002
2024-06-01,SKU0074,WH04,614.0,4,209.10600000000002
2024-06-01,SKU0074,WH05,656.0,4,209.10600000000002
2024-06-01,SKU0075,WH01,150.0,7,316.32233333333335
2024-06-01,SKU0075,WH02,170.0,7,316.32233333333335
2024-06-01,SKU0075,WH03,173.0,7,316.32233333333335
2024-06-01,SKU0075,WH04,189.0,7,316.32233333333335
2024-06-01,SKU0075,WH05,142.0,7,316.32233333333335
2024-06-01,SKU0076,WH01,441.0,0,283.4800000000001
2024-06-01,SKU0076,WH02,492.0,0,283.4800000000001
2024-06-01,SKU0076,WH03,421.0,0,283.4800000000001
2024-06-01,SKU0076,WH04,440.0,0,283.4800000000001
2024-06-01,SKU0076,WH05,452.0,0,283.4800000000001
2024-06-01,SKU0077,WH01,334.0,2,167.78366666666668
2024-06-01,SKU0077,WH02,328.0,2,167.78366666666668
2024-06-01,SKU0077,WH03,323.0,2,167.78366666666668
2024-06-01,SKU0077,WH04,297.0,2,167.78366666666668
2024-06-01,SKU0077,WH05,338.0,2,167.78366666666668
2024-06-01,SKU0078,WH01,271.0,3,274.5133333333333
2024-06-01,SKU0078,WH02,320.0,3,274.5133333333333
2024-06-01,SKU0078,WH03,289.0,3,274.5133333333333
2024-06-01,SKU0078,WH04,283.0,3,274.5133333333333
2024-06-01,SKU0078,WH05,272.0,3,274.5133333333333
2024-06-01,SKU0079,WH01,32.0,4,15.818999999999997
2024-06-01,SKU0079,WH02,37.0,4,15.818999999999997
2024-06-01,SKU0079,WH03,47.0,4,15.818999999999997
2024-06-01,SKU0079,WH04,48.0,4,15.818999999999997
2024-06-01,SKU0079,WH05,40.0,4,15.818999999999997
2024-06-01,SKU0080,WH01,460.0,2,46.71733333333332
2024-06-01,SKU0080,WH02,473.0,2,46.71733333333332
2024-06-01,SKU0080,WH03,451.0,2,46.71733333333332
2024-06-01,SKU0080,WH04,416.0,2,46.71733333333332
2024-06-01,SKU0080,WH05,482.0,2,46.71733333333332
2024-07-01,SKU0001,WH01,546.0,2,46.179032258064524
2024-07-01,SKU0001,WH02,681.0,2,46.179032258064524
2024-07-01,SKU0001,WH03,552.0,2,46.179032258064524
2024-07-01,SKU0001,WH04,602.0,2,46.179032258064524
2024-07-01,SKU0001,WH05,583.0,2,46.179032258064524
2024-07-01,SKU0002,WH01,128.0,2,319.8848387096774
2024-07-01,SKU0002,WH02,136.0,2,319.8848387096774
2024-07-01,SKU0002,WH03,141.0,2,319.8848387096774
2024-07-01,SKU0002,WH04,132.0,2,319.8848387096774
2024-07-01,SKU0002,WH05,141.0,2,319.8848387096774
2024-07-01,SKU0003,WH01,1411.0,3,87.4158064516129
2024-07-01,SKU0003,WH02,1436.0,3,87.4158064516129
2024-07-01,SKU0003,WH03,1354.0,3,87.4158064516129
2024-07-01,SKU0003,WH04,1305.0,3,87.4158064516129
2024-07-01,SKU0003,WH05,1449.0,3,87.4158064516129
2024-07-01,SKU0004,WH01,2602.0,2,22.573225806451614
2024-07-01,SKU0004,WH02,2346.0,2,22.573225806451614
2024-07-01,SKU0004,WH03,2434.0,2,22.573225806451614
2024-07-01,SKU0004,WH04,2378.0,2,22.573225806451614
2024-07-01,SKU0004,WH05,2522.0,2,22.573225806451614
2024-07-01,SKU0005,WH01,572.0,1,198.0090322580645
2024-07-01,SKU0005,WH02,538.0,1,198.0090322580645
2024-07-01,SKU0005,WH03,592.0,1,198.0090322580645
2024-07-01,SKU0005,WH04,574.0,1,198.0090322580645
2024-07-01,SKU0005,WH05,555.0,1,198.0090322580645
2024-07-01,SKU0006,WH01,19.0,4,134.13387096774196
2024-07-01,SKU0006,WH02,29.0,4,134.13387096774196
2024-07-01,SKU0006,WH03,22.0,4,134.13387096774196
2024-07-01,SKU0006,WH04,24.0,4,134.13387096774196
2024-07-01,SKU0006,WH05,20.0,4,134.13387096774196
2024-07-01,SKU0007,WH01,425.0,3,289.30290322580646
2024-07-01,SKU0007,WH02,479.0,3,289.30290322580646
2024-07-01,SKU0007,WH03,455.0,3,289.30290322580646
2024-07-01,SKU0007,WH04,405.0,3,289.30290322580646
2024-07-01,SKU0007,WH05,450.0,3,289.30290322580646
2024-07-01,SKU0008,WH01,916.0,3,280.6758064516129
2024-07-01,SKU0008,WH02,943.0,3,280.6758064516129
2024-07-01,SKU0008,WH03,933.0,3,280.6758064516129
2024-07-01,SKU0008,WH04,857.0,3,280.6758064516129
2024-07-01,SKU0008,WH05,958.0,3,280.6758064516129
2024-07-01,SKU0009,WH01,1093.0,4,116.11967741935484
2024-07-01,SKU0009,WH02,1109.0,4,116.11967741935484
2024-07-01,SKU0009,WH03,1082.0,4,116.11967741935484
2024-07-01,SKU0009,WH04,1146.0,4,116.11967741935484
2024-07-01,SKU0009,WH05,1163.0,4,116.11967741935484
2024-07-01,SKU0010,WH01,219.0,2,331.29645161290324
2024-07-01,SKU0010,WH02,237.0,2,331.29645161290324
2024-07-01,SKU0010,WH03,240.0,2,331.29645161290324
2024-07-01,SKU0010,WH04,207.0,2,331.29645161290324
2024-07-01,SKU0010,WH05,241.0,2,331.29645161290324
2024-07-01,SKU0011,WH01,611.0,4,106.80193548387098
2024-07-01,SKU0011,WH02,743.0,4,106.80193548387098
2024-07-01,SKU0011,WH03,632.0,4,106.80193548387098
2024-07-01,SKU0011,WH04,662.0,4,106.80193548387098
2024-07-01,SKU0011,WH05,727.0,4,106.80193548387098
2024-07-01,SKU0012,WH01,300.0,2,183.92580645161289
2024-07-01,SKU0012,WH02,307.0,2,183.92580645161289
2024-07-01,SKU0012,WH03,303.0,2,183.92580645161289
2024-07-01,SKU0012,WH04,287.0,2,183.92580645161289
2024-07-01,SKU0012,WH05,277.0,2,183.92580645161289
2024-07-01,SKU0013,WH01,197.0,4,95.62193548387098
2024-07-01,SKU0013,WH02,211.0,4,95.62193548387098
2024-07-01,SKU0013,WH03,223.0,4,95.62193548387098
2024-07-01,SKU0013,WH04,208.0,4,95.62193548387098
2024-07-01,SKU0013,WH05,223.0,4,95.62193548387098
2024-07-01,SKU0014,WH01,105.0,0,328.25
2024-07-01,SKU0014,WH02,121.0,0,328.25
2024-07-01,SKU0014,WH03,98.0,0,328.25
2024-07-01,SKU0014,WH04,89.0,0,328.25
2024-07-01,SKU0014,WH05,100.0,0,328.25
2024-07-01,SKU0015,WH01,84.0,3,65.22516129032257
2024-07-01,SKU0015,WH02,110.0,3,65.22516129032257
2024-07-01,SKU0015,WH03,88.0,3,65.22516129032257
2024-07-01,SKU0015,WH04,79.0,3,65.22516129032257
2024-07-01,SKU0015,WH05,71.0,3,65.22516129032257
2024-07-01,SKU0016,WH01,1839.0,4,24.98483870967742
2024-07-01,SKU0016,WH02,1824.0,4,24.98483870967742
2024-07-01,SKU0016,WH03,1815.0,4,24.98483870967742
2024-07-01,SKU0016,WH04,1874.0,4,24.98483870967742
2024-07-01,SKU0016,WH05,1731.0,4,24.98483870967742
2024-07-01,SKU0017,WH01,303.0,3,155.63741935483873
2024-07-01,SKU0017,WH02,300.0,3,155.63741935483873
2024-07-01,SKU0017,WH03,263.0,3,155.63741935483873
2024-07-01,SKU0017,WH04,299.0,3,155.63741935483873
2024-07-01,SKU0017,WH05,292.0,3,155.63741935483873
2024-07-01,SKU0018,WH01,575.0,0,347.41
2024-07-01,SKU0018,WH02,579.0,0,347.41
2024-07-01,SKU0018,WH03,607.0,0,347.41
2024-07-01,SKU0018,WH04,555.0,0,347.41
2024-07-01,SKU0018,WH05,610.0,0,347.41
2024-07-01,SKU0019,WH01,707.0,2,311.1493548387097
2024-07-01,SKU0019,WH02,686.0,2,311.1493548387097
2024-07-01,SKU0019,WH03,763.0,2,311.1493548387097
2024-07-01,SKU0019,WH04,723.0,2,311.1493548387097
2024-07-01,SKU0019,WH05,763.0,2,311.1493548387097
2024-07-01,SKU0020,WH01,397.0,1,264.1032258064516
2024-07-01,SKU0020,WH02,432.0,1,264.1032258064516
2024-07-01,SKU0020,WH03,414.0,1,264.1032258064516
2024-07-01,SKU0020,WH04,446.0,1,264.1032258064516
2024-07-01,SKU0020,WH05,429.0,1,264.1032258064516
2024-07-01,SKU0021,WH01,114.0,4,309.8425806451613
2024-07-01,SKU0021,WH02,126.0,4,309.8425806451613
2024-07-01,SKU0021,WH03,120.0,4,309.8425806451613
2024-07-01,SKU0021,WH04,123.0,4,309.8425806451613
2024-07-01,SKU0021,WH05,129.0,4,309.8425806451613
2024-07-01,SKU0022,WH01,160.0,1,311.74580645161285
2024-07-01,SKU0022,WH02,178.0,1,311.74580645161285
2024-07-01,SKU0022,WH03,168.0,1,311.74580645161285
2024-07-01,SKU0022,WH04,158.0,1,311.74580645161285
2024-07-01,SKU0022,WH05,195.0,1,311.74580645161285
2024-07-01,SKU0023,WH01,319.0,3,184.60612903225805
2024-07-01,SKU0023,WH02,306.0,3,184.60612903225805
2024-07-01,SKU0023,WH03,269.0,3,184.60612903225805
2024-07-01,SKU0023,WH04,284.0,3,184.60612903225805
2024-07-01,SKU0023,WH05,279.0,3,184.60612903225805
2024-07-01,SKU0024,WH01,724.0,3,116.09451612903227
2024-07-01,SKU0024,WH02,751.0,3,116.09451612903227
2024-07-01,SKU0024,WH03,743.0,3,116.09451612903227
2024-07-01,SKU0024,WH04,769.0,3,116.09451612903227
2024-07-01,SKU0024,WH05,742.0,3,116.09451612903227
2024-07-01,SKU0025,WH01,647.0,3,269.4035483870968
2024-07-01,SKU0025,WH02,689.0,3,269.4035483870968
2024-07-01,SKU0025,WH03,688.0,3,269.4035483870968
2024-07-01,SKU0025,WH04,677.0,3,269.4035483870968
2024-07-01,SKU0025,WH05,670.0,3,269.4035483870968
2024-07-01,SKU0026,WH01,1438.0,5,230.7909677419355
2024-07-01,SKU0026,WH02,1455.0,5,230.7909677419355
2024-07-01,SKU0026,WH03,1473.0,5,230.7909677419355
2024-07-01,SKU0026,WH04,1514.0,5,230.7909677419355
2024-07-01,SKU0026,WH05,1444.0,5,230.7909677419355
2024-07-01,SKU0027,WH01,454.0,0,137.04
2024-07-01,SKU0027,WH02,455.0,0,137.04
2024-07-01,SKU0027,WH03,459.0,0,137.04
2024-07-01,SKU0027,WH04,466.0,0,137.04
2024-07-01,SKU0027,WH05,469.0,0,137.04
2024-07-01,SKU0028,WH01,232.0,2,41.780322580645155
2024-07-01,SKU0028,WH02,224.0,2,41.780322580645155
2024-07-01,SKU0028,WH03,238.0,2,41.780322580645155
2024-07-01,SKU0028,WH04,241.0,2,41.780322580645155
2024-07-01,SKU0028,WH05,277.0,2,41.780322580645155
2024-07-01,SKU0029,WH01,310.0,2,261.78161290322583
2024-07-01,SKU0029,WH02,283.0,2,261.78161290322583
2024-07-01,SKU0029,WH03,324.0,2,261.78161290322583
2024-07-01,SKU0029,WH04,318.0,2,261.78161290322583
2024-07-01,SKU0029,WH05,333.0,2,261.78161290322583
2024-07-01,SKU0030,WH01,512.0,2,98.76
2024-07-01,SKU0030,WH02,464.0,2,98.76
2024-07-01,SKU0030,WH03,510.0,2,98.76
2024-07-01,SKU0030,WH04,501.0,2,98.76
2024-07-01,SKU0030,WH05,543.0,2,98.76
2024-07-01,SKU0031,WH01,264.0,4,325.3406451612903
2024-07-01,SKU0031,WH02,297.0,4,325.3406451612903
2024-07-01,SKU0031,WH03,314.0,4,325.3406451612903
2024-07-01,SKU0031,WH04,286.0,4,325.3406451612903
2024-07-01,SKU0031,WH05,262.0,4,325.3406451612903
2024-07-01,SKU0032,WH01,288.0,3,91.04032258064517
2024-07-01,SKU0032,WH02,286.0,3,91.04032258064517
2024-07-01,SKU0032,WH03,298.0,3,91.04032258064517
2024-07-01,SKU0032,WH04,250.0,3,91.04032258064517
2024-07-01,SKU0032,WH05,290.0,3,91.04032258064517
2024-07-01,SKU0033,WH01,121.0,2,51.23935483870968
2024-07-01,SKU0033,WH02,95.0,2,51.23935483870968
2024-07-01,SKU0033,WH03,130.0,2,51.23935483870968
2024-07-01,SKU0033,WH04,109.0,2,51.23935483870968
2024-07-01,SKU0033,WH05,125.0,2,51.23935483870968
2024-07-01,SKU0034,WH01,138.0,4,289.74838709677414
2024-07-01,SKU0034,WH02,156.0,4,289.74838709677414
2024-07-01,SKU0034,WH03,182.0,4,289.74838709677414
2024-07-01,SKU0034,WH04,139.0,4,289.74838709677414
2024-07-01,SKU0034,WH05,133.0,4,289.74838709677414
2024-07-01,SKU0035,WH01,157.0,2,61.61903225806451
2024-07-01,SKU0035,WH02,144.0,2,61.61903225806451
2024-07-01,SKU0035,WH03,178.0,2,61.61903225806451
2024-07-01,SKU0035,WH04,162.0,2,61.61903225806451
2024-07-01,SKU0035,WH05,170.0,2,61.61903225806451
2024-07-01,SKU0036,WH01,132.0,1,70.72129032258064
2024-07-01,SKU0036,WH02,152.0,1,70.72129032258064
2024-07-01,SKU0036,WH03,147.0,1,70.72129032258064
2024-07-01,SKU0036,WH04,138.0,1,70.72129032258064
2024-07-01,SKU0036,WH05,169.0,1,70.72129032258064
2024-07-01,SKU0037,WH01,14.0,3,209.99677419354836
2024-07-01,SKU0037,WH02,14.0,3,209.99677419354836
2024-07-01,SKU0037,WH03,21.0,3,209.99677419354836
2024-07-01,SKU0037,WH04,20.0,3,209.99677419354836
2024-07-01,SKU0037,WH05,21.0,3,209.99677419354836
2024-07-01,SKU0038,WH01,435.0,1,305.36709677419356
2024-07-01,SKU0038,WH02,502.0,1,305.36709677419356
2024-07-01,SKU0038,WH03,497.0,1,305.36709677419356
2024-07-01,SKU0038,WH04,489.0,1,305.36709677419356
2024-07-01,SKU0038,WH05,517.0,1,305.36709677419356
2024-07-01,SKU0039,WH01,255.0,3,75.55129032258066
2024-07-01,SKU0039,WH02,238.0,3,75.55129032258066
2024-07-01,SKU0039,WH03,254.0,3,75.55129032258066
2024-07-01,SKU0039,WH04,249.0,3,75.55129032258066
2024-07-01,SKU0039,WH05,260.0,3,75.55129032258066
2024-07-01,SKU0040,WH01,174.0,4,113.83290322580646
2024-07-01,SKU0040,WH02,203.0,4,113.83290322580646
2024-07-01,SKU0040,WH03,155.0,4,113.83290322580646
2024-07-01,SKU0040,WH04,177.0,4,113.83290322580646
2024-07-01,SKU0040,WH05,183.0,4,113.83290322580646
2024-07-01,SKU0041,WH01,32.0,4,269.8954838709677
2024-07-01,SKU0041,WH02,27.0,4,269.8954838709677
2024-07-01,SKU0041,WH03,35.0,4,269.8954838709677
2024-07-01,SKU0041,WH04,26.0,4,269.8954838709677
2024-07-01,SKU0041,WH05,30.0,4,269.8954838709677
2024-07-01,SKU0042,WH01,642.0,3,336.57677419354843
2024-07-01,SKU0042,WH02,657.0,3,336.57677419354843
2024-07-01,SKU0042,WH03,575.0,3,336.57677419354843
2024-07-01,SKU0042,WH04,564.0,3,336.57677419354843
2024-07-01,SKU0042,WH05,666.0,3,336.57677419354843
2024-07-01,SKU0043,WH01,64.0,2,179.37774193548387
2024-07-01,SKU0043,WH02,58.0,2,179.37774193548387
2024-07-01,SKU0043,WH03,61.0,2,179.37774193548387
2024-07-01,SKU0043,WH04,50.0,2,179.37774193548387
2024-07-01,SKU0043,WH05,79.0,2,179.37774193548387
2024-07-01,SKU0044,WH01,75.0,2,58.549677419354836
2024-07-01,SKU0044,WH02,90.0,2,58.549677419354836
2024-07-01,SKU0044,WH03,79.0,2,58.549677419354836
2024-07-01,SKU0044,WH04,73.0,2,58.549677419354836
2024-07-01,SKU0044,WH05,87.0,2,58.549677419354836
2024-07-01,SKU0045,WH01,1470.0,2,14.573548387096775
2024-07-01,SKU0045,WH02,1349.0,2,14.573548387096775
2024-07-01,SKU0045,WH03,1469.0,2,14.573548387096775
2024-07-01,SKU0045,WH04,1280.0,2,14.573548387096775
2024-07-01,SKU0045,WH05,1368.0,2,14.573548387096775
2024-07-01,SKU0046,WH01,1298.0,3,87.36999999999999
2024-07-01,SKU0046,WH02,1340.0,3,87.36999999999999
2024-07-01,SKU0046,WH03,1280.0,3,87.36999999999999
2024-07-01,SKU0046,WH04,1363.0,3,87.36999999999999
2024-07-01,SKU0046,WH05,1304.0,3,87.36999999999999
2024-07-01,SKU0047,WH01,79.0,2,54.37806451612904
2024-07-01,SKU0047,WH02,73.0,2,54.37806451612904
2024-07-01,SKU0047,WH03,90.0,2,54.37806451612904
2024-07-01,SKU0047,WH04,85.0,2,54.37806451612904
2024-07-01,SKU0047,WH05,84.0,2,54.37806451612904
2024-07-01,SKU0048,WH01,15.0,2,238.46129032258065
2024-07-01,SKU0048,WH02,14.0,2,238.46129032258065
2024-07-01,SKU0048,WH03,17.0,2,238.46129032258065
2024-07-01,SKU0048,WH04,22.0,2,238.46129032258065
2024-07-01,SKU0048,WH05,17.0,2,238.46129032258065
2024-07-01,SKU0049,WH01,335.0,2,50.83967741935483
2024-07-01,SKU0049,WH02,286.0,2,50.83967741935483
2024-07-01,SKU0049,WH03,275.0,2,50.83967741935483
2024-07-01,SKU0049,WH04,304.0,2,50.83967741935483
2024-07-01,SKU0049,WH05,323.0,2,50.83967741935483
2024-07-01,SKU0050,WH01,514.0,3,178.6245161290323
2024-07-01,SKU0050,WH02,544.0,3,178.6245161290323
2024-07-01,SKU0050,WH03,495.0,3,178.6245161290323
2024-07-01,SKU0050,WH04,524.0,3,178.6245161290323
2024-07-01,SKU0050,WH05,542.0,3,178.6245161290323
2024-07-01,SKU0051,WH01,21.0,5,241.28806451612908
2024-07-01,SKU0051,WH02,23.0,5,241.28806451612908
2024-07-01,SKU0051,WH03,11.0,5,241.28806451612908
2024-07-01,SKU0051,WH04,15.0,5,241.28806451612908
2024-07-01,SKU0051,WH05,15.0,5,241.28806451612908
2024-07-01,SKU0052,WH01,673.0,1,206.91032258064516
2024-07-01,SKU0052,WH02,777.0,1,206.91032258064516
2024-07-01,SKU0052,WH03,744.0,1,206.91032258064516
2024-07-01,SKU0052,WH04,666.0,1,206.91032258064516
2024-07-01,SKU0052,WH05,749.0,1,206.91032258064516
2024-07-01,SKU0053,WH01,91.0,2,77.29161290322581
2024-07-01,SKU0053,WH02,76.0,2,77.29161290322581
2024-07-01,SKU0053,WH03,82.0,2,77.29161290322581
2024-07-01,SKU0053,WH04,82.0,2,77.29161290322581
2024-07-01,SKU0053,WH05,90.0,2,77.29161290322581
2024-07-01,SKU0054,WH01,383.0,1,282.48580645161286
2024-07-01,SKU0054,WH02,383.0,1,282.48580645161286
2024-07-01,SKU0054,WH03,422.0,1,282.48580645161286
2024-07-01,SKU0054,WH04,430.0,1,282.48580645161286
2024-07-01,SKU0054,WH05,415.0,1,282.48580645161286
2024-07-01,SKU0055,WH01,658.0,5,249.97290322580645
2024-07-01,SKU0055,WH02,674.0,5,249.97290322580645
2024-07-01,SKU0055,WH03,624.0,5,249.97290322580645
2024-07-01,SKU0055,WH04,666.0,5,249.97290322580645
2024-07-01,SKU0055,WH05,592.0,5,249.97290322580645
2024-07-01,SKU0056,WH01,28.0,2,258.7216129032258
2024-07-01,SKU0056,WH02,29.0,2,258.7216129032258
2024-07-01,SKU0056,WH03,25.0,2,258.7216129032258
2024-07-01,SKU0056,WH04,17.0,2,258.7216129032258
2024-07-01,SKU0056,WH05,21.0,2,258.7216129032258
2024-07-01,SKU0057,WH01,184.0,1,54.296129032258065
2024-07-01,SKU0057,WH02,208.0,1,54.296129032258065
2024-07-01,SKU0057,WH03,179.0,1,54.296129032258065
2024-07-01,SKU0057,WH04,176.0,1,54.296129032258065
2024-07-01,SKU0057,WH05,190.0,1,54.296129032258065
2024-07-01,SKU0058,WH01,895.0,4,51.492258064516136
2024-07-01,SKU0058,WH02,905.0,4,51.492258064516136
2024-07-01,SKU0058,WH03,873.0,4,51.492258064516136
2024-07-01,SKU0058,WH04,888.0,4,51.492258064516136
2024-07-01,SKU0058,WH05,929.0,4,51.492258064516136
2024-07-01,SKU0059,WH01,703.0,4,321.69612903225806
2024-07-01,SKU0059,WH02,704.0,4,321.69612903225806
2024-07-01,SKU0059,WH03,707.0,4,321.69612903225806
2024-07-01,SKU0059,WH04,668.0,4,321.69612903225806
2024-07-01,SKU0059,WH05,716.0,4,321.69612903225806
2024-07-01,SKU0060,WH01,320.0,4,142.36967741935484
2024-07-01,SKU0060,WH02,328.0,4,142.36967741935484
2024-07-01,SKU0060,WH03,305.0,4,142.36967741935484
2024-07-01,SKU0060,WH04,318.0,4,142.36967741935484
2024-07-01,SKU0060,WH05,306.0,4,142.36967741935484
2024-07-01,SKU0061,WH01,468.0,2,111.2332258064516
2024-07-01,SKU0061,WH02,506.0,2,111.2332258064516
2024-07-01,SKU0061,WH03,422.0,2,111.2332258064516
2024-07-01,SKU0061,WH04,497.0,2,111.2332258064516
2024-07-01,SKU0061,WH05,467.0,2,111.2332258064516
2024-07-01,SKU0062,WH01,1031.0,1,175.8358064516129
2024-07-01,SKU0062,WH02,989.0,1,175.8358064516129
2024-07-01,SKU0062,WH03,1027.0,1,175.8358064516129
2024-07-01,SKU0062,WH04,1017.0,1,175.8358064516129
2024-07-01,SKU0062,WH05,1065.0,1,175.8358064516129
2024-07-01,SKU0063,WH01,355.0,2,233.4716129032258
2024-07-01,SKU0063,WH02,323.0,2,233.4716129032258
2024-07-01,SKU0063,WH03,344.0,2,233.4716129032258
2024-07-01,SKU0063,WH04,325.0,2,233.4716129032258
2024-07-01,SKU0063,WH05,340.0,2,233.4716129032258
2024-07-01,SKU0064,WH01,224.0,1,333.8296774193549
2024-07-01,SKU0064,WH02,215.0,1,333.8296774193549
2024-07-01,SKU0064,WH03,219.0,1,333.8296774193549
2024-07-01,SKU0064,WH04,210.0,1,333.8296774193549
2024-07-01,SKU0064,WH05,235.0,1,333.8296774193549
2024-07-01,SKU0065,WH01,1424.0,6,105.31129032258065
2024-07-01,SKU0065,WH02,1382.0,6,105.31129032258065
2024-07-01,SKU0065,WH03,1314.0,6,105.31129032258065
2024-07-01,SKU0065,WH04,1368.0,6,105.31129032258065
2024-07-01,SKU0065,WH05,1434.0,6,105.31129032258065
2024-07-01,SKU0066,WH01,247.0,2,321.8135483870968
2024-07-01,SKU0066,WH02,296.0,2,321.8135483870968
2024-07-01,SKU0066,WH03,282.0,2,321.8135483870968
2024-07-01,SKU0066,WH04,274.0,2,321.8135483870968
2024-07-01,SKU0066,WH05,277.0,2,321.8135483870968
2024-07-01,SKU0067,WH01,1120.0,3,18.271935483870966
2024-07-01,SKU0067,WH02,1161.0,3,18.271935483870966
2024-07-01,SKU0067,WH03,1223.0,3,18.271935483870966
2024-07-01,SKU0067,WH04,1175.0,3,18.271935483870966
2024-07-01,SKU0067,WH05,1193.0,3,18.271935483870966
2024-07-01,SKU0068,WH01,41.0,2,197.80806451612904
2024-07-01,SKU0068,WH02,48.0,2,197.80806451612904
2024-07-01,SKU0068,WH03,42.0,2,197.80806451612904
2024-07-01,SKU0068,WH04,34.0,2,197.80806451612904
2024-07-01,SKU0068,WH05,42.0,2,197.80806451612904
2024-07-01,SKU0069,WH01,501.0,1,224.09483870967748
2024-07-01,SKU0069,WH02,500.0,1,224.09483870967748
2024-07-01,SKU0069,WH03,471.0,1,224.09483870967748
2024-07-01,SKU0069,WH04,479.0,1,224.09483870967748
2024-07-01,SKU0069,WH05,502.0,1,224.09483870967748
2024-07-01,SKU0070,WH01,419.0,3,45.71322580645161
2024-07-01,SKU0070,WH02,408.0,3,45.71322580645161
2024-07-01,SKU0070,WH03,411.0,3,45.71322580645161
2024-07-01,SKU0070,WH04,440.0,3,45.71322580645161
2024-07-01,SKU0070,WH05,419.0,3,45.71322580645161
2024-07-01,SKU0071,WH01,372.0,1,57.44064516129032
2024-07-01,SKU0071,WH02,386.0,1,57.44064516129032
2024-07-01,SKU0071,WH03,374.0,1,57.44064516129032
2024-07-01,SKU0071,WH04,360.0,1,57.44064516129032
2024-07-01,SKU0071,WH05,381.0,1,57.44064516129032
2024-07-01,SKU0072,WH01,264.0,4,150.53225806451613
2024-07-01,SKU0072,WH02,233.0,4,150.53225806451613
2024-07-01,SKU0072,WH03,251.0,4,150.53225806451613
2024-07-01,SKU0072,WH04,226.0,4,150.53225806451613
2024-07-01,SKU0072,WH05,255.0,4,150.53225806451613
2024-07-01,SKU0073,WH01,757.0,3,335.2441935483871
2024-07-01,SKU0073,WH02,667.0,3,335.2441935483871
2024-07-01,SKU0073,WH03,753.0,3,335.2441935483871
2024-07-01,SKU0073,WH04,767.0,3,335.2441935483871
2024-07-01,SKU0073,WH05,775.0,3,335.2441935483871
2024-07-01,SKU0074,WH01,579.0,4,208.53419354838712
2024-07-01,SKU0074,WH02,590.0,4,208.53419354838712
2024-07-01,SKU0074,WH03,589.0,4,208.53419354838712
2024-07-01,SKU0074,WH04,615.0,4,208.53419354838712
2024-07-01,SKU0074,WH05,645.0,4,208.53419354838712
2024-07-01,SKU0075,WH01,147.0,2,325.1190322580645
2024-07-01,SKU0075,WH02,119.0,2,325.1190322580645
2024-07-01,SKU0075,WH03,149.0,2,325.1190322580645
2024-07-01,SKU0075,WH04,135.0,2,325.1190322580645
2024-07-01,SKU0075,WH05,129.0,2,325.1190322580645
2024-07-01,SKU0076,WH01,445.0,2,280.7367741935484
2024-07-01,SKU0076,WH02,463.0,2,280.7367741935484
2024-07-01,SKU0076,WH03,457.0,2,280.7367741935484
2024-07-01,SKU0076,WH04,434.0,2,280.7367741935484
2024-07-01,SKU0076,WH05,436.0,2,280.7367741935484
2024-07-01,SKU0077,WH01,324.0,3,167.00290322580645
2024-07-01,SKU0077,WH02,366.0,3,167.00290322580645
2024-07-01,SKU0077,WH03,298.0,3,167.00290322580645
2024-07-01,SKU0077,WH04,282.0,3,167.00290322580645
2024-07-01,SKU0077,WH05,280.0,3,167.00290322580645
2024-07-01,SKU0078,WH01,272.0,2,275.4806451612903
2024-07-01,SKU0078,WH02,238.0,2,275.4806451612903
2024-07-01,SKU0078,WH03,272.0,2,275.4806451612903
2024-07-01,SKU0078,WH04,272.0,2,275.4806451612903
2024-07-01,SKU0078,WH05,278.0,2,275.4806451612903
2024-07-01,SKU0079,WH01,25.0,3,15.85258064516129
2024-07-01,SKU0079,WH02,28.0,3,15.85258064516129
2024-07-01,SKU0079,WH03,31.0,3,15.85258064516129
2024-07-01,SKU0079,WH04,33.0,3,15.85258064516129
2024-07-01,SKU0079,WH05,35.0,3,15.85258064516129
2024-07-01,SKU0080,WH01,447.0,3,46.34999999999999
2024-07-01,SKU0080,WH02,411.0,3,46.34999999999999
2024-07-01,SKU0080,WH03,455.0,3,46.34999999999999
2024-07-01,SKU0080,WH04,468.0,3,46.34999999999999
2024-07-01,SKU0080,WH05,500.0,3,46.34999999999999
2024-08-01,SKU0001,WH01,522.0,3,46.10387096774193
2024-08-01,SKU0001,WH02,556.0,3,46.10387096774193
2024-08-01,SKU0001,WH03,557.0,3,46.10387096774193
2024-08-01,SKU0001,WH04,535.0,3,46.10387096774193
2024-08-01,SKU0001,WH05,552.0,3,46.10387096774193
2024-08-01,SKU0002,WH01,131.0,3,319.36645161290323
2024-08-01,SKU0002,WH02,160.0,3,319.36645161290323
2024-08-01,SKU0002,WH03,133.0,3,319.36645161290323
2024-08-01,SKU0002,WH04,144.0,3,319.36645161290323
2024-08-01,SKU0002,WH05,111.0,3,319.36645161290323
2024-08-01,SKU0003,WH01,1358.0,5,85.99258064516128
2024-08-01,SKU0003,WH02,1369.0,5,85.99258064516128
2024-08-01,SKU0003,WH03,1332.0,5,85.99258064516128
2024-08-01,SKU0003,WH04,1347.0,5,85.99258064516128
2024-08-01,SKU0003,WH05,1295.0,5,85.99258064516128
2024-08-01,SKU0004,WH01,2383.0,4,22.353548387096772
2024-08-01,SKU0004,WH02,2513.0,4,22.353548387096772
2024-08-01,SKU0004,WH03,2333.0,4,22.353548387096772
2024-08-01,SKU0004,WH04,2432.0,4,22.353548387096772
2024-08-01,SKU0004,WH05,2440.0,4,22.353548387096772
2024-08-01,SKU0005,WH01,534.0,1,198.0090322580645
2024-08-01,SKU0005,WH02,594.0,1,198.0090322580645
2024-08-01,SKU0005,WH03,542.0,1,198.0090322580645
2024-08-01,SKU0005,WH04,558.0,1,198.0090322580645
2024-08-01,SKU0005,WH05,472.0,1,198.0090322580645
2024-08-01,SKU0006,WH01,13.0,1,135.89032258064518
2024-08-01,SKU0006,WH02,17.0,1,135.89032258064518
2024-08-01,SKU0006,WH03,17.0,1,135.89032258064518
2024-08-01,SKU0006,WH04,21.0,1,135.89032258064518
2024-08-01,SKU0006,WH05,23.0,1,135.89032258064518
2024-08-01,SKU0007,WH01,390.0,2,290.7164516129032
2024-08-01,SKU0007,WH02,403.0,2,290.7164516129032
2024-08-01,SKU0007,WH03,379.0,2,290.7164516129032
2024-08-01,SKU0007,WH04,375.0,2,290.7164516129032
2024-08-01,SKU0007,WH05,389.0,2,290.7164516129032
2024-08-01,SKU0008,WH01,824.0,3,281.13516129032257
2024-08-01,SKU0008,WH02,778.0,3,281.13516129032257
2024-08-01,SKU0008,WH03,810.0,3,281.13516129032257
2024-08-01,SKU0008,WH04,846.0,3,281.13516129032257
2024-08-01,SKU0008,WH05,843.0,3,281.13516129032257
2024-08-01,SKU0009,WH01,1033.0,3,116.5
2024-08-01,SKU0009,WH02,1016.0,3,116.5
2024-08-01,SKU0009,WH03,1060.0,3,116.5
2024-08-01,SKU0009,WH04,1011.0,3,116.5
2024-08-01,SKU0009,WH05,1032.0,3,116.5
2024-08-01,SKU0010,WH01,197.0,4,329.68032258064517
2024-08-01,SKU0010,WH02,214.0,4,329.68032258064517
2024-08-01,SKU0010,WH03,209.0,4,329.68032258064517
2024-08-01,SKU0010,WH04,212.0,4,329.68032258064517
2024-08-01,SKU0010,WH05,201.0,4,329.68032258064517
2024-08-01,SKU0011,WH01,563.0,2,108.38290322580646
2024-08-01,SKU0011,WH02,548.0,2,108.38290322580646
2024-08-01,SKU0011,WH03,578.0,2,108.38290322580646
2024-08-01,SKU0011,WH04,543.0,2,108.38290322580646
2024-08-01,SKU0011,WH05,539.0,2,108.38290322580646
2024-08-01,SKU0012,WH01,271.0,5,181.8358064516129
2024-08-01,SKU0012,WH02,300.0,5,181.8358064516129
2024-08-01,SKU0012,WH03,296.0,5,181.8358064516129
2024-08-01,SKU0012,WH04,297.0,5,181.8358064516129
2024-08-01,SKU0012,WH05,261.0,5,181.8358064516129
2024-08-01,SKU0013,WH01,197.0,1,96.40387096774195
2024-08-01,SKU0013,WH02,162.0,1,96.40387096774195
2024-08-01,SKU0013,WH03,169.0,1,96.40387096774195
2024-08-01,SKU0013,WH04,210.0,1,96.40387096774195
2024-08-01,SKU0013,WH05,195.0,1,96.40387096774195
2024-08-01,SKU0014,WH01,115.0,4,322.9558064516129
2024-08-01,SKU0014,WH02,86.0,4,322.9558064516129
2024-08-01,SKU0014,WH03,94.0,4,322.9558064516129
2024-08-01,SKU0014,WH04,102.0,4,322.9558064516129
2024-08-01,SKU0014,WH05,84.0,4,322.9558064516129
2024-08-01,SKU0015,WH01,80.0,2,65.43806451612903
2024-08-01,SKU0015,WH02,82.0,2,65.43806451612903
2024-08-01,SKU0015,WH03,81.0,2,65.43806451612903
2024-08-01,SKU0015,WH04,79.0,2,65.43806451612903
2024-08-01,SKU0015,WH05,96.0,2,65.43806451612903
2024-08-01,SKU0016,WH01,1492.0,2,25.14774193548387
2024-08-01,SKU0016,WH02,1609.0,2,25.14774193548387
2024-08-01,SKU0016,WH03,1654.0,2,25.14774193548387
2024-08-01,SKU0016,WH04,1515.0,2,25.14774193548387
2024-08-01,SKU0016,WH05,1522.0,2,25.14774193548387
2024-08-01,SKU0017,WH01,261.0,6,154.10903225806453
2024-08-01,SKU0017,WH02,313.0,6,154.10903225806453
2024-08-01,SKU0017,WH03,315.0,6,154.10903225806453
2024-08-01,SKU0017,WH04,303.0,6,154.10903225806453
2024-08-01,SKU0017,WH05,266.0,6,154.10903225806453
2024-08-01,SKU0018,WH01,577.0,4,341.2464516129033
2024-08-01,SKU0018,WH02,641.0,4,341.2464516129033
2024-08-01,SKU0018,WH03,567.0,4,341.2464516129033
2024-08-01,SKU0018,WH04,548.0,4,341.2464516129033
2024-08-01,SKU0018,WH05,582.0,4,341.2464516129033
2024-08-01,SKU0019,WH01,677.0,0,313.17
2024-08-01,SKU0019,WH02,642.0,0,313.17
2024-08-01,SKU0019,WH03,659.0,0,313.17
2024-08-01,SKU0019,WH04,709.0,0,313.17
2024-08-01,SKU0019,WH05,628.0,0,313.17
2024-08-01,SKU0020,WH01,425.0,2,262.39677419354837
2024-08-01,SKU0020,WH02,412.0,2,262.39677419354837
2024-08-01,SKU0020,WH03,394.0,2,262.39677419354837
2024-08-01,SKU0020,WH04,393.0,2,262.39677419354837
2024-08-01,SKU0020,WH05,388.0,2,262.39677419354837
2024-08-01,SKU0021,WH01,125.0,7,306.30967741935484
2024-08-01,SKU0021,WH02,119.0,7,306.30967741935484
2024-08-01,SKU0021,WH03,142.0,7,306.30967741935484
2024-08-01,SKU0021,WH04,132.0,7,306.30967741935484
2024-08-01,SKU0021,WH05,122.0,7,306.30967741935484
2024-08-01,SKU0022,WH01,147.0,2,311.7454838709677
2024-08-01,SKU0022,WH02,146.0,2,311.7454838709677
2024-08-01,SKU0022,WH03,159.0,2,311.7454838709677
2024-08-01,SKU0022,WH04,162.0,2,311.7454838709677
2024-08-01,SKU0022,WH05,120.0,2,311.7454838709677
2024-08-01,SKU0023,WH01,270.0,1,185.20741935483872
2024-08-01,SKU0023,WH02,271.0,1,185.20741935483872
2024-08-01,SKU0023,WH03,257.0,1,185.20741935483872
2024-08-01,SKU0023,WH04,215.0,1,185.20741935483872
2024-08-01,SKU0023,WH05,234.0,1,185.20741935483872
2024-08-01,SKU0024,WH01,676.0,0,117.42
2024-08-01,SKU0024,WH02,657.0,0,117.42
2024-08-01,SKU0024,WH03,568.0,0,117.42
2024-08-01,SKU0024,WH04,625.0,0,117.42
2024-08-01,SKU0024,WH05,680.0,0,117.42
2024-08-01,SKU0025,WH01,637.0,2,269.8429032258065
2024-08-01,SKU0025,WH02,631.0,2,269.8429032258065
2024-08-01,SKU0025,WH03,698.0,2,269.8429032258065
2024-08-01,SKU0025,WH04,656.0,2,269.8429032258065
2024-08-01,SKU0025,WH05,642.0,2,269.8429032258065
2024-08-01,SKU0026,WH01,1320.0,6,230.411935483871
2024-08-01,SKU0026,WH02,1410.0,6,230.411935483871
2024-08-01,SKU0026,WH03,1203.0,6,230.411935483871
2024-08-01,SKU0026,WH04,1306.0,6,230.411935483871
2024-08-01,SKU0026,WH05,1304.0,6,230.411935483871
2024-08-01,SKU0027,WH01,470.0,1,136.59806451612903
2024-08-01,SKU0027,WH02,443.0,1,136.59806451612903
2024-08-01,SKU0027,WH03,408.0,1,136.59806451612903
2024-08-01,SKU0027,WH04,450.0,1,136.59806451612903
2024-08-01,SKU0027,WH05,440.0,1,136.59806451612903
2024-08-01,SKU0028,WH01,229.0,3,41.780322580645155
2024-08-01,SKU0028,WH02,230.0,3,41.780322580645155
2024-08-01,SKU0028,WH03,216.0,3,41.780322580645155
2024-08-01,SKU0028,WH04,220.0,3,41.780322580645155
2024-08-01,SKU0028,WH05,245.0,3,41.780322580645155
2024-08-01,SKU0029,WH01,271.0,3,260.0787096774194
2024-08-01,SKU0029,WH02,296.0,3,260.0787096774194
2024-08-01,SKU0029,WH03,281.0,3,260.0787096774194
2024-08-01,SKU0029,WH04,283.0,3,260.0787096774194
2024-08-01,SKU0029,WH05,287.0,3,260.0787096774194
2024-08-01,SKU0030,WH01,451.0,3,97.95935483870967
2024-08-01,SKU0030,WH02,505.0,3,97.95935483870967
2024-08-01,SKU0030,WH03,468.0,3,97.95935483870967
2024-08-01,SKU0030,WH04,452.0,3,97.95935483870967
2024-08-01,SKU0030,WH05,493.0,3,97.95935483870967
2024-08-01,SKU0031,WH01,277.0,4,322.69129032258064
2024-08-01,SKU0031,WH02,233.0,4,322.69129032258064
2024-08-01,SKU0031,WH03,249.0,4,322.69129032258064
2024-08-01,SKU0031,WH04,278.0,4,322.69129032258064
2024-08-01,SKU0031,WH05,270.0,4,322.69129032258064
2024-08-01,SKU0032,WH01,281.0,3,90.44709677419355
2024-08-01,SKU0032,WH02,270.0,3,90.44709677419355
2024-08-01,SKU0032,WH03,266.0,3,90.44709677419355
2024-08-01,SKU0032,WH04,250.0,3,90.44709677419355
2024-08-01,SKU0032,WH05,253.0,3,90.44709677419355
2024-08-01,SKU0033,WH01,137.0,1,51.57322580645161
2024-08-01,SKU0033,WH02,107.0,1,51.57322580645161
2024-08-01,SKU0033,WH03,120.0,1,51.57322580645161
2024-08-01,SKU0033,WH04,99.0,1,51.57322580645161
2024-08-01,SKU0033,WH05,101.0,1,51.57322580645161
2024-08-01,SKU0034,WH01,142.0,2,290.6922580645161
2024-08-01,SKU0034,WH02,135.0,2,290.6922580645161
2024-08-01,SKU0034,WH03,135.0,2,290.6922580645161
2024-08-01,SKU0034,WH04,167.0,2,290.6922580645161
2024-08-01,SKU0034,WH05,111.0,2,290.6922580645161
2024-08-01,SKU0035,WH01,144.0,3,61.31870967741935
2024-08-01,SKU0035,WH02,140.0,3,61.31870967741935
2024-08-01,SKU0035,WH03,141.0,3,61.31870967741935
2024-08-01,SKU0035,WH04,140.0,3,61.31870967741935
2024-08-01,SKU0035,WH05,137.0,3,61.31870967741935
2024-08-01,SKU0036,WH01,153.0,5,69.57741935483871
2024-08-01,SKU0036,WH02,141.0,5,69.57741935483871
2024-08-01,SKU0036,WH03,140.0,5,69.57741935483871
2024-08-01,SKU0036,WH04,164.0,5,69.57741935483871
2024-08-01,SKU0036,WH05,150.0,5,69.57741935483871
2024-08-01,SKU0037,WH01,14.0,3,211.37612903225806
2024-08-01,SKU0037,WH02,14.0,3,211.37612903225806
2024-08-01,SKU0037,WH03,14.0,3,211.37612903225806
2024-08-01,SKU0037,WH04,15.0,3,211.37612903225806
2024-08-01,SKU0037,WH05,20.0,3,211.37612903225806
2024-08-01,SKU0038,WH01,454.0,3,304.3754838709678
2024-08-01,SKU0038,WH02,423.0,3,304.3754838709678
2024-08-01,SKU0038,WH03,402.0,3,304.3754838709678
2024-08-01,SKU0038,WH04,455.0,3,304.3754838709678
2024-08-01,SKU0038,WH05,452.0,3,304.3754838709678
2024-08-01,SKU0039,WH01,222.0,2,76.17064516129032
2024-08-01,SKU0039,WH02,241.0,2,76.17064516129032
2024-08-01,SKU0039,WH03,226.0,2,76.17064516129032
2024-08-01,SKU0039,WH04,213.0,2,76.17064516129032
2024-08-01,SKU0039,WH05,238.0,2,76.17064516129032
2024-08-01,SKU0040,WH01,143.0,2,114.57838709677421
2024-08-01,SKU0040,WH02,186.0,2,114.57838709677421
2024-08-01,SKU0040,WH03,139.0,2,114.57838709677421
2024-08-01,SKU0040,WH04,163.0,2,114.57838709677421
2024-08-01,SKU0040,WH05,158.0,2,114.57838709677421
2024-08-01,SKU0041,WH01,27.0,1,273.4351612903226
2024-08-01,SKU0041,WH02,13.0,1,273.4351612903226
2024-08-01,SKU0041,WH03,22.0,1,273.4351612903226
2024-08-01,SKU0041,WH04,25.0,1,273.4351612903226
2024-08-01,SKU0041,WH05,22.0,1,273.4351612903226
2024-08-01,SKU0042,WH01,620.0,5,331.6354838709678
2024-08-01,SKU0042,WH02,602.0,5,331.6354838709678
2024-08-01,SKU0042,WH03,632.0,5,331.6354838709678
2024-08-01,SKU0042,WH04,631.0,5,331.6354838709678
2024-08-01,SKU0042,WH05,616.0,5,331.6354838709678
2024-08-01,SKU0043,WH01,50.0,2,178.79612903225808
2024-08-01,SKU0043,WH02,65.0,2,178.79612903225808
2024-08-01,SKU0043,WH03,45.0,2,178.79612903225808
2024-08-01,SKU0043,WH04,65.0,2,178.79612903225808
2024-08-01,SKU0043,WH05,64.0,2,178.79612903225808
2024-08-01,SKU0044,WH01,88.0,3,58.36
2024-08-01,SKU0044,WH02,90.0,3,58.36
2024-08-01,SKU0044,WH03,81.0,3,58.36
2024-08-01,SKU0044,WH04,74.0,3,58.36
2024-08-01,SKU0044,WH05,77.0,3,58.36
2024-08-01,SKU0045,WH01,1122.0,1,14.692580645161291
2024-08-01,SKU0045,WH02,1246.0,1,14.692580645161291
2024-08-01,SKU0045,WH03,1210.0,1,14.692580645161291
2024-08-01,SKU0045,WH04,1213.0,1,14.692580645161291
2024-08-01,SKU0045,WH05,1221.0,1,14.692580645161291
2024-08-01,SKU0046,WH01,1217.0,2,87.22774193548386
2024-08-01,SKU0046,WH02,1149.0,2,87.22774193548386
2024-08-01,SKU0046,WH03,1186.0,2,87.22774193548386
2024-08-01,SKU0046,WH04,1238.0,2,87.22774193548386
2024-08-01,SKU0046,WH05,1216.0,2,87.22774193548386
2024-08-01,SKU0047,WH01,72.0,1,54.55483870967742
2024-08-01,SKU0047,WH02,72.0,1,54.55483870967742
2024-08-01,SKU0047,WH03,66.0,1,54.55483870967742
2024-08-01,SKU0047,WH04,59.0,1,54.55483870967742
2024-08-01,SKU0047,WH05,82.0,1,54.55483870967742
2024-08-01,SKU0048,WH01,19.0,4,236.5225806451613
2024-08-01,SKU0048,WH02,16.0,4,236.5225806451613
2024-08-01,SKU0048,WH03,11.0,4,236.5225806451613
2024-08-01,SKU0048,WH04,15.0,4,236.5225806451613
2024-08-01,SKU0048,WH05,15.0,4,236.5225806451613
2024-08-01,SKU0049,WH01,257.0,1,51.33709677419354
2024-08-01,SKU0049,WH02,256.0,1,51.33709677419354
2024-08-01,SKU0049,WH03,269.0,1,51.33709677419354
2024-08-01,SKU0049,WH04,245.0,1,51.33709677419354
2024-08-01,SKU0049,WH05,237.0,1,51.33709677419354
2024-08-01,SKU0050,WH01,475.0,3,180.0935483870968
2024-08-01,SKU0050,WH02,503.0,3,180.0935483870968
2024-08-01,SKU0050,WH03,507.0,3,180.0935483870968
2024-08-01,SKU0050,WH04,471.0,3,180.0935483870968
2024-08-01,SKU0050,WH05,516.0,3,180.0935483870968
2024-08-01,SKU0051,WH01,19.0,2,243.271935483871
2024-08-01,SKU0051,WH02,17.0,2,243.271935483871
2024-08-01,SKU0051,WH03,23.0,2,243.271935483871
2024-08-01,SKU0051,WH04,21.0,2,243.271935483871
2024-08-01,SKU0051,WH05,24.0,2,243.271935483871
2024-08-01,SKU0052,WH01,747.0,4,205.23612903225808
2024-08-01,SKU0052,WH02,752.0,4,205.23612903225808
2024-08-01,SKU0052,WH03,662.0,4,205.23612903225808
2024-08-01,SKU0052,WH04,711.0,4,205.23612903225808
2024-08-01,SKU0052,WH05,666.0,4,205.23612903225808
2024-08-01,SKU0053,WH01,61.0,2,77.54290322580646
2024-08-01,SKU0053,WH02,68.0,2,77.54290322580646
2024-08-01,SKU0053,WH03,79.0,2,77.54290322580646
2024-08-01,SKU0053,WH04,75.0,2,77.54290322580646
2024-08-01,SKU0053,WH05,86.0,2,77.54290322580646
2024-08-01,SKU0054,WH01,345.0,1,282.02870967741933
2024-08-01,SKU0054,WH02,374.0,1,282.02870967741933
2024-08-01,SKU0054,WH03,398.0,1,282.02870967741933
2024-08-01,SKU0054,WH04,377.0,1,282.02870967741933
2024-08-01,SKU0054,WH05,371.0,1,282.02870967741933
2024-08-01,SKU0055,WH01,595.0,3,249.56354838709677
2024-08-01,SKU0055,WH02,573.0,3,249.56354838709677
2024-08-01,SKU0055,WH03,583.0,3,249.56354838709677
2024-08-01,SKU0055,WH04,570.0,3,249.56354838709677
2024-08-01,SKU0055,WH05,566.0,3,249.56354838709677
2024-08-01,SKU0056,WH01,18.0,1,259.9858064516129
2024-08-01,SKU0056,WH02,19.0,1,259.9858064516129
2024-08-01,SKU0056,WH03,18.0,1,259.9858064516129
2024-08-01,SKU0056,WH04,19.0,1,259.9858064516129
2024-08-01,SKU0056,WH05,24.0,1,259.9858064516129
2024-08-01,SKU0057,WH01,166.0,3,54.207741935483874
2024-08-01,SKU0057,WH02,189.0,3,54.207741935483874
2024-08-01,SKU0057,WH03,181.0,3,54.207741935483874
2024-08-01,SKU0057,WH04,175.0,3,54.207741935483874
2024-08-01,SKU0057,WH05,163.0,3,54.207741935483874
2024-08-01,SKU0058,WH01,810.0,0,52.080000000000005
2024-08-01,SKU0058,WH02,770.0,0,52.080000000000005
2024-08-01,SKU0058,WH03,751.0,0,52.080000000000005
2024-08-01,SKU0058,WH04,816.0,0,52.080000000000005
2024-08-01,SKU0058,WH05,828.0,0,52.080000000000005
2024-08-01,SKU0059,WH01,625.0,4,322.2209677419355
2024-08-01,SKU0059,WH02,615.0,4,322.2209677419355
2024-08-01,SKU0059,WH03,618.0,4,322.2209677419355
2024-08-01,SKU0059,WH04,609.0,4,322.2209677419355
2024-08-01,SKU0059,WH05,600.0,4,322.2209677419355
2024-08-01,SKU0060,WH01,285.0,4,143.30645161290323
2024-08-01,SKU0060,WH02,295.0,4,143.30645161290323
2024-08-01,SKU0060,WH03,260.0,4,143.30645161290323
2024-08-01,SKU0060,WH04,305.0,4,143.30645161290323
2024-08-01,SKU0060,WH05,276.0,4,143.30645161290323
2024-08-01,SKU0061,WH01,488.0,3,110.87096774193549
2024-08-01,SKU0061,WH02,413.0,3,110.87096774193549
2024-08-01,SKU0061,WH03,463.0,3,110.87096774193549
2024-08-01,SKU0061,WH04,386.0,3,110.87096774193549
2024-08-01,SKU0061,WH05,472.0,3,110.87096774193549
2024-08-01,SKU0062,WH01,996.0,4,174.41516129032257
2024-08-01,SKU0062,WH02,955.0,4,174.41516129032257
2024-08-01,SKU0062,WH03,967.0,4,174.41516129032257
2024-08-01,SKU0062,WH04,994.0,4,174.41516129032257
2024-08-01,SKU0062,WH05,990.0,4,174.41516129032257
2024-08-01,SKU0063,WH01,335.0,5,231.19419354838712
2024-08-01,SKU0063,WH02,322.0,5,231.19419354838712
2024-08-01,SKU0063,WH03,350.0,5,231.19419354838712
2024-08-01,SKU0063,WH04,349.0,5,231.19419354838712
2024-08-01,SKU0063,WH05,335.0,5,231.19419354838712
2024-08-01,SKU0064,WH01,246.0,5,331.12838709677425
2024-08-01,SKU0064,WH02,224.0,5,331.12838709677425
2024-08-01,SKU0064,WH03,219.0,5,331.12838709677425
2024-08-01,SKU0064,WH04,239.0,5,331.12838709677425
2024-08-01,SKU0064,WH05,228.0,5,331.12838709677425
2024-08-01,SKU0065,WH01,1191.0,3,106.52387096774194
2024-08-01,SKU0065,WH02,1214.0,3,106.52387096774194
2024-08-01,SKU0065,WH03,1248.0,3,106.52387096774194
2024-08-01,SKU0065,WH04,1108.0,3,106.52387096774194
2024-08-01,SKU0065,WH05,1210.0,3,106.52387096774194
2024-08-01,SKU0066,WH01,257.0,1,323.38354838709677
2024-08-01,SKU0066,WH02,227.0,1,323.38354838709677
2024-08-01,SKU0066,WH03,229.0,1,323.38354838709677
2024-08-01,SKU0066,WH04,246.0,1,323.38354838709677
2024-08-01,SKU0066,WH05,218.0,1,323.38354838709677
2024-08-01,SKU0067,WH01,1096.0,4,18.15258064516129
2024-08-01,SKU0067,WH02,1044.0,4,18.15258064516129
2024-08-01,SKU0067,WH03,1020.0,4,18.15258064516129
2024-08-01,SKU0067,WH04,1175.0,4,18.15258064516129
2024-08-01,SKU0067,WH05,1082.0,4,18.15258064516129
2024-08-01,SKU0068,WH01,54.0,5,194.92225806451614
2024-08-01,SKU0068,WH02,43.0,5,194.92225806451614
2024-08-01,SKU0068,WH03,43.0,5,194.92225806451614
2024-08-01,SKU0068,WH04,51.0,5,194.92225806451614
2024-08-01,SKU0068,WH05,36.0,5,194.92225806451614
2024-08-01,SKU0069,WH01,426.0,2,224.0951612903226
2024-08-01,SKU0069,WH02,454.0,2,224.0951612903226
2024-08-01,SKU0069,WH03,421.0,2,224.0951612903226
2024-08-01,SKU0069,WH04,432.0,2,224.0951612903226
2024-08-01,SKU0069,WH05,392.0,2,224.0951612903226
2024-08-01,SKU0070,WH01,414.0,2,45.63903225806452
2024-08-01,SKU0070,WH02,398.0,2,45.63903225806452
2024-08-01,SKU0070,WH03,376.0,2,45.63903225806452
2024-08-01,SKU0070,WH04,383.0,2,45.63903225806452
2024-08-01,SKU0070,WH05,342.0,2,45.63903225806452
2024-08-01,SKU0071,WH01,324.0,2,57.44064516129033
2024-08-01,SKU0071,WH02,367.0,2,57.44064516129033
2024-08-01,SKU0071,WH03,322.0,2,57.44064516129033
2024-08-01,SKU0071,WH04,345.0,2,57.44064516129033
2024-08-01,SKU0071,WH05,320.0,2,57.44064516129033
2024-08-01,SKU0072,WH01,229.0,2,151.51612903225808
2024-08-01,SKU0072,WH02,214.0,2,151.51612903225808
2024-08-01,SKU0072,WH03,244.0,2,151.51612903225808
2024-08-01,SKU0072,WH04,226.0,2,151.51612903225808
2024-08-01,SKU0072,WH05,223.0,2,151.51612903225808
2024-08-01,SKU0073,WH01,704.0,3,335.79
2024-08-01,SKU0073,WH02,705.0,3,335.79
2024-08-01,SKU0073,WH03,712.0,3,335.79
2024-08-01,SKU0073,WH04,688.0,3,335.79
2024-08-01,SKU0073,WH05,669.0,3,335.79
2024-08-01,SKU0074,WH01,499.0,0,212.65
2024-08-01,SKU0074,WH02,514.0,0,212.65
2024-08-01,SKU0074,WH03,535.0,0,212.65
2024-08-01,SKU0074,WH04,521.0,0,212.65
2024-08-01,SKU0074,WH05,507.0,0,212.65
2024-08-01,SKU0075,WH01,141.0,4,324.06354838709683
2024-08-01,SKU0075,WH02,113.0,4,324.06354838709683
2024-08-01,SKU0075,WH03,128.0,4,324.06354838709683
2024-08-01,SKU0075,WH04,126.0,4,324.06354838709683
2024-08-01,SKU0075,WH05,117.0,4,324.06354838709683
2024-08-01,SKU0076,WH01,394.0,2,280.27935483870965
2024-08-01,SKU0076,WH02,427.0,2,280.27935483870965
2024-08-01,SKU0076,WH03,380.0,2,280.27935483870965
2024-08-01,SKU0076,WH04,411.0,2,280.27935483870965
2024-08-01,SKU0076,WH05,398.0,2,280.27935483870965
2024-08-01,SKU0077,WH01,280.0,2,167.54774193548386
2024-08-01,SKU0077,WH02,283.0,2,167.54774193548386
2024-08-01,SKU0077,WH03,289.0,2,167.54774193548386
2024-08-01,SKU0077,WH04,287.0,2,167.54774193548386
2024-08-01,SKU0077,WH05,263.0,2,167.54774193548386
2024-08-01,SKU0078,WH01,250.0,2,274.14129032258063
2024-08-01,SKU0078,WH02,301.0,2,274.14129032258063
2024-08-01,SKU0078,WH03,259.0,2,274.14129032258063
2024-08-01,SKU0078,WH04,254.0,2,274.14129032258063
2024-08-01,SKU0078,WH05,271.0,2,274.14129032258063
2024-08-01,SKU0079,WH01,31.0,4,15.85258064516129
2024-08-01,SKU0079,WH02,40.0,4,15.85258064516129
2024-08-01,SKU0079,WH03,22.0,4,15.85258064516129
2024-08-01,SKU0079,WH04,31.0,4,15.85258064516129
2024-08-01,SKU0079,WH05,30.0,4,15.85258064516129
2024-08-01,SKU0080,WH01,405.0,3,46.73
2024-08-01,SKU0080,WH02,414.0,3,46.73
2024-08-01,SKU0080,WH03,398.0,3,46.73
2024-08-01,SKU0080,WH04,401.0,3,46.73
2024-08-01,SKU0080,WH05,430.0,3,46.73
2024-09-01,SKU0001,WH01,478.0,1,46.397000000000006
2024-09-01,SKU0001,WH02,517.0,1,46.397000000000006
2024-09-01,SKU0001,WH03,528.0,1,46.397000000000006
2024-09-01,SKU0001,WH04,478.0,1,46.397000000000006
2024-09-01,SKU0001,WH05,483.0,1,46.397000000000006
2024-09-01,SKU0002,WH01,107.0,2,318.7613333333333
2024-09-01,SKU0002,WH02,133.0,2,318.7613333333333
2024-09-01,SKU0002,WH03,123.0,2,318.7613333333333
2024-09-01,SKU0002,WH04,131.0,2,318.7613333333333
2024-09-01,SKU0002,WH05,115.0,2,318.7613333333333
2024-09-01,SKU0003,WH01,1066.0,1,88.123
2024-09-01,SKU0003,WH02,1132.0,1,88.123
2024-09-01,SKU0003,WH03,1083.0,1,88.123
2024-09-01,SKU0003,WH04,1055.0,1,88.123
2024-09-01,SKU0003,WH05,1111.0,1,88.123
2024-09-01,SKU0004,WH01,2070.0,3,22.56833333333333
2024-09-01,SKU0004,WH02,2022.0,3,22.56833333333333
2024-09-01,SKU0004,WH03,2059.0,3,22.56833333333333
2024-09-01,SKU0004,WH04,2228.0,3,22.56833333333333
2024-09-01,SKU0004,WH05,2144.0,3,22.56833333333333
2024-09-01,SKU0005,WH01,557.0,2,196.66333333333336
2024-09-01,SKU0005,WH02,536.0,2,196.66333333333336
2024-09-01,SKU0005,WH03,534.0,2,196.66333333333336
2024-09-01,SKU0005,WH04,508.0,2,196.66333333333336
2024-09-01,SKU0005,WH05,529.0,2,196.66333333333336
2024-09-01,SKU0006,WH01,21.0,2,135.20233333333334
2024-09-01,SKU0006,WH02,11.0,2,135.20233333333334
2024-09-01,SKU0006,WH03,17.0,2,135.20233333333334
2024-09-01,SKU0006,WH04,13.0,2,135.20233333333334
2024-09-01,SKU0006,WH05,16.0,2,135.20233333333334
2024-09-01,SKU0007,WH01,354.0,3,287.748
2024-09-01,SKU0007,WH02,393.0,3,287.748
2024-09-01,SKU0007,WH03,344.0,3,287.748
2024-09-01,SKU0007,WH04,367.0,3,287.748
2024-09-01,SKU0007,WH05,414.0,3,287.748
2024-09-01,SKU0008,WH01,747.0,3,281.48733333333337
2024-09-01,SKU0008,WH02,752.0,3,281.48733333333337
2024-09-01,SKU0008,WH03,768.0,3,281.48733333333337
2024-09-01,SKU0008,WH04,667.0,3,281.48733333333337
2024-09-01,SKU0008,WH05,726.0,3,281.48733333333337
2024-09-01,SKU0009,WH01,958.0,2,117.241
2024-09-01,SKU0009,WH02,910.0,2,117.241
2024-09-01,SKU0009,WH03,1013.0,2,117.241
2024-09-01,SKU0009,WH04,835.0,2,117.241
2024-09-01,SKU0009,WH05,910.0,2,117.241
2024-09-01,SKU0010,WH01,187.0,3,331.2066666666667
2024-09-01,SKU0010,WH02,183.0,3,331.2066666666667
2024-09-01,SKU0010,WH03,207.0,3,331.2066666666667
2024-09-01,SKU0010,WH04,190.0,3,331.2066666666667
2024-09-01,SKU0010,WH05,201.0,3,331.2066666666667
2024-09-01,SKU0011,WH01,530.0,3,107.821
2024-09-01,SKU0011,WH02,560.0,3,107.821
2024-09-01,SKU0011,WH03,577.0,3,107.821
2024-09-01,SKU0011,WH04,535.0,3,107.821
2024-09-01,SKU0011,WH05,581.0,3,107.821
2024-09-01,SKU0012,WH01,239.0,0,185.12
2024-09-01,SKU0012,WH02,262.0,0,185.12
2024-09-01,SKU0012,WH03,260.0,0,185.12
2024-09-01,SKU0012,WH04,224.0,0,185.12
2024-09-01,SKU0012,WH05,230.0,0,185.12
2024-09-01,SKU0013,WH01,210.0,6,94.76633333333334
2024-09-01,SKU0013,WH02,201.0,6,94.76633333333334
2024-09-01,SKU0013,WH03,159.0,6,94.76633333333334
2024-09-01,SKU0013,WH04,190.0,6,94.76633333333334
2024-09-01,SKU0013,WH05,190.0,6,94.76633333333334
2024-09-01,SKU0014,WH01,93.0,2,326.062
2024-09-01,SKU0014,WH02,79.0,2,326.062
2024-09-01,SKU0014,WH03,84.0,2,326.062
2024-09-01,SKU0014,WH04,90.0,2,326.062
2024-09-01,SKU0014,WH05,104.0,2,326.062
2024-09-01,SKU0015,WH01,86.0,2,65.31033333333333
2024-09-01,SKU0015,WH02,69.0,2,65.31033333333333
2024-09-01,SKU0015,WH03,75.0,2,65.31033333333333
2024-09-01,SKU0015,WH04,66.0,2,65.31033333333333
2024-09-01,SKU0015,WH05,82.0,2,65.31033333333333
2024-09-01,SKU0016,WH01,1562.0,4,24.806666666666665
2024-09-01,SKU0016,WH02,1580.0,4,24.806666666666665
2024-09-01,SKU0016,WH03,1626.0,4,24.806666666666665
2024-09-01,SKU0016,WH04,1643.0,4,24.806666666666665
2024-09-01,SKU0016,WH05,1619.0,4,24.806666666666665
2024-09-01,SKU0017,WH01,230.0,0,157.93
2024-09-01,SKU0017,WH02,200.0,0,157.93
2024-09-01,SKU0017,WH03,237.0,0,157.93
2024-09-01,SKU0017,WH04,207.0,0,157.93
2024-09-01,SKU0017,WH05,223.0,0,157.93
2024-09-01,SKU0018,WH01,519.0,1,345.673
2024-09-01,SKU0018,WH02,508.0,1,345.673
2024-09-01,SKU0018,WH03,542.0,1,345.673
2024-09-01,SKU0018,WH04,583.0,1,345.673
2024-09-01,SKU0018,WH05,583.0,1,345.673
2024-09-01,SKU0019,WH01,633.0,2,310.56000000000006
2024-09-01,SKU0019,WH02,681.0,2,310.56000000000006
2024-09-01,SKU0019,WH03,555.0,2,310.56000000000006
2024-09-01,SKU0019,WH04,585.0,2,310.56000000000006
2024-09-01,SKU0019,WH05,623.0,2,310.56000000000006
2024-09-01,SKU0020,WH01,355.0,2,261.88466666666665
2024-09-01,SKU0020,WH02,371.0,2,261.88466666666665
2024-09-01,SKU0020,WH03,382.0,2,261.88466666666665
2024-09-01,SKU0020,WH04,379.0,2,261.88466666666665
2024-09-01,SKU0020,WH05,401.0,2,261.88466666666665
2024-09-01,SKU0021,WH01,102.0,2,310.78433333333334
2024-09-01,SKU0021,WH02,86.0,2,310.78433333333334
2024-09-01,SKU0021,WH03,91.0,2,310.78433333333334
2024-09-01,SKU0021,WH04,94.0,2,310.78433333333334
2024-09-01,SKU0021,WH05,90.0,2,310.78433333333334
2024-09-01,SKU0022,WH01,127.0,3,309.58633333333336
2024-09-01,SKU0022,WH02,154.0,3,309.58633333333336
2024-09-01,SKU0022,WH03,178.0,3,309.58633333333336
2024-09-01,SKU0022,WH04,144.0,3,309.58633333333336
2024-09-01,SKU0022,WH05,130.0,3,309.58633333333336
2024-09-01,SKU0023,WH01,247.0,1,185.78866666666667
2024-09-01,SKU0023,WH02,210.0,1,185.78866666666667
2024-09-01,SKU0023,WH03,247.0,1,185.78866666666667
2024-09-01,SKU0023,WH04,222.0,1,185.78866666666667
2024-09-01,SKU0023,WH05,260.0,1,185.78866666666667
2024-09-01,SKU0024,WH01,602.0,2,116.44166666666666
2024-09-01,SKU0024,WH02,677.0,2,116.44166666666666
2024-09-01,SKU0024,WH03,620.0,2,116.44166666666666
2024-09-01,SKU0024,WH04,542.0,2,116.44166666666666
2024-09-01,SKU0024,WH05,630.0,2,116.44166666666666
2024-09-01,SKU0025,WH01,576.0,3,270.20933333333335
2024-09-01,SKU0025,WH02,551.0,3,270.20933333333335
2024-09-01,SKU0025,WH03,557.0,3,270.20933333333335
2024-09-01,SKU0025,WH04,581.0,3,270.20933333333335
2024-09-01,SKU0025,WH05,536.0,3,270.20933333333335
2024-09-01,SKU0026,WH01,1301.0,4,229.86933333333334
2024-09-01,SKU0026,WH02,1144.0,4,229.86933333333334
2024-09-01,SKU0026,WH03,1232.0,4,229.86933333333334
2024-09-01,SKU0026,WH04,1250.0,4,229.86933333333334
2024-09-01,SKU0026,WH05,1150.0,4,229.86933333333334
2024-09-01,SKU0027,WH01,405.0,2,136.12666666666667
2024-09-01,SKU0027,WH02,401.0,2,136.12666666666667
2024-09-01,SKU0027,WH03,441.0,2,136.12666666666667
2024-09-01,SKU0027,WH04,391.0,2,136.12666666666667
2024-09-01,SKU0027,WH05,395.0,2,136.12666666666667
2024-09-01,SKU0028,WH01,214.0,5,41.27766666666666
2024-09-01,SKU0028,WH02,201.0,5,41.27766666666666
2024-09-01,SKU0028,WH03,242.0,5,41.27766666666666
2024-09-01,SKU0028,WH04,217.0,5,41.27766666666666
2024-09-01,SKU0028,WH05,206.0,5,41.27766666666666
2024-09-01,SKU0029,WH01,238.0,1,263.0303333333334
2024-09-01,SKU0029,WH02,239.0,1,263.0303333333334
2024-09-01,SKU0029,WH03,238.0,1,263.0303333333334
2024-09-01,SKU0029,WH04,250.0,1,263.0303333333334
2024-09-01,SKU0029,WH05,243.0,1,263.0303333333334
2024-09-01,SKU0030,WH01,466.0,4,97.75166666666665
2024-09-01,SKU0030,WH02,490.0,4,97.75166666666665
2024-09-01,SKU0030,WH03,430.0,4,97.75166666666665
2024-09-01,SKU0030,WH04,452.0,4,97.75166666666665
2024-09-01,SKU0030,WH05,478.0,4,97.75166666666665
2024-09-01,SKU0031,WH01,257.0,2,326.33
2024-09-01,SKU0031,WH02,233.0,2,326.33
2024-09-01,SKU0031,WH03,200.0,2,326.33
2024-09-01,SKU0031,WH04,242.0,2,326.33
2024-09-01,SKU0031,WH05,257.0,2,326.33
2024-09-01,SKU0032,WH01,247.0,3,90.39766666666668
2024-09-01,SKU0032,WH02,246.0,3,90.39766666666668
2024-09-01,SKU0032,WH03,229.0,3,90.39766666666668
2024-09-01,SKU0032,WH04,246.0,3,90.39766666666668
2024-09-01,SKU0032,WH05,282.0,3,90.39766666666668
2024-09-01,SKU0033,WH01,104.0,3,51.050333333333334
2024-09-01,SKU0033,WH02,109.0,3,51.050333333333334
2024-09-01,SKU0033,WH03,94.0,3,51.050333333333334
2024-09-01,SKU0033,WH04,109.0,3,51.050333333333334
2024-09-01,SKU0033,WH05,117.0,3,51.050333333333334
2024-09-01,SKU0034,WH01,133.0,3,288.191
2024-09-01,SKU0034,WH02,130.0,3,288.191
2024-09-01,SKU0034,WH03,158.0,3,288.191
2024-09-01,SKU0034,WH04,146.0,3,288.191
2024-09-01,SKU0034,WH05,142.0,3,288.191
2024-09-01,SKU0035,WH01,129.0,1,61.913
2024-09-01,SKU0035,WH02,98.0,1,61.913
2024-09-01,SKU0035,WH03,123.0,1,61.913
2024-09-01,SKU0035,WH04,117.0,1,61.913
2024-09-01,SKU0035,WH05,115.0,1,61.913
2024-09-01,SKU0036,WH01,122.0,4,69.64933333333333
2024-09-01,SKU0036,WH02,152.0,4,69.64933333333333
2024-09-01,SKU0036,WH03,149.0,4,69.64933333333333
2024-09-01,SKU0036,WH04,156.0,4,69.64933333333333
2024-09-01,SKU0036,WH05,133.0,4,69.64933333333333
2024-09-01,SKU0037,WH01,16.0,2,212.36466666666666
2024-09-01,SKU0037,WH02,19.0,2,212.36466666666666
2024-09-01,SKU0037,WH03,13.0,2,212.36466666666666
2024-09-01,SKU0037,WH04,15.0,2,212.36466666666666
2024-09-01,SKU0037,WH05,10.0,2,212.36466666666666
2024-09-01,SKU0038,WH01,413.0,1,306.3256666666667
2024-09-01,SKU0038,WH02,379.0,1,306.3256666666667
2024-09-01,SKU0038,WH03,408.0,1,306.3256666666667
2024-09-01,SKU0038,WH04,408.0,1,306.3256666666667
2024-09-01,SKU0038,WH05,406.0,1,306.3256666666667
2024-09-01,SKU0039,WH01,182.0,2,76.406
2024-09-01,SKU0039,WH02,206.0,2,76.406
2024-09-01,SKU0039,WH03,179.0,2,76.406
2024-09-01,SKU0039,WH04,209.0,2,76.406
2024-09-01,SKU0039,WH05,177.0,2,76.406
2024-09-01,SKU0040,WH01,137.0,2,114.54733333333334
2024-09-01,SKU0040,WH02,145.0,2,114.54733333333334
2024-09-01,SKU0040,WH03,150.0,2,114.54733333333334
2024-09-01,SKU0040,WH04,155.0,2,114.54733333333334
2024-09-01,SKU0040,WH05,149.0,2,114.54733333333334
2024-09-01,SKU0041,WH01,23.0,3,270.6623333333333
2024-09-01,SKU0041,WH02,26.0,3,270.6623333333333
2024-09-01,SKU0041,WH03,16.0,3,270.6623333333333
2024-09-01,SKU0041,WH04,27.0,3,270.6623333333333
2024-09-01,SKU0041,WH05,26.0,3,270.6623333333333
2024-09-01,SKU0042,WH01,494.0,2,337.01599999999996
2024-09-01,SKU0042,WH02,520.0,2,337.01599999999996
2024-09-01,SKU0042,WH03,554.0,2,337.01599999999996
2024-09-01,SKU0042,WH04,532.0,2,337.01599999999996
2024-09-01,SKU0042,WH05,468.0,2,337.01599999999996
2024-09-01,SKU0043,WH01,65.0,2,178.44733333333335
2024-09-01,SKU0043,WH02,42.0,2,178.44733333333335
2024-09-01,SKU0043,WH03,56.0,2,178.44733333333335
2024-09-01,SKU0043,WH04,59.0,2,178.44733333333335
2024-09-01,SKU0043,WH05,50.0,2,178.44733333333335
2024-09-01,SKU0044,WH01,79.0,2,58.63533333333333
2024-09-01,SKU0044,WH02,65.0,2,58.63533333333333
2024-09-01,SKU0044,WH03,66.0,2,58.63533333333333
2024-09-01,SKU0044,WH04,87.0,2,58.63533333333333
2024-09-01,SKU0044,WH05,78.0,2,58.63533333333333
2024-09-01,SKU0045,WH01,1137.0,5,14.494666666666667
2024-09-01,SKU0045,WH02,1175.0,5,14.494666666666667
2024-09-01,SKU0045,WH03,1181.0,5,14.494666666666667
2024-09-01,SKU0045,WH04,1180.0,5,14.494666666666667
2024-09-01,SKU0045,WH05,1235.0,5,14.494666666666667
2024-09-01,SKU0046,WH01,1182.0,7,85.43766666666667
2024-09-01,SKU0046,WH02,1189.0,7,85.43766666666667
2024-09-01,SKU0046,WH03,1349.0,7,85.43766666666667
2024-09-01,SKU0046,WH04,1253.0,7,85.43766666666667
2024-09-01,SKU0046,WH05,1223.0,7,85.43766666666667
2024-09-01,SKU0047,WH01,69.0,3,53.998000000000005
2024-09-01,SKU0047,WH02,72.0,3,53.998000000000005
2024-09-01,SKU0047,WH03,65.0,3,53.998000000000005
2024-09-01,SKU0047,WH04,74.0,3,53.998000000000005
2024-09-01,SKU0047,WH05,49.0,3,53.998000000000005
2024-09-01,SKU0048,WH01,11.0,5,235.99266666666665
2024-09-01,SKU0048,WH02,12.0,5,235.99266666666665
2024-09-01,SKU0048,WH03,15.0,5,235.99266666666665
2024-09-01,SKU0048,WH04,15.0,5,235.99266666666665
2024-09-01,SKU0048,WH05,11.0,5,235.99266666666665
2024-09-01,SKU0049,WH01,235.0,3,50.82033333333333
2024-09-01,SKU0049,WH02,268.0,3,50.82033333333333
2024-09-01,SKU0049,WH03,242.0,3,50.82033333333333
2024-09-01,SKU0049,WH04,280.0,3,50.82033333333333
2024-09-01,SKU0049,WH05,239.0,3,50.82033333333333
2024-09-01,SKU0050,WH01,446.0,1,181.23933333333335
2024-09-01,SKU0050,WH02,430.0,1,181.23933333333335
2024-09-01,SKU0050,WH03,418.0,1,181.23933333333335
2024-09-01,SKU0050,WH04,400.0,1,181.23933333333335
2024-09-01,SKU0050,WH05,426.0,1,181.23933333333335
2024-09-01,SKU0051,WH01,20.0,3,243.17933333333337
2024-09-01,SKU0051,WH02,19.0,3,243.17933333333337
2024-09-01,SKU0051,WH03,17.0,3,243.17933333333337
2024-09-01,SKU0051,WH04,12.0,3,243.17933333333337
2024-09-01,SKU0051,WH05,16.0,3,243.17933333333337
2024-09-01,SKU0052,WH01,670.0,2,204.812
2024-09-01,SKU0052,WH02,625.0,2,204.812
2024-09-01,SKU0052,WH03,661.0,2,204.812
2024-09-01,SKU0052,WH04,616.0,2,204.812
2024-09-01,SKU0052,WH05,656.0,2,204.812
2024-09-01,SKU0053,WH01,77.0,2,77.27066666666666
2024-09-01,SKU0053,WH02,62.0,2,77.27066666666666
2024-09-01,SKU0053,WH03,78.0,2,77.27066666666666
2024-09-01,SKU0053,WH04,94.0,2,77.27066666666666
2024-09-01,SKU0053,WH05,71.0,2,77.27066666666666
2024-09-01,SKU0054,WH01,351.0,2,281.0383333333333
2024-09-01,SKU0054,WH02,380.0,2,281.0383333333333
2024-09-01,SKU0054,WH03,374.0,2,281.0383333333333
2024-09-01,SKU0054,WH04,350.0,2,281.0383333333333
2024-09-01,SKU0054,WH05,359.0,2,281.0383333333333
2024-09-01,SKU0055,WH01,532.0,1,251.97366666666667
2024-09-01,SKU0055,WH02,432.0,1,251.97366666666667
2024-09-01,SKU0055,WH03,508.0,1,251.97366666666667
2024-09-01,SKU0055,WH04,479.0,1,251.97366666666667
2024-09-01,SKU0055,WH05,528.0,1,251.97366666666667
2024-09-01,SKU0056,WH01,23.0,3,257.331
2024-09-01,SKU0056,WH02,22.0,3,257.331
2024-09-01,SKU0056,WH03,19.0,3,257.331
2024-09-01,SKU0056,WH04,16.0,3,257.331
2024-09-01,SKU0056,WH05,10.0,3,257.331
2024-09-01,SKU0057,WH01,164.0,6,53.105000000000004
2024-09-01,SKU0057,WH02,164.0,6,53.105000000000004
2024-09-01,SKU0057,WH03,168.0,6,53.105000000000004
2024-09-01,SKU0057,WH04,145.0,6,53.105000000000004
2024-09-01,SKU0057,WH05,178.0,6,53.105000000000004
2024-09-01,SKU0058,WH01,784.0,3,51.38566666666667
2024-09-01,SKU0058,WH02,786.0,3,51.38566666666667
2024-09-01,SKU0058,WH03,723.0,3,51.38566666666667
2024-09-01,SKU0058,WH04,786.0,3,51.38566666666667
2024-09-01,SKU0058,WH05,724.0,3,51.38566666666667
2024-09-01,SKU0059,WH01,499.0,1,324.2853333333333
2024-09-01,SKU0059,WH02,556.0,1,324.2853333333333
2024-09-01,SKU0059,WH03,568.0,1,324.2853333333333
2024-09-01,SKU0059,WH04,556.0,1,324.2853333333333
2024-09-01,SKU0059,WH05,516.0,1,324.2853333333333
2024-09-01,SKU0060,WH01,258.0,1,144.696
2024-09-01,SKU0060,WH02,248.0,1,144.696
2024-09-01,SKU0060,WH03,248.0,1,144.696
2024-09-01,SKU0060,WH04,287.0,1,144.696
2024-09-01,SKU0060,WH05,253.0,1,144.696
2024-09-01,SKU0061,WH01,375.0,2,111.57133333333333
2024-09-01,SKU0061,WH02,372.0,2,111.57133333333333
2024-09-01,SKU0061,WH03,414.0,2,111.57133333333333
2024-09-01,SKU0061,WH04,402.0,2,111.57133333333333
2024-09-01,SKU0061,WH05,362.0,2,111.57133333333333
2024-09-01,SKU0062,WH01,990.0,5,173.478
2024-09-01,SKU0062,WH02,992.0,5,173.478
2024-09-01,SKU0062,WH03,917.0,5,173.478
2024-09-01,SKU0062,WH04,956.0,5,173.478
2024-09-01,SKU0062,WH05,960.0,5,173.478
2024-09-01,SKU0063,WH01,270.0,3,233.01600000000002
2024-09-01,SKU0063,WH02,279.0,3,233.01600000000002
2024-09-01,SKU0063,WH03,310.0,3,233.01600000000002
2024-09-01,SKU0063,WH04,289.0,3,233.01600000000002
2024-09-01,SKU0063,WH05,253.0,3,233.01600000000002
2024-09-01,SKU0064,WH01,218.0,2,332.119
2024-09-01,SKU0064,WH02,187.0,2,332.119
2024-09-01,SKU0064,WH03,202.0,2,332.119
2024-09-01,SKU0064,WH04,214.0,2,332.119
2024-09-01,SKU0064,WH05,199.0,2,332.119
2024-09-01,SKU0065,WH01,1071.0,4,106.137
2024-09-01,SKU0065,WH02,1153.0,4,106.137
2024-09-01,SKU0065,WH03,1099.0,4,106.137
2024-09-01,SKU0065,WH04,1133.0,4,106.137
2024-09-01,SKU0065,WH05,1102.0,4,106.137
2024-09-01,SKU0066,WH01,230.0,2,321.72666666666663
2024-09-01,SKU0066,WH02,220.0,2,321.72666666666663
2024-09-01,SKU0066,WH03,201.0,2,321.72666666666663
2024-09-01,SKU0066,WH04,260.0,2,321.72666666666663
2024-09-01,SKU0066,WH05,238.0,2,321.72666666666663
2024-09-01,SKU0067,WH01,1025.0,3,18.296666666666667
2024-09-01,SKU0067,WH02,922.0,3,18.296666666666667
2024-09-01,SKU0067,WH03,1004.0,3,18.296666666666667
2024-09-01,SKU0067,WH04,1008.0,3,18.296666666666667
2024-09-01,SKU0067,WH05,904.0,3,18.296666666666667
2024-09-01,SKU0068,WH01,28.0,4,196.782
2024-09-01,SKU0068,WH02,24.0,4,196.782
2024-09-01,SKU0068,WH03,37.0,4,196.782
2024-09-01,SKU0068,WH04,39.0,4,196.782
2024-09-01,SKU0068,WH05,46.0,4,196.782
2024-09-01,SKU0069,WH01,410.0,3,222.54300000000003
2024-09-01,SKU0069,WH02,429.0,3,222.54300000000003
2024-09-01,SKU0069,WH03,447.0,3,222.54300000000003
2024-09-01,SKU0069,WH04,403.0,3,222.54300000000003
2024-09-01,SKU0069,WH05,415.0,3,222.54300000000003
2024-09-01,SKU0070,WH01,357.0,2,45.626666666666665
2024-09-01,SKU0070,WH02,351.0,2,45.626666666666665
2024-09-01,SKU0070,WH03,357.0,2,45.626666666666665
2024-09-01,SKU0070,WH04,319.0,2,45.626666666666665
2024-09-01,SKU0070,WH05,342.0,2,45.626666666666665
2024-09-01,SKU0071,WH01,326.0,1,57.33533333333333
2024-09-01,SKU0071,WH02,324.0,1,57.33533333333333
2024-09-01,SKU0071,WH03,289.0,1,57.33533333333333
2024-09-01,SKU0071,WH04,283.0,1,57.33533333333333
2024-09-01,SKU0071,WH05,315.0,1,57.33533333333333
2024-09-01,SKU0072,WH01,196.0,2,151.22899999999998
2024-09-01,SKU0072,WH02,203.0,2,151.22899999999998
2024-09-01,SKU0072,WH03,177.0,2,151.22899999999998
2024-09-01,SKU0072,WH04,214.0,2,151.22899999999998
2024-09-01,SKU0072,WH05,203.0,2,151.22899999999998
2024-09-01,SKU0073,WH01,748.0,5,330.621
2024-09-01,SKU0073,WH02,709.0,5,330.621
2024-09-01,SKU0073,WH03,708.0,5,330.621
2024-09-01,SKU0073,WH04,652.0,5,330.621
2024-09-01,SKU0073,WH05,678.0,5,330.621
2024-09-01,SKU0074,WH01,463.0,1,211.94133333333332
2024-09-01,SKU0074,WH02,476.0,1,211.94133333333332
2024-09-01,SKU0074,WH03,511.0,1,211.94133333333332
2024-09-01,SKU0074,WH04,513.0,1,211.94133333333332
2024-09-01,SKU0074,WH05,447.0,1,211.94133333333332
2024-09-01,SKU0075,WH01,86.0,0,327.2300000000001
2024-09-01,SKU0075,WH02,99.0,0,327.2300000000001
2024-09-01,SKU0075,WH03,104.0,0,327.2300000000001
2024-09-01,SKU0075,WH04,117.0,0,327.2300000000001
2024-09-01,SKU0075,WH05,104.0,0,327.2300000000001
2024-09-01,SKU0076,WH01,349.0,1,281.59000000000003
2024-09-01,SKU0076,WH02,347.0,1,281.59000000000003
2024-09-01,SKU0076,WH03,354.0,1,281.59000000000003
2024-09-01,SKU0076,WH04,402.0,1,281.59000000000003
2024-09-01,SKU0076,WH05,366.0,1,281.59000000000003
2024-09-01,SKU0077,WH01,236.0,1,168.62833333333336
2024-09-01,SKU0077,WH02,197.0,1,168.62833333333336
2024-09-01,SKU0077,WH03,223.0,1,168.62833333333336
2024-09-01,SKU0077,WH04,249.0,1,168.62833333333336
2024-09-01,SKU0077,WH05,255.0,1,168.62833333333336
2024-09-01,SKU0078,WH01,232.0,2,275.436
2024-09-01,SKU0078,WH02,229.0,2,275.436
2024-09-01,SKU0078,WH03,241.0,2,275.436
2024-09-01,SKU0078,WH04,243.0,2,275.436
2024-09-01,SKU0078,WH05,187.0,2,275.436
2024-09-01,SKU0079,WH01,14.0,3,15.872333333333332
2024-09-01,SKU0079,WH02,25.0,3,15.872333333333332
2024-09-01,SKU0079,WH03,23.0,3,15.872333333333332
2024-09-01,SKU0079,WH04,27.0,3,15.872333333333332
2024-09-01,SKU0079,WH05,28.0,3,15.872333333333332
2024-09-01,SKU0080,WH01,335.0,1,46.95299999999999
2024-09-01,SKU0080,WH02,376.0,1,46.95299999999999
2024-09-01,SKU0080,WH03,334.0,1,46.95299999999999
2024-09-01,SKU0080,WH04,315.0,1,46.95299999999999
2024-09-01,SKU0080,WH05,404.0,1,46.95299999999999
2024-10-01,SKU0001,WH01,621.0,4,45.80258064516129
2024-10-01,SKU0001,WH02,592.0,4,45.80258064516129
2024-10-01,SKU0001,WH03,659.0,4,45.80258064516129
2024-10-01,SKU0001,WH04,612.0,4,45.80258064516129
2024-10-01,SKU0001,WH05,587.0,4,45.80258064516129
2024-10-01,SKU0002,WH01,149.0,3,317.2925806451613
2024-10-01,SKU0002,WH02,127.0,3,317.2925806451613
2024-10-01,SKU0002,WH03,133.0,3,317.2925806451613
2024-10-01,SKU0002,WH04,152.0,3,317.2925806451613
2024-10-01,SKU0002,WH05,152.0,3,317.2925806451613
2024-10-01,SKU0003,WH01,1317.0,2,87.27354838709678
2024-10-01,SKU0003,WH02,1376.0,2,87.27354838709678
2024-10-01,SKU0003,WH03,1398.0,2,87.27354838709678
2024-10-01,SKU0003,WH04,1364.0,2,87.27354838709678
2024-10-01,SKU0003,WH05,1352.0,2,87.27354838709678
2024-10-01,SKU0004,WH01,2586.0,5,22.28032258064516
2024-10-01,SKU0004,WH02,2503.0,5,22.28032258064516
2024-10-01,SKU0004,WH03,2618.0,5,22.28032258064516
2024-10-01,SKU0004,WH04,2602.0,5,22.28032258064516
2024-10-01,SKU0004,WH05,2429.0,5,22.28032258064516
2024-10-01,SKU0005,WH01,539.0,1,198.32967741935485
2024-10-01,SKU0005,WH02,579.0,1,198.32967741935485
2024-10-01,SKU0005,WH03,569.0,1,198.32967741935485
2024-10-01,SKU0005,WH04,565.0,1,198.32967741935485
2024-10-01,SKU0005,WH05,597.0,1,198.32967741935485
2024-10-01,SKU0006,WH01,24.0,2,135.01225806451615
2024-10-01,SKU0006,WH02,17.0,2,135.01225806451615
2024-10-01,SKU0006,WH03,27.0,2,135.01225806451615
2024-10-01,SKU0006,WH04,19.0,2,135.01225806451615
2024-10-01,SKU0006,WH05,28.0,2,135.01225806451615
2024-10-01,SKU0007,WH01,419.0,3,288.3603225806452
2024-10-01,SKU0007,WH02,396.0,3,288.3603225806452
2024-10-01,SKU0007,WH03,459.0,3,288.3603225806452
2024-10-01,SKU0007,WH04,431.0,3,288.3603225806452
2024-10-01,SKU0007,WH05,428.0,3,288.3603225806452
2024-10-01,SKU0008,WH01,898.0,5,278.83838709677417
2024-10-01,SKU0008,WH02,932.0,5,278.83838709677417
2024-10-01,SKU0008,WH03,897.0,5,278.83838709677417
2024-10-01,SKU0008,WH04,941.0,5,278.83838709677417
2024-10-01,SKU0008,WH05,933.0,5,278.83838709677417
2024-10-01,SKU0009,WH01,1112.0,1,117.06967741935483
2024-10-01,SKU0009,WH02,1063.0,1,117.06967741935483
2024-10-01,SKU0009,WH03,1054.0,1,117.06967741935483
2024-10-01,SKU0009,WH04,1046.0,1,117.06967741935483
2024-10-01,SKU0009,WH05,1002.0,1,117.06967741935483
2024-10-01,SKU0010,WH01,235.0,3,330.21903225806454
2024-10-01,SKU0010,WH02,227.0,3,330.21903225806454
2024-10-01,SKU0010,WH03,225.0,3,330.21903225806454
2024-10-01,SKU0010,WH04,222.0,3,330.21903225806454
2024-10-01,SKU0010,WH05,251.0,3,330.21903225806454
2024-10-01,SKU0011,WH01,610.0,3,108.03161290322582
2024-10-01,SKU0011,WH02,681.0,3,108.03161290322582
2024-10-01,SKU0011,WH03,636.0,3,108.03161290322582
2024-10-01,SKU0011,WH04,640.0,3,108.03161290322582
2024-10-01,SKU0011,WH05,622.0,3,108.03161290322582
2024-10-01,SKU0012,WH01,295.0,2,183.62709677419357
2024-10-01,SKU0012,WH02,301.0,2,183.62709677419357
2024-10-01,SKU0012,WH03,319.0,2,183.62709677419357
2024-10-01,SKU0012,WH04,249.0,2,183.62709677419357
2024-10-01,SKU0012,WH05,254.0,2,183.62709677419357
2024-10-01,SKU0013,WH01,198.0,3,95.93483870967744
2024-10-01,SKU0013,WH02,204.0,3,95.93483870967744
2024-10-01,SKU0013,WH03,215.0,3,95.93483870967744
2024-10-01,SKU0013,WH04,211.0,3,95.93483870967744
2024-10-01,SKU0013,WH05,219.0,3,95.93483870967744
2024-10-01,SKU0014,WH01,106.0,3,325.0735483870968
2024-10-01,SKU0014,WH02,127.0,3,325.0735483870968
2024-10-01,SKU0014,WH03,99.0,3,325.0735483870968
2024-10-01,SKU0014,WH04,111.0,3,325.0735483870968
2024-10-01,SKU0014,WH05,108.0,3,325.0735483870968
2024-10-01,SKU0015,WH01,75.0,2,65.65064516129033
2024-10-01,SKU0015,WH02,92.0,2,65.65064516129033
2024-10-01,SKU0015,WH03,79.0,2,65.65064516129033
2024-10-01,SKU0015,WH04,87.0,2,65.65064516129033
2024-10-01,SKU0015,WH05,92.0,2,65.65064516129033
2024-10-01,SKU0016,WH01,1599.0,0,25.27
2024-10-01,SKU0016,WH02,1600.0,0,25.27
2024-10-01,SKU0016,WH03,1686.0,0,25.27
2024-10-01,SKU0016,WH04,1523.0,0,25.27
2024-10-01,SKU0016,WH05,1701.0,0,25.27
2024-10-01,SKU0017,WH01,269.0,1,157.6751612903226
2024-10-01,SKU0017,WH02,259.0,1,157.6751612903226
2024-10-01,SKU0017,WH03,248.0,1,157.6751612903226
2024-10-01,SKU0017,WH04,280.0,1,157.6751612903226
2024-10-01,SKU0017,WH05,260.0,1,157.6751612903226
2024-10-01,SKU0018,WH01,638.0,5,341.2464516129033
2024-10-01,SKU0018,WH02,635.0,5,341.2464516129033
2024-10-01,SKU0018,WH03,614.0,5,341.2464516129033
2024-10-01,SKU0018,WH04,625.0,5,341.2464516129033
2024-10-01,SKU0018,WH05,624.0,5,341.2464516129033
2024-10-01,SKU0019,WH01,610.0,1,311.6545161290323
2024-10-01,SKU0019,WH02,728.0,1,311.6545161290323
2024-10-01,SKU0019,WH03,727.0,1,311.6545161290323
2024-10-01,SKU0019,WH04,727.0,1,311.6545161290323
2024-10-01,SKU0019,WH05,700.0,1,311.6545161290323
2024-10-01,SKU0020,WH01,444.0,3,261.54354838709673
2024-10-01,SKU0020,WH02,481.0,3,261.54354838709673
2024-10-01,SKU0020,WH03,405.0,3,261.54354838709673
2024-10-01,SKU0020,WH04,433.0,3,261.54354838709673
2024-10-01,SKU0020,WH05,430.0,3,261.54354838709673
2024-10-01,SKU0021,WH01,116.0,2,309.84225806451616
2024-10-01,SKU0021,WH02,137.0,2,309.84225806451616
2024-10-01,SKU0021,WH03,120.0,2,309.84225806451616
2024-10-01,SKU0021,WH04,125.0,2,309.84225806451616
2024-10-01,SKU0021,WH05,99.0,2,309.84225806451616
2024-10-01,SKU0022,WH01,188.0,5,308.2025806451613
2024-10-01,SKU0022,WH02,177.0,5,308.2025806451613
2024-10-01,SKU0022,WH03,180.0,5,308.2025806451613
2024-10-01,SKU0022,WH04,206.0,5,308.2025806451613
2024-10-01,SKU0022,WH05,159.0,5,308.2025806451613
2024-10-01,SKU0023,WH01,279.0,3,184.30548387096775
2024-10-01,SKU0023,WH02,287.0,3,184.30548387096775
2024-10-01,SKU0023,WH03,281.0,3,184.30548387096775
2024-10-01,SKU0023,WH04,285.0,3,184.30548387096775
2024-10-01,SKU0023,WH05,374.0,3,184.30548387096775
2024-10-01,SKU0024,WH01,696.0,0,117.42
2024-10-01,SKU0024,WH02,711.0,0,117.42
2024-10-01,SKU0024,WH03,725.0,0,117.42
2024-10-01,SKU0024,WH04,721.0,0,117.42
2024-10-01,SKU0024,WH05,711.0,0,117.42
2024-10-01,SKU0025,WH01,640.0,2,270.2825806451613
2024-10-01,SKU0025,WH02,703.0,2,270.2825806451613
2024-10-01,SKU0025,WH03,706.0,2,270.2825806451613
2024-10-01,SKU0025,WH04,658.0,2,270.2825806451613
2024-10-01,SKU0025,WH05,685.0,2,270.2825806451613
2024-10-01,SKU0026,WH01,1294.0,2,233.0651612903226
2024-10-01,SKU0026,WH02,1293.0,2,233.0651612903226
2024-10-01,SKU0026,WH03,1407.0,2,233.0651612903226
2024-10-01,SKU0026,WH04,1356.0,2,233.0651612903226
2024-10-01,SKU0026,WH05,1276.0,2,233.0651612903226
2024-10-01,SKU0027,WH01,512.0,4,134.82967741935482
2024-10-01,SKU0027,WH02,482.0,4,134.82967741935482
2024-10-01,SKU0027,WH03,492.0,4,134.82967741935482
2024-10-01,SKU0027,WH04,478.0,4,134.82967741935482
2024-10-01,SKU0027,WH05,477.0,4,134.82967741935482
2024-10-01,SKU0028,WH01,242.0,2,41.983870967741936
2024-10-01,SKU0028,WH02,242.0,2,41.983870967741936
2024-10-01,SKU0028,WH03,207.0,2,41.983870967741936
2024-10-01,SKU0028,WH04,207.0,2,41.983870967741936
2024-10-01,SKU0028,WH05,204.0,2,41.983870967741936
2024-10-01,SKU0029,WH01,312.0,5,258.801935483871
2024-10-01,SKU0029,WH02,328.0,5,258.801935483871
2024-10-01,SKU0029,WH03,310.0,5,258.801935483871
2024-10-01,SKU0029,WH04,323.0,5,258.801935483871
2024-10-01,SKU0029,WH05,317.0,5,258.801935483871
2024-10-01,SKU0030,WH01,547.0,4,97.4790322580645
2024-10-01,SKU0030,WH02,540.0,4,97.4790322580645
2024-10-01,SKU0030,WH03,502.0,4,97.4790322580645
2024-10-01,SKU0030,WH04,599.0,4,97.4790322580645
2024-10-01,SKU0030,WH05,564.0,4,97.4790322580645
2024-10-01,SKU0031,WH01,304.0,4,323.2212903225806
2024-10-01,SKU0031,WH02,338.0,4,323.2212903225806
2024-10-01,SKU0031,WH03,284.0,4,323.2212903225806
2024-10-01,SKU0031,WH04,297.0,4,323.2212903225806
2024-10-01,SKU0031,WH05,285.0,4,323.2212903225806
2024-10-01,SKU0032,WH01,310.0,3,91.18870967741937
2024-10-01,SKU0032,WH02,298.0,3,91.18870967741937
2024-10-01,SKU0032,WH03,323.0,3,91.18870967741937
2024-10-01,SKU0032,WH04,305.0,3,91.18870967741937
2024-10-01,SKU0032,WH05,299.0,3,91.18870967741937
2024-10-01,SKU0033,WH01,123.0,4,51.23935483870968
2024-10-01,SKU0033,WH02,128.0,4,51.23935483870968
2024-10-01,SKU0033,WH03,114.0,4,51.23935483870968
2024-10-01,SKU0033,WH04,125.0,4,51.23935483870968
2024-10-01,SKU0033,WH05,137.0,4,51.23935483870968
2024-10-01,SKU0034,WH01,166.0,2,290.22032258064513
2024-10-01,SKU0034,WH02,147.0,2,290.22032258064513
2024-10-01,SKU0034,WH03,138.0,2,290.22032258064513
2024-10-01,SKU0034,WH04,133.0,2,290.22032258064513
2024-10-01,SKU0034,WH05,160.0,2,290.22032258064513
2024-10-01,SKU0035,WH01,130.0,0,62.12
2024-10-01,SKU0035,WH02,135.0,0,62.12
2024-10-01,SKU0035,WH03,129.0,0,62.12
2024-10-01,SKU0035,WH04,134.0,0,62.12
2024-10-01,SKU0035,WH05,138.0,0,62.12
2024-10-01,SKU0036,WH01,140.0,1,70.72129032258064
2024-10-01,SKU0036,WH02,146.0,1,70.72129032258064
2024-10-01,SKU0036,WH03,178.0,1,70.72129032258064
2024-10-01,SKU0036,WH04,131.0,1,70.72129032258064
2024-10-01,SKU0036,WH05,169.0,1,70.72129032258064
2024-10-01,SKU0037,WH01,17.0,2,212.0658064516129
2024-10-01,SKU0037,WH02,24.0,2,212.0658064516129
2024-10-01,SKU0037,WH03,22.0,2,212.0658064516129
2024-10-01,SKU0037,WH04,12.0,2,212.0658064516129
2024-10-01,SKU0037,WH05,12.0,2,212.0658064516129
2024-10-01,SKU0038,WH01,483.0,1,306.35870967741937
2024-10-01,SKU0038,WH02,438.0,1,306.35870967741937
2024-10-01,SKU0038,WH03,447.0,1,306.35870967741937
2024-10-01,SKU0038,WH04,450.0,1,306.35870967741937
2024-10-01,SKU0038,WH05,485.0,1,306.35870967741937
2024-10-01,SKU0039,WH01,219.0,3,75.92290322580645
2024-10-01,SKU0039,WH02,285.0,3,75.92290322580645
2024-10-01,SKU0039,WH03,226.0,3,75.92290322580645
2024-10-01,SKU0039,WH04,245.0,3,75.92290322580645
2024-10-01,SKU0039,WH05,232.0,3,75.92290322580645
2024-10-01,SKU0040,WH01,172.0,5,113.6467741935484
2024-10-01,SKU0040,WH02,177.0,5,113.6467741935484
2024-10-01,SKU0040,WH03,193.0,5,113.6467741935484
2024-10-01,SKU0040,WH04,157.0,5,113.6467741935484
2024-10-01,SKU0040,WH05,174.0,5,113.6467741935484
2024-10-01,SKU0041,WH01,27.0,1,273.4351612903226
2024-10-01,SKU0041,WH02,19.0,1,273.4351612903226
2024-10-01,SKU0041,WH03,12.0,1,273.4351612903226
2024-10-01,SKU0041,WH04,22.0,1,273.4351612903226
2024-10-01,SKU0041,WH05,18.0,1,273.4351612903226
2024-10-01,SKU0042,WH01,646.0,2,337.67483870967743
2024-10-01,SKU0042,WH02,659.0,2,337.67483870967743
2024-10-01,SKU0042,WH03,618.0,2,337.67483870967743
2024-10-01,SKU0042,WH04,613.0,2,337.67483870967743
2024-10-01,SKU0042,WH05,548.0,2,337.67483870967743
2024-10-01,SKU0043,WH01,62.0,3,178.50548387096774
2024-10-01,SKU0043,WH02,64.0,3,178.50548387096774
2024-10-01,SKU0043,WH03,78.0,3,178.50548387096774
2024-10-01,SKU0043,WH04,54.0,3,178.50548387096774
2024-10-01,SKU0043,WH05,61.0,3,178.50548387096774
2024-10-01,SKU0044,WH01,78.0,4,58.074516129032254
2024-10-01,SKU0044,WH02,88.0,4,58.074516129032254
2024-10-01,SKU0044,WH03,86.0,4,58.074516129032254
2024-10-01,SKU0044,WH04,80.0,4,58.074516129032254
2024-10-01,SKU0044,WH05,84.0,4,58.074516129032254
2024-10-01,SKU0045,WH01,1266.0,1,14.692580645161291
2024-10-01,SKU0045,WH02,1199.0,1,14.692580645161291
2024-10-01,SKU0045,WH03,1304.0,1,14.692580645161291
2024-10-01,SKU0045,WH04,1303.0,1,14.692580645161291
2024-10-01,SKU0045,WH05,1353.0,1,14.692580645161291
2024-10-01,SKU0046,WH01,1326.0,5,86.51709677419355
2024-10-01,SKU0046,WH02,1363.0,5,86.51709677419355
2024-10-01,SKU0046,WH03,1370.0,5,86.51709677419355
2024-10-01,SKU0046,WH04,1380.0,5,86.51709677419355
2024-10-01,SKU0046,WH05,1372.0,5,86.51709677419355
2024-10-01,SKU0047,WH01,78.0,4,54.11290322580645
2024-10-01,SKU0047,WH02,104.0,4,54.11290322580645
2024-10-01,SKU0047,WH03,89.0,4,54.11290322580645
2024-10-01,SKU0047,WH04,84.0,4,54.11290322580645
2024-10-01,SKU0047,WH05,68.0,4,54.11290322580645
2024-10-01,SKU0048,WH01,15.0,3,238.07354838709676
2024-10-01,SKU0048,WH02,11.0,3,238.07354838709676
2024-10-01,SKU0048,WH03,11.0,3,238.07354838709676
2024-10-01,SKU0048,WH04,16.0,3,238.07354838709676
2024-10-01,SKU0048,WH05,12.0,3,238.07354838709676
2024-10-01,SKU0049,WH01,298.0,3,50.83967741935483
2024-10-01,SKU0049,WH02,315.0,3,50.83967741935483
2024-10-01,SKU0049,WH03,316.0,3,50.83967741935483
2024-10-01,SKU0049,WH04,312.0,3,50.83967741935483
2024-10-01,SKU0049,WH05,314.0,3,50.83967741935483
2024-10-01,SKU0050,WH01,509.0,2,180.68129032258065
2024-10-01,SKU0050,WH02,436.0,2,180.68129032258065
2024-10-01,SKU0050,WH03,502.0,2,180.68129032258065
2024-10-01,SKU0050,WH04,504.0,2,180.68129032258065
2024-10-01,SKU0050,WH05,537.0,2,180.68129032258065
2024-10-01,SKU0051,WH01,17.0,1,245.25645161290325
2024-10-01,SKU0051,WH02,26.0,1,245.25645161290325
2024-10-01,SKU0051,WH03,23.0,1,245.25645161290325
2024-10-01,SKU0051,WH04,16.0,1,245.25645161290325
2024-10-01,SKU0051,WH05,22.0,1,245.25645161290325
2024-10-01,SKU0052,WH01,798.0,3,204.90129032258065
2024-10-01,SKU0052,WH02,734.0,3,204.90129032258065
2024-10-01,SKU0052,WH03,774.0,3,204.90129032258065
2024-10-01,SKU0052,WH04,705.0,3,204.90129032258065
2024-10-01,SKU0052,WH05,735.0,3,204.90129032258065
2024-10-01,SKU0053,WH01,81.0,2,77.54290322580646
2024-10-01,SKU0053,WH02,75.0,2,77.54290322580646
2024-10-01,SKU0053,WH03,79.0,2,77.54290322580646
2024-10-01,SKU0053,WH04,82.0,2,77.54290322580646
2024-10-01,SKU0053,WH05,84.0,2,77.54290322580646
2024-10-01,SKU0054,WH01,439.0,1,282.48580645161286
2024-10-01,SKU0054,WH02,393.0,1,282.48580645161286
2024-10-01,SKU0054,WH03,400.0,1,282.48580645161286
2024-10-01,SKU0054,WH04,394.0,1,282.48580645161286
2024-10-01,SKU0054,WH05,386.0,1,282.48580645161286
2024-10-01,SKU0055,WH01,581.0,0,253.24
2024-10-01,SKU0055,WH02,601.0,0,253.24
2024-10-01,SKU0055,WH03,625.0,0,253.24
2024-10-01,SKU0055,WH04,597.0,0,253.24
2024-10-01,SKU0055,WH05,569.0,0,253.24
2024-10-01,SKU0056,WH01,18.0,1,259.56451612903226
2024-10-01,SKU0056,WH02,20.0,1,259.56451612903226
2024-10-01,SKU0056,WH03,16.0,1,259.56451612903226
2024-10-01,SKU0056,WH04,20.0,1,259.56451612903226
2024-10-01,SKU0056,WH05,16.0,1,259.56451612903226
2024-10-01,SKU0057,WH01,198.0,2,54.207741935483874
2024-10-01,SKU0057,WH02,184.0,2,54.207741935483874
2024-10-01,SKU0057,WH03,191.0,2,54.207741935483874
2024-10-01,SKU0057,WH04,190.0,2,54.207741935483874
2024-10-01,SKU0057,WH05,180.0,2,54.207741935483874
2024-10-01,SKU0058,WH01,940.0,5,50.73580645161291
2024-10-01,SKU0058,WH02,975.0,5,50.73580645161291
2024-10-01,SKU0058,WH03,957.0,5,50.73580645161291
2024-10-01,SKU0058,WH04,951.0,5,50.73580645161291
2024-10-01,SKU0058,WH05,1046.0,5,50.73580645161291
2024-10-01,SKU0059,WH01,734.0,3,321.6964516129032
2024-10-01,SKU0059,WH02,719.0,3,321.6964516129032
2024-10-01,SKU0059,WH03,711.0,3,321.6964516129032
2024-10-01,SKU0059,WH04,653.0,3,321.6964516129032
2024-10-01,SKU0059,WH05,710.0,3,321.6964516129032
2024-10-01,SKU0060,WH01,339.0,7,140.96451612903226
2024-10-01,SKU0060,WH02,332.0,7,140.96451612903226
2024-10-01,SKU0060,WH03,289.0,7,140.96451612903226
2024-10-01,SKU0060,WH04,350.0,7,140.96451612903226
2024-10-01,SKU0060,WH05,337.0,7,140.96451612903226
2024-10-01,SKU0061,WH01,488.0,1,111.95774193548385
2024-10-01,SKU0061,WH02,442.0,1,111.95774193548385
2024-10-01,SKU0061,WH03,445.0,1,111.95774193548385
2024-10-01,SKU0061,WH04,430.0,1,111.95774193548385
2024-10-01,SKU0061,WH05,468.0,1,111.95774193548385
2024-10-01,SKU0062,WH01,1150.0,5,173.27903225806455
2024-10-01,SKU0062,WH02,1058.0,5,173.27903225806455
2024-10-01,SKU0062,WH03,1056.0,5,173.27903225806455
2024-10-01,SKU0062,WH04,1160.0,5,173.27903225806455
2024-10-01,SKU0062,WH05,1137.0,5,173.27903225806455
2024-10-01,SKU0063,WH01,344.0,1,234.61064516129034
2024-10-01,SKU0063,WH02,329.0,1,234.61064516129034
2024-10-01,SKU0063,WH03,339.0,1,234.61064516129034
2024-10-01,SKU0063,WH04,317.0,1,234.61064516129034
2024-10-01,SKU0063,WH05,342.0,1,234.61064516129034
2024-10-01,SKU0064,WH01,227.0,4,331.12838709677425
2024-10-01,SKU0064,WH02,197.0,4,331.12838709677425
2024-10-01,SKU0064,WH03,226.0,4,331.12838709677425
2024-10-01,SKU0064,WH04,225.0,4,331.12838709677425
2024-10-01,SKU0064,WH05,242.0,4,331.12838709677425
2024-10-01,SKU0065,WH01,1269.0,3,106.52387096774194
2024-10-01,SKU0065,WH02,1263.0,3,106.52387096774194
2024-10-01,SKU0065,WH03,1291.0,3,106.52387096774194
2024-10-01,SKU0065,WH04,1360.0,3,106.52387096774194
2024-10-01,SKU0065,WH05,1195.0,3,106.52387096774194
2024-10-01,SKU0066,WH01,290.0,3,320.76741935483875
2024-10-01,SKU0066,WH02,303.0,3,320.76741935483875
2024-10-01,SKU0066,WH03,255.0,3,320.76741935483875
2024-10-01,SKU0066,WH04,266.0,3,320.76741935483875
2024-10-01,SKU0066,WH05,289.0,3,320.76741935483875
2024-10-01,SKU0067,WH01,1140.0,3,18.301612903225806
2024-10-01,SKU0067,WH02,1146.0,3,18.301612903225806
2024-10-01,SKU0067,WH03,1263.0,3,18.301612903225806
2024-10-01,SKU0067,WH04,1101.0,3,18.301612903225806
2024-10-01,SKU0067,WH05,1067.0,3,18.301612903225806
2024-10-01,SKU0068,WH01,40.0,2,197.48741935483872
2024-10-01,SKU0068,WH02,51.0,2,197.48741935483872
2024-10-01,SKU0068,WH03,52.0,2,197.48741935483872
2024-10-01,SKU0068,WH04,42.0,2,197.48741935483872
2024-10-01,SKU0068,WH05,41.0,2,197.48741935483872
2024-10-01,SKU0069,WH01,447.0,1,224.4587096774194
2024-10-01,SKU0069,WH02,492.0,1,224.4587096774194
2024-10-01,SKU0069,WH03,482.0,1,224.4587096774194
2024-10-01,SKU0069,WH04,478.0,1,224.4587096774194
2024-10-01,SKU0069,WH05,464.0,1,224.4587096774194
2024-10-01,SKU0070,WH01,395.0,4,45.26806451612903
2024-10-01,SKU0070,WH02,426.0,4,45.26806451612903
2024-10-01,SKU0070,WH03,430.0,4,45.26806451612903
2024-10-01,SKU0070,WH04,414.0,4,45.26806451612903
2024-10-01,SKU0070,WH05,410.0,4,45.26806451612903
2024-10-01,SKU0071,WH01,360.0,2,57.53354838709677
2024-10-01,SKU0071,WH02,410.0,2,57.53354838709677
2024-10-01,SKU0071,WH03,333.0,2,57.53354838709677
2024-10-01,SKU0071,WH04,354.0,2,57.53354838709677
2024-10-01,SKU0071,WH05,376.0,2,57.53354838709677
2024-10-01,SKU0072,WH01,224.0,2,151.76225806451615
2024-10-01,SKU0072,WH02,224.0,2,151.76225806451615
2024-10-01,SKU0072,WH03,232.0,2,151.76225806451615
2024-10-01,SKU0072,WH04,248.0,2,151.76225806451615
2024-10-01,SKU0072,WH05,244.0,2,151.76225806451615
2024-10-01,SKU0073,WH01,690.0,1,337.9738709677419
2024-10-01,SKU0073,WH02,676.0,1,337.9738709677419
2024-10-01,SKU0073,WH03,744.0,1,337.9738709677419
2024-10-01,SKU0073,WH04,721.0,1,337.9738709677419
2024-10-01,SKU0073,WH05,678.0,1,337.9738709677419
2024-10-01,SKU0074,WH01,568.0,2,210.93516129032258
2024-10-01,SKU0074,WH02,606.0,2,210.93516129032258
2024-10-01,SKU0074,WH03,578.0,2,210.93516129032258
2024-10-01,SKU0074,WH04,540.0,2,210.93516129032258
2024-10-01,SKU0074,WH05,519.0,2,210.93516129032258
2024-10-01,SKU0075,WH01,138.0,5,322.4803225806452
2024-10-01,SKU0075,WH02,144.0,5,322.4803225806452
2024-10-01,SKU0075,WH03,144.0,5,322.4803225806452
2024-10-01,SKU0075,WH04,133.0,5,322.4803225806452
2024-10-01,SKU0075,WH05,114.0,5,322.4803225806452
2024-10-01,SKU0076,WH01,390.0,0,283.48
2024-10-01,SKU0076,WH02,451.0,0,283.48
2024-10-01,SKU0076,WH03,379.0,0,283.48
2024-10-01,SKU0076,WH04,453.0,0,283.48
2024-10-01,SKU0076,WH05,466.0,0,283.48
2024-10-01,SKU0077,WH01,309.0,3,166.7306451612903
2024-10-01,SKU0077,WH02,303.0,3,166.7306451612903
2024-10-01,SKU0077,WH03,292.0,3,166.7306451612903
2024-10-01,SKU0077,WH04,294.0,3,166.7306451612903
2024-10-01,SKU0077,WH05,344.0,3,166.7306451612903
2024-10-01,SKU0078,WH01,244.0,1,275.03419354838707
2024-10-01,SKU0078,WH02,289.0,1,275.03419354838707
2024-10-01,SKU0078,WH03,266.0,1,275.03419354838707
2024-10-01,SKU0078,WH04,279.0,1,275.03419354838707
2024-10-01,SKU0078,WH05,242.0,1,275.03419354838707
2024-10-01,SKU0079,WH01,36.0,3,15.878387096774192
2024-10-01,SKU0079,WH02,35.0,3,15.878387096774192
2024-10-01,SKU0079,WH03,35.0,3,15.878387096774192
2024-10-01,SKU0079,WH04,25.0,3,15.878387096774192
2024-10-01,SKU0079,WH05,34.0,3,15.878387096774192
2024-10-01,SKU0080,WH01,455.0,2,46.65419354838709
2024-10-01,SKU0080,WH02,449.0,2,46.65419354838709
2024-10-01,SKU0080,WH03,458.0,2,46.65419354838709
2024-10-01,SKU0080,WH04,439.0,2,46.65419354838709
2024-10-01,SKU0080,WH05,420.0,2,46.65419354838709
2024-11-01,SKU0001,WH01,597.0,2,46.397000000000006
2024-11-01,SKU0001,WH02,588.0,2,46.397000000000006
2024-11-01,SKU0001,WH03,568.0,2,46.397000000000006
2024-11-01,SKU0001,WH04,613.0,2,46.397000000000006
2024-11-01,SKU0001,WH05,565.0,2,46.397000000000006
2024-11-01,SKU0002,WH01,167.0,5,314.47566666666665
2024-11-01,SKU0002,WH02,164.0,5,314.47566666666665
2024-11-01,SKU0002,WH03,158.0,5,314.47566666666665
2024-11-01,SKU0002,WH04,156.0,5,314.47566666666665
2024-11-01,SKU0002,WH05,153.0,5,314.47566666666665
2024-11-01,SKU0003,WH01,1421.0,3,86.79899999999999
2024-11-01,SKU0003,WH02,1445.0,3,86.79899999999999
2024-11-01,SKU0003,WH03,1428.0,3,86.79899999999999
2024-11-01,SKU0003,WH04,1389.0,3,86.79899999999999
2024-11-01,SKU0003,WH05,1400.0,3,86.79899999999999
2024-11-01,SKU0004,WH01,2541.0,4,22.455
2024-11-01,SKU0004,WH02,2721.0,4,22.455
2024-11-01,SKU0004,WH03,2493.0,4,22.455
2024-11-01,SKU0004,WH04,2639.0,4,22.455
2024-11-01,SKU0004,WH05,2704.0,4,22.455
2024-11-01,SKU0005,WH01,696.0,6,194.01433333333335
2024-11-01,SKU0005,WH02,668.0,6,194.01433333333335
2024-11-01,SKU0005,WH03,661.0,6,194.01433333333335
2024-11-01,SKU0005,WH04,694.0,6,194.01433333333335
2024-11-01,SKU0005,WH05,689.0,6,194.01433333333335
2024-11-01,SKU0006,WH01,18.0,1,135.65633333333335
2024-11-01,SKU0006,WH02,18.0,1,135.65633333333335
2024-11-01,SKU0006,WH03,21.0,1,135.65633333333335
2024-11-01,SKU0006,WH04,19.0,1,135.65633333333335
2024-11-01,SKU0006,WH05,15.0,1,135.65633333333335
2024-11-01,SKU0007,WH01,455.0,4,286.77433333333335
2024-11-01,SKU0007,WH02,407.0,4,286.77433333333335
2024-11-01,SKU0007,WH03,429.0,4,286.77433333333335
2024-11-01,SKU0007,WH04,471.0,4,286.77433333333335
2024-11-01,SKU0007,WH05,479.0,4,286.77433333333335
2024-11-01,SKU0008,WH01,899.0,4,281.48733333333337
2024-11-01,SKU0008,WH02,882.0,4,281.48733333333337
2024-11-01,SKU0008,WH03,898.0,4,281.48733333333337
2024-11-01,SKU0008,WH04,916.0,4,281.48733333333337
2024-11-01,SKU0008,WH05,882.0,4,281.48733333333337
2024-11-01,SKU0009,WH01,1124.0,7,115.08133333333333
2024-11-01,SKU0009,WH02,1212.0,7,115.08133333333333
2024-11-01,SKU0009,WH03,1179.0,7,115.08133333333333
2024-11-01,SKU0009,WH04,1240.0,7,115.08133333333333
2024-11-01,SKU0009,WH05,1195.0,7,115.08133333333333
2024-11-01,SKU0010,WH01,229.0,1,332.8766666666667
2024-11-01,SKU0010,WH02,215.0,1,332.8766666666667
2024-11-01,SKU0010,WH03,199.0,1,332.8766666666667
2024-11-01,SKU0010,WH04,199.0,1,332.8766666666667
2024-11-01,SKU0010,WH05,258.0,1,332.8766666666667
2024-11-01,SKU0011,WH01,637.0,1,108.54700000000001
2024-11-01,SKU0011,WH02,645.0,1,108.54700000000001
2024-11-01,SKU0011,WH03,614.0,1,108.54700000000001
2024-11-01,SKU0011,WH04,608.0,1,108.54700000000001
2024-11-01,SKU0011,WH05,668.0,1,108.54700000000001
2024-11-01,SKU0012,WH01,312.0,0,185.12
2024-11-01,SKU0012,WH02,331.0,0,185.12
2024-11-01,SKU0012,WH03,282.0,0,185.12
2024-11-01,SKU0012,WH04,290.0,0,185.12
2024-11-01,SKU0012,WH05,289.0,0,185.12
2024-11-01,SKU0013,WH01,210.0,3,95.73633333333335
2024-11-01,SKU0013,WH02,243.0,3,95.73633333333335
2024-11-01,SKU0013,WH03,194.0,3,95.73633333333335
2024-11-01,SKU0013,WH04,214.0,3,95.73633333333335
2024-11-01,SKU0013,WH05,232.0,3,95.73633333333335
2024-11-01,SKU0014,WH01,103.0,3,325.51500000000004
2024-11-01,SKU0014,WH02,98.0,3,325.51500000000004
2024-11-01,SKU0014,WH03,103.0,3,325.51500000000004
2024-11-01,SKU0014,WH04,115.0,3,325.51500000000004
2024-11-01,SKU0014,WH05,106.0,3,325.51500000000004
2024-11-01,SKU0015,WH01,91.0,1,65.75
2024-11-01,SKU0015,WH02,107.0,1,65.75
2024-11-01,SKU0015,WH03,93.0,1,65.75
2024-11-01,SKU0015,WH04,75.0,1,65.75
2024-11-01,SKU0015,WH05,82.0,1,65.75
2024-11-01,SKU0016,WH01,1749.0,1,25.185666666666666
2024-11-01,SKU0016,WH02,1705.0,1,25.185666666666666
2024-11-01,SKU0016,WH03,1845.0,1,25.185666666666666
2024-11-01,SKU0016,WH04,1765.0,1,25.185666666666666
2024-11-01,SKU0016,WH05,1696.0,1,25.185666666666666
2024-11-01,SKU0017,WH01,293.0,2,156.35066666666668
2024-11-01,SKU0017,WH02,290.0,2,156.35066666666668
2024-11-01,SKU0017,WH03,297.0,2,156.35066666666668
2024-11-01,SKU0017,WH04,324.0,2,156.35066666666668
2024-11-01,SKU0017,WH05,301.0,2,156.35066666666668
2024-11-01,SKU0018,WH01,611.0,3,343.936
2024-11-01,SKU0018,WH02,608.0,3,343.936
2024-11-01,SKU0018,WH03,629.0,3,343.936
2024-11-01,SKU0018,WH04,644.0,3,343.936
2024-11-01,SKU0018,WH05,597.0,3,343.936
2024-11-01,SKU0019,WH01,678.0,2,311.60400000000004
2024-11-01,SKU0019,WH02,685.0,2,311.60400000000004
2024-11-01,SKU0019,WH03,727.0,2,311.60400000000004
2024-11-01,SKU0019,WH04,661.0,2,311.60400000000004
2024-11-01,SKU0019,WH05,713.0,2,311.60400000000004
2024-11-01,SKU0020,WH01,483.0,3,260.121
2024-11-01,SKU0020,WH02,453.0,3,260.121
2024-11-01,SKU0020,WH03,477.0,3,260.121
2024-11-01,SKU0020,WH04,472.0,3,260.121
2024-11-01,SKU0020,WH05,441.0,3,260.121
2024-11-01,SKU0021,WH01,125.0,3,308.6983333333334
2024-11-01,SKU0021,WH02,106.0,3,308.6983333333334
2024-11-01,SKU0021,WH03,128.0,3,308.6983333333334
2024-11-01,SKU0021,WH04,140.0,3,308.6983333333334
2024-11-01,SKU0021,WH05,156.0,3,308.6983333333334
2024-11-01,SKU0022,WH01,155.0,2,309.58666666666664
2024-11-01,SKU0022,WH02,155.0,2,309.58666666666664
2024-11-01,SKU0022,WH03,164.0,2,309.58666666666664
2024-11-01,SKU0022,WH04,186.0,2,309.58666666666664
2024-11-01,SKU0022,WH05,167.0,2,309.58666666666664
2024-11-01,SKU0023,WH01,282.0,2,184.546
2024-11-01,SKU0023,WH02,278.0,2,184.546
2024-11-01,SKU0023,WH03,280.0,2,184.546
2024-11-01,SKU0023,WH04,326.0,2,184.546
2024-11-01,SKU0023,WH05,294.0,2,184.546
2024-11-01,SKU0024,WH01,742.0,2,116.05033333333334
2024-11-01,SKU0024,WH02,826.0,2,116.05033333333334
2024-11-01,SKU0024,WH03,797.0,2,116.05033333333334
2024-11-01,SKU0024,WH04,768.0,2,116.05033333333334
2024-11-01,SKU0024,WH05,728.0,2,116.05033333333334
2024-11-01,SKU0025,WH01,766.0,3,268.3926666666667
2024-11-01,SKU0025,WH02,712.0,3,268.3926666666667
2024-11-01,SKU0025,WH03,691.0,3,268.3926666666667
2024-11-01,SKU0025,WH04,703.0,3,268.3926666666667
2024-11-01,SKU0025,WH05,656.0,3,268.3926666666667
2024-11-01,SKU0026,WH01,1408.0,3,232.21866666666668
2024-11-01,SKU0026,WH02,1437.0,3,232.21866666666668
2024-11-01,SKU0026,WH03,1419.0,3,232.21866666666668
2024-11-01,SKU0026,WH04,1297.0,3,232.21866666666668
2024-11-01,SKU0026,WH05,1324.0,3,232.21866666666668
2024-11-01,SKU0027,WH01,483.0,5,134.52766666666668
2024-11-01,SKU0027,WH02,512.0,5,134.52766666666668
2024-11-01,SKU0027,WH03,527.0,5,134.52766666666668
2024-11-01,SKU0027,WH04,619.0,5,134.52766666666668
2024-11-01,SKU0027,WH05,528.0,5,134.52766666666668
2024-11-01,SKU0028,WH01,236.0,3,41.62866666666666
2024-11-01,SKU0028,WH02,254.0,3,41.62866666666666
2024-11-01,SKU0028,WH03,254.0,3,41.62866666666666
2024-11-01,SKU0028,WH04,248.0,3,41.62866666666666
2024-11-01,SKU0028,WH05,258.0,3,41.62866666666666
2024-11-01,SKU0029,WH01,287.0,3,259.95133333333337
2024-11-01,SKU0029,WH02,300.0,3,259.95133333333337
2024-11-01,SKU0029,WH03,305.0,3,259.95133333333337
2024-11-01,SKU0029,WH04,307.0,3,259.95133333333337
2024-11-01,SKU0029,WH05,335.0,3,259.95133333333337
2024-11-01,SKU0030,WH01,459.0,0,99.24
2024-11-01,SKU0030,WH02,541.0,0,99.24
2024-11-01,SKU0030,WH03,549.0,0,99.24
2024-11-01,SKU0030,WH04,486.0,0,99.24
2024-11-01,SKU0030,WH05,489.0,0,99.24
2024-11-01,SKU0031,WH01,290.0,2,325.7823333333333
2024-11-01,SKU0031,WH02,274.0,2,325.7823333333333
2024-11-01,SKU0031,WH03,285.0,2,325.7823333333333
2024-11-01,SKU0031,WH04,304.0,2,325.7823333333333
2024-11-01,SKU0031,WH05,287.0,2,325.7823333333333
2024-11-01,SKU0032,WH01,321.0,5,90.24466666666667
2024-11-01,SKU0032,WH02,288.0,5,90.24466666666667
2024-11-01,SKU0032,WH03,296.0,5,90.24466666666667
2024-11-01,SKU0032,WH04,277.0,5,90.24466666666667
2024-11-01,SKU0032,WH05,337.0,5,90.24466666666667
2024-11-01,SKU0033,WH01,129.0,2,51.309
2024-11-01,SKU0033,WH02,122.0,2,51.309
2024-11-01,SKU0033,WH03,120.0,2,51.309
2024-11-01,SKU0033,WH04,122.0,2,51.309
2024-11-01,SKU0033,WH05,121.0,2,51.309
2024-11-01,SKU0034,WH01,175.0,4,289.65399999999994
2024-11-01,SKU0034,WH02,151.0,4,289.65399999999994
2024-11-01,SKU0034,WH03,156.0,4,289.65399999999994
2024-11-01,SKU0034,WH04,140.0,4,289.65399999999994
2024-11-01,SKU0034,WH05,169.0,4,289.65399999999994
2024-11-01,SKU0035,WH01,155.0,3,61.602333333333334
2024-11-01,SKU0035,WH02,158.0,3,61.602333333333334
2024-11-01,SKU0035,WH03,156.0,3,61.602333333333334
2024-11-01,SKU0035,WH04,170.0,3,61.602333333333334
2024-11-01,SKU0035,WH05,148.0,3,61.602333333333334
2024-11-01,SKU0036,WH01,163.0,2,70.12233333333333
2024-11-01,SKU0036,WH02,148.0,2,70.12233333333333
2024-11-01,SKU0036,WH03,161.0,2,70.12233333333333
2024-11-01,SKU0036,WH04,180.0,2,70.12233333333333
2024-11-01,SKU0036,WH05,142.0,2,70.12233333333333
2024-11-01,SKU0037,WH01,27.0,5,209.87033333333332
2024-11-01,SKU0037,WH02,19.0,5,209.87033333333332
2024-11-01,SKU0037,WH03,23.0,5,209.87033333333332
2024-11-01,SKU0037,WH04,17.0,5,209.87033333333332
2024-11-01,SKU0037,WH05,20.0,5,209.87033333333332
2024-11-01,SKU0038,WH01,460.0,5,300.6913333333333
2024-11-01,SKU0038,WH02,581.0,5,300.6913333333333
2024-11-01,SKU0038,WH03,560.0,5,300.6913333333333
2024-11-01,SKU0038,WH04,574.0,5,300.6913333333333
2024-11-01,SKU0038,WH05,560.0,5,300.6913333333333
2024-11-01,SKU0039,WH01,220.0,0,76.79
2024-11-01,SKU0039,WH02,248.0,0,76.79
2024-11-01,SKU0039,WH03,254.0,0,76.79
2024-11-01,SKU0039,WH04,203.0,0,76.79
2024-11-01,SKU0039,WH05,240.0,0,76.79
2024-11-01,SKU0040,WH01,193.0,3,113.77733333333335
2024-11-01,SKU0040,WH02,163.0,3,113.77733333333335
2024-11-01,SKU0040,WH03,173.0,3,113.77733333333335
2024-11-01,SKU0040,WH04,173.0,3,113.77733333333335
2024-11-01,SKU0040,WH05,172.0,3,113.77733333333335
2024-11-01,SKU0041,WH01,24.0,2,272.49133333333333
2024-11-01,SKU0041,WH02,24.0,2,272.49133333333333
2024-11-01,SKU0041,WH03,22.0,2,272.49133333333333
2024-11-01,SKU0041,WH04,26.0,2,272.49133333333333
2024-11-01,SKU0041,WH05,23.0,2,272.49133333333333
2024-11-01,SKU0042,WH01,571.0,1,338.15066666666667
2024-11-01,SKU0042,WH02,583.0,1,338.15066666666667
2024-11-01,SKU0042,WH03,605.0,1,338.15066666666667
2024-11-01,SKU0042,WH04,638.0,1,338.15066666666667
2024-11-01,SKU0042,WH05,598.0,1,338.15066666666667
2024-11-01,SKU0043,WH01,60.0,4,177.84633333333335
2024-11-01,SKU0043,WH02,67.0,4,177.84633333333335
2024-11-01,SKU0043,WH03,73.0,4,177.84633333333335
2024-11-01,SKU0043,WH04,92.0,4,177.84633333333335
2024-11-01,SKU0043,WH05,62.0,4,177.84633333333335
2024-11-01,SKU0044,WH01,87.0,3,58.439
2024-11-01,SKU0044,WH02,87.0,3,58.439
2024-11-01,SKU0044,WH03,84.0,3,58.439
2024-11-01,SKU0044,WH04,76.0,3,58.439
2024-11-01,SKU0044,WH05,71.0,3,58.439
2024-11-01,SKU0045,WH01,1328.0,3,14.519
2024-11-01,SKU0045,WH02,1465.0,3,14.519
2024-11-01,SKU0045,WH03,1378.0,3,14.519
2024-11-01,SKU0045,WH04,1313.0,3,14.519
2024-11-01,SKU0045,WH05,1374.0,3,14.519
2024-11-01,SKU0046,WH01,1264.0,0,88.08
2024-11-01,SKU0046,WH02,1351.0,0,88.08
2024-11-01,SKU0046,WH03,1213.0,0,88.08
2024-11-01,SKU0046,WH04,1252.0,0,88.08
2024-11-01,SKU0046,WH05,1248.0,0,88.08
2024-11-01,SKU0047,WH01,72.0,5,53.815333333333335
2024-11-01,SKU0047,WH02,93.0,5,53.815333333333335
2024-11-01,SKU0047,WH03,94.0,5,53.815333333333335
2024-11-01,SKU0047,WH04,85.0,5,53.815333333333335
2024-11-01,SKU0047,WH05,87.0,5,53.815333333333335
2024-11-01,SKU0048,WH01,16.0,6,235.19133333333332
2024-11-01,SKU0048,WH02,15.0,6,235.19133333333332
2024-11-01,SKU0048,WH03,14.0,6,235.19133333333332
2024-11-01,SKU0048,WH04,15.0,6,235.19133333333332
2024-11-01,SKU0048,WH05,17.0,6,235.19133333333332
2024-11-01,SKU0049,WH01,312.0,1,51.24866666666666
2024-11-01,SKU0049,WH02,270.0,1,51.24866666666666
2024-11-01,SKU0049,WH03,286.0,1,51.24866666666666
2024-11-01,SKU0049,WH04,297.0,1,51.24866666666666
2024-11-01,SKU0049,WH05,302.0,1,51.24866666666666
2024-11-01,SKU0050,WH01,483.0,4,179.7216666666667
2024-11-01,SKU0050,WH02,536.0,4,179.7216666666667
2024-11-01,SKU0050,WH03,501.0,4,179.7216666666667
2024-11-01,SKU0050,WH04,538.0,4,179.7216666666667
2024-11-01,SKU0050,WH05,554.0,4,179.7216666666667
2024-11-01,SKU0051,WH01,15.0,1,245.23000000000005
2024-11-01,SKU0051,WH02,19.0,1,245.23000000000005
2024-11-01,SKU0051,WH03,15.0,1,245.23000000000005
2024-11-01,SKU0051,WH04,16.0,1,245.23000000000005
2024-11-01,SKU0051,WH05,19.0,1,245.23000000000005
2024-11-01,SKU0052,WH01,742.0,2,206.196
2024-11-01,SKU0052,WH02,834.0,2,206.196
2024-11-01,SKU0052,WH03,710.0,2,206.196
2024-11-01,SKU0052,WH04,772.0,2,206.196
2024-11-01,SKU0052,WH05,843.0,2,206.196
2024-11-01,SKU0053,WH01,74.0,2,77.66000000000001
2024-11-01,SKU0053,WH02,94.0,2,77.66000000000001
2024-11-01,SKU0053,WH03,92.0,2,77.66000000000001
2024-11-01,SKU0053,WH04,74.0,2,77.66000000000001
2024-11-01,SKU0053,WH05,100.0,2,77.66000000000001
2024-11-01,SKU0054,WH01,393.0,0,283.4
2024-11-01,SKU0054,WH02,417.0,0,283.4
2024-11-01,SKU0054,WH03,413.0,0,283.4
2024-11-01,SKU0054,WH04,399.0,0,283.4
2024-11-01,SKU0054,WH05,373.0,0,283.4
2024-11-01,SKU0055,WH01,616.0,2,251.97400000000002
2024-11-01,SKU0055,WH02,647.0,2,251.97400000000002
2024-11-01,SKU0055,WH03,610.0,2,251.97400000000002
2024-11-01,SKU0055,WH04,642.0,2,251.97400000000002
2024-11-01,SKU0055,WH05,651.0,2,251.97400000000002
2024-11-01,SKU0056,WH01,16.0,1,260.379
2024-11-01,SKU0056,WH02,19.0,1,260.379
2024-11-01,SKU0056,WH03,23.0,1,260.379
2024-11-01,SKU0056,WH04,28.0,1,260.379
2024-11-01,SKU0056,WH05,17.0,1,260.379
2024-11-01,SKU0057,WH01,199.0,3,53.650999999999996
2024-11-01,SKU0057,WH02,208.0,3,53.650999999999996
2024-11-01,SKU0057,WH03,207.0,3,53.650999999999996
2024-11-01,SKU0057,WH04,182.0,3,53.650999999999996
2024-11-01,SKU0057,WH05,191.0,3,53.650999999999996
2024-11-01,SKU0058,WH01,1019.0,5,50.95133333333334
2024-11-01,SKU0058,WH02,935.0,5,50.95133333333334
2024-11-01,SKU0058,WH03,972.0,5,50.95133333333334
2024-11-01,SKU0058,WH04,1017.0,5,50.95133333333334
2024-11-01,SKU0058,WH05,899.0,5,50.95133333333334
2024-11-01,SKU0059,WH01,710.0,5,319.4046666666666
2024-11-01,SKU0059,WH02,705.0,5,319.4046666666666
2024-11-01,SKU0059,WH03,742.0,5,319.4046666666666
2024-11-01,SKU0059,WH04,652.0,5,319.4046666666666
2024-11-01,SKU0059,WH05,681.0,5,319.4046666666666
2024-11-01,SKU0060,WH01,266.0,2,144.454
2024-11-01,SKU0060,WH02,325.0,2,144.454
2024-11-01,SKU0060,WH03,330.0,2,144.454
2024-11-01,SKU0060,WH04,307.0,2,144.454
2024-11-01,SKU0060,WH05,309.0,2,144.454
2024-11-01,SKU0061,WH01,454.0,3,111.384
2024-11-01,SKU0061,WH02,429.0,3,111.384
2024-11-01,SKU0061,WH03,468.0,3,111.384
2024-11-01,SKU0061,WH04,430.0,3,111.384
2024-11-01,SKU0061,WH05,465.0,3,111.384
2024-11-01,SKU0062,WH01,1133.0,2,174.359
2024-11-01,SKU0062,WH02,1069.0,2,174.359
2024-11-01,SKU0062,WH03,1141.0,2,174.359
2024-11-01,SKU0062,WH04,1099.0,2,174.359
2024-11-01,SKU0062,WH05,1099.0,2,174.359
2024-11-01,SKU0063,WH01,381.0,2,234.58533333333335
2024-11-01,SKU0063,WH02,314.0,2,234.58533333333335
2024-11-01,SKU0063,WH03,323.0,2,234.58533333333335
2024-11-01,SKU0063,WH04,331.0,2,234.58533333333335
2024-11-01,SKU0063,WH05,349.0,2,234.58533333333335
2024-11-01,SKU0064,WH01,244.0,3,331.561
2024-11-01,SKU0064,WH02,230.0,3,331.561
2024-11-01,SKU0064,WH03,258.0,3,331.561
2024-11-01,SKU0064,WH04,249.0,3,331.561
2024-11-01,SKU0064,WH05,255.0,3,331.561
2024-11-01,SKU0065,WH01,1422.0,3,105.95800000000001
2024-11-01,SKU0065,WH02,1375.0,3,105.95800000000001
2024-11-01,SKU0065,WH03,1480.0,3,105.95800000000001
2024-11-01,SKU0065,WH04,1375.0,3,105.95800000000001
2024-11-01,SKU0065,WH05,1391.0,3,105.95800000000001
2024-11-01,SKU0066,WH01,272.0,0,324.43
2024-11-01,SKU0066,WH02,283.0,0,324.43
2024-11-01,SKU0066,WH03,268.0,0,324.43
2024-11-01,SKU0066,WH04,241.0,0,324.43
2024-11-01,SKU0066,WH05,253.0,0,324.43
2024-11-01,SKU0067,WH01,1027.0,2,18.296333333333333
2024-11-01,SKU0067,WH02,1087.0,2,18.296333333333333
2024-11-01,SKU0067,WH03,1126.0,2,18.296333333333333
2024-11-01,SKU0067,WH04,1243.0,2,18.296333333333333
2024-11-01,SKU0067,WH05,1136.0,2,18.296333333333333
2024-11-01,SKU0068,WH01,54.0,4,195.12533333333334
2024-11-01,SKU0068,WH02,39.0,4,195.12533333333334
2024-11-01,SKU0068,WH03,49.0,4,195.12533333333334
2024-11-01,SKU0068,WH04,56.0,4,195.12533333333334
2024-11-01,SKU0068,WH05,53.0,4,195.12533333333334
2024-11-01,SKU0069,WH01,522.0,3,222.54300000000003
2024-11-01,SKU0069,WH02,497.0,3,222.54300000000003
2024-11-01,SKU0069,WH03,478.0,3,222.54300000000003
2024-11-01,SKU0069,WH04,455.0,3,222.54300000000003
2024-11-01,SKU0069,WH05,506.0,3,222.54300000000003
2024-11-01,SKU0070,WH01,390.0,2,45.473333333333336
2024-11-01,SKU0070,WH02,421.0,2,45.473333333333336
2024-11-01,SKU0070,WH03,417.0,2,45.473333333333336
2024-11-01,SKU0070,WH04,440.0,2,45.473333333333336
2024-11-01,SKU0070,WH05,394.0,2,45.473333333333336
2024-11-01,SKU0071,WH01,415.0,3,57.04666666666667
2024-11-01,SKU0071,WH02,348.0,3,57.04666666666667
2024-11-01,SKU0071,WH03,402.0,3,57.04666666666667
2024-11-01,SKU0071,WH04,384.0,3,57.04666666666667
2024-11-01,SKU0071,WH05,365.0,3,57.04666666666667
2024-11-01,SKU0072,WH01,232.0,2,151.48333333333332
2024-11-01,SKU0072,WH02,230.0,2,151.48333333333332
2024-11-01,SKU0072,WH03,233.0,2,151.48333333333332
2024-11-01,SKU0072,WH04,245.0,2,151.48333333333332
2024-11-01,SKU0072,WH05,221.0,2,151.48333333333332
2024-11-01,SKU0073,WH01,757.0,1,337.39166666666665
2024-11-01,SKU0073,WH02,682.0,1,337.39166666666665
2024-11-01,SKU0073,WH03,766.0,1,337.39166666666665
2024-11-01,SKU0073,WH04,784.0,1,337.39166666666665
2024-11-01,SKU0073,WH05,775.0,1,337.39166666666665
2024-11-01,SKU0074,WH01,591.0,4,208.75166666666667
2024-11-01,SKU0074,WH02,616.0,4,208.75166666666667
2024-11-01,SKU0074,WH03,642.0,4,208.75166666666667
2024-11-01,SKU0074,WH04,636.0,4,208.75166666666667
2024-11-01,SKU0074,WH05,632.0,4,208.75166666666667
2024-11-01,SKU0075,WH01,163.0,2,323.4123333333334
2024-11-01,SKU0075,WH02,167.0,2,323.4123333333334
2024-11-01,SKU0075,WH03,116.0,2,323.4123333333334
2024-11-01,SKU0075,WH04,137.0,2,323.4123333333334
2024-11-01,SKU0075,WH05,158.0,2,323.4123333333334
2024-11-01,SKU0076,WH01,474.0,3,279.22766666666666
2024-11-01,SKU0076,WH02,429.0,3,279.22766666666666
2024-11-01,SKU0076,WH03,424.0,3,279.22766666666666
2024-11-01,SKU0076,WH04,435.0,3,279.22766666666666
2024-11-01,SKU0076,WH05,465.0,3,279.22766666666666
2024-11-01,SKU0077,WH01,315.0,3,166.939
2024-11-01,SKU0077,WH02,307.0,3,166.939
2024-11-01,SKU0077,WH03,317.0,3,166.939
2024-11-01,SKU0077,WH04,304.0,3,166.939
2024-11-01,SKU0077,WH05,302.0,3,166.939
2024-11-01,SKU0078,WH01,299.0,4,272.20666666666665
2024-11-01,SKU0078,WH02,301.0,4,272.20666666666665
2024-11-01,SKU0078,WH03,311.0,4,272.20666666666665
2024-11-01,SKU0078,WH04,303.0,4,272.20666666666665
2024-11-01,SKU0078,WH05,299.0,4,272.20666666666665
2024-11-01,SKU0079,WH01,34.0,2,15.899333333333333
2024-11-01,SKU0079,WH02,26.0,2,15.899333333333333
2024-11-01,SKU0079,WH03,36.0,2,15.899333333333333
2024-11-01,SKU0079,WH04,35.0,2,15.899333333333333
2024-11-01,SKU0079,WH05,28.0,2,15.899333333333333
2024-11-01,SKU0080,WH01,410.0,1,46.95299999999999
2024-11-01,SKU0080,WH02,422.0,1,46.95299999999999
2024-11-01,SKU0080,WH03,443.0,1,46.95299999999999
2024-11-01,SKU0080,WH04,444.0,1,46.95299999999999
2024-11-01,SKU0080,WH05,433.0,1,46.95299999999999
2024-12-01,SKU0001,WH01,606.0,2,46.178709677419356
2024-12-01,SKU0001,WH02,624.0,2,46.178709677419356
2024-12-01,SKU0001,WH03,622.0,2,46.178709677419356
2024-12-01,SKU0001,WH04,580.0,2,46.178709677419356
2024-12-01,SKU0001,WH05,584.0,2,46.178709677419356
2024-12-01,SKU0002,WH01,148.0,1,319.88451612903225
2024-12-01,SKU0002,WH02,138.0,1,319.88451612903225
2024-12-01,SKU0002,WH03,122.0,1,319.88451612903225
2024-12-01,SKU0002,WH04,143.0,1,319.88451612903225
2024-12-01,SKU0002,WH05,124.0,1,319.88451612903225
2024-12-01,SKU0003,WH01,1505.0,5,86.13451612903226
2024-12-01,SKU0003,WH02,1382.0,5,86.13451612903226
2024-12-01,SKU0003,WH03,1464.0,5,86.13451612903226
2024-12-01,SKU0003,WH04,1475.0,5,86.13451612903226
2024-12-01,SKU0003,WH05,1441.0,5,86.13451612903226
2024-12-01,SKU0004,WH01,2571.0,5,22.279999999999998
2024-12-01,SKU0004,WH02,2735.0,5,22.279999999999998
2024-12-01,SKU0004,WH03,2811.0,5,22.279999999999998
2024-12-01,SKU0004,WH04,2673.0,5,22.279999999999998
2024-12-01,SKU0004,WH05,2809.0,5,22.279999999999998
2024-12-01,SKU0005,WH01,638.0,1,198.0090322580645
2024-12-01,SKU0005,WH02,582.0,1,198.0090322580645
2024-12-01,SKU0005,WH03,580.0,1,198.0090322580645
2024-12-01,SKU0005,WH04,557.0,1,198.0090322580645
2024-12-01,SKU0005,WH05,601.0,1,198.0090322580645
2024-12-01,SKU0006,WH01,25.0,5,133.91451612903228
2024-12-01,SKU0006,WH02,26.0,5,133.91451612903228
2024-12-01,SKU0006,WH03,20.0,5,133.91451612903228
2024-12-01,SKU0006,WH04,28.0,5,133.91451612903228
2024-12-01,SKU0006,WH05,19.0,5,133.91451612903228
2024-12-01,SKU0007,WH01,437.0,3,289.7738709677419
2024-12-01,SKU0007,WH02,419.0,3,289.7738709677419
2024-12-01,SKU0007,WH03,453.0,3,289.7738709677419
2024-12-01,SKU0007,WH04,467.0,3,289.7738709677419
2024-12-01,SKU0007,WH05,396.0,3,289.7738709677419
2024-12-01,SKU0008,WH01,858.0,3,280.21645161290326
2024-12-01,SKU0008,WH02,857.0,3,280.21645161290326
2024-12-01,SKU0008,WH03,877.0,3,280.21645161290326
2024-12-01,SKU0008,WH04,942.0,3,280.21645161290326
2024-12-01,SKU0008,WH05,926.0,3,280.21645161290326
2024-12-01,SKU0009,WH01,1101.0,4,116.5
2024-12-01,SKU0009,WH02,1124.0,4,116.5
2024-12-01,SKU0009,WH03,1171.0,4,116.5
2024-12-01,SKU0009,WH04,1187.0,4,116.5
2024-12-01,SKU0009,WH05,1136.0,4,116.5
2024-12-01,SKU0010,WH01,226.0,1,333.45129032258063
2024-12-01,SKU0010,WH02,228.0,1,333.45129032258063
2024-12-01,SKU0010,WH03,232.0,1,333.45129032258063
2024-12-01,SKU0010,WH04,187.0,1,333.45129032258063
2024-12-01,SKU0010,WH05,243.0,1,333.45129032258063
2024-12-01,SKU0011,WH01,591.0,1,108.38290322580646
2024-12-01,SKU0011,WH02,648.0,1,108.38290322580646
2024-12-01,SKU0011,WH03,656.0,1,108.38290322580646
2024-12-01,SKU0011,WH04,646.0,1,108.38290322580646
2024-12-01,SKU0011,WH05,666.0,1,108.38290322580646
2024-12-01,SKU0012,WH01,325.0,2,183.32870967741937
2024-12-01,SKU0012,WH02,287.0,2,183.32870967741937
2024-12-01,SKU0012,WH03,282.0,2,183.32870967741937
2024-12-01,SKU0012,WH04,284.0,2,183.32870967741937
2024-12-01,SKU0012,WH05,284.0,2,183.32870967741937
2024-12-01,SKU0013,WH01,181.0,4,95.62161290322582
2024-12-01,SKU0013,WH02,210.0,4,95.62161290322582
2024-12-01,SKU0013,WH03,209.0,4,95.62161290322582
2024-12-01,SKU0013,WH04,222.0,4,95.62161290322582
2024-12-01,SKU0013,WH05,220.0,4,95.62161290322582
2024-12-01,SKU0014,WH01,108.0,4,323.4854838709677
2024-12-01,SKU0014,WH02,119.0,4,323.4854838709677
2024-12-01,SKU0014,WH03,116.0,4,323.4854838709677
2024-12-01,SKU0014,WH04,99.0,4,323.4854838709677
2024-12-01,SKU0014,WH05,117.0,4,323.4854838709677
2024-12-01,SKU0015,WH01,92.0,5,64.79903225806451
2024-12-01,SKU0015,WH02,78.0,5,64.79903225806451
2024-12-01,SKU0015,WH03,94.0,5,64.79903225806451
2024-12-01,SKU0015,WH04,93.0,5,64.79903225806451
2024-12-01,SKU0015,WH05,119.0,5,64.79903225806451
2024-12-01,SKU0016,WH01,1811.0,3,24.984516129032258
2024-12-01,SKU0016,WH02,1739.0,3,24.984516129032258
2024-12-01,SKU0016,WH03,1833.0,3,24.984516129032258
2024-12-01,SKU0016,WH04,1794.0,3,24.984516129032258
2024-12-01,SKU0016,WH05,1802.0,3,24.984516129032258
2024-12-01,SKU0017,WH01,288.0,2,157.16580645161292
2024-12-01,SKU0017,WH02,287.0,2,157.16580645161292
2024-12-01,SKU0017,WH03,318.0,2,157.16580645161292
2024-12-01,SKU0017,WH04,293.0,2,157.16580645161292
2024-12-01,SKU0017,WH05,290.0,2,157.16580645161292
2024-12-01,SKU0018,WH01,626.0,3,342.9274193548387
2024-12-01,SKU0018,WH02,635.0,3,342.9274193548387
2024-12-01,SKU0018,WH03,645.0,3,342.9274193548387
2024-12-01,SKU0018,WH04,611.0,3,342.9274193548387
2024-12-01,SKU0018,WH05,633.0,3,342.9274193548387
2024-12-01,SKU0019,WH01,694.0,1,312.15967741935486
2024-12-01,SKU0019,WH02,744.0,1,312.15967741935486
2024-12-01,SKU0019,WH03,757.0,1,312.15967741935486
2024-12-01,SKU0019,WH04,709.0,1,312.15967741935486
2024-12-01,SKU0019,WH05,641.0,1,312.15967741935486
2024-12-01,SKU0020,WH01,404.0,2,263.24999999999994
2024-12-01,SKU0020,WH02,423.0,2,263.24999999999994
2024-12-01,SKU0020,WH03,482.0,2,263.24999999999994
2024-12-01,SKU0020,WH04,465.0,2,263.24999999999994
2024-12-01,SKU0020,WH05,479.0,2,263.24999999999994
2024-12-01,SKU0021,WH01,112.0,3,309.33774193548385
2024-12-01,SKU0021,WH02,110.0,3,309.33774193548385
2024-12-01,SKU0021,WH03,125.0,3,309.33774193548385
2024-12-01,SKU0021,WH04,140.0,3,309.33774193548385
2024-12-01,SKU0021,WH05,143.0,3,309.33774193548385
2024-12-01,SKU0022,WH01,191.0,4,308.7090322580645
2024-12-01,SKU0022,WH02,177.0,4,308.7090322580645
2024-12-01,SKU0022,WH03,176.0,4,308.7090322580645
2024-12-01,SKU0022,WH04,173.0,4,308.7090322580645
2024-12-01,SKU0022,WH05,169.0,4,308.7090322580645
2024-12-01,SKU0023,WH01,299.0,3,184.30548387096775
2024-12-01,SKU0023,WH02,300.0,3,184.30548387096775
2024-12-01,SKU0023,WH03,296.0,3,184.30548387096775
2024-12-01,SKU0023,WH04,285.0,3,184.30548387096775
2024-12-01,SKU0023,WH05,309.0,3,184.30548387096775
2024-12-01,SKU0024,WH01,769.0,2,116.47322580645161
2024-12-01,SKU0024,WH02,763.0,2,116.47322580645161
2024-12-01,SKU0024,WH03,719.0,2,116.47322580645161
2024-12-01,SKU0024,WH04,745.0,2,116.47322580645161
2024-12-01,SKU0024,WH05,685.0,2,116.47322580645161
2024-12-01,SKU0025,WH01,602.0,1,272.04064516129034
2024-12-01,SKU0025,WH02,644.0,1,272.04064516129034
2024-12-01,SKU0025,WH03,689.0,1,272.04064516129034
2024-12-01,SKU0025,WH04,635.0,1,272.04064516129034
2024-12-01,SKU0025,WH05,636.0,1,272.04064516129034
2024-12-01,SKU0026,WH01,1469.0,3,231.5493548387097
2024-12-01,SKU0026,WH02,1417.0,3,231.5493548387097
2024-12-01,SKU0026,WH03,1364.0,3,231.5493548387097
2024-12-01,SKU0026,WH04,1431.0,3,231.5493548387097
2024-12-01,SKU0026,WH05,1415.0,3,231.5493548387097
2024-12-01,SKU0027,WH01,495.0,3,135.0506451612903
2024-12-01,SKU0027,WH02,471.0,3,135.0506451612903
2024-12-01,SKU0027,WH03,485.0,3,135.0506451612903
2024-12-01,SKU0027,WH04,540.0,3,135.0506451612903
2024-12-01,SKU0027,WH05,525.0,3,135.0506451612903
2024-12-01,SKU0028,WH01,235.0,6,41.236774193548385
2024-12-01,SKU0028,WH02,243.0,6,41.236774193548385
2024-12-01,SKU0028,WH03,232.0,6,41.236774193548385
2024-12-01,SKU0028,WH04,238.0,6,41.236774193548385
2024-12-01,SKU0028,WH05,262.0,6,41.236774193548385
2024-12-01,SKU0029,WH01,323.0,2,261.3561290322581
2024-12-01,SKU0029,WH02,288.0,2,261.3561290322581
2024-12-01,SKU0029,WH03,301.0,2,261.3561290322581
2024-12-01,SKU0029,WH04,304.0,2,261.3561290322581
2024-12-01,SKU0029,WH05,330.0,2,261.3561290322581
2024-12-01,SKU0030,WH01,526.0,3,98.11967741935484
2024-12-01,SKU0030,WH02,529.0,3,98.11967741935484
2024-12-01,SKU0030,WH03,547.0,3,98.11967741935484
2024-12-01,SKU0030,WH04,528.0,3,98.11967741935484
2024-12-01,SKU0030,WH05,570.0,3,98.11967741935484
2024-12-01,SKU0031,WH01,312.0,3,323.2212903225806
2024-12-01,SKU0031,WH02,334.0,3,323.2212903225806
2024-12-01,SKU0031,WH03,296.0,3,323.2212903225806
2024-12-01,SKU0031,WH04,297.0,3,323.2212903225806
2024-12-01,SKU0031,WH05,285.0,3,323.2212903225806
2024-12-01,SKU0032,WH01,285.0,7,89.40935483870967
2024-12-01,SKU0032,WH02,301.0,7,89.40935483870967
2024-12-01,SKU0032,WH03,292.0,7,89.40935483870967
2024-12-01,SKU0032,WH04,300.0,7,89.40935483870967
2024-12-01,SKU0032,WH05,330.0,7,89.40935483870967
2024-12-01,SKU0033,WH01,140.0,5,50.237741935483875
2024-12-01,SKU0033,WH02,139.0,5,50.237741935483875
2024-12-01,SKU0033,WH03,145.0,5,50.237741935483875
2024-12-01,SKU0033,WH04,146.0,5,50.237741935483875
2024-12-01,SKU0033,WH05,132.0,5,50.237741935483875
2024-12-01,SKU0034,WH01,153.0,2,289.2764516129032
2024-12-01,SKU0034,WH02,155.0,2,289.2764516129032
2024-12-01,SKU0034,WH03,163.0,2,289.2764516129032
2024-12-01,SKU0034,WH04,145.0,2,289.2764516129032
2024-12-01,SKU0034,WH05,163.0,2,289.2764516129032
2024-12-01,SKU0035,WH01,167.0,1,61.81935483870967
2024-12-01,SKU0035,WH02,153.0,1,61.81935483870967
2024-12-01,SKU0035,WH03,152.0,1,61.81935483870967
2024-12-01,SKU0035,WH04,163.0,1,61.81935483870967
2024-12-01,SKU0035,WH05,165.0,1,61.81935483870967
2024-12-01,SKU0036,WH01,158.0,2,70.26354838709678
2024-12-01,SKU0036,WH02,145.0,2,70.26354838709678
2024-12-01,SKU0036,WH03,145.0,2,70.26354838709678
2024-12-01,SKU0036,WH04,158.0,2,70.26354838709678
2024-12-01,SKU0036,WH05,159.0,2,70.26354838709678
2024-12-01,SKU0037,WH01,16.0,1,213.10032258064516
2024-12-01,SKU0037,WH02,26.0,1,213.10032258064516
2024-12-01,SKU0037,WH03,17.0,1,213.10032258064516
2024-12-01,SKU0037,WH04,13.0,1,213.10032258064516
2024-12-01,SKU0037,WH05,14.0,1,213.10032258064516
2024-12-01,SKU0038,WH01,504.0,2,303.88
2024-12-01,SKU0038,WH02,445.0,2,303.88
2024-12-01,SKU0038,WH03,509.0,2,303.88
2024-12-01,SKU0038,WH04,489.0,2,303.88
2024-12-01,SKU0038,WH05,526.0,2,303.88
2024-12-01,SKU0039,WH01,238.0,2,76.0467741935484
2024-12-01,SKU0039,WH02,253.0,2,76.0467741935484
2024-12-01,SKU0039,WH03,255.0,2,76.0467741935484
2024-12-01,SKU0039,WH04,241.0,2,76.0467741935484
2024-12-01,SKU0039,WH05,228.0,2,76.0467741935484
2024-12-01,SKU0040,WH01,192.0,2,114.39193548387097
2024-12-01,SKU0040,WH02,204.0,2,114.39193548387097
2024-12-01,SKU0040,WH03,202.0,2,114.39193548387097
2024-12-01,SKU0040,WH04,160.0,2,114.39193548387097
2024-12-01,SKU0040,WH05,172.0,2,114.39193548387097
2024-12-01,SKU0041,WH01,26.0,3,270.7803225806452
2024-12-01,SKU0041,WH02,19.0,3,270.7803225806452
2024-12-01,SKU0041,WH03,34.0,3,270.7803225806452
2024-12-01,SKU0041,WH04,25.0,3,270.7803225806452
2024-12-01,SKU0041,WH05,21.0,3,270.7803225806452
2024-12-01,SKU0042,WH01,672.0,4,334.3806451612904
2024-12-01,SKU0042,WH02,680.0,4,334.3806451612904
2024-12-01,SKU0042,WH03,652.0,4,334.3806451612904
2024-12-01,SKU0042,WH04,650.0,4,334.3806451612904
2024-12-01,SKU0042,WH05,682.0,4,334.3806451612904
2024-12-01,SKU0043,WH01,54.0,2,179.08709677419355
2024-12-01,SKU0043,WH02,67.0,2,179.08709677419355
2024-12-01,SKU0043,WH03,69.0,2,179.08709677419355
2024-12-01,SKU0043,WH04,77.0,2,179.08709677419355
2024-12-01,SKU0043,WH05,77.0,2,179.08709677419355
2024-12-01,SKU0044,WH01,77.0,2,58.35967741935484
2024-12-01,SKU0044,WH02,75.0,2,58.35967741935484
2024-12-01,SKU0044,WH03,90.0,2,58.35967741935484
2024-12-01,SKU0044,WH04,78.0,2,58.35967741935484
2024-12-01,SKU0044,WH05,98.0,2,58.35967741935484
2024-12-01,SKU0045,WH01,1369.0,1,14.716129032258063
2024-12-01,SKU0045,WH02,1364.0,1,14.716129032258063
2024-12-01,SKU0045,WH03,1263.0,1,14.716129032258063
2024-12-01,SKU0045,WH04,1244.0,1,14.716129032258063
2024-12-01,SKU0045,WH05,1302.0,1,14.716129032258063
2024-12-01,SKU0046,WH01,1249.0,0,88.08
2024-12-01,SKU0046,WH02,1256.0,0,88.08
2024-12-01,SKU0046,WH03,1219.0,0,88.08
2024-12-01,SKU0046,WH04,1223.0,0,88.08
2024-12-01,SKU0046,WH05,1210.0,0,88.08
2024-12-01,SKU0047,WH01,80.0,0,54.82
2024-12-01,SKU0047,WH02,77.0,0,54.82
2024-12-01,SKU0047,WH03,72.0,0,54.82
2024-12-01,SKU0047,WH04,75.0,0,54.82
2024-12-01,SKU0047,WH05,81.0,0,54.82
2024-12-01,SKU0048,WH01,23.0,5,236.5225806451613
2024-12-01,SKU0048,WH02,12.0,5,236.5225806451613
2024-12-01,SKU0048,WH03,12.0,5,236.5225806451613
2024-12-01,SKU0048,WH04,11.0,5,236.5225806451613
2024-12-01,SKU0048,WH05,21.0,5,236.5225806451613
2024-12-01,SKU0049,WH01,301.0,1,51.25419354838709
2024-12-01,SKU0049,WH02,304.0,1,51.25419354838709
2024-12-01,SKU0049,WH03,261.0,1,51.25419354838709
2024-12-01,SKU0049,WH04,250.0,1,51.25419354838709
2024-12-01,SKU0049,WH05,311.0,1,51.25419354838709
2024-12-01,SKU0050,WH01,475.0,1,181.56258064516132
2024-12-01,SKU0050,WH02,518.0,1,181.56258064516132
2024-12-01,SKU0050,WH03,504.0,1,181.56258064516132
2024-12-01,SKU0050,WH04,433.0,1,181.56258064516132
2024-12-01,SKU0050,WH05,512.0,1,181.56258064516132
2024-12-01,SKU0051,WH01,26.0,4,242.08161290322582
2024-12-01,SKU0051,WH02,22.0,4,242.08161290322582
2024-12-01,SKU0051,WH03,15.0,4,242.08161290322582
2024-12-01,SKU0051,WH04,22.0,4,242.08161290322582
2024-12-01,SKU0051,WH05,17.0,4,242.08161290322582
2024-12-01,SKU0052,WH01,825.0,3,205.9058064516129
2024-12-01,SKU0052,WH02,744.0,3,205.9058064516129
2024-12-01,SKU0052,WH03,731.0,3,205.9058064516129
2024-12-01,SKU0052,WH04,735.0,3,205.9058064516129
2024-12-01,SKU0052,WH05,778.0,3,205.9058064516129
2024-12-01,SKU0053,WH01,76.0,0,77.92
2024-12-01,SKU0053,WH02,89.0,0,77.92
2024-12-01,SKU0053,WH03,66.0,0,77.92
2024-12-01,SKU0053,WH04,77.0,0,77.92
2024-12-01,SKU0053,WH05,79.0,0,77.92
2024-12-01,SKU0054,WH01,447.0,1,282.48580645161286
2024-12-01,SKU0054,WH02,392.0,1,282.48580645161286
2024-12-01,SKU0054,WH03,405.0,1,282.48580645161286
2024-12-01,SKU0054,WH04,422.0,1,282.48580645161286
2024-12-01,SKU0054,WH05,391.0,1,282.48580645161286
2024-12-01,SKU0055,WH01,622.0,2,251.60612903225805
2024-12-01,SKU0055,WH02,626.0,2,251.60612903225805
2024-12-01,SKU0055,WH03,659.0,2,251.60612903225805
2024-12-01,SKU0055,WH04,639.0,2,251.60612903225805
2024-12-01,SKU0055,WH05,605.0,2,251.60612903225805
2024-12-01,SKU0056,WH01,20.0,2,259.5641935483871
2024-12-01,SKU0056,WH02,18.0,2,259.5641935483871
2024-12-01,SKU0056,WH03,14.0,2,259.5641935483871
2024-12-01,SKU0056,WH04,23.0,2,259.5641935483871
2024-12-01,SKU0056,WH05,21.0,2,259.5641935483871
2024-12-01,SKU0057,WH01,156.0,1,54.38387096774194
2024-12-01,SKU0057,WH02,156.0,1,54.38387096774194
2024-12-01,SKU0057,WH03,181.0,1,54.38387096774194
2024-12-01,SKU0057,WH04,172.0,1,54.38387096774194
2024-12-01,SKU0057,WH05,141.0,1,54.38387096774194
2024-12-01,SKU0058,WH01,885.0,1,51.91193548387098
2024-12-01,SKU0058,WH02,882.0,1,51.91193548387098
2024-12-01,SKU0058,WH03,864.0,1,51.91193548387098
2024-12-01,SKU0058,WH04,883.0,1,51.91193548387098
2024-12-01,SKU0058,WH05,911.0,1,51.91193548387098
2024-12-01,SKU0059,WH01,611.0,1,323.27096774193546
2024-12-01,SKU0059,WH02,645.0,1,323.27096774193546
2024-12-01,SKU0059,WH03,632.0,1,323.27096774193546
2024-12-01,SKU0059,WH04,621.0,1,323.27096774193546
2024-12-01,SKU0059,WH05,621.0,1,323.27096774193546
2024-12-01,SKU0060,WH01,309.0,1,144.24322580645162
2024-12-01,SKU0060,WH02,294.0,1,144.24322580645162
2024-12-01,SKU0060,WH03,296.0,1,144.24322580645162
2024-12-01,SKU0060,WH04,274.0,1,144.24322580645162
2024-12-01,SKU0060,WH05,307.0,1,144.24322580645162
2024-12-01,SKU0061,WH01,402.0,3,110.68967741935482
2024-12-01,SKU0061,WH02,486.0,3,110.68967741935482
2024-12-01,SKU0061,WH03,446.0,3,110.68967741935482
2024-12-01,SKU0061,WH04,438.0,3,110.68967741935482
2024-12-01,SKU0061,WH05,554.0,3,110.68967741935482
2024-12-01,SKU0062,WH01,1169.0,4,174.13129032258064
2024-12-01,SKU0062,WH02,1088.0,4,174.13129032258064
2024-12-01,SKU0062,WH03,1090.0,4,174.13129032258064
2024-12-01,SKU0062,WH04,1116.0,4,174.13129032258064
2024-12-01,SKU0062,WH05,1203.0,4,174.13129032258064
2024-12-01,SKU0063,WH01,388.0,5,228.91612903225808
2024-12-01,SKU0063,WH02,354.0,5,228.91612903225808
2024-12-01,SKU0063,WH03,404.0,5,228.91612903225808
2024-12-01,SKU0063,WH04,383.0,5,228.91612903225808
2024-12-01,SKU0063,WH05,345.0,5,228.91612903225808
2024-12-01,SKU0064,WH01,248.0,2,332.20903225806455
2024-12-01,SKU0064,WH02,254.0,2,332.20903225806455
2024-12-01,SKU0064,WH03,235.0,2,332.20903225806455
2024-12-01,SKU0064,WH04,228.0,2,332.20903225806455
2024-12-01,SKU0064,WH05,220.0,2,332.20903225806455
2024-12-01,SKU0065,WH01,1334.0,3,106.1774193548387
2024-12-01,SKU0065,WH02,1296.0,3,106.1774193548387
2024-12-01,SKU0065,WH03,1403.0,3,106.1774193548387
2024-12-01,SKU0065,WH04,1341.0,3,106.1774193548387
2024-12-01,SKU0065,WH05,1311.0,3,106.1774193548387
2024-12-01,SKU0066,WH01,285.0,2,322.3370967741936
2024-12-01,SKU0066,WH02,263.0,2,322.3370967741936
2024-12-01,SKU0066,WH03,291.0,2,322.3370967741936
2024-12-01,SKU0066,WH04,262.0,2,322.3370967741936
2024-12-01,SKU0066,WH05,258.0,2,322.3370967741936
2024-12-01,SKU0067,WH01,1178.0,2,18.301290322580645
2024-12-01,SKU0067,WH02,1124.0,2,18.301290322580645
2024-12-01,SKU0067,WH03,1190.0,2,18.301290322580645
2024-12-01,SKU0067,WH04,1002.0,2,18.301290322580645
2024-12-01,SKU0067,WH05,1162.0,2,18.301290322580645
2024-12-01,SKU0068,WH01,47.0,2,198.12870967741938
2024-12-01,SKU0068,WH02,46.0,2,198.12870967741938
2024-12-01,SKU0068,WH03,42.0,2,198.12870967741938
2024-12-01,SKU0068,WH04,40.0,2,198.12870967741938
2024-12-01,SKU0068,WH05,50.0,2,198.12870967741938
2024-12-01,SKU0069,WH01,477.0,2,224.4587096774194
2024-12-01,SKU0069,WH02,506.0,2,224.4587096774194
2024-12-01,SKU0069,WH03,493.0,2,224.4587096774194
2024-12-01,SKU0069,WH04,422.0,2,224.4587096774194
2024-12-01,SKU0069,WH05,483.0,2,224.4587096774194
2024-12-01,SKU0070,WH01,333.0,1,45.935806451612905
2024-12-01,SKU0070,WH02,422.0,1,45.935806451612905
2024-12-01,SKU0070,WH03,391.0,1,45.935806451612905
2024-12-01,SKU0070,WH04,351.0,1,45.935806451612905
2024-12-01,SKU0070,WH05,410.0,1,45.935806451612905
2024-12-01,SKU0071,WH01,395.0,1,57.44064516129032
2024-12-01,SKU0071,WH02,374.0,1,57.44064516129032
2024-12-01,SKU0071,WH03,356.0,1,57.44064516129032
2024-12-01,SKU0071,WH04,343.0,1,57.44064516129032
2024-12-01,SKU0071,WH05,340.0,1,57.44064516129032
2024-12-01,SKU0072,WH01,280.0,4,149.79419354838709
2024-12-01,SKU0072,WH02,260.0,4,149.79419354838709
2024-12-01,SKU0072,WH03,259.0,4,149.79419354838709
2024-12-01,SKU0072,WH04,232.0,4,149.79419354838709
2024-12-01,SKU0072,WH05,261.0,4,149.79419354838709
2024-12-01,SKU0073,WH01,754.0,4,333.606129032258
2024-12-01,SKU0073,WH02,789.0,4,333.606129032258
2024-12-01,SKU0073,WH03,820.0,4,333.606129032258
2024-12-01,SKU0073,WH04,791.0,4,333.606129032258
2024-12-01,SKU0073,WH05,774.0,4,333.606129032258
2024-12-01,SKU0074,WH01,587.0,4,208.53419354838712
2024-12-01,SKU0074,WH02,610.0,4,208.53419354838712
2024-12-01,SKU0074,WH03,602.0,4,208.53419354838712
2024-12-01,SKU0074,WH04,628.0,4,208.53419354838712
2024-12-01,SKU0074,WH05,599.0,4,208.53419354838712
2024-12-01,SKU0075,WH01,147.0,2,324.06322580645167
2024-12-01,SKU0075,WH02,117.0,2,324.06322580645167
2024-12-01,SKU0075,WH03,118.0,2,324.06322580645167
2024-12-01,SKU0075,WH04,147.0,2,324.06322580645167
2024-12-01,SKU0075,WH05,160.0,2,324.06322580645167
2024-12-01,SKU0076,WH01,478.0,3,279.82193548387096
2024-12-01,SKU0076,WH02,439.0,3,279.82193548387096
2024-12-01,SKU0076,WH03,446.0,3,279.82193548387096
2024-12-01,SKU0076,WH04,425.0,3,279.82193548387096
2024-12-01,SKU0076,WH05,424.0,3,279.82193548387096
2024-12-01,SKU0077,WH01,275.0,1,168.0925806451613
2024-12-01,SKU0077,WH02,298.0,1,168.0925806451613
2024-12-01,SKU0077,WH03,324.0,1,168.0925806451613
2024-12-01,SKU0077,WH04,301.0,1,168.0925806451613
2024-12-01,SKU0077,WH05,279.0,1,168.0925806451613
2024-12-01,SKU0078,WH01,258.0,1,275.92709677419356
2024-12-01,SKU0078,WH02,278.0,1,275.92709677419356
2024-12-01,SKU0078,WH03,255.0,1,275.92709677419356
2024-12-01,SKU0078,WH04,244.0,1,275.92709677419356
2024-12-01,SKU0078,WH05,299.0,1,275.92709677419356
2024-12-01,SKU0079,WH01,26.0,1,16.034193548387094
2024-12-01,SKU0079,WH02,37.0,1,16.034193548387094
2024-12-01,SKU0079,WH03,30.0,1,16.034193548387094
2024-12-01,SKU0079,WH04,26.0,1,16.034193548387094
2024-12-01,SKU0079,WH05,33.0,1,16.034193548387094
2024-12-01,SKU0080,WH01,414.0,1,46.95806451612903
2024-12-01,SKU0080,WH02,415.0,1,46.95806451612903
2024-12-01,SKU0080,WH03,465.0,1,46.95806451612903
2024-12-01,SKU0080,WH04,390.0,1,46.95806451612903
2024-12-01,SKU0080,WH05,418.0,1,46.95806451612903
2025-01-01,SKU0001,WH01,638.0,1,46.47967741935484
2025-01-01,SKU0001,WH02,629.0,1,46.47967741935484
2025-01-01,SKU0001,WH03,622.0,1,46.47967741935484
2025-01-01,SKU0001,WH04,607.0,1,46.47967741935484
2025-01-01,SKU0001,WH05,661.0,1,46.47967741935484
2025-01-01,SKU0002,WH01,138.0,1,320.4032258064516
2025-01-01,SKU0002,WH02,160.0,1,320.4032258064516
2025-01-01,SKU0002,WH03,161.0,1,320.4032258064516
2025-01-01,SKU0002,WH04,160.0,1,320.4032258064516
2025-01-01,SKU0002,WH05,146.0,1,320.4032258064516
2025-01-01,SKU0003,WH01,1504.0,2,87.55806451612902
2025-01-01,SKU0003,WH02,1437.0,2,87.55806451612902
2025-01-01,SKU0003,WH03,1458.0,2,87.55806451612902
2025-01-01,SKU0003,WH04,1462.0,2,87.55806451612902
2025-01-01,SKU0003,WH05,1310.0,2,87.55806451612902
2025-01-01,SKU0004,WH01,3083.0,6,22.133548387096774
2025-01-01,SKU0004,WH02,3144.0,6,22.133548387096774
2025-01-01,SKU0004,WH03,2927.0,6,22.133548387096774
2025-01-01,SKU0004,WH04,3020.0,6,22.133548387096774
2025-01-01,SKU0004,WH05,3070.0,6,22.133548387096774
2025-01-01,SKU0005,WH01,656.0,2,197.36806451612904
2025-01-01,SKU0005,WH02,661.0,2,197.36806451612904
2025-01-01,SKU0005,WH03,654.0,2,197.36806451612904
2025-01-01,SKU0005,WH04,691.0,2,197.36806451612904
2025-01-01,SKU0005,WH05,637.0,2,197.36806451612904
2025-01-01,SKU0006,WH01,23.0,0,136.11
2025-01-01,SKU0006,WH02,32.0,0,136.11
2025-01-01,SKU0006,WH03,25.0,0,136.11
2025-01-01,SKU0006,WH04,18.0,0,136.11
2025-01-01,SKU0006,WH05,27.0,0,136.11
2025-01-01,SKU0007,WH01,468.0,1,290.7164516129032
2025-01-01,SKU0007,WH02,445.0,1,290.7164516129032
2025-01-01,SKU0007,WH03,471.0,1,290.7164516129032
2025-01-01,SKU0007,WH04,460.0,1,290.7164516129032
2025-01-01,SKU0007,WH05,494.0,1,290.7164516129032
2025-01-01,SKU0008,WH01,956.0,1,283.89129032258063
2025-01-01,SKU0008,WH02,940.0,1,283.89129032258063
2025-01-01,SKU0008,WH03,917.0,1,283.89129032258063
2025-01-01,SKU0008,WH04,920.0,1,283.89129032258063
2025-01-01,SKU0008,WH05,960.0,1,283.89129032258063
2025-01-01,SKU0009,WH01,1292.0,3,116.5
2025-01-01,SKU0009,WH02,1179.0,3,116.5
2025-01-01,SKU0009,WH03,1287.0,3,116.5
2025-01-01,SKU0009,WH04,1215.0,3,116.5
2025-01-01,SKU0009,WH05,1231.0,3,116.5
2025-01-01,SKU0010,WH01,270.0,4,328.0641935483871
2025-01-01,SKU0010,WH02,283.0,4,328.0641935483871
2025-01-01,SKU0010,WH03,241.0,4,328.0641935483871
2025-01-01,SKU0010,WH04,250.0,4,328.0641935483871
2025-01-01,SKU0010,WH05,271.0,4,328.0641935483871
2025-01-01,SKU0011,WH01,736.0,1,108.20741935483872
2025-01-01,SKU0011,WH02,675.0,1,108.20741935483872
2025-01-01,SKU0011,WH03,714.0,1,108.20741935483872
2025-01-01,SKU0011,WH04,690.0,1,108.20741935483872
2025-01-01,SKU0011,WH05,672.0,1,108.20741935483872
2025-01-01,SKU0012,WH01,356.0,3,183.62709677419357
2025-01-01,SKU0012,WH02,315.0,3,183.62709677419357
2025-01-01,SKU0012,WH03,323.0,3,183.62709677419357
2025-01-01,SKU0012,WH04,321.0,3,183.62709677419357
2025-01-01,SKU0012,WH05,344.0,3,183.62709677419357
2025-01-01,SKU0013,WH01,229.0,2,96.24774193548389
2025-01-01,SKU0013,WH02,244.0,2,96.24774193548389
2025-01-01,SKU0013,WH03,246.0,2,96.24774193548389
2025-01-01,SKU0013,WH04,228.0,2,96.24774193548389
2025-01-01,SKU0013,WH05,243.0,2,96.24774193548389
2025-01-01,SKU0014,WH01,129.0,3,325.0735483870968
2025-01-01,SKU0014,WH02,124.0,3,325.0735483870968
2025-01-01,SKU0014,WH03,135.0,3,325.0735483870968
2025-01-01,SKU0014,WH04,109.0,3,325.0735483870968
2025-01-01,SKU0014,WH05,112.0,3,325.0735483870968
2025-01-01,SKU0015,WH01,100.0,2,65.3316129032258
2025-01-01,SKU0015,WH02,91.0,2,65.3316129032258
2025-01-01,SKU0015,WH03,100.0,2,65.3316129032258
2025-01-01,SKU0015,WH04,82.0,2,65.3316129032258
2025-01-01,SKU0015,WH05,113.0,2,65.3316129032258
2025-01-01,SKU0016,WH01,1986.0,3,24.98483870967742
2025-01-01,SKU0016,WH02,2031.0,3,24.98483870967742
2025-01-01,SKU0016,WH03,1977.0,3,24.98483870967742
2025-01-01,SKU0016,WH04,1950.0,3,24.98483870967742
2025-01-01,SKU0016,WH05,2026.0,3,24.98483870967742
2025-01-01,SKU0017,WH01,353.0,3,155.89193548387098
2025-01-01,SKU0017,WH02,298.0,3,155.89193548387098
2025-01-01,SKU0017,WH03,319.0,3,155.89193548387098
2025-01-01,SKU0017,WH04,307.0,3,155.89193548387098
2025-01-01,SKU0017,WH05,321.0,3,155.89193548387098
2025-01-01,SKU0018,WH01,701.0,3,342.36709677419356
2025-01-01,SKU0018,WH02,736.0,3,342.36709677419356
2025-01-01,SKU0018,WH03,646.0,3,342.36709677419356
2025-01-01,SKU0018,WH04,748.0,3,342.36709677419356
2025-01-01,SKU0018,WH05,710.0,3,342.36709677419356
2025-01-01,SKU0019,WH01,820.0,1,312.15967741935486
2025-01-01,SKU0019,WH02,787.0,1,312.15967741935486
2025-01-01,SKU0019,WH03,762.0,1,312.15967741935486
2025-01-01,SKU0019,WH04,777.0,1,312.15967741935486
2025-01-01,SKU0019,WH05,784.0,1,312.15967741935486
2025-01-01,SKU0020,WH01,453.0,2,262.39677419354837
2025-01-01,SKU0020,WH02,506.0,2,262.39677419354837
2025-01-01,SKU0020,WH03,444.0,2,262.39677419354837
2025-01-01,SKU0020,WH04,495.0,2,262.39677419354837
2025-01-01,SKU0020,WH05,543.0,2,262.39677419354837
2025-01-01,SKU0021,WH01,166.0,3,309.33774193548385
2025-01-01,SKU0021,WH02,152.0,3,309.33774193548385
2025-01-01,SKU0021,WH03,145.0,3,309.33774193548385
2025-01-01,SKU0021,WH04,152.0,3,309.33774193548385
2025-01-01,SKU0021,WH05,136.0,3,309.33774193548385
2025-01-01,SKU0022,WH01,180.0,3,310.2270967741935
2025-01-01,SKU0022,WH02,176.0,3,310.2270967741935
2025-01-01,SKU0022,WH03,190.0,3,310.2270967741935
2025-01-01,SKU0022,WH04,198.0,3,310.2270967741935
2025-01-01,SKU0022,WH05,211.0,3,310.2270967741935
2025-01-01,SKU0023,WH01,329.0,5,182.5016129032258
2025-01-01,SKU0023,WH02,367.0,5,182.5016129032258
2025-01-01,SKU0023,WH03,356.0,5,182.5016129032258
2025-01-01,SKU0023,WH04,344.0,5,182.5016129032258
2025-01-01,SKU0023,WH05,315.0,5,182.5016129032258
2025-01-01,SKU0024,WH01,857.0,6,114.57967741935485
2025-01-01,SKU0024,WH02,840.0,6,114.57967741935485
2025-01-01,SKU0024,WH03,884.0,6,114.57967741935485
2025-01-01,SKU0024,WH04,970.0,6,114.57967741935485
2025-01-01,SKU0024,WH05,878.0,6,114.57967741935485
2025-01-01,SKU0025,WH01,772.0,6,266.3274193548387
2025-01-01,SKU0025,WH02,796.0,6,266.3274193548387
2025-01-01,SKU0025,WH03,749.0,6,266.3274193548387
2025-01-01,SKU0025,WH04,795.0,6,266.3274193548387
2025-01-01,SKU0025,WH05,808.0,6,266.3274193548387
2025-01-01,SKU0026,WH01,1525.0,3,231.5493548387097
2025-01-01,SKU0026,WH02,1473.0,3,231.5493548387097
2025-01-01,SKU0026,WH03,1439.0,3,231.5493548387097
2025-01-01,SKU0026,WH04,1579.0,3,231.5493548387097
2025-01-01,SKU0026,WH05,1574.0,3,231.5493548387097
2025-01-01,SKU0027,WH01,555.0,2,136.37709677419355
2025-01-01,SKU0027,WH02,499.0,2,136.37709677419355
2025-01-01,SKU0027,WH03,489.0,2,136.37709677419355
2025-01-01,SKU0027,WH04,583.0,2,136.37709677419355
2025-01-01,SKU0027,WH05,491.0,2,136.37709677419355
2025-01-01,SKU0028,WH01,257.0,0,42.12
2025-01-01,SKU0028,WH02,231.0,0,42.12
2025-01-01,SKU0028,WH03,283.0,0,42.12
2025-01-01,SKU0028,WH04,229.0,0,42.12
2025-01-01,SKU0028,WH05,245.0,0,42.12
2025-01-01,SKU0029,WH01,340.0,1,263.05870967741936
2025-01-01,SKU0029,WH02,336.0,1,263.05870967741936
2025-01-01,SKU0029,WH03,306.0,1,263.05870967741936
2025-01-01,SKU0029,WH04,318.0,1,263.05870967741936
2025-01-01,SKU0029,WH05,330.0,1,263.05870967741936
2025-01-01,SKU0030,WH01,569.0,0,99.24
2025-01-01,SKU0030,WH02,546.0,0,99.24
2025-01-01,SKU0030,WH03,555.0,0,99.24
2025-01-01,SKU0030,WH04,575.0,0,99.24
2025-01-01,SKU0030,WH05,541.0,0,99.24
2025-01-01,SKU0031,WH01,289.0,2,325.8706451612903
2025-01-01,SKU0031,WH02,340.0,2,325.8706451612903
2025-01-01,SKU0031,WH03,297.0,2,325.8706451612903
2025-01-01,SKU0031,WH04,310.0,2,325.8706451612903
2025-01-01,SKU0031,WH05,299.0,2,325.8706451612903
2025-01-01,SKU0032,WH01,306.0,3,91.04032258064517
2025-01-01,SKU0032,WH02,319.0,3,91.04032258064517
2025-01-01,SKU0032,WH03,326.0,3,91.04032258064517
2025-01-01,SKU0032,WH04,312.0,3,91.04032258064517
2025-01-01,SKU0032,WH05,328.0,3,91.04032258064517
2025-01-01,SKU0033,WH01,113.0,2,51.57290322580645
2025-01-01,SKU0033,WH02,129.0,2,51.57290322580645
2025-01-01,SKU0033,WH03,123.0,2,51.57290322580645
2025-01-01,SKU0033,WH04,128.0,2,51.57290322580645
2025-01-01,SKU0033,WH05,145.0,2,51.57290322580645
2025-01-01,SKU0034,WH01,172.0,2,289.74838709677414
2025-01-01,SKU0034,WH02,166.0,2,289.74838709677414
2025-01-01,SKU0034,WH03,167.0,2,289.74838709677414
2025-01-01,SKU0034,WH04,192.0,2,289.74838709677414
2025-01-01,SKU0034,WH05,190.0,2,289.74838709677414
2025-01-01,SKU0035,WH01,160.0,1,61.71935483870968
2025-01-01,SKU0035,WH02,161.0,1,61.71935483870968
2025-01-01,SKU0035,WH03,162.0,1,61.71935483870968
2025-01-01,SKU0035,WH04,185.0,1,61.71935483870968
2025-01-01,SKU0035,WH05,165.0,1,61.71935483870968
2025-01-01,SKU0036,WH01,181.0,6,69.2341935483871
2025-01-01,SKU0036,WH02,207.0,6,69.2341935483871
2025-01-01,SKU0036,WH03,216.0,6,69.2341935483871
2025-01-01,SKU0036,WH04,185.0,6,69.2341935483871
2025-01-01,SKU0036,WH05,179.0,6,69.2341935483871
2025-01-01,SKU0037,WH01,16.0,3,210.68645161290323
2025-01-01,SKU0037,WH02,18.0,3,210.68645161290323
2025-01-01,SKU0037,WH03,17.0,3,210.68645161290323
2025-01-01,SKU0037,WH04,19.0,3,210.68645161290323
2025-01-01,SKU0037,WH05,16.0,3,210.68645161290323
2025-01-01,SKU0038,WH01,569.0,2,305.3674193548388
2025-01-01,SKU0038,WH02,508.0,2,305.3674193548388
2025-01-01,SKU0038,WH03,548.0,2,305.3674193548388
2025-01-01,SKU0038,WH04,474.0,2,305.3674193548388
2025-01-01,SKU0038,WH05,535.0,2,305.3674193548388
2025-01-01,SKU0039,WH01,230.0,3,76.0467741935484
2025-01-01,SKU0039,WH02,261.0,3,76.0467741935484
2025-01-01,SKU0039,WH03,269.0,3,76.0467741935484
2025-01-01,SKU0039,WH04,278.0,3,76.0467741935484
2025-01-01,SKU0039,WH05,268.0,3,76.0467741935484
2025-01-01,SKU0040,WH01,152.0,0,115.51
2025-01-01,SKU0040,WH02,167.0,0,115.51
2025-01-01,SKU0040,WH03,180.0,0,115.51
2025-01-01,SKU0040,WH04,188.0,0,115.51
2025-01-01,SKU0040,WH05,201.0,0,115.51
2025-01-01,SKU0041,WH01,28.0,1,273.8774193548387
2025-01-01,SKU0041,WH02,29.0,1,273.8774193548387
2025-01-01,SKU0041,WH03,31.0,1,273.8774193548387
2025-01-01,SKU0041,WH04,28.0,1,273.8774193548387
2025-01-01,SKU0041,WH05,37.0,1,273.8774193548387
2025-01-01,SKU0042,WH01,666.0,2,338.22387096774196
2025-01-01,SKU0042,WH02,610.0,2,338.22387096774196
2025-01-01,SKU0042,WH03,690.0,2,338.22387096774196
2025-01-01,SKU0042,WH04,687.0,2,338.22387096774196
2025-01-01,SKU0042,WH05,631.0,2,338.22387096774196
2025-01-01,SKU0043,WH01,84.0,2,178.79612903225808
2025-01-01,SKU0043,WH02,58.0,2,178.79612903225808
2025-01-01,SKU0043,WH03,71.0,2,178.79612903225808
2025-01-01,SKU0043,WH04,86.0,2,178.79612903225808
2025-01-01,SKU0043,WH05,70.0,2,178.79612903225808
2025-01-01,SKU0044,WH01,100.0,4,57.78935483870968
2025-01-01,SKU0044,WH02,109.0,4,57.78935483870968
2025-01-01,SKU0044,WH03,100.0,4,57.78935483870968
2025-01-01,SKU0044,WH04,108.0,4,57.78935483870968
2025-01-01,SKU0044,WH05,107.0,4,57.78935483870968
2025-01-01,SKU0045,WH01,1551.0,3,14.526129032258064
2025-01-01,SKU0045,WH02,1600.0,3,14.526129032258064
2025-01-01,SKU0045,WH03,1565.0,3,14.526129032258064
2025-01-01,SKU0045,WH04,1538.0,3,14.526129032258064
2025-01-01,SKU0045,WH05,1575.0,3,14.526129032258064
2025-01-01,SKU0046,WH01,1456.0,1,87.65387096774194
2025-01-01,SKU0046,WH02,1389.0,1,87.65387096774194
2025-01-01,SKU0046,WH03,1281.0,1,87.65387096774194
2025-01-01,SKU0046,WH04,1368.0,1,87.65387096774194
2025-01-01,SKU0046,WH05,1434.0,1,87.65387096774194
2025-01-01,SKU0047,WH01,105.0,5,53.84774193548387
2025-01-01,SKU0047,WH02,113.0,5,53.84774193548387
2025-01-01,SKU0047,WH03,98.0,5,53.84774193548387
2025-01-01,SKU0047,WH04,93.0,5,53.84774193548387
2025-01-01,SKU0047,WH05,72.0,5,53.84774193548387
2025-01-01,SKU0048,WH01,19.0,6,235.3593548387097
2025-01-01,SKU0048,WH02,21.0,6,235.3593548387097
2025-01-01,SKU0048,WH03,12.0,6,235.3593548387097
2025-01-01,SKU0048,WH04,16.0,6,235.3593548387097
2025-01-01,SKU0048,WH05,11.0,6,235.3593548387097
2025-01-01,SKU0049,WH01,391.0,3,50.75677419354838
2025-01-01,SKU0049,WH02,344.0,3,50.75677419354838
2025-01-01,SKU0049,WH03,279.0,3,50.75677419354838
2025-01-01,SKU0049,WH04,344.0,3,50.75677419354838
2025-01-01,SKU0049,WH05,332.0,3,50.75677419354838
2025-01-01,SKU0050,WH01,523.0,5,178.33129032258066
2025-01-01,SKU0050,WH02,536.0,5,178.33129032258066
2025-01-01,SKU0050,WH03,616.0,5,178.33129032258066
2025-01-01,SKU0050,WH04,554.0,5,178.33129032258066
2025-01-01,SKU0050,WH05,613.0,5,178.33129032258066
2025-01-01,SKU0051,WH01,20.0,4,242.87548387096777
2025-01-01,SKU0051,WH02,19.0,4,242.87548387096777
2025-01-01,SKU0051,WH03,19.0,4,242.87548387096777
2025-01-01,SKU0051,WH04,17.0,4,242.87548387096777
2025-01-01,SKU0051,WH05,13.0,4,242.87548387096777
2025-01-01,SKU0052,WH01,788.0,3,205.23612903225808
2025-01-01,SKU0052,WH02,817.0,3,205.23612903225808
2025-01-01,SKU0052,WH03,867.0,3,205.23612903225808
2025-01-01,SKU0052,WH04,833.0,3,205.23612903225808
2025-01-01,SKU0052,WH05,870.0,3,205.23612903225808
2025-01-01,SKU0053,WH01,88.0,4,76.91451612903225
2025-01-01,SKU0053,WH02,112.0,4,76.91451612903225
2025-01-01,SKU0053,WH03,102.0,4,76.91451612903225
2025-01-01,SKU0053,WH04,89.0,4,76.91451612903225
2025-01-01,SKU0053,WH05,91.0,4,76.91451612903225
2025-01-01,SKU0054,WH01,440.0,1,282.48580645161286
2025-01-01,SKU0054,WH02,446.0,1,282.48580645161286
2025-01-01,SKU0054,WH03,454.0,1,282.48580645161286
2025-01-01,SKU0054,WH04,413.0,1,282.48580645161286
2025-01-01,SKU0054,WH05,446.0,1,282.48580645161286
2025-01-01,SKU0055,WH01,752.0,3,251.60645161290324
2025-01-01,SKU0055,WH02,713.0,3,251.60645161290324
2025-01-01,SKU0055,WH03,669.0,3,251.60645161290324
2025-01-01,SKU0055,WH04,719.0,3,251.60645161290324
2025-01-01,SKU0055,WH05,721.0,3,251.60645161290324
2025-01-01,SKU0056,WH01,31.0,4,257.0358064516129
2025-01-01,SKU0056,WH02,41.0,4,257.0358064516129
2025-01-01,SKU0056,WH03,24.0,4,257.0358064516129
2025-01-01,SKU0056,WH04,32.0,4,257.0358064516129
2025-01-01,SKU0056,WH05,24.0,4,257.0358064516129
2025-01-01,SKU0057,WH01,193.0,2,54.207741935483874
2025-01-01,SKU0057,WH02,215.0,2,54.207741935483874
2025-01-01,SKU0057,WH03,220.0,2,54.207741935483874
2025-01-01,SKU0057,WH04,190.0,2,54.207741935483874
2025-01-01,SKU0057,WH05,201.0,2,54.207741935483874
2025-01-01,SKU0058,WH01,934.0,1,51.91193548387098
2025-01-01,SKU0058,WH02,970.0,1,51.91193548387098
2025-01-01,SKU0058,WH03,908.0,1,51.91193548387098
2025-01-01,SKU0058,WH04,952.0,1,51.91193548387098
2025-01-01,SKU0058,WH05,988.0,1,51.91193548387098
2025-01-01,SKU0059,WH01,760.0,5,319.07193548387096
2025-01-01,SKU0059,WH02,810.0,5,319.07193548387096
2025-01-01,SKU0059,WH03,763.0,5,319.07193548387096
2025-01-01,SKU0059,WH04,728.0,5,319.07193548387096
2025-01-01,SKU0059,WH05,802.0,5,319.07193548387096
2025-01-01,SKU0060,WH01,361.0,3,143.77483870967743
2025-01-01,SKU0060,WH02,320.0,3,143.77483870967743
2025-01-01,SKU0060,WH03,347.0,3,143.77483870967743
2025-01-01,SKU0060,WH04,343.0,3,143.77483870967743
2025-01-01,SKU0060,WH05,353.0,3,143.77483870967743
2025-01-01,SKU0061,WH01,466.0,4,110.50838709677419
2025-01-01,SKU0061,WH02,518.0,4,110.50838709677419
2025-01-01,SKU0061,WH03,565.0,4,110.50838709677419
2025-01-01,SKU0061,WH04,575.0,4,110.50838709677419
2025-01-01,SKU0061,WH05,565.0,4,110.50838709677419
2025-01-01,SKU0062,WH01,1293.0,6,172.71129032258065
2025-01-01,SKU0062,WH02,1272.0,6,172.71129032258065
2025-01-01,SKU0062,WH03,1328.0,6,172.71129032258065
2025-01-01,SKU0062,WH04,1266.0,6,172.71129032258065
2025-01-01,SKU0062,WH05,1242.0,6,172.71129032258065
2025-01-01,SKU0063,WH01,383.0,0,235.37
2025-01-01,SKU0063,WH02,374.0,0,235.37
2025-01-01,SKU0063,WH03,386.0,0,235.37
2025-01-01,SKU0063,WH04,358.0,0,235.37
2025-01-01,SKU0063,WH05,346.0,0,235.37
2025-01-01,SKU0064,WH01,252.0,1,333.2893548387097
2025-01-01,SKU0064,WH02,247.0,1,333.2893548387097
2025-01-01,SKU0064,WH03,224.0,1,333.2893548387097
2025-01-01,SKU0064,WH04,267.0,1,333.2893548387097
2025-01-01,SKU0064,WH05,247.0,1,333.2893548387097
2025-01-01,SKU0065,WH01,1388.0,2,106.87032258064517
2025-01-01,SKU0065,WH02,1368.0,2,106.87032258064517
2025-01-01,SKU0065,WH03,1412.0,2,106.87032258064517
2025-01-01,SKU0065,WH04,1441.0,2,106.87032258064517
2025-01-01,SKU0065,WH05,1427.0,2,106.87032258064517
2025-01-01,SKU0066,WH01,302.0,4,319.7209677419355
2025-01-01,SKU0066,WH02,327.0,4,319.7209677419355
2025-01-01,SKU0066,WH03,284.0,4,319.7209677419355
2025-01-01,SKU0066,WH04,313.0,4,319.7209677419355
2025-01-01,SKU0066,WH05,261.0,4,319.7209677419355
2025-01-01,SKU0067,WH01,1253.0,2,18.271612903225805
2025-01-01,SKU0067,WH02,1207.0,2,18.271612903225805
2025-01-01,SKU0067,WH03,1279.0,2,18.271612903225805
2025-01-01,SKU0067,WH04,1268.0,2,18.271612903225805
2025-01-01,SKU0067,WH05,1209.0,2,18.271612903225805
2025-01-01,SKU0068,WH01,52.0,4,195.56387096774196
2025-01-01,SKU0068,WH02,55.0,4,195.56387096774196
2025-01-01,SKU0068,WH03,51.0,4,195.56387096774196
2025-01-01,SKU0068,WH04,64.0,4,195.56387096774196
2025-01-01,SKU0068,WH05,48.0,4,195.56387096774196
2025-01-01,SKU0069,WH01,512.0,3,222.64000000000004
2025-01-01,SKU0069,WH02,553.0,3,222.64000000000004
2025-01-01,SKU0069,WH03,492.0,3,222.64000000000004
2025-01-01,SKU0069,WH04,544.0,3,222.64000000000004
2025-01-01,SKU0069,WH05,555.0,3,222.64000000000004
2025-01-01,SKU0070,WH01,441.0,3,45.56483870967742
2025-01-01,SKU0070,WH02,493.0,3,45.56483870967742
2025-01-01,SKU0070,WH03,484.0,3,45.56483870967742
2025-01-01,SKU0070,WH04,457.0,3,45.56483870967742
2025-01-01,SKU0070,WH05,474.0,3,45.56483870967742
2025-01-01,SKU0071,WH01,413.0,3,57.16129032258065
2025-01-01,SKU0071,WH02,385.0,3,57.16129032258065
2025-01-01,SKU0071,WH03,399.0,3,57.16129032258065
2025-01-01,SKU0071,WH04,392.0,3,57.16129032258065
2025-01-01,SKU0071,WH05,377.0,3,57.16129032258065
2025-01-01,SKU0072,WH01,271.0,1,152.00806451612902
2025-01-01,SKU0072,WH02,296.0,1,152.00806451612902
2025-01-01,SKU0072,WH03,240.0,1,152.00806451612902
2025-01-01,SKU0072,WH04,277.0,1,152.00806451612902
2025-01-01,SKU0072,WH05,239.0,1,152.00806451612902
2025-01-01,SKU0073,WH01,809.0,4,332.5138709677419
2025-01-01,SKU0073,WH02,887.0,4,332.5138709677419
2025-01-01,SKU0073,WH03,837.0,4,332.5138709677419
2025-01-01,SKU0073,WH04,889.0,4,332.5138709677419
2025-01-01,SKU0073,WH05,836.0,4,332.5138709677419
2025-01-01,SKU0074,WH01,653.0,3,210.24903225806452
2025-01-01,SKU0074,WH02,623.0,3,210.24903225806452
2025-01-01,SKU0074,WH03,663.0,3,210.24903225806452
2025-01-01,SKU0074,WH04,633.0,3,210.24903225806452
2025-01-01,SKU0074,WH05,637.0,3,210.24903225806452
2025-01-01,SKU0075,WH01,156.0,3,324.5912903225806
2025-01-01,SKU0075,WH02,166.0,3,324.5912903225806
2025-01-01,SKU0075,WH03,151.0,3,324.5912903225806
2025-01-01,SKU0075,WH04,156.0,3,324.5912903225806
2025-01-01,SKU0075,WH05,148.0,3,324.5912903225806
2025-01-01,SKU0076,WH01,509.0,2,280.73645161290324
2025-01-01,SKU0076,WH02,451.0,2,280.73645161290324
2025-01-01,SKU0076,WH03,522.0,2,280.73645161290324
2025-01-01,SKU0076,WH04,475.0,2,280.73645161290324
2025-01-01,SKU0076,WH05,476.0,2,280.73645161290324
2025-01-01,SKU0077,WH01,331.0,2,167.82032258064518
2025-01-01,SKU0077,WH02,360.0,2,167.82032258064518
2025-01-01,SKU0077,WH03,335.0,2,167.82032258064518
2025-01-01,SKU0077,WH04,301.0,2,167.82032258064518
2025-01-01,SKU0077,WH05,328.0,2,167.82032258064518
2025-01-01,SKU0078,WH01,276.0,1,276.3735483870968
2025-01-01,SKU0078,WH02,286.0,1,276.3735483870968
2025-01-01,SKU0078,WH03,292.0,1,276.3735483870968
2025-01-01,SKU0078,WH04,311.0,1,276.3735483870968
2025-01-01,SKU0078,WH05,283.0,1,276.3735483870968
2025-01-01,SKU0079,WH01,28.0,2,16.008387096774193
2025-01-01,SKU0079,WH02,34.0,2,16.008387096774193
2025-01-01,SKU0079,WH03,31.0,2,16.008387096774193
2025-01-01,SKU0079,WH04,34.0,2,16.008387096774193
2025-01-01,SKU0079,WH05,32.0,2,16.008387096774193
2025-01-01,SKU0080,WH01,485.0,3,46.578064516129025
2025-01-01,SKU0080,WH02,497.0,3,46.578064516129025
2025-01-01,SKU0080,WH03,484.0,3,46.578064516129025
2025-01-01,SKU0080,WH04,491.0,3,46.578064516129025
2025-01-01,SKU0080,WH05,521.0,3,46.578064516129025
2025-02-01,SKU0001,WH01,592.0,2,46.297142857142866
2025-02-01,SKU0001,WH02,634.0,2,46.297142857142866
2025-02-01,SKU0001,WH03,619.0,2,46.297142857142866
2025-02-01,SKU0001,WH04,601.0,2,46.297142857142866
2025-02-01,SKU0001,WH05,609.0,2,46.297142857142866
2025-02-01,SKU0002,WH01,156.0,5,313.9778571428571
2025-02-01,SKU0002,WH02,168.0,5,313.9778571428571
2025-02-01,SKU0002,WH03,170.0,5,313.9778571428571
2025-02-01,SKU0002,WH04,178.0,5,313.9778571428571
2025-02-01,SKU0002,WH05,167.0,5,313.9778571428571
2025-02-01,SKU0003,WH01,1631.0,7,85.43285714285715
2025-02-01,SKU0003,WH02,1675.0,7,85.43285714285715
2025-02-01,SKU0003,WH03,1573.0,7,85.43285714285715
2025-02-01,SKU0003,WH04,1722.0,7,85.43285714285715
2025-02-01,SKU0003,WH05,1547.0,7,85.43285714285715
2025-02-01,SKU0004,WH01,2882.0,4,22.354999999999997
2025-02-01,SKU0004,WH02,2857.0,4,22.354999999999997
2025-02-01,SKU0004,WH03,2612.0,4,22.354999999999997
2025-02-01,SKU0004,WH04,2641.0,4,22.354999999999997
2025-02-01,SKU0004,WH05,2784.0,4,22.354999999999997
2025-02-01,SKU0005,WH01,580.0,1,197.94035714285715
2025-02-01,SKU0005,WH02,627.0,1,197.94035714285715
2025-02-01,SKU0005,WH03,617.0,1,197.94035714285715
2025-02-01,SKU0005,WH04,648.0,1,197.94035714285715
2025-02-01,SKU0005,WH05,568.0,1,197.94035714285715
2025-02-01,SKU0006,WH01,18.0,4,132.95035714285714
2025-02-01,SKU0006,WH02,22.0,4,132.95035714285714
2025-02-01,SKU0006,WH03,28.0,4,132.95035714285714
2025-02-01,SKU0006,WH04,20.0,4,132.95035714285714
2025-02-01,SKU0006,WH05,23.0,4,132.95035714285714
2025-02-01,SKU0007,WH01,493.0,1,290.565
2025-02-01,SKU0007,WH02,471.0,1,290.565
2025-02-01,SKU0007,WH03,455.0,1,290.565
2025-02-01,SKU0007,WH04,455.0,1,290.565
2025-02-01,SKU0007,WH05,426.0,1,290.565
2025-02-01,SKU0008,WH01,835.0,0,284.81
2025-02-01,SKU0008,WH02,839.0,0,284.81
2025-02-01,SKU0008,WH03,887.0,0,284.81
2025-02-01,SKU0008,WH04,869.0,0,284.81
2025-02-01,SKU0008,WH05,936.0,0,284.81
2025-02-01,SKU0009,WH01,1050.0,1,116.98821428571429
2025-02-01,SKU0009,WH02,1070.0,1,116.98821428571429
2025-02-01,SKU0009,WH03,1157.0,1,116.98821428571429
2025-02-01,SKU0009,WH04,1153.0,1,116.98821428571429
2025-02-01,SKU0009,WH05,1168.0,1,116.98821428571429
2025-02-01,SKU0010,WH01,264.0,2,331.6042857142857
2025-02-01,SKU0010,WH02,237.0,2,331.6042857142857
2025-02-01,SKU0010,WH03,262.0,2,331.6042857142857
2025-02-01,SKU0010,WH04,245.0,2,331.6042857142857
2025-02-01,SKU0010,WH05,247.0,2,331.6042857142857
2025-02-01,SKU0011,WH01,799.0,5,106.18714285714286
2025-02-01,SKU0011,WH02,787.0,5,106.18714285714286
2025-02-01,SKU0011,WH03,711.0,5,106.18714285714286
2025-02-01,SKU0011,WH04,747.0,5,106.18714285714286
2025-02-01,SKU0011,WH05,790.0,5,106.18714285714286
2025-02-01,SKU0012,WH01,295.0,2,182.8060714285714
2025-02-01,SKU0012,WH02,316.0,2,182.8060714285714
2025-02-01,SKU0012,WH03,310.0,2,182.8060714285714
2025-02-01,SKU0012,WH04,269.0,2,182.8060714285714
2025-02-01,SKU0012,WH05,339.0,2,182.8060714285714
2025-02-01,SKU0013,WH01,201.0,0,97.03000000000002
2025-02-01,SKU0013,WH02,205.0,0,97.03000000000002
2025-02-01,SKU0013,WH03,227.0,0,97.03000000000002
2025-02-01,SKU0013,WH04,221.0,0,97.03000000000002
2025-02-01,SKU0013,WH05,205.0,0,97.03000000000002
2025-02-01,SKU0014,WH01,113.0,3,323.5607142857143
2025-02-01,SKU0014,WH02,128.0,3,323.5607142857143
2025-02-01,SKU0014,WH03,103.0,3,323.5607142857143
2025-02-01,SKU0014,WH04,123.0,3,323.5607142857143
2025-02-01,SKU0014,WH05,115.0,3,323.5607142857143
2025-02-01,SKU0015,WH01,93.0,3,65.14535714285714
2025-02-01,SKU0015,WH02,107.0,3,65.14535714285714
2025-02-01,SKU0015,WH03,97.0,3,65.14535714285714
2025-02-01,SKU0015,WH04,94.0,3,65.14535714285714
2025-02-01,SKU0015,WH05,124.0,3,65.14535714285714
2025-02-01,SKU0016,WH01,1989.0,3,24.953928571428573
2025-02-01,SKU0016,WH02,1911.0,3,24.953928571428573
2025-02-01,SKU0016,WH03,2085.0,3,24.953928571428573
2025-02-01,SKU0016,WH04,2043.0,3,24.953928571428573
2025-02-01,SKU0016,WH05,1899.0,3,24.953928571428573
2025-02-01,SKU0017,WH01,292.0,2,157.08392857142857
2025-02-01,SKU0017,WH02,283.0,2,157.08392857142857
2025-02-01,SKU0017,WH03,285.0,2,157.08392857142857
2025-02-01,SKU0017,WH04,287.0,2,157.08392857142857
2025-02-01,SKU0017,WH05,317.0,2,157.08392857142857
2025-02-01,SKU0018,WH01,671.0,3,342.44714285714286
2025-02-01,SKU0018,WH02,730.0,3,342.44714285714286
2025-02-01,SKU0018,WH03,679.0,3,342.44714285714286
2025-02-01,SKU0018,WH04,628.0,3,342.44714285714286
2025-02-01,SKU0018,WH05,709.0,3,342.44714285714286
2025-02-01,SKU0019,WH01,769.0,3,310.37357142857144
2025-02-01,SKU0019,WH02,814.0,3,310.37357142857144
2025-02-01,SKU0019,WH03,790.0,3,310.37357142857144
2025-02-01,SKU0019,WH04,841.0,3,310.37357142857144
2025-02-01,SKU0019,WH05,808.0,3,310.37357142857144
2025-02-01,SKU0020,WH01,510.0,3,261.2232142857143
2025-02-01,SKU0020,WH02,512.0,3,261.2232142857143
2025-02-01,SKU0020,WH03,459.0,3,261.2232142857143
2025-02-01,SKU0020,WH04,483.0,3,261.2232142857143
2025-02-01,SKU0020,WH05,459.0,3,261.2232142857143
2025-02-01,SKU0021,WH01,138.0,4,308.40035714285716
2025-02-01,SKU0021,WH02,121.0,4,308.40035714285716
2025-02-01,SKU0021,WH03,129.0,4,308.40035714285716
2025-02-01,SKU0021,WH04,131.0,4,308.40035714285716
2025-02-01,SKU0021,WH05,136.0,4,308.40035714285716
2025-02-01,SKU0022,WH01,176.0,2,311.5285714285714
2025-02-01,SKU0022,WH02,180.0,2,311.5285714285714
2025-02-01,SKU0022,WH03,212.0,2,311.5285714285714
2025-02-01,SKU0022,WH04,155.0,2,311.5285714285714
2025-02-01,SKU0022,WH05,162.0,2,311.5285714285714
2025-02-01,SKU0023,WH01,359.0,6,181.0842857142857
2025-02-01,SKU0023,WH02,371.0,6,181.0842857142857
2025-02-01,SKU0023,WH03,370.0,6,181.0842857142857
2025-02-01,SKU0023,WH04,342.0,6,181.0842857142857
2025-02-01,SKU0023,WH05,324.0,6,181.0842857142857
2025-02-01,SKU0024,WH01,829.0,3,115.53321428571428
2025-02-01,SKU0024,WH02,828.0,3,115.53321428571428
2025-02-01,SKU0024,WH03,795.0,3,115.53321428571428
2025-02-01,SKU0024,WH04,856.0,3,115.53321428571428
2025-02-01,SKU0024,WH05,807.0,3,115.53321428571428
2025-02-01,SKU0025,WH01,686.0,1,271.50678571428574
2025-02-01,SKU0025,WH02,684.0,1,271.50678571428574
2025-02-01,SKU0025,WH03,708.0,1,271.50678571428574
2025-02-01,SKU0025,WH04,725.0,1,271.50678571428574
2025-02-01,SKU0025,WH05,708.0,1,271.50678571428574
2025-02-01,SKU0026,WH01,1559.0,4,230.34464285714287
2025-02-01,SKU0026,WH02,1566.0,4,230.34464285714287
2025-02-01,SKU0026,WH03,1587.0,4,230.34464285714287
2025-02-01,SKU0026,WH04,1582.0,4,230.34464285714287
2025-02-01,SKU0026,WH05,1555.0,4,230.34464285714287
2025-02-01,SKU0027,WH01,510.0,1,136.55071428571426
2025-02-01,SKU0027,WH02,469.0,1,136.55071428571426
2025-02-01,SKU0027,WH03,477.0,1,136.55071428571426
2025-02-01,SKU0027,WH04,481.0,1,136.55071428571426
2025-02-01,SKU0027,WH05,495.0,1,136.55071428571426
2025-02-01,SKU0028,WH01,263.0,3,41.59357142857142
2025-02-01,SKU0028,WH02,278.0,3,41.59357142857142
2025-02-01,SKU0028,WH03,228.0,3,41.59357142857142
2025-02-01,SKU0028,WH04,231.0,3,41.59357142857142
2025-02-01,SKU0028,WH05,263.0,3,41.59357142857142
2025-02-01,SKU0029,WH01,337.0,3,261.0821428571429
2025-02-01,SKU0029,WH02,287.0,3,261.0821428571429
2025-02-01,SKU0029,WH03,353.0,3,261.0821428571429
2025-02-01,SKU0029,WH04,350.0,3,261.0821428571429
2025-02-01,SKU0029,WH05,317.0,3,261.0821428571429
2025-02-01,SKU0030,WH01,637.0,4,97.46821428571427
2025-02-01,SKU0030,WH02,582.0,4,97.46821428571427
2025-02-01,SKU0030,WH03,599.0,4,97.46821428571427
2025-02-01,SKU0030,WH04,593.0,4,97.46821428571427
2025-02-01,SKU0030,WH05,583.0,4,97.46821428571427
2025-02-01,SKU0031,WH01,316.0,1,326.75999999999993
2025-02-01,SKU0031,WH02,336.0,1,326.75999999999993
2025-02-01,SKU0031,WH03,276.0,1,326.75999999999993
2025-02-01,SKU0031,WH04,278.0,1,326.75999999999993
2025-02-01,SKU0031,WH05,310.0,1,326.75999999999993
2025-02-01,SKU0032,WH01,282.0,1,91.60178571428573
2025-02-01,SKU0032,WH02,318.0,1,91.60178571428573
2025-02-01,SKU0032,WH03,245.0,1,91.60178571428573
2025-02-01,SKU0032,WH04,325.0,1,91.60178571428573
2025-02-01,SKU0032,WH05,287.0,1,91.60178571428573
2025-02-01,SKU0033,WH01,137.0,1,51.370357142857145
2025-02-01,SKU0033,WH02,116.0,1,51.370357142857145
2025-02-01,SKU0033,WH03,119.0,1,51.370357142857145
2025-02-01,SKU0033,WH04,148.0,1,51.370357142857145
2025-02-01,SKU0033,WH05,148.0,1,51.370357142857145
2025-02-01,SKU0034,WH01,202.0,2,289.9675
2025-02-01,SKU0034,WH02,176.0,2,289.9675
2025-02-01,SKU0034,WH03,130.0,2,289.9675
2025-02-01,SKU0034,WH04,160.0,2,289.9675
2025-02-01,SKU0034,WH05,182.0,2,289.9675
2025-02-01,SKU0035,WH01,153.0,1,61.89821428571428
2025-02-01,SKU0035,WH02,141.0,1,61.89821428571428
2025-02-01,SKU0035,WH03,159.0,1,61.89821428571428
2025-02-01,SKU0035,WH04,166.0,1,61.89821428571428
2025-02-01,SKU0035,WH05,187.0,1,61.89821428571428
2025-02-01,SKU0036,WH01,165.0,3,69.93678571428572
2025-02-01,SKU0036,WH02,141.0,3,69.93678571428572
2025-02-01,SKU0036,WH03,155.0,3,69.93678571428572
2025-02-01,SKU0036,WH04,176.0,3,69.93678571428572
2025-02-01,SKU0036,WH05,171.0,3,69.93678571428572
2025-02-01,SKU0037,WH01,23.0,1,213.02642857142857
2025-02-01,SKU0037,WH02,22.0,1,213.02642857142857
2025-02-01,SKU0037,WH03,19.0,1,213.02642857142857
2025-02-01,SKU0037,WH04,12.0,1,213.02642857142857
2025-02-01,SKU0037,WH05,26.0,1,213.02642857142857
2025-02-01,SKU0038,WH01,501.0,0,307.35
2025-02-01,SKU0038,WH02,525.0,0,307.35
2025-02-01,SKU0038,WH03,541.0,0,307.35
2025-02-01,SKU0038,WH04,512.0,0,307.35
2025-02-01,SKU0038,WH05,469.0,0,307.35
2025-02-01,SKU0039,WH01,246.0,1,76.65285714285714
2025-02-01,SKU0039,WH02,260.0,1,76.65285714285714
2025-02-01,SKU0039,WH03,251.0,1,76.65285714285714
2025-02-01,SKU0039,WH04,228.0,1,76.65285714285714
2025-02-01,SKU0039,WH05,258.0,1,76.65285714285714
2025-02-01,SKU0040,WH01,176.0,0,115.51
2025-02-01,SKU0040,WH02,161.0,0,115.51
2025-02-01,SKU0040,WH03,187.0,0,115.51
2025-02-01,SKU0040,WH04,156.0,0,115.51
2025-02-01,SKU0040,WH05,151.0,0,115.51
2025-02-01,SKU0041,WH01,22.0,4,269.4214285714286
2025-02-01,SKU0041,WH02,23.0,4,269.4214285714286
2025-02-01,SKU0041,WH03,23.0,4,269.4214285714286
2025-02-01,SKU0041,WH04,30.0,4,269.4214285714286
2025-02-01,SKU0041,WH05,34.0,4,269.4214285714286
2025-02-01,SKU0042,WH01,691.0,3,336.77285714285716
2025-02-01,SKU0042,WH02,659.0,3,336.77285714285716
2025-02-01,SKU0042,WH03,728.0,3,336.77285714285716
2025-02-01,SKU0042,WH04,631.0,3,336.77285714285716
2025-02-01,SKU0042,WH05,722.0,3,336.77285714285716
2025-02-01,SKU0043,WH01,69.0,1,179.60607142857143
2025-02-01,SKU0043,WH02,63.0,1,179.60607142857143
2025-02-01,SKU0043,WH03,59.0,1,179.60607142857143
2025-02-01,SKU0043,WH04,61.0,1,179.60607142857143
2025-02-01,SKU0043,WH05,69.0,1,179.60607142857143
2025-02-01,SKU0044,WH01,87.0,1,58.71964285714286
2025-02-01,SKU0044,WH02,80.0,1,58.71964285714286
2025-02-01,SKU0044,WH03,85.0,1,58.71964285714286
2025-02-01,SKU0044,WH04,74.0,1,58.71964285714286
2025-02-01,SKU0044,WH05,95.0,1,58.71964285714286
2025-02-01,SKU0045,WH01,1410.0,1,14.6875
2025-02-01,SKU0045,WH02,1536.0,1,14.6875
2025-02-01,SKU0045,WH03,1503.0,1,14.6875
2025-02-01,SKU0045,WH04,1467.0,1,14.6875
2025-02-01,SKU0045,WH05,1306.0,1,14.6875
2025-02-01,SKU0046,WH01,1457.0,4,86.50678571428571
2025-02-01,SKU0046,WH02,1529.0,4,86.50678571428571
2025-02-01,SKU0046,WH03,1538.0,4,86.50678571428571
2025-02-01,SKU0046,WH04,1583.0,4,86.50678571428571
2025-02-01,SKU0046,WH05,1560.0,4,86.50678571428571
2025-02-01,SKU0047,WH01,68.0,2,54.42857142857143
2025-02-01,SKU0047,WH02,99.0,2,54.42857142857143
2025-02-01,SKU0047,WH03,89.0,2,54.42857142857143
2025-02-01,SKU0047,WH04,85.0,2,54.42857142857143
2025-02-01,SKU0047,WH05,105.0,2,54.42857142857143
2025-02-01,SKU0048,WH01,13.0,3,237.8242857142857
2025-02-01,SKU0048,WH02,15.0,3,237.8242857142857
2025-02-01,SKU0048,WH03,16.0,3,237.8242857142857
2025-02-01,SKU0048,WH04,15.0,3,237.8242857142857
2025-02-01,SKU0048,WH05,15.0,3,237.8242857142857
2025-02-01,SKU0049,WH01,280.0,1,51.32821428571428
2025-02-01,SKU0049,WH02,290.0,1,51.32821428571428
2025-02-01,SKU0049,WH03,312.0,1,51.32821428571428
2025-02-01,SKU0049,WH04,286.0,1,51.32821428571428
2025-02-01,SKU0049,WH05,246.0,1,51.32821428571428
2025-02-01,SKU0050,WH01,459.0,0,182.15
2025-02-01,SKU0050,WH02,479.0,0,182.15
2025-02-01,SKU0050,WH03,478.0,0,182.15
2025-02-01,SKU0050,WH04,525.0,0,182.15
2025-02-01,SKU0050,WH05,477.0,0,182.15
2025-02-01,SKU0051,WH01,26.0,1,245.1714285714286
2025-02-01,SKU0051,WH02,18.0,1,245.1714285714286
2025-02-01,SKU0051,WH03,23.0,1,245.1714285714286
2025-02-01,SKU0051,WH04,20.0,1,245.1714285714286
2025-02-01,SKU0051,WH05,16.0,1,245.1714285714286
2025-02-01,SKU0052,WH01,753.0,1,206.83857142857144
2025-02-01,SKU0052,WH02,713.0,1,206.83857142857144
2025-02-01,SKU0052,WH03,747.0,1,206.83857142857144
2025-02-01,SKU0052,WH04,792.0,1,206.83857142857144
2025-02-01,SKU0052,WH05,749.0,1,206.83857142857144
2025-02-01,SKU0053,WH01,93.0,2,77.22428571428573
2025-02-01,SKU0053,WH02,93.0,2,77.22428571428573
2025-02-01,SKU0053,WH03,89.0,2,77.22428571428573
2025-02-01,SKU0053,WH04,94.0,2,77.22428571428573
2025-02-01,SKU0053,WH05,88.0,2,77.22428571428573
2025-02-01,SKU0054,WH01,497.0,5,277.32714285714286
2025-02-01,SKU0054,WH02,490.0,5,277.32714285714286
2025-02-01,SKU0054,WH03,491.0,5,277.32714285714286
2025-02-01,SKU0054,WH04,491.0,5,277.32714285714286
2025-02-01,SKU0054,WH05,490.0,5,277.32714285714286
2025-02-01,SKU0055,WH01,633.0,2,250.97892857142855
2025-02-01,SKU0055,WH02,653.0,2,250.97892857142855
2025-02-01,SKU0055,WH03,673.0,2,250.97892857142855
2025-02-01,SKU0055,WH04,681.0,2,250.97892857142855
2025-02-01,SKU0055,WH05,653.0,2,250.97892857142855
2025-02-01,SKU0056,WH01,31.0,3,257.05107142857145
2025-02-01,SKU0056,WH02,18.0,3,257.05107142857145
2025-02-01,SKU0056,WH03,27.0,3,257.05107142857145
2025-02-01,SKU0056,WH04,18.0,3,257.05107142857145
2025-02-01,SKU0056,WH05,22.0,3,257.05107142857145
2025-02-01,SKU0057,WH01,201.0,1,54.365
2025-02-01,SKU0057,WH02,195.0,1,54.365
2025-02-01,SKU0057,WH03,199.0,1,54.365
2025-02-01,SKU0057,WH04,201.0,1,54.365
2025-02-01,SKU0057,WH05,187.0,1,54.365
2025-02-01,SKU0058,WH01,952.0,3,51.42892857142858
2025-02-01,SKU0058,WH02,997.0,3,51.42892857142858
2025-02-01,SKU0058,WH03,966.0,3,51.42892857142858
2025-02-01,SKU0058,WH04,931.0,3,51.42892857142858
2025-02-01,SKU0058,WH05,960.0,3,51.42892857142858
2025-02-01,SKU0059,WH01,801.0,5,317.23535714285714
2025-02-01,SKU0059,WH02,744.0,5,317.23535714285714
2025-02-01,SKU0059,WH03,702.0,5,317.23535714285714
2025-02-01,SKU0059,WH04,806.0,5,317.23535714285714
2025-02-01,SKU0059,WH05,779.0,5,317.23535714285714
2025-02-01,SKU0060,WH01,313.0,1,144.9207142857143
2025-02-01,SKU0060,WH02,338.0,1,144.9207142857143
2025-02-01,SKU0060,WH03,340.0,1,144.9207142857143
2025-02-01,SKU0060,WH04,297.0,1,144.9207142857143
2025-02-01,SKU0060,WH05,358.0,1,144.9207142857143
2025-02-01,SKU0061,WH01,518.0,2,111.11642857142856
2025-02-01,SKU0061,WH02,518.0,2,111.11642857142856
2025-02-01,SKU0061,WH03,525.0,2,111.11642857142856
2025-02-01,SKU0061,WH04,447.0,2,111.11642857142856
2025-02-01,SKU0061,WH05,519.0,2,111.11642857142856
2025-02-01,SKU0062,WH01,1146.0,0,176.12000000000003
2025-02-01,SKU0062,WH02,1110.0,0,176.12000000000003
2025-02-01,SKU0062,WH03,1089.0,0,176.12000000000003
2025-02-01,SKU0062,WH04,1102.0,0,176.12000000000003
2025-02-01,SKU0062,WH05,1108.0,0,176.12000000000003
2025-02-01,SKU0063,WH01,367.0,1,233.68892857142856
2025-02-01,SKU0063,WH02,330.0,1,233.68892857142856
2025-02-01,SKU0063,WH03,386.0,1,233.68892857142856
2025-02-01,SKU0063,WH04,418.0,1,233.68892857142856
2025-02-01,SKU0063,WH05,365.0,1,233.68892857142856
2025-02-01,SKU0064,WH01,250.0,3,330.72357142857146
2025-02-01,SKU0064,WH02,246.0,3,330.72357142857146
2025-02-01,SKU0064,WH03,261.0,3,330.72357142857146
2025-02-01,SKU0064,WH04,265.0,3,330.72357142857146
2025-02-01,SKU0064,WH05,267.0,3,330.72357142857146
2025-02-01,SKU0065,WH01,1524.0,6,104.32142857142857
2025-02-01,SKU0065,WH02,1468.0,6,104.32142857142857
2025-02-01,SKU0065,WH03,1577.0,6,104.32142857142857
2025-02-01,SKU0065,WH04,1463.0,6,104.32142857142857
2025-02-01,SKU0065,WH05,1537.0,6,104.32142857142857
2025-02-01,SKU0066,WH01,310.0,1,322.1125
2025-02-01,SKU0066,WH02,305.0,1,322.1125
2025-02-01,SKU0066,WH03,299.0,1,322.1125
2025-02-01,SKU0066,WH04,281.0,1,322.1125
2025-02-01,SKU0066,WH05,254.0,1,322.1125
2025-02-01,SKU0067,WH01,1190.0,3,18.219642857142855
2025-02-01,SKU0067,WH02,1225.0,3,18.219642857142855
2025-02-01,SKU0067,WH03,1219.0,3,18.219642857142855
2025-02-01,SKU0067,WH04,1273.0,3,18.219642857142855
2025-02-01,SKU0067,WH05,1165.0,3,18.219642857142855
2025-02-01,SKU0068,WH01,52.0,2,196.99535714285713
2025-02-01,SKU0068,WH02,54.0,2,196.99535714285713
2025-02-01,SKU0068,WH03,46.0,2,196.99535714285713
2025-02-01,SKU0068,WH04,50.0,2,196.99535714285713
2025-02-01,SKU0068,WH05,46.0,2,196.99535714285713
2025-02-01,SKU0069,WH01,557.0,1,224.34178571428578
2025-02-01,SKU0069,WH02,509.0,1,224.34178571428578
2025-02-01,SKU0069,WH03,470.0,1,224.34178571428578
2025-02-01,SKU0069,WH04,516.0,1,224.34178571428578
2025-02-01,SKU0069,WH05,479.0,1,224.34178571428578
2025-02-01,SKU0070,WH01,488.0,5,44.942142857142855
2025-02-01,SKU0070,WH02,498.0,5,44.942142857142855
2025-02-01,SKU0070,WH03,505.0,5,44.942142857142855
2025-02-01,SKU0070,WH04,483.0,5,44.942142857142855
2025-02-01,SKU0070,WH05,461.0,5,44.942142857142855
2025-02-01,SKU0071,WH01,432.0,2,57.30785714285714
2025-02-01,SKU0071,WH02,387.0,2,57.30785714285714
2025-02-01,SKU0071,WH03,435.0,2,57.30785714285714
2025-02-01,SKU0071,WH04,402.0,2,57.30785714285714
2025-02-01,SKU0071,WH05,388.0,2,57.30785714285714
2025-02-01,SKU0072,WH01,270.0,2,151.41071428571428
2025-02-01,SKU0072,WH02,264.0,2,151.41071428571428
2025-02-01,SKU0072,WH03,290.0,2,151.41071428571428
2025-02-01,SKU0072,WH04,266.0,2,151.41071428571428
2025-02-01,SKU0072,WH05,271.0,2,151.41071428571428
2025-02-01,SKU0073,WH01,803.0,3,334.89285714285717
2025-02-01,SKU0073,WH02,813.0,3,334.89285714285717
2025-02-01,SKU0073,WH03,809.0,3,334.89285714285717
2025-02-01,SKU0073,WH04,893.0,3,334.89285714285717
2025-02-01,SKU0073,WH05,763.0,3,334.89285714285717
2025-02-01,SKU0074,WH01,690.0,2,209.99178571428573
2025-02-01,SKU0074,WH02,601.0,2,209.99178571428573
2025-02-01,SKU0074,WH03,582.0,2,209.99178571428573
2025-02-01,SKU0074,WH04,625.0,2,209.99178571428573
2025-02-01,SKU0074,WH05,597.0,2,209.99178571428573
2025-02-01,SKU0075,WH01,135.0,1,326.0614285714286
2025-02-01,SKU0075,WH02,128.0,1,326.0614285714286
2025-02-01,SKU0075,WH03,166.0,1,326.0614285714286
2025-02-01,SKU0075,WH04,152.0,1,326.0614285714286
2025-02-01,SKU0075,WH05,146.0,1,326.0614285714286
2025-02-01,SKU0076,WH01,500.0,3,277.40500000000003
2025-02-01,SKU0076,WH02,524.0,3,277.40500000000003
2025-02-01,SKU0076,WH03,466.0,3,277.40500000000003
2025-02-01,SKU0076,WH04,485.0,3,277.40500000000003
2025-02-01,SKU0076,WH05,524.0,3,277.40500000000003
2025-02-01,SKU0077,WH01,335.0,4,164.98892857142854
2025-02-01,SKU0077,WH02,386.0,4,164.98892857142854
2025-02-01,SKU0077,WH03,364.0,4,164.98892857142854
2025-02-01,SKU0077,WH04,320.0,4,164.98892857142854
2025-02-01,SKU0077,WH05,374.0,4,164.98892857142854
2025-02-01,SKU0078,WH01,287.0,2,274.84285714285716
2025-02-01,SKU0078,WH02,303.0,2,274.84285714285716
2025-02-01,SKU0078,WH03,296.0,2,274.84285714285716
2025-02-01,SKU0078,WH04,261.0,2,274.84285714285716
2025-02-01,SKU0078,WH05,336.0,2,274.84285714285716
2025-02-01,SKU0079,WH01,20.0,2,15.887857142857142
2025-02-01,SKU0079,WH02,28.0,2,15.887857142857142
2025-02-01,SKU0079,WH03,29.0,2,15.887857142857142
2025-02-01,SKU0079,WH04,41.0,2,15.887857142857142
2025-02-01,SKU0079,WH05,38.0,2,15.887857142857142
2025-02-01,SKU0080,WH01,484.0,4,46.184642857142855
2025-02-01,SKU0080,WH02,538.0,4,46.184642857142855
2025-02-01,SKU0080,WH03,463.0,4,46.184642857142855
2025-02-01,SKU0080,WH04,521.0,4,46.184642857142855
2025-02-01,SKU0080,WH05,532.0,4,46.184642857142855
2025-03-01,SKU0001,WH01,723.0,2,46.179032258064524
2025-03-01,SKU0001,WH02,769.0,2,46.179032258064524
2025-03-01,SKU0001,WH03,721.0,2,46.179032258064524
2025-03-01,SKU0001,WH04,718.0,2,46.179032258064524
2025-03-01,SKU0001,WH05,689.0,2,46.179032258064524
2025-03-01,SKU0002,WH01,160.0,1,319.3661290322581
2025-03-01,SKU0002,WH02,165.0,1,319.3661290322581
2025-03-01,SKU0002,WH03,184.0,1,319.3661290322581
2025-03-01,SKU0002,WH04,175.0,1,319.3661290322581
2025-03-01,SKU0002,WH05,164.0,1,319.3661290322581
2025-03-01,SKU0003,WH01,1730.0,5,86.41935483870968
2025-03-01,SKU0003,WH02,1740.0,5,86.41935483870968
2025-03-01,SKU0003,WH03,1794.0,5,86.41935483870968
2025-03-01,SKU0003,WH04,1683.0,5,86.41935483870968
2025-03-01,SKU0003,WH05,1733.0,5,86.41935483870968
2025-03-01,SKU0004,WH01,3160.0,4,22.463548387096775
2025-03-01,SKU0004,WH02,3164.0,4,22.463548387096775
2025-03-01,SKU0004,WH03,3208.0,4,22.463548387096775
2025-03-01,SKU0004,WH04,3229.0,4,22.463548387096775
2025-03-01,SKU0004,WH05,3084.0,4,22.463548387096775
2025-03-01,SKU0005,WH01,842.0,4,195.7658064516129
2025-03-01,SKU0005,WH02,773.0,4,195.7658064516129
2025-03-01,SKU0005,WH03,759.0,4,195.7658064516129
2025-03-01,SKU0005,WH04,829.0,4,195.7658064516129
2025-03-01,SKU0005,WH05,782.0,4,195.7658064516129
2025-03-01,SKU0006,WH01,31.0,2,135.45129032258066
2025-03-01,SKU0006,WH02,22.0,2,135.45129032258066
2025-03-01,SKU0006,WH03,18.0,2,135.45129032258066
2025-03-01,SKU0006,WH04,21.0,2,135.45129032258066
2025-03-01,SKU0006,WH05,33.0,2,135.45129032258066
2025-03-01,SKU0007,WH01,554.0,3,288.83193548387095
2025-03-01,SKU0007,WH02,578.0,3,288.83193548387095
2025-03-01,SKU0007,WH03,530.0,3,288.83193548387095
2025-03-01,SKU0007,WH04,578.0,3,288.83193548387095
2025-03-01,SKU0007,WH05,512.0,3,288.83193548387095
2025-03-01,SKU0008,WH01,1075.0,1,282.97258064516126
2025-03-01,SKU0008,WH02,1013.0,1,282.97258064516126
2025-03-01,SKU0008,WH03,1109.0,1,282.97258064516126
2025-03-01,SKU0008,WH04,955.0,1,282.97258064516126
2025-03-01,SKU0008,WH05,1001.0,1,282.97258064516126
2025-03-01,SKU0009,WH01,1364.0,3,116.88
2025-03-01,SKU0009,WH02,1490.0,3,116.88
2025-03-01,SKU0009,WH03,1345.0,3,116.88
2025-03-01,SKU0009,WH04,1331.0,3,116.88
2025-03-01,SKU0009,WH05,1404.0,3,116.88
2025-03-01,SKU0010,WH01,268.0,1,333.45129032258063
2025-03-01,SKU0010,WH02,286.0,1,333.45129032258063
2025-03-01,SKU0010,WH03,268.0,1,333.45129032258063
2025-03-01,SKU0010,WH04,253.0,1,333.45129032258063
2025-03-01,SKU0010,WH05,268.0,1,333.45129032258063
2025-03-01,SKU0011,WH01,794.0,2,108.38290322580646
2025-03-01,SKU0011,WH02,753.0,2,108.38290322580646
2025-03-01,SKU0011,WH03,783.0,2,108.38290322580646
2025-03-01,SKU0011,WH04,767.0,2,108.38290322580646
2025-03-01,SKU0011,WH05,795.0,2,108.38290322580646
2025-03-01,SKU0012,WH01,355.0,3,183.03
2025-03-01,SKU0012,WH02,294.0,3,183.03
2025-03-01,SKU0012,WH03,345.0,3,183.03
2025-03-01,SKU0012,WH04,364.0,3,183.03
2025-03-01,SKU0012,WH05,357.0,3,183.03
2025-03-01,SKU0013,WH01,284.0,6,94.21354838709678
2025-03-01,SKU0013,WH02,238.0,6,94.21354838709678
2025-03-01,SKU0013,WH03,303.0,6,94.21354838709678
2025-03-01,SKU0013,WH04,253.0,6,94.21354838709678
2025-03-01,SKU0013,WH05,294.0,6,94.21354838709678
2025-03-01,SKU0014,WH01,132.0,3,324.5441935483871
2025-03-01,SKU0014,WH02,138.0,3,324.5441935483871
2025-03-01,SKU0014,WH03,154.0,3,324.5441935483871
2025-03-01,SKU0014,WH04,122.0,3,324.5441935483871
2025-03-01,SKU0014,WH05,140.0,3,324.5441935483871
2025-03-01,SKU0015,WH01,94.0,1,65.75709677419356
2025-03-01,SKU0015,WH02,105.0,1,65.75709677419356
2025-03-01,SKU0015,WH03,103.0,1,65.75709677419356
2025-03-01,SKU0015,WH04,99.0,1,65.75709677419356
2025-03-01,SKU0015,WH05,114.0,1,65.75709677419356
2025-03-01,SKU0016,WH01,2068.0,2,25.14774193548387
2025-03-01,SKU0016,WH02,2143.0,2,25.14774193548387
2025-03-01,SKU0016,WH03,2023.0,2,25.14774193548387
2025-03-01,SKU0016,WH04,2069.0,2,25.14774193548387
2025-03-01,SKU0016,WH05,2290.0,2,25.14774193548387
2025-03-01,SKU0017,WH01,324.0,0,157.93
2025-03-01,SKU0017,WH02,353.0,0,157.93
2025-03-01,SKU0017,WH03,296.0,0,157.93
2025-03-01,SKU0017,WH04,328.0,0,157.93
2025-03-01,SKU0017,WH05,346.0,0,157.93
2025-03-01,SKU0018,WH01,812.0,5,339.0051612903226
2025-03-01,SKU0018,WH02,895.0,5,339.0051612903226
2025-03-01,SKU0018,WH03,776.0,5,339.0051612903226
2025-03-01,SKU0018,WH04,797.0,5,339.0051612903226
2025-03-01,SKU0018,WH05,881.0,5,339.0051612903226
2025-03-01,SKU0019,WH01,878.0,3,310.13903225806456
2025-03-01,SKU0019,WH02,915.0,3,310.13903225806456
2025-03-01,SKU0019,WH03,964.0,3,310.13903225806456
2025-03-01,SKU0019,WH04,928.0,3,310.13903225806456
2025-03-01,SKU0019,WH05,999.0,3,310.13903225806456
2025-03-01,SKU0020,WH01,573.0,3,260.69
2025-03-01,SKU0020,WH02,577.0,3,260.69
2025-03-01,SKU0020,WH03,529.0,3,260.69
2025-03-01,SKU0020,WH04,545.0,3,260.69
2025-03-01,SKU0020,WH05,537.0,3,260.69
2025-03-01,SKU0021,WH01,152.0,2,309.84225806451616
2025-03-01,SKU0021,WH02,168.0,2,309.84225806451616
2025-03-01,SKU0021,WH03,158.0,2,309.84225806451616
2025-03-01,SKU0021,WH04,126.0,2,309.84225806451616
2025-03-01,SKU0021,WH05,151.0,2,309.84225806451616
2025-03-01,SKU0022,WH01,184.0,1,312.75774193548386
2025-03-01,SKU0022,WH02,200.0,1,312.75774193548386
2025-03-01,SKU0022,WH03,180.0,1,312.75774193548386
2025-03-01,SKU0022,WH04,200.0,1,312.75774193548386
2025-03-01,SKU0022,WH05,201.0,1,312.75774193548386
2025-03-01,SKU0023,WH01,422.0,4,181.90032258064517
2025-03-01,SKU0023,WH02,380.0,4,181.90032258064517
2025-03-01,SKU0023,WH03,335.0,4,181.90032258064517
2025-03-01,SKU0023,WH04,373.0,4,181.90032258064517
2025-03-01,SKU0023,WH05,321.0,4,181.90032258064517
2025-03-01,SKU0024,WH01,944.0,3,116.09451612903226
2025-03-01,SKU0024,WH02,941.0,3,116.09451612903226
2025-03-01,SKU0024,WH03,881.0,3,116.09451612903226
2025-03-01,SKU0024,WH04,921.0,3,116.09451612903226
2025-03-01,SKU0024,WH05,936.0,3,116.09451612903226
2025-03-01,SKU0025,WH01,860.0,5,266.7664516129032
2025-03-01,SKU0025,WH02,841.0,5,266.7664516129032
2025-03-01,SKU0025,WH03,922.0,5,266.7664516129032
2025-03-01,SKU0025,WH04,865.0,5,266.7664516129032
2025-03-01,SKU0025,WH05,898.0,5,266.7664516129032
2025-03-01,SKU0026,WH01,1657.0,2,233.0651612903226
2025-03-01,SKU0026,WH02,1608.0,2,233.0651612903226
2025-03-01,SKU0026,WH03,1692.0,2,233.0651612903226
2025-03-01,SKU0026,WH04,1674.0,2,233.0651612903226
2025-03-01,SKU0026,WH05,1746.0,2,233.0651612903226
2025-03-01,SKU0027,WH01,631.0,3,135.71387096774194
2025-03-01,SKU0027,WH02,581.0,3,135.71387096774194
2025-03-01,SKU0027,WH03,566.0,3,135.71387096774194
2025-03-01,SKU0027,WH04,615.0,3,135.71387096774194
2025-03-01,SKU0027,WH05,633.0,3,135.71387096774194
2025-03-01,SKU0028,WH01,330.0,4,41.372580645161285
2025-03-01,SKU0028,WH02,303.0,4,41.372580645161285
2025-03-01,SKU0028,WH03,297.0,4,41.372580645161285
2025-03-01,SKU0028,WH04,315.0,4,41.372580645161285
2025-03-01,SKU0028,WH05,312.0,4,41.372580645161285
2025-03-01,SKU0029,WH01,361.0,2,261.3558064516129
2025-03-01,SKU0029,WH02,345.0,2,261.3558064516129
2025-03-01,SKU0029,WH03,421.0,2,261.3558064516129
2025-03-01,SKU0029,WH04,396.0,2,261.3558064516129
2025-03-01,SKU0029,WH05,359.0,2,261.3558064516129
2025-03-01,SKU0030,WH01,661.0,4,97.15903225806451
2025-03-01,SKU0030,WH02,714.0,4,97.15903225806451
2025-03-01,SKU0030,WH03,638.0,4,97.15903225806451
2025-03-01,SKU0030,WH04,662.0,4,97.15903225806451
2025-03-01,SKU0030,WH05,698.0,4,97.15903225806451
2025-03-01,SKU0031,WH01,303.0,0,328.52
2025-03-01,SKU0031,WH02,358.0,0,328.52
2025-03-01,SKU0031,WH03,355.0,0,328.52
2025-03-01,SKU0031,WH04,332.0,0,328.52
2025-03-01,SKU0031,WH05,328.0,0,328.52
2025-03-01,SKU0032,WH01,378.0,4,89.85387096774194
2025-03-01,SKU0032,WH02,415.0,4,89.85387096774194
2025-03-01,SKU0032,WH03,345.0,4,89.85387096774194
2025-03-01,SKU0032,WH04,389.0,4,89.85387096774194
2025-03-01,SKU0032,WH05,397.0,4,89.85387096774194
2025-03-01,SKU0033,WH01,159.0,2,51.15580645161291
2025-03-01,SKU0033,WH02,162.0,2,51.15580645161291
2025-03-01,SKU0033,WH03,142.0,2,51.15580645161291
2025-03-01,SKU0033,WH04,166.0,2,51.15580645161291
2025-03-01,SKU0033,WH05,136.0,2,51.15580645161291
2025-03-01,SKU0034,WH01,206.0,1,290.6922580645161
2025-03-01,SKU0034,WH02,205.0,1,290.6922580645161
2025-03-01,SKU0034,WH03,204.0,1,290.6922580645161
2025-03-01,SKU0034,WH04,179.0,1,290.6922580645161
2025-03-01,SKU0034,WH05,191.0,1,290.6922580645161
2025-03-01,SKU0035,WH01,176.0,1,61.81935483870967
2025-03-01,SKU0035,WH02,178.0,1,61.81935483870967
2025-03-01,SKU0035,WH03,191.0,1,61.81935483870967
2025-03-01,SKU0035,WH04,212.0,1,61.81935483870967
2025-03-01,SKU0035,WH05,184.0,1,61.81935483870967
2025-03-01,SKU0036,WH01,227.0,5,69.57741935483871
2025-03-01,SKU0036,WH02,198.0,5,69.57741935483871
2025-03-01,SKU0036,WH03,209.0,5,69.57741935483871
2025-03-01,SKU0036,WH04,208.0,5,69.57741935483871
2025-03-01,SKU0036,WH05,193.0,5,69.57741935483871
2025-03-01,SKU0037,WH01,20.0,4,211.03129032258062
2025-03-01,SKU0037,WH02,24.0,4,211.03129032258062
2025-03-01,SKU0037,WH03,18.0,4,211.03129032258062
2025-03-01,SKU0037,WH04,21.0,4,211.03129032258062
2025-03-01,SKU0037,WH05,20.0,4,211.03129032258062
2025-03-01,SKU0038,WH01,697.0,3,303.8803225806452
2025-03-01,SKU0038,WH02,618.0,3,303.8803225806452
2025-03-01,SKU0038,WH03,593.0,3,303.8803225806452
2025-03-01,SKU0038,WH04,604.0,3,303.8803225806452
2025-03-01,SKU0038,WH05,643.0,3,303.8803225806452
2025-03-01,SKU0039,WH01,318.0,4,75.4274193548387
2025-03-01,SKU0039,WH02,319.0,4,75.4274193548387
2025-03-01,SKU0039,WH03,334.0,4,75.4274193548387
2025-03-01,SKU0039,WH04,310.0,4,75.4274193548387
2025-03-01,SKU0039,WH05,311.0,4,75.4274193548387
2025-03-01,SKU0040,WH01,216.0,6,113.2741935483871
2025-03-01,SKU0040,WH02,219.0,6,113.2741935483871
2025-03-01,SKU0040,WH03,231.0,6,113.2741935483871
2025-03-01,SKU0040,WH04,224.0,6,113.2741935483871
2025-03-01,SKU0040,WH05,204.0,6,113.2741935483871
2025-03-01,SKU0041,WH01,29.0,7,268.5683870967742
2025-03-01,SKU0041,WH02,29.0,7,268.5683870967742
2025-03-01,SKU0041,WH03,23.0,7,268.5683870967742
2025-03-01,SKU0041,WH04,41.0,7,268.5683870967742
2025-03-01,SKU0041,WH05,19.0,7,268.5683870967742
2025-03-01,SKU0042,WH01,805.0,3,337.1258064516129
2025-03-01,SKU0042,WH02,707.0,3,337.1258064516129
2025-03-01,SKU0042,WH03,787.0,3,337.1258064516129
2025-03-01,SKU0042,WH04,817.0,3,337.1258064516129
2025-03-01,SKU0042,WH05,730.0,3,337.1258064516129
2025-03-01,SKU0043,WH01,89.0,2,178.50548387096774
2025-03-01,SKU0043,WH02,78.0,2,178.50548387096774
2025-03-01,SKU0043,WH03,70.0,2,178.50548387096774
2025-03-01,SKU0043,WH04,91.0,2,178.50548387096774
2025-03-01,SKU0043,WH05,77.0,2,178.50548387096774
2025-03-01,SKU0044,WH01,117.0,3,58.36
2025-03-01,SKU0044,WH02,112.0,3,58.36
2025-03-01,SKU0044,WH03,90.0,3,58.36
2025-03-01,SKU0044,WH04,105.0,3,58.36
2025-03-01,SKU0044,WH05,116.0,3,58.36
2025-03-01,SKU0045,WH01,1755.0,4,14.573870967741936
2025-03-01,SKU0045,WH02,1695.0,4,14.573870967741936
2025-03-01,SKU0045,WH03,1706.0,4,14.573870967741936
2025-03-01,SKU0045,WH04,1723.0,4,14.573870967741936
2025-03-01,SKU0045,WH05,1684.0,4,14.573870967741936
2025-03-01,SKU0046,WH01,1586.0,0,88.08
2025-03-01,SKU0046,WH02,1546.0,0,88.08
2025-03-01,SKU0046,WH03,1613.0,0,88.08
2025-03-01,SKU0046,WH04,1588.0,0,88.08
2025-03-01,SKU0046,WH05,1546.0,0,88.08
2025-03-01,SKU0047,WH01,101.0,5,53.936129032258066
2025-03-01,SKU0047,WH02,109.0,5,53.936129032258066
2025-03-01,SKU0047,WH03,109.0,5,53.936129032258066
2025-03-01,SKU0047,WH04,100.0,5,53.936129032258066
2025-03-01,SKU0047,WH05,97.0,5,53.936129032258066
2025-03-01,SKU0048,WH01,26.0,3,237.29806451612902
2025-03-01,SKU0048,WH02,25.0,3,237.29806451612902
2025-03-01,SKU0048,WH03,19.0,3,237.29806451612902
2025-03-01,SKU0048,WH04,18.0,3,237.29806451612902
2025-03-01,SKU0048,WH05,24.0,3,237.29806451612902
2025-03-01,SKU0049,WH01,399.0,4,50.83967741935483
2025-03-01,SKU0049,WH02,370.0,4,50.83967741935483
2025-03-01,SKU0049,WH03,389.0,4,50.83967741935483
2025-03-01,SKU0049,WH04,357.0,4,50.83967741935483
2025-03-01,SKU0049,WH05,378.0,4,50.83967741935483
2025-03-01,SKU0050,WH01,661.0,5,178.62483870967742
2025-03-01,SKU0050,WH02,655.0,5,178.62483870967742
2025-03-01,SKU0050,WH03,616.0,5,178.62483870967742
2025-03-01,SKU0050,WH04,577.0,5,178.62483870967742
2025-03-01,SKU0050,WH05,618.0,5,178.62483870967742
2025-03-01,SKU0051,WH01,26.0,3,242.4783870967742
2025-03-01,SKU0051,WH02,28.0,3,242.4783870967742
2025-03-01,SKU0051,WH03,19.0,3,242.4783870967742
2025-03-01,SKU0051,WH04,31.0,3,242.4783870967742
2025-03-01,SKU0051,WH05,31.0,3,242.4783870967742
2025-03-01,SKU0052,WH01,836.0,1,206.91032258064516
2025-03-01,SKU0052,WH02,887.0,1,206.91032258064516
2025-03-01,SKU0052,WH03,880.0,1,206.91032258064516
2025-03-01,SKU0052,WH04,952.0,1,206.91032258064516
2025-03-01,SKU0052,WH05,850.0,1,206.91032258064516
2025-03-01,SKU0053,WH01,126.0,3,77.04032258064517
2025-03-01,SKU0053,WH02,104.0,3,77.04032258064517
2025-03-01,SKU0053,WH03,110.0,3,77.04032258064517
2025-03-01,SKU0053,WH04,119.0,3,77.04032258064517
2025-03-01,SKU0053,WH05,118.0,3,77.04032258064517
2025-03-01,SKU0054,WH01,532.0,0,283.4
2025-03-01,SKU0054,WH02,495.0,0,283.4
2025-03-01,SKU0054,WH03,465.0,0,283.4
2025-03-01,SKU0054,WH04,503.0,0,283.4
2025-03-01,SKU0054,WH05,474.0,0,283.4
2025-03-01,SKU0055,WH01,773.0,5,249.15548387096777
2025-03-01,SKU0055,WH02,746.0,5,249.15548387096777
2025-03-01,SKU0055,WH03,735.0,5,249.15548387096777
2025-03-01,SKU0055,WH04,733.0,5,249.15548387096777
2025-03-01,SKU0055,WH05,803.0,5,249.15548387096777
2025-03-01,SKU0056,WH01,25.0,2,259.14290322580644
2025-03-01,SKU0056,WH02,27.0,2,259.14290322580644
2025-03-01,SKU0056,WH03,28.0,2,259.14290322580644
2025-03-01,SKU0056,WH04,21.0,2,259.14290322580644
2025-03-01,SKU0056,WH05,24.0,2,259.14290322580644
2025-03-01,SKU0057,WH01,251.0,4,53.32838709677419
2025-03-01,SKU0057,WH02,264.0,4,53.32838709677419
2025-03-01,SKU0057,WH03,263.0,4,53.32838709677419
2025-03-01,SKU0057,WH04,245.0,4,53.32838709677419
2025-03-01,SKU0057,WH05,257.0,4,53.32838709677419
2025-03-01,SKU0058,WH01,1238.0,6,50.73580645161291
2025-03-01,SKU0058,WH02,1138.0,6,50.73580645161291
2025-03-01,SKU0058,WH03,1237.0,6,50.73580645161291
2025-03-01,SKU0058,WH04,1187.0,6,50.73580645161291
2025-03-01,SKU0058,WH05,1183.0,6,50.73580645161291
2025-03-01,SKU0059,WH01,788.0,2,321.6964516129032
2025-03-01,SKU0059,WH02,758.0,2,321.6964516129032
2025-03-01,SKU0059,WH03,815.0,2,321.6964516129032
2025-03-01,SKU0059,WH04,840.0,2,321.6964516129032
2025-03-01,SKU0059,WH05,793.0,2,321.6964516129032
2025-03-01,SKU0060,WH01,336.0,0,145.18
2025-03-01,SKU0060,WH02,387.0,0,145.18
2025-03-01,SKU0060,WH03,359.0,0,145.18
2025-03-01,SKU0060,WH04,313.0,0,145.18
2025-03-01,SKU0060,WH05,370.0,0,145.18
2025-03-01,SKU0061,WH01,535.0,0,112.32
2025-03-01,SKU0061,WH02,538.0,0,112.32
2025-03-01,SKU0061,WH03,505.0,0,112.32
2025-03-01,SKU0061,WH04,580.0,0,112.32
2025-03-01,SKU0061,WH05,526.0,0,112.32
2025-03-01,SKU0062,WH01,1339.0,2,174.69967741935486
2025-03-01,SKU0062,WH02,1233.0,2,174.69967741935486
2025-03-01,SKU0062,WH03,1270.0,2,174.69967741935486
2025-03-01,SKU0062,WH04,1337.0,2,174.69967741935486
2025-03-01,SKU0062,WH05,1352.0,2,174.69967741935486
2025-03-01,SKU0063,WH01,424.0,2,233.47193548387096
2025-03-01,SKU0063,WH02,425.0,2,233.47193548387096
2025-03-01,SKU0063,WH03,430.0,2,233.47193548387096
2025-03-01,SKU0063,WH04,448.0,2,233.47193548387096
2025-03-01,SKU0063,WH05,502.0,2,233.47193548387096
2025-03-01,SKU0064,WH01,320.0,5,328.96806451612906
2025-03-01,SKU0064,WH02,282.0,5,328.96806451612906
2025-03-01,SKU0064,WH03,292.0,5,328.96806451612906
2025-03-01,SKU0064,WH04,297.0,5,328.96806451612906
2025-03-01,SKU0064,WH05,335.0,5,328.96806451612906
2025-03-01,SKU0065,WH01,1555.0,0,107.39
2025-03-01,SKU0065,WH02,1517.0,0,107.39
2025-03-01,SKU0065,WH03,1588.0,0,107.39
2025-03-01,SKU0065,WH04,1465.0,0,107.39
2025-03-01,SKU0065,WH05,1517.0,0,107.39
2025-03-01,SKU0066,WH01,340.0,0,324.43
2025-03-01,SKU0066,WH02,313.0,0,324.43
2025-03-01,SKU0066,WH03,289.0,0,324.43
2025-03-01,SKU0066,WH04,306.0,0,324.43
2025-03-01,SKU0066,WH05,304.0,0,324.43
2025-03-01,SKU0067,WH01,1345.0,2,18.390645161290323
2025-03-01,SKU0067,WH02,1391.0,2,18.390645161290323
2025-03-01,SKU0067,WH03,1331.0,2,18.390645161290323
2025-03-01,SKU0067,WH04,1241.0,2,18.390645161290323
2025-03-01,SKU0067,WH05,1259.0,2,18.390645161290323
2025-03-01,SKU0068,WH01,61.0,0,198.77
2025-03-01,SKU0068,WH02,60.0,0,198.77
2025-03-01,SKU0068,WH03,53.0,0,198.77
2025-03-01,SKU0068,WH04,48.0,0,198.77
2025-03-01,SKU0068,WH05,44.0,0,198.77
2025-03-01,SKU0069,WH01,630.0,3,222.2761290322581
2025-03-01,SKU0069,WH02,636.0,3,222.2761290322581
2025-03-01,SKU0069,WH03,614.0,3,222.2761290322581
2025-03-01,SKU0069,WH04,579.0,3,222.2761290322581
2025-03-01,SKU0069,WH05,605.0,3,222.2761290322581
2025-03-01,SKU0070,WH01,551.0,5,45.119677419354836
2025-03-01,SKU0070,WH02,551.0,5,45.119677419354836
2025-03-01,SKU0070,WH03,507.0,5,45.119677419354836
2025-03-01,SKU0070,WH04,519.0,5,45.119677419354836
2025-03-01,SKU0070,WH05,542.0,5,45.119677419354836
2025-03-01,SKU0071,WH01,452.0,2,57.347419354838706
2025-03-01,SKU0071,WH02,438.0,2,57.347419354838706
2025-03-01,SKU0071,WH03,436.0,2,57.347419354838706
2025-03-01,SKU0071,WH04,451.0,2,57.347419354838706
2025-03-01,SKU0071,WH05,482.0,2,57.347419354838706
2025-03-01,SKU0072,WH01,283.0,3,151.27032258064517
2025-03-01,SKU0072,WH02,303.0,3,151.27032258064517
2025-03-01,SKU0072,WH03,283.0,3,151.27032258064517
2025-03-01,SKU0072,WH04,277.0,3,151.27032258064517
2025-03-01,SKU0072,WH05,311.0,3,151.27032258064517
2025-03-01,SKU0073,WH01,1004.0,4,331.96806451612906
2025-03-01,SKU0073,WH02,1010.0,4,331.96806451612906
2025-03-01,SKU0073,WH03,938.0,4,331.96806451612906
2025-03-01,SKU0073,WH04,972.0,4,331.96806451612906
2025-03-01,SKU0073,WH05,1056.0,4,331.96806451612906
2025-03-01,SKU0074,WH01,729.0,2,210.59225806451616
2025-03-01,SKU0074,WH02,760.0,2,210.59225806451616
2025-03-01,SKU0074,WH03,717.0,2,210.59225806451616
2025-03-01,SKU0074,WH04,770.0,2,210.59225806451616
2025-03-01,SKU0074,WH05,730.0,2,210.59225806451616
2025-03-01,SKU0075,WH01,190.0,5,321.42451612903227
2025-03-01,SKU0075,WH02,201.0,5,321.42451612903227
2025-03-01,SKU0075,WH03,178.0,5,321.42451612903227
2025-03-01,SKU0075,WH04,180.0,5,321.42451612903227
2025-03-01,SKU0075,WH05,192.0,5,321.42451612903227
2025-03-01,SKU0076,WH01,512.0,0,283.48
2025-03-01,SKU0076,WH02,511.0,0,283.48
2025-03-01,SKU0076,WH03,578.0,0,283.48
2025-03-01,SKU0076,WH04,520.0,0,283.48
2025-03-01,SKU0076,WH05,553.0,0,283.48
2025-03-01,SKU0077,WH01,337.0,1,168.36516129032256
2025-03-01,SKU0077,WH02,341.0,1,168.36516129032256
2025-03-01,SKU0077,WH03,375.0,1,168.36516129032256
2025-03-01,SKU0077,WH04,334.0,1,168.36516129032256
2025-03-01,SKU0077,WH05,373.0,1,168.36516129032256
2025-03-01,SKU0078,WH01,348.0,1,275.03419354838707
2025-03-01,SKU0078,WH02,305.0,1,275.03419354838707
2025-03-01,SKU0078,WH03,299.0,1,275.03419354838707
2025-03-01,SKU0078,WH04,333.0,1,275.03419354838707
2025-03-01,SKU0078,WH05,359.0,1,275.03419354838707
2025-03-01,SKU0079,WH01,46.0,2,15.930645161290322
2025-03-01,SKU0079,WH02,52.0,2,15.930645161290322
2025-03-01,SKU0079,WH03,40.0,2,15.930645161290322
2025-03-01,SKU0079,WH04,39.0,2,15.930645161290322
2025-03-01,SKU0079,WH05,48.0,2,15.930645161290322
2025-03-01,SKU0080,WH01,562.0,4,46.27419354838709
2025-03-01,SKU0080,WH02,566.0,4,46.27419354838709
2025-03-01,SKU0080,WH03,544.0,4,46.27419354838709
2025-03-01,SKU0080,WH04,567.0,4,46.27419354838709
2025-03-01,SKU0080,WH05,633.0,4,46.27419354838709
2025-04-01,SKU0001,WH01,732.0,2,46.31933333333334
2025-04-01,SKU0001,WH02,655.0,2,46.31933333333334
2025-04-01,SKU0001,WH03,687.0,2,46.31933333333334
2025-04-01,SKU0001,WH04,720.0,2,46.31933333333334
2025-04-01,SKU0001,WH05,729.0,2,46.31933333333334
2025-04-01,SKU0002,WH01,172.0,3,316.08233333333334
2025-04-01,SKU0002,WH02,203.0,3,316.08233333333334
2025-04-01,SKU0002,WH03,158.0,3,316.08233333333334
2025-04-01,SKU0002,WH04,206.0,3,316.08233333333334
2025-04-01,SKU0002,WH05,199.0,3,316.08233333333334
2025-04-01,SKU0003,WH01,1596.0,1,87.97566666666667
2025-04-01,SKU0003,WH02,1483.0,1,87.97566666666667
2025-04-01,SKU0003,WH03,1540.0,1,87.97566666666667
2025-04-01,SKU0003,WH04,1577.0,1,87.97566666666667
2025-04-01,SKU0003,WH05,1597.0,1,87.97566666666667
2025-04-01,SKU0004,WH01,2939.0,1,22.682
2025-04-01,SKU0004,WH02,2908.0,1,22.682
2025-04-01,SKU0004,WH03,2689.0,1,22.682
2025-04-01,SKU0004,WH04,2836.0,1,22.682
2025-04-01,SKU0004,WH05,2823.0,1,22.682
2025-04-01,SKU0005,WH01,721.0,3,196.99433333333334
2025-04-01,SKU0005,WH02,769.0,3,196.99433333333334
2025-04-01,SKU0005,WH03,718.0,3,196.99433333333334
2025-04-01,SKU0005,WH04,753.0,3,196.99433333333334
2025-04-01,SKU0005,WH05,716.0,3,196.99433333333334
2025-04-01,SKU0006,WH01,15.0,3,134.06833333333333
2025-04-01,SKU0006,WH02,28.0,3,134.06833333333333
2025-04-01,SKU0006,WH03,35.0,3,134.06833333333333
2025-04-01,SKU0006,WH04,30.0,3,134.06833333333333
2025-04-01,SKU0006,WH05,23.0,3,134.06833333333333
2025-04-01,SKU0007,WH01,533.0,1,290.6693333333333
2025-04-01,SKU0007,WH02,474.0,1,290.6693333333333
2025-04-01,SKU0007,WH03,486.0,1,290.6693333333333
2025-04-01,SKU0007,WH04,475.0,1,290.6693333333333
2025-04-01,SKU0007,WH05,458.0,1,290.6693333333333
2025-04-01,SKU0008,WH01,1044.0,1,283.86066666666665
2025-04-01,SKU0008,WH02,1064.0,1,283.86066666666665
2025-04-01,SKU0008,WH03,925.0,1,283.86066666666665
2025-04-01,SKU0008,WH04,1052.0,1,283.86066666666665
2025-04-01,SKU0008,WH05,977.0,1,283.86066666666665
2025-04-01,SKU0009,WH01,1271.0,1,117.63366666666666
2025-04-01,SKU0009,WH02,1253.0,1,117.63366666666666
2025-04-01,SKU0009,WH03,1241.0,1,117.63366666666666
2025-04-01,SKU0009,WH04,1310.0,1,117.63366666666666
2025-04-01,SKU0009,WH05,1229.0,1,117.63366666666666
2025-04-01,SKU0010,WH01,315.0,4,328.97999999999996
2025-04-01,SKU0010,WH02,298.0,4,328.97999999999996
2025-04-01,SKU0010,WH03,254.0,4,328.97999999999996
2025-04-01,SKU0010,WH04,291.0,4,328.97999999999996
2025-04-01,SKU0010,WH05,268.0,4,328.97999999999996
2025-04-01,SKU0011,WH01,803.0,3,107.27600000000001
2025-04-01,SKU0011,WH02,765.0,3,107.27600000000001
2025-04-01,SKU0011,WH03,802.0,3,107.27600000000001
2025-04-01,SKU0011,WH04,800.0,3,107.27600000000001
2025-04-01,SKU0011,WH05,789.0,3,107.27600000000001
2025-04-01,SKU0012,WH01,319.0,3,183.57700000000003
2025-04-01,SKU0012,WH02,374.0,3,183.57700000000003
2025-04-01,SKU0012,WH03,307.0,3,183.57700000000003
2025-04-01,SKU0012,WH04,304.0,3,183.57700000000003
2025-04-01,SKU0012,WH05,355.0,3,183.57700000000003
2025-04-01,SKU0013,WH01,211.0,2,96.05966666666669
2025-04-01,SKU0013,WH02,242.0,2,96.05966666666669
2025-04-01,SKU0013,WH03,255.0,2,96.05966666666669
2025-04-01,SKU0013,WH04,264.0,2,96.05966666666669
2025-04-01,SKU0013,WH05,253.0,2,96.05966666666669
2025-04-01,SKU0014,WH01,135.0,2,325.5146666666667
2025-04-01,SKU0014,WH02,142.0,2,325.5146666666667
2025-04-01,SKU0014,WH03,135.0,2,325.5146666666667
2025-04-01,SKU0014,WH04,133.0,2,325.5146666666667
2025-04-01,SKU0014,WH05,102.0,2,325.5146666666667
2025-04-01,SKU0015,WH01,96.0,1,65.86
2025-04-01,SKU0015,WH02,91.0,1,65.86
2025-04-01,SKU0015,WH03,86.0,1,65.86
2025-04-01,SKU0015,WH04,92.0,1,65.86
2025-04-01,SKU0015,WH05,119.0,1,65.86
2025-04-01,SKU0016,WH01,2035.0,3,25.05933333333333
2025-04-01,SKU0016,WH02,2052.0,3,25.05933333333333
2025-04-01,SKU0016,WH03,2038.0,3,25.05933333333333
2025-04-01,SKU0016,WH04,2056.0,3,25.05933333333333
2025-04-01,SKU0016,WH05,2164.0,3,25.05933333333333
2025-04-01,SKU0017,WH01,288.0,2,156.35066666666668
2025-04-01,SKU0017,WH02,357.0,2,156.35066666666668
2025-04-01,SKU0017,WH03,354.0,2,156.35066666666668
2025-04-01,SKU0017,WH04,341.0,2,156.35066666666668
2025-04-01,SKU0017,WH05,301.0,2,156.35066666666668
2025-04-01,SKU0018,WH01,719.0,2,346.25200000000007
2025-04-01,SKU0018,WH02,737.0,2,346.25200000000007
2025-04-01,SKU0018,WH03,697.0,2,346.25200000000007
2025-04-01,SKU0018,WH04,726.0,2,346.25200000000007
2025-04-01,SKU0018,WH05,723.0,2,346.25200000000007
2025-04-01,SKU0019,WH01,977.0,3,307.9506666666667
2025-04-01,SKU0019,WH02,889.0,3,307.9506666666667
2025-04-01,SKU0019,WH03,964.0,3,307.9506666666667
2025-04-01,SKU0019,WH04,933.0,3,307.9506666666667
2025-04-01,SKU0019,WH05,930.0,3,307.9506666666667
2025-04-01,SKU0020,WH01,512.0,1,264.089
2025-04-01,SKU0020,WH02,555.0,1,264.089
2025-04-01,SKU0020,WH03,549.0,1,264.089
2025-04-01,SKU0020,WH04,509.0,1,264.089
2025-04-01,SKU0020,WH05,527.0,1,264.089
2025-04-01,SKU0021,WH01,131.0,1,311.3056666666667
2025-04-01,SKU0021,WH02,148.0,1,311.3056666666667
2025-04-01,SKU0021,WH03,151.0,1,311.3056666666667
2025-04-01,SKU0021,WH04,146.0,1,311.3056666666667
2025-04-01,SKU0021,WH05,134.0,1,311.3056666666667
2025-04-01,SKU0022,WH01,222.0,3,309.586
2025-04-01,SKU0022,WH02,204.0,3,309.586
2025-04-01,SKU0022,WH03,233.0,3,309.586
2025-04-01,SKU0022,WH04,213.0,3,309.586
2025-04-01,SKU0022,WH05,219.0,3,309.586
2025-04-01,SKU0023,WH01,369.0,3,183.92466666666667
2025-04-01,SKU0023,WH02,326.0,3,183.92466666666667
2025-04-01,SKU0023,WH03,317.0,3,183.92466666666667
2025-04-01,SKU0023,WH04,351.0,3,183.92466666666667
2025-04-01,SKU0023,WH05,365.0,3,183.92466666666667
2025-04-01,SKU0024,WH01,946.0,1,116.63733333333333
2025-04-01,SKU0024,WH02,853.0,1,116.63733333333333
2025-04-01,SKU0024,WH03,911.0,1,116.63733333333333
2025-04-01,SKU0024,WH04,884.0,1,116.63733333333333
2025-04-01,SKU0024,WH05,847.0,1,116.63733333333333
2025-04-01,SKU0025,WH01,846.0,4,267.03000000000003
2025-04-01,SKU0025,WH02,837.0,4,267.03000000000003
2025-04-01,SKU0025,WH03,894.0,4,267.03000000000003
2025-04-01,SKU0025,WH04,858.0,4,267.03000000000003
2025-04-01,SKU0025,WH05,811.0,4,267.03000000000003
2025-04-01,SKU0026,WH01,1820.0,5,230.65233333333336
2025-04-01,SKU0026,WH02,1781.0,5,230.65233333333336
2025-04-01,SKU0026,WH03,1694.0,5,230.65233333333336
2025-04-01,SKU0026,WH04,1711.0,5,230.65233333333336
2025-04-01,SKU0026,WH05,1673.0,5,230.65233333333336
2025-04-01,SKU0027,WH01,579.0,1,136.58333333333334
2025-04-01,SKU0027,WH02,558.0,1,136.58333333333334
2025-04-01,SKU0027,WH03,553.0,1,136.58333333333334
2025-04-01,SKU0027,WH04,612.0,1,136.58333333333334
2025-04-01,SKU0027,WH05,530.0,1,136.58333333333334
2025-04-01,SKU0028,WH01,292.0,4,41.62833333333333
2025-04-01,SKU0028,WH02,290.0,4,41.62833333333333
2025-04-01,SKU0028,WH03,255.0,4,41.62833333333333
2025-04-01,SKU0028,WH04,276.0,4,41.62833333333333
2025-04-01,SKU0028,WH05,286.0,4,41.62833333333333
2025-04-01,SKU0029,WH01,325.0,3,261.7103333333333
2025-04-01,SKU0029,WH02,365.0,3,261.7103333333333
2025-04-01,SKU0029,WH03,356.0,3,261.7103333333333
2025-04-01,SKU0029,WH04,318.0,3,261.7103333333333
2025-04-01,SKU0029,WH05,351.0,3,261.7103333333333
2025-04-01,SKU0030,WH01,631.0,2,98.24766666666666
2025-04-01,SKU0030,WH02,617.0,2,98.24766666666666
2025-04-01,SKU0030,WH03,693.0,2,98.24766666666666
2025-04-01,SKU0030,WH04,685.0,2,98.24766666666666
2025-04-01,SKU0030,WH05,655.0,2,98.24766666666666
2025-04-01,SKU0031,WH01,395.0,4,322.497
2025-04-01,SKU0031,WH02,370.0,4,322.497
2025-04-01,SKU0031,WH03,349.0,4,322.497
2025-04-01,SKU0031,WH04,364.0,4,322.497
2025-04-01,SKU0031,WH05,342.0,4,322.497
2025-04-01,SKU0032,WH01,358.0,4,90.39766666666668
2025-04-01,SKU0032,WH02,363.0,4,90.39766666666668
2025-04-01,SKU0032,WH03,339.0,4,90.39766666666668
2025-04-01,SKU0032,WH04,369.0,4,90.39766666666668
2025-04-01,SKU0032,WH05,369.0,4,90.39766666666668
2025-04-01,SKU0033,WH01,165.0,5,50.532666666666664
2025-04-01,SKU0033,WH02,173.0,5,50.532666666666664
2025-04-01,SKU0033,WH03,146.0,5,50.532666666666664
2025-04-01,SKU0033,WH04,168.0,5,50.532666666666664
2025-04-01,SKU0033,WH05,158.0,5,50.532666666666664
2025-04-01,SKU0034,WH01,194.0,1,290.6293333333333
2025-04-01,SKU0034,WH02,170.0,1,290.6293333333333
2025-04-01,SKU0034,WH03,212.0,1,290.6293333333333
2025-04-01,SKU0034,WH04,177.0,1,290.6293333333333
2025-04-01,SKU0034,WH05,161.0,1,290.6293333333333
2025-04-01,SKU0035,WH01,183.0,3,61.499
2025-04-01,SKU0035,WH02,187.0,3,61.499
2025-04-01,SKU0035,WH03,190.0,3,61.499
2025-04-01,SKU0035,WH04,175.0,3,61.499
2025-04-01,SKU0035,WH05,203.0,3,61.499
2025-04-01,SKU0036,WH01,191.0,3,69.886
2025-04-01,SKU0036,WH02,199.0,3,69.886
2025-04-01,SKU0036,WH03,200.0,3,69.886
2025-04-01,SKU0036,WH04,199.0,3,69.886
2025-04-01,SKU0036,WH05,209.0,3,69.886
2025-04-01,SKU0037,WH01,24.0,5,210.22666666666666
2025-04-01,SKU0037,WH02,18.0,5,210.22666666666666
2025-04-01,SKU0037,WH03,23.0,5,210.22666666666666
2025-04-01,SKU0037,WH04,23.0,5,210.22666666666666
2025-04-01,SKU0037,WH05,22.0,5,210.22666666666666
2025-04-01,SKU0038,WH01,615.0,6,300.6913333333333
2025-04-01,SKU0038,WH02,649.0,6,300.6913333333333
2025-04-01,SKU0038,WH03,593.0,6,300.6913333333333
2025-04-01,SKU0038,WH04,614.0,6,300.6913333333333
2025-04-01,SKU0038,WH05,589.0,6,300.6913333333333
2025-04-01,SKU0039,WH01,279.0,2,76.022
2025-04-01,SKU0039,WH02,287.0,2,76.022
2025-04-01,SKU0039,WH03,274.0,2,76.022
2025-04-01,SKU0039,WH04,287.0,2,76.022
2025-04-01,SKU0039,WH05,248.0,2,76.022
2025-04-01,SKU0040,WH01,200.0,4,113.77733333333335
2025-04-01,SKU0040,WH02,209.0,4,113.77733333333335
2025-04-01,SKU0040,WH03,227.0,4,113.77733333333335
2025-04-01,SKU0040,WH04,215.0,4,113.77733333333335
2025-04-01,SKU0040,WH05,211.0,4,113.77733333333335
2025-04-01,SKU0041,WH01,37.0,2,270.66266666666667
2025-04-01,SKU0041,WH02,28.0,2,270.66266666666667
2025-04-01,SKU0041,WH03,27.0,2,270.66266666666667
2025-04-01,SKU0041,WH04,26.0,2,270.66266666666667
2025-04-01,SKU0041,WH05,27.0,2,270.66266666666667
2025-04-01,SKU0042,WH01,765.0,2,338.15066666666667
2025-04-01,SKU0042,WH02,755.0,2,338.15066666666667
2025-04-01,SKU0042,WH03,790.0,2,338.15066666666667
2025-04-01,SKU0042,WH04,712.0,2,338.15066666666667
2025-04-01,SKU0042,WH05,704.0,2,338.15066666666667
2025-04-01,SKU0043,WH01,82.0,1,179.04833333333332
2025-04-01,SKU0043,WH02,84.0,1,179.04833333333332
2025-04-01,SKU0043,WH03,62.0,1,179.04833333333332
2025-04-01,SKU0043,WH04,68.0,1,179.04833333333332
2025-04-01,SKU0043,WH05,81.0,1,179.04833333333332
2025-04-01,SKU0044,WH01,81.0,3,58.242666666666665
2025-04-01,SKU0044,WH02,105.0,3,58.242666666666665
2025-04-01,SKU0044,WH03,120.0,3,58.242666666666665
2025-04-01,SKU0044,WH04,96.0,3,58.242666666666665
2025-04-01,SKU0044,WH05,95.0,3,58.242666666666665
2025-04-01,SKU0045,WH01,1616.0,4,14.445333333333334
2025-04-01,SKU0045,WH02,1709.0,4,14.445333333333334
2025-04-01,SKU0045,WH03,1763.0,4,14.445333333333334
2025-04-01,SKU0045,WH04,1941.0,4,14.445333333333334
2025-04-01,SKU0045,WH05,1713.0,4,14.445333333333334
2025-04-01,SKU0046,WH01,1573.0,3,87.346
2025-04-01,SKU0046,WH02,1468.0,3,87.346
2025-04-01,SKU0046,WH03,1581.0,3,87.346
2025-04-01,SKU0046,WH04,1571.0,3,87.346
2025-04-01,SKU0046,WH05,1533.0,3,87.346
2025-04-01,SKU0047,WH01,99.0,4,54.089333333333336
2025-04-01,SKU0047,WH02,88.0,4,54.089333333333336
2025-04-01,SKU0047,WH03,109.0,4,54.089333333333336
2025-04-01,SKU0047,WH04,102.0,4,54.089333333333336
2025-04-01,SKU0047,WH05,104.0,4,54.089333333333336
2025-04-01,SKU0048,WH01,25.0,3,237.59533333333334
2025-04-01,SKU0048,WH02,18.0,3,237.59533333333334
2025-04-01,SKU0048,WH03,12.0,3,237.59533333333334
2025-04-01,SKU0048,WH04,20.0,3,237.59533333333334
2025-04-01,SKU0048,WH05,18.0,3,237.59533333333334
2025-04-01,SKU0049,WH01,332.0,0,51.419999999999995
2025-04-01,SKU0049,WH02,329.0,0,51.419999999999995
2025-04-01,SKU0049,WH03,312.0,0,51.419999999999995
2025-04-01,SKU0049,WH04,325.0,0,51.419999999999995
2025-04-01,SKU0049,WH05,352.0,0,51.419999999999995
2025-04-01,SKU0050,WH01,656.0,4,178.81066666666666
2025-04-01,SKU0050,WH02,615.0,4,178.81066666666666
2025-04-01,SKU0050,WH03,614.0,4,178.81066666666666
2025-04-01,SKU0050,WH04,580.0,4,178.81066666666666
2025-04-01,SKU0050,WH05,643.0,4,178.81066666666666
2025-04-01,SKU0051,WH01,35.0,2,244.41000000000003
2025-04-01,SKU0051,WH02,19.0,2,244.41000000000003
2025-04-01,SKU0051,WH03,28.0,2,244.41000000000003
2025-04-01,SKU0051,WH04,18.0,2,244.41000000000003
2025-04-01,SKU0051,WH05,18.0,2,244.41000000000003
2025-04-01,SKU0052,WH01,869.0,1,206.196
2025-04-01,SKU0052,WH02,875.0,1,206.196
2025-04-01,SKU0052,WH03,892.0,1,206.196
2025-04-01,SKU0052,WH04,852.0,1,206.196
2025-04-01,SKU0052,WH05,991.0,1,206.196
2025-04-01,SKU0053,WH01,89.0,3,77.40033333333334
2025-04-01,SKU0053,WH02,102.0,3,77.40033333333334
2025-04-01,SKU0053,WH03,92.0,3,77.40033333333334
2025-04-01,SKU0053,WH04,98.0,3,77.40033333333334
2025-04-01,SKU0053,WH05,93.0,3,77.40033333333334
2025-04-01,SKU0054,WH01,501.0,2,281.5106666666667
2025-04-01,SKU0054,WH02,528.0,2,281.5106666666667
2025-04-01,SKU0054,WH03,529.0,2,281.5106666666667
2025-04-01,SKU0054,WH04,490.0,2,281.5106666666667
2025-04-01,SKU0054,WH05,489.0,2,281.5106666666667
2025-04-01,SKU0055,WH01,728.0,4,249.86366666666666
2025-04-01,SKU0055,WH02,726.0,4,249.86366666666666
2025-04-01,SKU0055,WH03,716.0,4,249.86366666666666
2025-04-01,SKU0055,WH04,720.0,4,249.86366666666666
2025-04-01,SKU0055,WH05,714.0,4,249.86366666666666
2025-04-01,SKU0056,WH01,25.0,2,258.63733333333334
2025-04-01,SKU0056,WH02,34.0,2,258.63733333333334
2025-04-01,SKU0056,WH03,31.0,2,258.63733333333334
2025-04-01,SKU0056,WH04,22.0,2,258.63733333333334
2025-04-01,SKU0056,WH05,28.0,2,258.63733333333334
2025-04-01,SKU0057,WH01,234.0,2,54.196000000000005
2025-04-01,SKU0057,WH02,198.0,2,54.196000000000005
2025-04-01,SKU0057,WH03,237.0,2,54.196000000000005
2025-04-01,SKU0057,WH04,233.0,2,54.196000000000005
2025-04-01,SKU0057,WH05,223.0,2,54.196000000000005
2025-04-01,SKU0058,WH01,1060.0,4,51.38566666666667
2025-04-01,SKU0058,WH02,1138.0,4,51.38566666666667
2025-04-01,SKU0058,WH03,1081.0,4,51.38566666666667
2025-04-01,SKU0058,WH04,1106.0,4,51.38566666666667
2025-04-01,SKU0058,WH05,1133.0,4,51.38566666666667
2025-04-01,SKU0059,WH01,809.0,2,323.74300000000005
2025-04-01,SKU0059,WH02,762.0,2,323.74300000000005
2025-04-01,SKU0059,WH03,771.0,2,323.74300000000005
2025-04-01,SKU0059,WH04,727.0,2,323.74300000000005
2025-04-01,SKU0059,WH05,797.0,2,323.74300000000005
2025-04-01,SKU0060,WH01,376.0,3,143.728
2025-04-01,SKU0060,WH02,355.0,3,143.728
2025-04-01,SKU0060,WH03,352.0,3,143.728
2025-04-01,SKU0060,WH04,346.0,3,143.728
2025-04-01,SKU0060,WH05,316.0,3,143.728
2025-04-01,SKU0061,WH01,570.0,3,111.19699999999999
2025-04-01,SKU0061,WH02,518.0,3,111.19699999999999
2025-04-01,SKU0061,WH03,549.0,3,111.19699999999999
2025-04-01,SKU0061,WH04,552.0,3,111.19699999999999
2025-04-01,SKU0061,WH05,558.0,3,111.19699999999999
2025-04-01,SKU0062,WH01,1347.0,3,173.77166666666665
2025-04-01,SKU0062,WH02,1313.0,3,173.77166666666665
2025-04-01,SKU0062,WH03,1314.0,3,173.77166666666665
2025-04-01,SKU0062,WH04,1436.0,3,173.77166666666665
2025-04-01,SKU0062,WH05,1404.0,3,173.77166666666665
2025-04-01,SKU0063,WH01,441.0,4,231.839
2025-04-01,SKU0063,WH02,400.0,4,231.839
2025-04-01,SKU0063,WH03,438.0,4,231.839
2025-04-01,SKU0063,WH04,404.0,4,231.839
2025-04-01,SKU0063,WH05,434.0,4,231.839
2025-04-01,SKU0064,WH01,303.0,2,331.00266666666664
2025-04-01,SKU0064,WH02,281.0,2,331.00266666666664
2025-04-01,SKU0064,WH03,291.0,2,331.00266666666664
2025-04-01,SKU0064,WH04,277.0,2,331.00266666666664
2025-04-01,SKU0064,WH05,299.0,2,331.00266666666664
2025-04-01,SKU0065,WH01,1541.0,1,107.211
2025-04-01,SKU0065,WH02,1449.0,1,107.211
2025-04-01,SKU0065,WH03,1549.0,1,107.211
2025-04-01,SKU0065,WH04,1516.0,1,107.211
2025-04-01,SKU0065,WH05,1417.0,1,107.211
2025-04-01,SKU0066,WH01,361.0,3,320.6453333333333
2025-04-01,SKU0066,WH02,307.0,3,320.6453333333333
2025-04-01,SKU0066,WH03,303.0,3,320.6453333333333
2025-04-01,SKU0066,WH04,314.0,3,320.6453333333333
2025-04-01,SKU0066,WH05,372.0,3,320.6453333333333
2025-04-01,SKU0067,WH01,1382.0,2,18.234666666666666
2025-04-01,SKU0067,WH02,1327.0,2,18.234666666666666
2025-04-01,SKU0067,WH03,1399.0,2,18.234666666666666
2025-04-01,SKU0067,WH04,1400.0,2,18.234666666666666
2025-04-01,SKU0067,WH05,1417.0,2,18.234666666666666
2025-04-01,SKU0068,WH01,49.0,1,197.44500000000002
2025-04-01,SKU0068,WH02,52.0,1,197.44500000000002
2025-04-01,SKU0068,WH03,46.0,1,197.44500000000002
2025-04-01,SKU0068,WH04,63.0,1,197.44500000000002
2025-04-01,SKU0068,WH05,68.0,1,197.44500000000002
2025-04-01,SKU0069,WH01,612.0,3,222.91866666666672
2025-04-01,SKU0069,WH02,595.0,3,222.91866666666672
2025-04-01,SKU0069,WH03,631.0,3,222.91866666666672
2025-04-01,SKU0069,WH04,564.0,3,222.91866666666672
2025-04-01,SKU0069,WH05,582.0,3,222.91866666666672
2025-04-01,SKU0070,WH01,483.0,1,45.85666666666667
2025-04-01,SKU0070,WH02,473.0,1,45.85666666666667
2025-04-01,SKU0070,WH03,472.0,1,45.85666666666667
2025-04-01,SKU0070,WH04,482.0,1,45.85666666666667
2025-04-01,SKU0070,WH05,500.0,1,45.85666666666667
2025-04-01,SKU0071,WH01,415.0,2,57.52733333333333
2025-04-01,SKU0071,WH02,434.0,2,57.52733333333333
2025-04-01,SKU0071,WH03,396.0,2,57.52733333333333
2025-04-01,SKU0071,WH04,421.0,2,57.52733333333333
2025-04-01,SKU0071,WH05,439.0,2,57.52733333333333
2025-04-01,SKU0072,WH01,276.0,1,151.48333333333332
2025-04-01,SKU0072,WH02,268.0,1,151.48333333333332
2025-04-01,SKU0072,WH03,258.0,1,151.48333333333332
2025-04-01,SKU0072,WH04,305.0,1,151.48333333333332
2025-04-01,SKU0072,WH05,256.0,1,151.48333333333332
2025-04-01,SKU0073,WH01,973.0,2,336.263
2025-04-01,SKU0073,WH02,958.0,2,336.263
2025-04-01,SKU0073,WH03,915.0,2,336.263
2025-04-01,SKU0073,WH04,892.0,2,336.263
2025-04-01,SKU0073,WH05,826.0,2,336.263
2025-04-01,SKU0074,WH01,649.0,3,211.2326666666667
2025-04-01,SKU0074,WH02,671.0,3,211.2326666666667
2025-04-01,SKU0074,WH03,643.0,3,211.2326666666667
2025-04-01,SKU0074,WH04,674.0,3,211.2326666666667
2025-04-01,SKU0074,WH05,592.0,3,211.2326666666667
2025-04-01,SKU0075,WH01,188.0,1,326.13933333333335
2025-04-01,SKU0075,WH02,171.0,1,326.13933333333335
2025-04-01,SKU0075,WH03,170.0,1,326.13933333333335
2025-04-01,SKU0075,WH04,168.0,1,326.13933333333335
2025-04-01,SKU0075,WH05,174.0,1,326.13933333333335
2025-04-01,SKU0076,WH01,535.0,4,280.173
2025-04-01,SKU0076,WH02,495.0,4,280.173
2025-04-01,SKU0076,WH03,583.0,4,280.173
2025-04-01,SKU0076,WH04,542.0,4,280.173
2025-04-01,SKU0076,WH05,515.0,4,280.173
2025-04-01,SKU0077,WH01,331.0,1,167.784
2025-04-01,SKU0077,WH02,372.0,1,167.784
2025-04-01,SKU0077,WH03,312.0,1,167.784
2025-04-01,SKU0077,WH04,385.0,1,167.784
2025-04-01,SKU0077,WH05,339.0,1,167.784
2025-04-01,SKU0078,WH01,312.0,1,276.3586666666667
2025-04-01,SKU0078,WH02,321.0,1,276.3586666666667
2025-04-01,SKU0078,WH03,339.0,1,276.3586666666667
2025-04-01,SKU0078,WH04,297.0,1,276.3586666666667
2025-04-01,SKU0078,WH05,317.0,1,276.3586666666667
2025-04-01,SKU0079,WH01,33.0,5,15.68533333333333
2025-04-01,SKU0079,WH02,38.0,5,15.68533333333333
2025-04-01,SKU0079,WH03,40.0,5,15.68533333333333
2025-04-01,SKU0079,WH04,50.0,5,15.68533333333333
2025-04-01,SKU0079,WH05,35.0,5,15.68533333333333
2025-04-01,SKU0080,WH01,564.0,2,46.71733333333332
2025-04-01,SKU0080,WH02,518.0,2,46.71733333333332
2025-04-01,SKU0080,WH03,565.0,2,46.71733333333332
2025-04-01,SKU0080,WH04,504.0,2,46.71733333333332
2025-04-01,SKU0080,WH05,554.0,2,46.71733333333332
2025-05-01,SKU0001,WH01,655.0,1,46.47967741935484
2025-05-01,SKU0001,WH02,659.0,1,46.47967741935484
2025-05-01,SKU0001,WH03,666.0,1,46.47967741935484
2025-05-01,SKU0001,WH04,679.0,1,46.47967741935484
2025-05-01,SKU0001,WH05,723.0,1,46.47967741935484
2025-05-01,SKU0002,WH01,163.0,3,317.8109677419355
2025-05-01,SKU0002,WH02,189.0,3,317.8109677419355
2025-05-01,SKU0002,WH03,185.0,3,317.8109677419355
2025-05-01,SKU0002,WH04,154.0,3,317.8109677419355
2025-05-01,SKU0002,WH05,161.0,3,317.8109677419355
2025-05-01,SKU0003,WH01,1502.0,2,87.4158064516129
2025-05-01,SKU0003,WH02,1613.0,2,87.4158064516129
2025-05-01,SKU0003,WH03,1526.0,2,87.4158064516129
2025-05-01,SKU0003,WH04,1481.0,2,87.4158064516129
2025-05-01,SKU0003,WH05,1598.0,2,87.4158064516129
2025-05-01,SKU0004,WH01,2813.0,1,22.646774193548385
2025-05-01,SKU0004,WH02,2911.0,1,22.646774193548385
2025-05-01,SKU0004,WH03,2737.0,1,22.646774193548385
2025-05-01,SKU0004,WH04,2947.0,1,22.646774193548385
2025-05-01,SKU0004,WH05,2814.0,1,22.646774193548385
2025-05-01,SKU0005,WH01,681.0,0,198.65
2025-05-01,SKU0005,WH02,680.0,0,198.65
2025-05-01,SKU0005,WH03,699.0,0,198.65
2025-05-01,SKU0005,WH04,669.0,0,198.65
2025-05-01,SKU0005,WH05,673.0,0,198.65
2025-05-01,SKU0006,WH01,30.0,5,133.03645161290322
2025-05-01,SKU0006,WH02,22.0,5,133.03645161290322
2025-05-01,SKU0006,WH03,35.0,5,133.03645161290322
2025-05-01,SKU0006,WH04,24.0,5,133.03645161290322
2025-05-01,SKU0006,WH05,24.0,5,133.03645161290322
2025-05-01,SKU0007,WH01,498.0,4,287.418064516129
2025-05-01,SKU0007,WH02,544.0,4,287.418064516129
2025-05-01,SKU0007,WH03,556.0,4,287.418064516129
2025-05-01,SKU0007,WH04,558.0,4,287.418064516129
2025-05-01,SKU0007,WH05,508.0,4,287.418064516129
2025-05-01,SKU0008,WH01,964.0,2,282.05387096774194
2025-05-01,SKU0008,WH02,1068.0,2,282.05387096774194
2025-05-01,SKU0008,WH03,1073.0,2,282.05387096774194
2025-05-01,SKU0008,WH04,995.0,2,282.05387096774194
2025-05-01,SKU0008,WH05,1125.0,2,282.05387096774194
2025-05-01,SKU0009,WH01,1289.0,1,117.44999999999999
2025-05-01,SKU0009,WH02,1197.0,1,117.44999999999999
2025-05-01,SKU0009,WH03,1271.0,1,117.44999999999999
2025-05-01,SKU0009,WH04,1248.0,1,117.44999999999999
2025-05-01,SKU0009,WH05,1250.0,1,117.44999999999999
2025-05-01,SKU0010,WH01,314.0,3,330.21903225806454
2025-05-01,SKU0010,WH02,282.0,3,330.21903225806454
2025-05-01,SKU0010,WH03,281.0,3,330.21903225806454
2025-05-01,SKU0010,WH04,297.0,3,330.21903225806454
2025-05-01,SKU0010,WH05,257.0,3,330.21903225806454
2025-05-01,SKU0011,WH01,750.0,2,107.68032258064517
2025-05-01,SKU0011,WH02,760.0,2,107.68032258064517
2025-05-01,SKU0011,WH03,697.0,2,107.68032258064517
2025-05-01,SKU0011,WH04,703.0,2,107.68032258064517
2025-05-01,SKU0011,WH05,800.0,2,107.68032258064517
2025-05-01,SKU0012,WH01,331.0,1,184.2241935483871
2025-05-01,SKU0012,WH02,313.0,1,184.2241935483871
2025-05-01,SKU0012,WH03,339.0,1,184.2241935483871
2025-05-01,SKU0012,WH04,355.0,1,184.2241935483871
2025-05-01,SKU0012,WH05,335.0,1,184.2241935483871
2025-05-01,SKU0013,WH01,247.0,3,96.40419354838711
2025-05-01,SKU0013,WH02,222.0,3,96.40419354838711
2025-05-01,SKU0013,WH03,206.0,3,96.40419354838711
2025-05-01,SKU0013,WH04,223.0,3,96.40419354838711
2025-05-01,SKU0013,WH05,267.0,3,96.40419354838711
2025-05-01,SKU0014,WH01,119.0,3,325.073870967742
2025-05-01,SKU0014,WH02,129.0,3,325.073870967742
2025-05-01,SKU0014,WH03,127.0,3,325.073870967742
2025-05-01,SKU0014,WH04,126.0,3,325.073870967742
2025-05-01,SKU0014,WH05,124.0,3,325.073870967742
2025-05-01,SKU0015,WH01,91.0,3,65.33129032258064
2025-05-01,SKU0015,WH02,112.0,3,65.33129032258064
2025-05-01,SKU0015,WH03,114.0,3,65.33129032258064
2025-05-01,SKU0015,WH04,91.0,3,65.33129032258064
2025-05-01,SKU0015,WH05,100.0,3,65.33129032258064
2025-05-01,SKU0016,WH01,2144.0,6,24.86258064516129
2025-05-01,SKU0016,WH02,1959.0,6,24.86258064516129
2025-05-01,SKU0016,WH03,2218.0,6,24.86258064516129
2025-05-01,SKU0016,WH04,2116.0,6,24.86258064516129
2025-05-01,SKU0016,WH05,2264.0,6,24.86258064516129
2025-05-01,SKU0017,WH01,317.0,4,156.1467741935484
2025-05-01,SKU0017,WH02,343.0,4,156.1467741935484
2025-05-01,SKU0017,WH03,339.0,4,156.1467741935484
2025-05-01,SKU0017,WH04,301.0,4,156.1467741935484
2025-05-01,SKU0017,WH05,336.0,4,156.1467741935484
2025-05-01,SKU0018,WH01,741.0,2,344.6083870967742
2025-05-01,SKU0018,WH02,709.0,2,344.6083870967742
2025-05-01,SKU0018,WH03,701.0,2,344.6083870967742
2025-05-01,SKU0018,WH04,788.0,2,344.6083870967742
2025-05-01,SKU0018,WH05,761.0,2,344.6083870967742
2025-05-01,SKU0019,WH01,902.0,3,309.12870967741935
2025-05-01,SKU0019,WH02,942.0,3,309.12870967741935
2025-05-01,SKU0019,WH03,948.0,3,309.12870967741935
2025-05-01,SKU0019,WH04,959.0,3,309.12870967741935
2025-05-01,SKU0019,WH05,849.0,3,309.12870967741935
2025-05-01,SKU0020,WH01,488.0,1,264.1032258064516
2025-05-01,SKU0020,WH02,507.0,1,264.1032258064516
2025-05-01,SKU0020,WH03,505.0,1,264.1032258064516
2025-05-01,SKU0020,WH04,469.0,1,264.1032258064516
2025-05-01,SKU0020,WH05,511.0,1,264.1032258064516
2025-05-01,SKU0021,WH01,150.0,3,309.33741935483874
2025-05-01,SKU0021,WH02,156.0,3,309.33741935483874
2025-05-01,SKU0021,WH03,130.0,3,309.33741935483874
2025-05-01,SKU0021,WH04,150.0,3,309.33741935483874
2025-05-01,SKU0021,WH05,147.0,3,309.33741935483874
2025-05-01,SKU0022,WH01,237.0,3,310.2274193548387
2025-05-01,SKU0022,WH02,190.0,3,310.2274193548387
2025-05-01,SKU0022,WH03,222.0,3,310.2274193548387
2025-05-01,SKU0022,WH04,206.0,3,310.2274193548387
2025-05-01,SKU0022,WH05,192.0,3,310.2274193548387
2025-05-01,SKU0023,WH01,308.0,1,185.80870967741936
2025-05-01,SKU0023,WH02,324.0,1,185.80870967741936
2025-05-01,SKU0023,WH03,325.0,1,185.80870967741936
2025-05-01,SKU0023,WH04,284.0,1,185.80870967741936
2025-05-01,SKU0023,WH05,333.0,1,185.80870967741936
2025-05-01,SKU0024,WH01,852.0,2,116.47322580645161
2025-05-01,SKU0024,WH02,836.0,2,116.47322580645161
2025-05-01,SKU0024,WH03,919.0,2,116.47322580645161
2025-05-01,SKU0024,WH04,863.0,2,116.47322580645161
2025-05-01,SKU0024,WH05,842.0,2,116.47322580645161
2025-05-01,SKU0025,WH01,845.0,2,269.8429032258065
2025-05-01,SKU0025,WH02,817.0,2,269.8429032258065
2025-05-01,SKU0025,WH03,803.0,2,269.8429032258065
2025-05-01,SKU0025,WH04,862.0,2,269.8429032258065
2025-05-01,SKU0025,WH05,858.0,2,269.8429032258065
2025-05-01,SKU0026,WH01,1682.0,3,232.6858064516129
2025-05-01,SKU0026,WH02,1601.0,3,232.6858064516129
2025-05-01,SKU0026,WH03,1550.0,3,232.6858064516129
2025-05-01,SKU0026,WH04,1658.0,3,232.6858064516129
2025-05-01,SKU0026,WH05,1570.0,3,232.6858064516129
2025-05-01,SKU0027,WH01,591.0,2,135.71354838709678
2025-05-01,SKU0027,WH02,581.0,2,135.71354838709678
2025-05-01,SKU0027,WH03,596.0,2,135.71354838709678
2025-05-01,SKU0027,WH04,608.0,2,135.71354838709678
2025-05-01,SKU0027,WH05,597.0,2,135.71354838709678
2025-05-01,SKU0028,WH01,269.0,5,41.44064516129032
2025-05-01,SKU0028,WH02,281.0,5,41.44064516129032
2025-05-01,SKU0028,WH03,267.0,5,41.44064516129032
2025-05-01,SKU0028,WH04,306.0,5,41.44064516129032
2025-05-01,SKU0028,WH05,328.0,5,41.44064516129032
2025-05-01,SKU0029,WH01,361.0,2,262.2074193548387
2025-05-01,SKU0029,WH02,317.0,2,262.2074193548387
2025-05-01,SKU0029,WH03,369.0,2,262.2074193548387
2025-05-01,SKU0029,WH04,349.0,2,262.2074193548387
2025-05-01,SKU0029,WH05,349.0,2,262.2074193548387
2025-05-01,SKU0030,WH01,618.0,3,98.43967741935484
2025-05-01,SKU0030,WH02,654.0,3,98.43967741935484
2025-05-01,SKU0030,WH03,635.0,3,98.43967741935484
2025-05-01,SKU0030,WH04,617.0,3,98.43967741935484
2025-05-01,SKU0030,WH05,595.0,3,98.43967741935484
2025-05-01,SKU0031,WH01,282.0,2,325.8706451612903
2025-05-01,SKU0031,WH02,309.0,2,325.8706451612903
2025-05-01,SKU0031,WH03,325.0,2,325.8706451612903
2025-05-01,SKU0031,WH04,296.0,2,325.8706451612903
2025-05-01,SKU0031,WH05,338.0,2,325.8706451612903
2025-05-01,SKU0032,WH01,308.0,1,91.4851612903226
2025-05-01,SKU0032,WH02,303.0,1,91.4851612903226
2025-05-01,SKU0032,WH03,376.0,1,91.4851612903226
2025-05-01,SKU0032,WH04,307.0,1,91.4851612903226
2025-05-01,SKU0032,WH05,347.0,1,91.4851612903226
2025-05-01,SKU0033,WH01,133.0,0,51.74
2025-05-01,SKU0033,WH02,135.0,0,51.74
2025-05-01,SKU0033,WH03,122.0,0,51.74
2025-05-01,SKU0033,WH04,150.0,0,51.74
2025-05-01,SKU0033,WH05,130.0,0,51.74
2025-05-01,SKU0034,WH01,220.0,4,286.9167741935484
2025-05-01,SKU0034,WH02,223.0,4,286.9167741935484
2025-05-01,SKU0034,WH03,182.0,4,286.9167741935484
2025-05-01,SKU0034,WH04,183.0,4,286.9167741935484
2025-05-01,SKU0034,WH05,196.0,4,286.9167741935484
2025-05-01,SKU0035,WH01,207.0,2,61.61903225806451
2025-05-01,SKU0035,WH02,184.0,2,61.61903225806451
2025-05-01,SKU0035,WH03,206.0,2,61.61903225806451
2025-05-01,SKU0035,WH04,184.0,2,61.61903225806451
2025-05-01,SKU0035,WH05,179.0,2,61.61903225806451
2025-05-01,SKU0036,WH01,172.0,2,70.37806451612904
2025-05-01,SKU0036,WH02,180.0,2,70.37806451612904
2025-05-01,SKU0036,WH03,196.0,2,70.37806451612904
2025-05-01,SKU0036,WH04,182.0,2,70.37806451612904
2025-05-01,SKU0036,WH05,194.0,2,70.37806451612904
2025-05-01,SKU0037,WH01,12.0,3,212.0658064516129
2025-05-01,SKU0037,WH02,20.0,3,212.0658064516129
2025-05-01,SKU0037,WH03,28.0,3,212.0658064516129
2025-05-01,SKU0037,WH04,16.0,3,212.0658064516129
2025-05-01,SKU0037,WH05,18.0,3,212.0658064516129
2025-05-01,SKU0038,WH01,576.0,1,305.86290322580646
2025-05-01,SKU0038,WH02,532.0,1,305.86290322580646
2025-05-01,SKU0038,WH03,567.0,1,305.86290322580646
2025-05-01,SKU0038,WH04,502.0,1,305.86290322580646
2025-05-01,SKU0038,WH05,563.0,1,305.86290322580646
2025-05-01,SKU0039,WH01,241.0,1,76.66612903225807
2025-05-01,SKU0039,WH02,262.0,1,76.66612903225807
2025-05-01,SKU0039,WH03,237.0,1,76.66612903225807
2025-05-01,SKU0039,WH04,267.0,1,76.66612903225807
2025-05-01,SKU0039,WH05,245.0,1,76.66612903225807
2025-05-01,SKU0040,WH01,192.0,0,115.51
2025-05-01,SKU0040,WH02,209.0,0,115.51
2025-05-01,SKU0040,WH03,196.0,0,115.51
2025-05-01,SKU0040,WH04,206.0,0,115.51
2025-05-01,SKU0040,WH05,177.0,0,115.51
2025-05-01,SKU0041,WH01,36.0,1,272.5503225806452
2025-05-01,SKU0041,WH02,29.0,1,272.5503225806452
2025-05-01,SKU0041,WH03,26.0,1,272.5503225806452
2025-05-01,SKU0041,WH04,29.0,1,272.5503225806452
2025-05-01,SKU0041,WH05,42.0,1,272.5503225806452
2025-05-01,SKU0042,WH01,740.0,3,337.1258064516129
2025-05-01,SKU0042,WH02,765.0,3,337.1258064516129
2025-05-01,SKU0042,WH03,793.0,3,337.1258064516129
2025-05-01,SKU0042,WH04,726.0,3,337.1258064516129
2025-05-01,SKU0042,WH05,689.0,3,337.1258064516129
2025-05-01,SKU0043,WH01,75.0,2,179.08677419354837
2025-05-01,SKU0043,WH02,60.0,2,179.08677419354837
2025-05-01,SKU0043,WH03,71.0,2,179.08677419354837
2025-05-01,SKU0043,WH04,88.0,2,179.08677419354837
2025-05-01,SKU0043,WH05,76.0,2,179.08677419354837
2025-05-01,SKU0044,WH01,114.0,1,58.74
2025-05-01,SKU0044,WH02,110.0,1,58.74
2025-05-01,SKU0044,WH03,97.0,1,58.74
2025-05-01,SKU0044,WH04,98.0,1,58.74
2025-05-01,SKU0044,WH05,101.0,1,58.74
2025-05-01,SKU0045,WH01,1524.0,1,14.668709677419356
2025-05-01,SKU0045,WH02,1632.0,1,14.668709677419356
2025-05-01,SKU0045,WH03,1502.0,1,14.668709677419356
2025-05-01,SKU0045,WH04,1480.0,1,14.668709677419356
2025-05-01,SKU0045,WH05,1531.0,1,14.668709677419356
2025-05-01,SKU0046,WH01,1469.0,1,87.7958064516129
2025-05-01,SKU0046,WH02,1511.0,1,87.7958064516129
2025-05-01,SKU0046,WH03,1539.0,1,87.7958064516129
2025-05-01,SKU0046,WH04,1543.0,1,87.7958064516129
2025-05-01,SKU0046,WH05,1513.0,1,87.7958064516129
2025-05-01,SKU0047,WH01,108.0,3,54.20129032258065
2025-05-01,SKU0047,WH02,101.0,3,54.20129032258065
2025-05-01,SKU0047,WH03,92.0,3,54.20129032258065
2025-05-01,SKU0047,WH04,107.0,3,54.20129032258065
2025-05-01,SKU0047,WH05,88.0,3,54.20129032258065
2025-05-01,SKU0048,WH01,11.0,5,236.13483870967744
2025-05-01,SKU0048,WH02,15.0,5,236.13483870967744
2025-05-01,SKU0048,WH03,28.0,5,236.13483870967744
2025-05-01,SKU0048,WH04,28.0,5,236.13483870967744
2025-05-01,SKU0048,WH05,30.0,5,236.13483870967744
2025-05-01,SKU0049,WH01,370.0,7,49.84483870967741
2025-05-01,SKU0049,WH02,379.0,7,49.84483870967741
2025-05-01,SKU0049,WH03,408.0,7,49.84483870967741
2025-05-01,SKU0049,WH04,394.0,7,49.84483870967741
2025-05-01,SKU0049,WH05,371.0,7,49.84483870967741
2025-05-01,SKU0050,WH01,550.0,3,180.09387096774194
2025-05-01,SKU0050,WH02,642.0,3,180.09387096774194
2025-05-01,SKU0050,WH03,657.0,3,180.09387096774194
2025-05-01,SKU0050,WH04,558.0,3,180.09387096774194
2025-05-01,SKU0050,WH05,585.0,3,180.09387096774194
2025-05-01,SKU0051,WH01,28.0,1,245.65322580645164
2025-05-01,SKU0051,WH02,14.0,1,245.65322580645164
2025-05-01,SKU0051,WH03,21.0,1,245.65322580645164
2025-05-01,SKU0051,WH04,19.0,1,245.65322580645164
2025-05-01,SKU0051,WH05,15.0,1,245.65322580645164
2025-05-01,SKU0052,WH01,912.0,1,206.91032258064516
2025-05-01,SKU0052,WH02,888.0,1,206.91032258064516
2025-05-01,SKU0052,WH03,865.0,1,206.91032258064516
2025-05-01,SKU0052,WH04,868.0,1,206.91032258064516
2025-05-01,SKU0052,WH05,839.0,1,206.91032258064516
2025-05-01,SKU0053,WH01,86.0,2,77.41741935483871
2025-05-01,SKU0053,WH02,117.0,2,77.41741935483871
2025-05-01,SKU0053,WH03,101.0,2,77.41741935483871
2025-05-01,SKU0053,WH04,96.0,2,77.41741935483871
2025-05-01,SKU0053,WH05,100.0,2,77.41741935483871
2025-05-01,SKU0054,WH01,479.0,3,280.6574193548387
2025-05-01,SKU0054,WH02,536.0,3,280.6574193548387
2025-05-01,SKU0054,WH03,504.0,3,280.6574193548387
2025-05-01,SKU0054,WH04,551.0,3,280.6574193548387
2025-05-01,SKU0054,WH05,513.0,3,280.6574193548387
2025-05-01,SKU0055,WH01,655.0,1,252.4232258064516
2025-05-01,SKU0055,WH02,732.0,1,252.4232258064516
2025-05-01,SKU0055,WH03,670.0,1,252.4232258064516
2025-05-01,SKU0055,WH04,730.0,1,252.4232258064516
2025-05-01,SKU0055,WH05,675.0,1,252.4232258064516
2025-05-01,SKU0056,WH01,29.0,3,258.3003225806452
2025-05-01,SKU0056,WH02,26.0,3,258.3003225806452
2025-05-01,SKU0056,WH03,25.0,3,258.3003225806452
2025-05-01,SKU0056,WH04,28.0,3,258.3003225806452
2025-05-01,SKU0056,WH05,21.0,3,258.3003225806452
2025-05-01,SKU0057,WH01,224.0,3,54.031612903225806
2025-05-01,SKU0057,WH02,231.0,3,54.031612903225806
2025-05-01,SKU0057,WH03,223.0,3,54.031612903225806
2025-05-01,SKU0057,WH04,234.0,3,54.031612903225806
2025-05-01,SKU0057,WH05,232.0,3,54.031612903225806
2025-05-01,SKU0058,WH01,1064.0,2,51.82806451612903
2025-05-01,SKU0058,WH02,1052.0,2,51.82806451612903
2025-05-01,SKU0058,WH03,1003.0,2,51.82806451612903
2025-05-01,SKU0058,WH04,1045.0,2,51.82806451612903
2025-05-01,SKU0058,WH05,1057.0,2,51.82806451612903
2025-05-01,SKU0059,WH01,682.0,1,324.8451612903226
2025-05-01,SKU0059,WH02,709.0,1,324.8451612903226
2025-05-01,SKU0059,WH03,845.0,1,324.8451612903226
2025-05-01,SKU0059,WH04,768.0,1,324.8451612903226
2025-05-01,SKU0059,WH05,787.0,1,324.8451612903226
2025-05-01,SKU0060,WH01,340.0,2,144.24322580645162
2025-05-01,SKU0060,WH02,334.0,2,144.24322580645162
2025-05-01,SKU0060,WH03,371.0,2,144.24322580645162
2025-05-01,SKU0060,WH04,385.0,2,144.24322580645162
2025-05-01,SKU0060,WH05,345.0,2,144.24322580645162
2025-05-01,SKU0061,WH01,598.0,3,110.87064516129031
2025-05-01,SKU0061,WH02,571.0,3,110.87064516129031
2025-05-01,SKU0061,WH03,536.0,3,110.87064516129031
2025-05-01,SKU0061,WH04,520.0,3,110.87064516129031
2025-05-01,SKU0061,WH05,564.0,3,110.87064516129031
2025-05-01,SKU0062,WH01,1305.0,1,175.26774193548388
2025-05-01,SKU0062,WH02,1247.0,1,175.26774193548388
2025-05-01,SKU0062,WH03,1166.0,1,175.26774193548388
2025-05-01,SKU0062,WH04,1339.0,1,175.26774193548388
2025-05-01,SKU0062,WH05,1220.0,1,175.26774193548388
2025-05-01,SKU0063,WH01,431.0,4,231.5735483870968
2025-05-01,SKU0063,WH02,451.0,4,231.5735483870968
2025-05-01,SKU0063,WH03,434.0,4,231.5735483870968
2025-05-01,SKU0063,WH04,385.0,4,231.5735483870968
2025-05-01,SKU0063,WH05,449.0,4,231.5735483870968
2025-05-01,SKU0064,WH01,250.0,1,333.8296774193549
2025-05-01,SKU0064,WH02,294.0,1,333.8296774193549
2025-05-01,SKU0064,WH03,289.0,1,333.8296774193549
2025-05-01,SKU0064,WH04,293.0,1,333.8296774193549
2025-05-01,SKU0064,WH05,288.0,1,333.8296774193549
2025-05-01,SKU0065,WH01,1422.0,1,106.69709677419355
2025-05-01,SKU0065,WH02,1658.0,1,106.69709677419355
2025-05-01,SKU0065,WH03,1524.0,1,106.69709677419355
2025-05-01,SKU0065,WH04,1555.0,1,106.69709677419355
2025-05-01,SKU0065,WH05,1539.0,1,106.69709677419355
2025-05-01,SKU0066,WH01,338.0,2,321.81387096774193
2025-05-01,SKU0066,WH02,320.0,2,321.81387096774193
2025-05-01,SKU0066,WH03,321.0,2,321.81387096774193
2025-05-01,SKU0066,WH04,339.0,2,321.81387096774193
2025-05-01,SKU0066,WH05,322.0,2,321.81387096774193
2025-05-01,SKU0067,WH01,1296.0,1,18.390645161290323
2025-05-01,SKU0067,WH02,1322.0,1,18.390645161290323
2025-05-01,SKU0067,WH03,1350.0,1,18.390645161290323
2025-05-01,SKU0067,WH04,1261.0,1,18.390645161290323
2025-05-01,SKU0067,WH05,1354.0,1,18.390645161290323
2025-05-01,SKU0068,WH01,59.0,4,195.88451612903225
2025-05-01,SKU0068,WH02,44.0,4,195.88451612903225
2025-05-01,SKU0068,WH03,39.0,4,195.88451612903225
2025-05-01,SKU0068,WH04,40.0,4,195.88451612903225
2025-05-01,SKU0068,WH05,52.0,4,195.88451612903225
2025-05-01,SKU0069,WH01,545.0,2,223.7312903225807
2025-05-01,SKU0069,WH02,553.0,2,223.7312903225807
2025-05-01,SKU0069,WH03,645.0,2,223.7312903225807
2025-05-01,SKU0069,WH04,525.0,2,223.7312903225807
2025-05-01,SKU0069,WH05,595.0,2,223.7312903225807
2025-05-01,SKU0070,WH01,522.0,4,45.26806451612903
2025-05-01,SKU0070,WH02,488.0,4,45.26806451612903
2025-05-01,SKU0070,WH03,529.0,4,45.26806451612903
2025-05-01,SKU0070,WH04,525.0,4,45.26806451612903
2025-05-01,SKU0070,WH05,548.0,4,45.26806451612903
2025-05-01,SKU0071,WH01,441.0,3,56.789032258064516
2025-05-01,SKU0071,WH02,479.0,3,56.789032258064516
2025-05-01,SKU0071,WH03,420.0,3,56.789032258064516
2025-05-01,SKU0071,WH04,479.0,3,56.789032258064516
2025-05-01,SKU0071,WH05,443.0,3,56.789032258064516
2025-05-01,SKU0072,WH01,289.0,5,150.04064516129034
2025-05-01,SKU0072,WH02,312.0,5,150.04064516129034
2025-05-01,SKU0072,WH03,291.0,5,150.04064516129034
2025-05-01,SKU0072,WH04,332.0,5,150.04064516129034
2025-05-01,SKU0072,WH05,304.0,5,150.04064516129034
2025-05-01,SKU0073,WH01,933.0,2,335.2441935483871
2025-05-01,SKU0073,WH02,911.0,2,335.2441935483871
2025-05-01,SKU0073,WH03,936.0,2,335.2441935483871
2025-05-01,SKU0073,WH04,943.0,2,335.2441935483871
2025-05-01,SKU0073,WH05,937.0,2,335.2441935483871
2025-05-01,SKU0074,WH01,644.0,2,211.2783870967742
2025-05-01,SKU0074,WH02,644.0,2,211.2783870967742
2025-05-01,SKU0074,WH03,688.0,2,211.2783870967742
2025-05-01,SKU0074,WH04,721.0,2,211.2783870967742
2025-05-01,SKU0074,WH05,662.0,2,211.2783870967742
2025-05-01,SKU0075,WH01,175.0,2,323.53548387096777
2025-05-01,SKU0075,WH02,177.0,2,323.53548387096777
2025-05-01,SKU0075,WH03,169.0,2,323.53548387096777
2025-05-01,SKU0075,WH04,161.0,2,323.53548387096777
2025-05-01,SKU0075,WH05,169.0,2,323.53548387096777
2025-05-01,SKU0076,WH01,531.0,6,276.62129032258065
2025-05-01,SKU0076,WH02,578.0,6,276.62129032258065
2025-05-01,SKU0076,WH03,529.0,6,276.62129032258065
2025-05-01,SKU0076,WH04,544.0,6,276.62129032258065
2025-05-01,SKU0076,WH05,586.0,6,276.62129032258065
2025-05-01,SKU0077,WH01,379.0,3,167.82
2025-05-01,SKU0077,WH02,342.0,3,167.82
2025-05-01,SKU0077,WH03,377.0,3,167.82
2025-05-01,SKU0077,WH04,379.0,3,167.82
2025-05-01,SKU0077,WH05,360.0,3,167.82
2025-05-01,SKU0078,WH01,321.0,0,276.82
2025-05-01,SKU0078,WH02,311.0,0,276.82
2025-05-01,SKU0078,WH03,323.0,0,276.82
2025-05-01,SKU0078,WH04,295.0,0,276.82
2025-05-01,SKU0078,WH05,313.0,0,276.82
2025-05-01,SKU0079,WH01,25.0,2,15.904516129032256
2025-05-01,SKU0079,WH02,29.0,2,15.904516129032256
2025-05-01,SKU0079,WH03,31.0,2,15.904516129032256
2025-05-01,SKU0079,WH04,38.0,2,15.904516129032256
2025-05-01,SKU0079,WH05,30.0,2,15.904516129032256
2025-05-01,SKU0080,WH01,505.0,1,46.95806451612903
2025-05-01,SKU0080,WH02,538.0,1,46.95806451612903
2025-05-01,SKU0080,WH03,497.0,1,46.95806451612903
2025-05-01,SKU0080,WH04,479.0,1,46.95806451612903
2025-05-01,SKU0080,WH05,520.0,1,46.95806451612903
2025-06-01,SKU0001,WH01,598.0,0,46.63
2025-06-01,SKU0001,WH02,606.0,0,46.63
2025-06-01,SKU0001,WH03,617.0,0,46.63
2025-06-01,SKU0001,WH04,577.0,0,46.63
2025-06-01,SKU0001,WH05,597.0,0,46.63
2025-06-01,SKU0002,WH01,168.0,1,320.3686666666666
2025-06-01,SKU0002,WH02,140.0,1,320.3686666666666
2025-06-01,SKU0002,WH03,160.0,1,320.3686666666666
2025-06-01,SKU0002,WH04,135.0,1,320.3686666666666
2025-06-01,SKU0002,WH05,160.0,1,320.3686666666666
2025-06-01,SKU0003,WH01,1459.0,3,86.79899999999999
2025-06-01,SKU0003,WH02,1551.0,3,86.79899999999999
2025-06-01,SKU0003,WH03,1516.0,3,86.79899999999999
2025-06-01,SKU0003,WH04,1530.0,3,86.79899999999999
2025-06-01,SKU0003,WH05,1447.0,3,86.79899999999999
2025-06-01,SKU0004,WH01,2766.0,2,22.530666666666665
2025-06-01,SKU0004,WH02,2563.0,2,22.530666666666665
2025-06-01,SKU0004,WH03,2715.0,2,22.530666666666665
2025-06-01,SKU0004,WH04,2487.0,2,22.530666666666665
2025-06-01,SKU0004,WH05,2626.0,2,22.530666666666665
2025-06-01,SKU0005,WH01,621.0,1,198.319
2025-06-01,SKU0005,WH02,659.0,1,198.319
2025-06-01,SKU0005,WH03,652.0,1,198.319
2025-06-01,SKU0005,WH04,590.0,1,198.319
2025-06-01,SKU0005,WH05,598.0,1,198.319
2025-06-01,SKU0006,WH01,24.0,2,134.97566666666668
2025-06-01,SKU0006,WH02,18.0,2,134.97566666666668
2025-06-01,SKU0006,WH03,21.0,2,134.97566666666668
2025-06-01,SKU0006,WH04,25.0,2,134.97566666666668
2025-06-01,SKU0006,WH05,28.0,2,134.97566666666668
2025-06-01,SKU0007,WH01,445.0,3,288.72166666666664
2025-06-01,SKU0007,WH02,456.0,3,288.72166666666664
2025-06-01,SKU0007,WH03,474.0,3,288.72166666666664
2025-06-01,SKU0007,WH04,489.0,3,288.72166666666664
2025-06-01,SKU0007,WH05,453.0,3,288.72166666666664
2025-06-01,SKU0008,WH01,967.0,3,280.53799999999995
2025-06-01,SKU0008,WH02,976.0,3,280.53799999999995
2025-06-01,SKU0008,WH03,958.0,3,280.53799999999995
2025-06-01,SKU0008,WH04,962.0,3,280.53799999999995
2025-06-01,SKU0008,WH05,957.0,3,280.53799999999995
2025-06-01,SKU0009,WH01,1318.0,4,116.652
2025-06-01,SKU0009,WH02,1096.0,4,116.652
2025-06-01,SKU0009,WH03,1201.0,4,116.652
2025-06-01,SKU0009,WH04,1176.0,4,116.652
2025-06-01,SKU0009,WH05,1078.0,4,116.652
2025-06-01,SKU0010,WH01,220.0,1,332.8766666666667
2025-06-01,SKU0010,WH02,225.0,1,332.8766666666667
2025-06-01,SKU0010,WH03,245.0,1,332.8766666666667
2025-06-01,SKU0010,WH04,220.0,1,332.8766666666667
2025-06-01,SKU0010,WH05,234.0,1,332.8766666666667
2025-06-01,SKU0011,WH01,714.0,2,108.18400000000001
2025-06-01,SKU0011,WH02,648.0,2,108.18400000000001
2025-06-01,SKU0011,WH03,696.0,2,108.18400000000001
2025-06-01,SKU0011,WH04,696.0,2,108.18400000000001
2025-06-01,SKU0011,WH05,683.0,2,108.18400000000001
2025-06-01,SKU0012,WH01,326.0,2,183.5773333333333
2025-06-01,SKU0012,WH02,321.0,2,183.5773333333333
2025-06-01,SKU0012,WH03,304.0,2,183.5773333333333
2025-06-01,SKU0012,WH04,322.0,2,183.5773333333333
2025-06-01,SKU0012,WH05,319.0,2,183.5773333333333
2025-06-01,SKU0013,WH01,236.0,4,95.73666666666668
2025-06-01,SKU0013,WH02,219.0,4,95.73666666666668
2025-06-01,SKU0013,WH03,229.0,4,95.73666666666668
2025-06-01,SKU0013,WH04,234.0,4,95.73666666666668
2025-06-01,SKU0013,WH05,236.0,4,95.73666666666668
2025-06-01,SKU0014,WH01,108.0,1,326.6086666666667
2025-06-01,SKU0014,WH02,100.0,1,326.6086666666667
2025-06-01,SKU0014,WH03,118.0,1,326.6086666666667
2025-06-01,SKU0014,WH04,106.0,1,326.6086666666667
2025-06-01,SKU0014,WH05,105.0,1,326.6086666666667
2025-06-01,SKU0015,WH01,84.0,6,64.54033333333334
2025-06-01,SKU0015,WH02,104.0,6,64.54033333333334
2025-06-01,SKU0015,WH03,99.0,6,64.54033333333334
2025-06-01,SKU0015,WH04,93.0,6,64.54033333333334
2025-06-01,SKU0015,WH05,99.0,6,64.54033333333334
2025-06-01,SKU0016,WH01,1822.0,4,24.932666666666666
2025-06-01,SKU0016,WH02,1934.0,4,24.932666666666666
2025-06-01,SKU0016,WH03,1800.0,4,24.932666666666666
2025-06-01,SKU0016,WH04,1830.0,4,24.932666666666666
2025-06-01,SKU0016,WH05,1844.0,4,24.932666666666666
2025-06-01,SKU0017,WH01,315.0,0,157.93
2025-06-01,SKU0017,WH02,266.0,0,157.93
2025-06-01,SKU0017,WH03,281.0,0,157.93
2025-06-01,SKU0017,WH04,254.0,0,157.93
2025-06-01,SKU0017,WH05,298.0,0,157.93
2025-06-01,SKU0018,WH01,661.0,2,345.673
2025-06-01,SKU0018,WH02,678.0,2,345.673
2025-06-01,SKU0018,WH03,654.0,2,345.673
2025-06-01,SKU0018,WH04,665.0,2,345.673
2025-06-01,SKU0018,WH05,612.0,2,345.673
2025-06-01,SKU0019,WH01,793.0,4,310.56000000000006
2025-06-01,SKU0019,WH02,790.0,4,310.56000000000006
2025-06-01,SKU0019,WH03,802.0,4,310.56000000000006
2025-06-01,SKU0019,WH04,814.0,4,310.56000000000006
2025-06-01,SKU0019,WH05,847.0,4,310.56000000000006
2025-06-01,SKU0020,WH01,482.0,2,263.20733333333334
2025-06-01,SKU0020,WH02,485.0,2,263.20733333333334
2025-06-01,SKU0020,WH03,437.0,2,263.20733333333334
2025-06-01,SKU0020,WH04,480.0,2,263.20733333333334
2025-06-01,SKU0020,WH05,430.0,2,263.20733333333334
2025-06-01,SKU0021,WH01,112.0,1,312.3486666666667
2025-06-01,SKU0021,WH02,128.0,1,312.3486666666667
2025-06-01,SKU0021,WH03,127.0,1,312.3486666666667
2025-06-01,SKU0021,WH04,155.0,1,312.3486666666667
2025-06-01,SKU0021,WH05,133.0,1,312.3486666666667
2025-06-01,SKU0022,WH01,164.0,1,312.724
2025-06-01,SKU0022,WH02,185.0,1,312.724
2025-06-01,SKU0022,WH03,192.0,1,312.724
2025-06-01,SKU0022,WH04,141.0,1,312.724
2025-06-01,SKU0022,WH05,183.0,1,312.724
2025-06-01,SKU0023,WH01,276.0,3,184.85666666666665
2025-06-01,SKU0023,WH02,302.0,3,184.85666666666665
2025-06-01,SKU0023,WH03,280.0,3,184.85666666666665
2025-06-01,SKU0023,WH04,286.0,3,184.85666666666665
2025-06-01,SKU0023,WH05,303.0,3,184.85666666666665
2025-06-01,SKU0024,WH01,823.0,4,115.85466666666666
2025-06-01,SKU0024,WH02,845.0,4,115.85466666666666
2025-06-01,SKU0024,WH03,757.0,4,115.85466666666666
2025-06-01,SKU0024,WH04,786.0,4,115.85466666666666
2025-06-01,SKU0024,WH05,814.0,4,115.85466666666666
2025-06-01,SKU0025,WH01,722.0,3,267.4843333333334
2025-06-01,SKU0025,WH02,804.0,3,267.4843333333334
2025-06-01,SKU0025,WH03,736.0,3,267.4843333333334
2025-06-01,SKU0025,WH04,734.0,3,267.4843333333334
2025-06-01,SKU0025,WH05,846.0,3,267.4843333333334
2025-06-01,SKU0026,WH01,1342.0,2,234.17666666666668
2025-06-01,SKU0026,WH02,1395.0,2,234.17666666666668
2025-06-01,SKU0026,WH03,1362.0,2,234.17666666666668
2025-06-01,SKU0026,WH04,1293.0,2,234.17666666666668
2025-06-01,SKU0026,WH05,1347.0,2,234.17666666666668
2025-06-01,SKU0027,WH01,490.0,1,136.58333333333334
2025-06-01,SKU0027,WH02,516.0,1,136.58333333333334
2025-06-01,SKU0027,WH03,526.0,1,136.58333333333334
2025-06-01,SKU0027,WH04,505.0,1,136.58333333333334
2025-06-01,SKU0027,WH05,500.0,1,136.58333333333334
2025-06-01,SKU0028,WH01,270.0,3,41.69866666666667
2025-06-01,SKU0028,WH02,258.0,3,41.69866666666667
2025-06-01,SKU0028,WH03,205.0,3,41.69866666666667
2025-06-01,SKU0028,WH04,217.0,3,41.69866666666667
2025-06-01,SKU0028,WH05,240.0,3,41.69866666666667
2025-06-01,SKU0029,WH01,333.0,4,259.51133333333337
2025-06-01,SKU0029,WH02,360.0,4,259.51133333333337
2025-06-01,SKU0029,WH03,321.0,4,259.51133333333337
2025-06-01,SKU0029,WH04,311.0,4,259.51133333333337
2025-06-01,SKU0029,WH05,331.0,4,259.51133333333337
2025-06-01,SKU0030,WH01,551.0,2,97.91666666666667
2025-06-01,SKU0030,WH02,607.0,2,97.91666666666667
2025-06-01,SKU0030,WH03,589.0,2,97.91666666666667
2025-06-01,SKU0030,WH04,602.0,2,97.91666666666667
2025-06-01,SKU0030,WH05,557.0,2,97.91666666666667
2025-06-01,SKU0031,WH01,286.0,2,326.33
2025-06-01,SKU0031,WH02,286.0,2,326.33
2025-06-01,SKU0031,WH03,267.0,2,326.33
2025-06-01,SKU0031,WH04,285.0,2,326.33
2025-06-01,SKU0031,WH05,300.0,2,326.33
2025-06-01,SKU0032,WH01,306.0,3,90.24433333333334
2025-06-01,SKU0032,WH02,314.0,3,90.24433333333334
2025-06-01,SKU0032,WH03,365.0,3,90.24433333333334
2025-06-01,SKU0032,WH04,350.0,3,90.24433333333334
2025-06-01,SKU0032,WH05,293.0,3,90.24433333333334
2025-06-01,SKU0033,WH01,108.0,2,51.22266666666667
2025-06-01,SKU0033,WH02,125.0,2,51.22266666666667
2025-06-01,SKU0033,WH03,133.0,2,51.22266666666667
2025-06-01,SKU0033,WH04,146.0,2,51.22266666666667
2025-06-01,SKU0033,WH05,134.0,2,51.22266666666667
2025-06-01,SKU0034,WH01,174.0,4,288.191
2025-06-01,SKU0034,WH02,166.0,4,288.191
2025-06-01,SKU0034,WH03,161.0,4,288.191
2025-06-01,SKU0034,WH04,161.0,4,288.191
2025-06-01,SKU0034,WH05,178.0,4,288.191
2025-06-01,SKU0035,WH01,175.0,3,61.49866666666666
2025-06-01,SKU0035,WH02,166.0,3,61.49866666666666
2025-06-01,SKU0035,WH03,175.0,3,61.49866666666666
2025-06-01,SKU0035,WH04,162.0,3,61.49866666666666
2025-06-01,SKU0035,WH05,156.0,3,61.49866666666666
2025-06-01,SKU0036,WH01,176.0,1,70.59533333333334
2025-06-01,SKU0036,WH02,148.0,1,70.59533333333334
2025-06-01,SKU0036,WH03,154.0,1,70.59533333333334
2025-06-01,SKU0036,WH04,151.0,1,70.59533333333334
2025-06-01,SKU0036,WH05,147.0,1,70.59533333333334
2025-06-01,SKU0037,WH01,17.0,2,212.721
2025-06-01,SKU0037,WH02,13.0,2,212.721
2025-06-01,SKU0037,WH03,23.0,2,212.721
2025-06-01,SKU0037,WH04,18.0,2,212.721
2025-06-01,SKU0037,WH05,13.0,2,212.721
2025-06-01,SKU0038,WH01,548.0,1,306.8376666666667
2025-06-01,SKU0038,WH02,534.0,1,306.8376666666667
2025-06-01,SKU0038,WH03,507.0,1,306.8376666666667
2025-06-01,SKU0038,WH04,535.0,1,306.8376666666667
2025-06-01,SKU0038,WH05,521.0,1,306.8376666666667
2025-06-01,SKU0039,WH01,246.0,1,76.662
2025-06-01,SKU0039,WH02,244.0,1,76.662
2025-06-01,SKU0039,WH03,238.0,1,76.662
2025-06-01,SKU0039,WH04,230.0,1,76.662
2025-06-01,SKU0039,WH05,235.0,1,76.662
2025-06-01,SKU0040,WH01,174.0,5,113.777
2025-06-01,SKU0040,WH02,188.0,5,113.777
2025-06-01,SKU0040,WH03,217.0,5,113.777
2025-06-01,SKU0040,WH04,183.0,5,113.777
2025-06-01,SKU0040,WH05,180.0,5,113.777
2025-06-01,SKU0041,WH01,19.0,1,272.49133333333333
2025-06-01,SKU0041,WH02,29.0,1,272.49133333333333
2025-06-01,SKU0041,WH03,24.0,1,272.49133333333333
2025-06-01,SKU0041,WH04,25.0,1,272.49133333333333
2025-06-01,SKU0041,WH05,23.0,1,272.49133333333333
2025-06-01,SKU0042,WH01,642.0,1,339.85266666666666
2025-06-01,SKU0042,WH02,678.0,1,339.85266666666666
2025-06-01,SKU0042,WH03,673.0,1,339.85266666666666
2025-06-01,SKU0042,WH04,646.0,1,339.85266666666666
2025-06-01,SKU0042,WH05,640.0,1,339.85266666666666
2025-06-01,SKU0043,WH01,86.0,2,178.74766666666667
2025-06-01,SKU0043,WH02,85.0,2,178.74766666666667
2025-06-01,SKU0043,WH03,71.0,2,178.74766666666667
2025-06-01,SKU0043,WH04,68.0,2,178.74766666666667
2025-06-01,SKU0043,WH05,59.0,2,178.74766666666667
2025-06-01,SKU0044,WH01,81.0,3,58.43866666666667
2025-06-01,SKU0044,WH02,97.0,3,58.43866666666667
2025-06-01,SKU0044,WH03,89.0,3,58.43866666666667
2025-06-01,SKU0044,WH04,94.0,3,58.43866666666667
2025-06-01,SKU0044,WH05,95.0,3,58.43866666666667
2025-06-01,SKU0045,WH01,1434.0,3,14.568000000000001
2025-06-01,SKU0045,WH02,1496.0,3,14.568000000000001
2025-06-01,SKU0045,WH03,1533.0,3,14.568000000000001
2025-06-01,SKU0045,WH04,1527.0,3,14.568000000000001
2025-06-01,SKU0045,WH05,1472.0,3,14.568000000000001
2025-06-01,SKU0046,WH01,1260.0,1,87.63966666666667
2025-06-01,SKU0046,WH02,1298.0,1,87.63966666666667
2025-06-01,SKU0046,WH03,1476.0,1,87.63966666666667
2025-06-01,SKU0046,WH04,1372.0,1,87.63966666666667
2025-06-01,SKU0046,WH05,1326.0,1,87.63966666666667
2025-06-01,SKU0047,WH01,84.0,2,54.54600000000001
2025-06-01,SKU0047,WH02,85.0,2,54.54600000000001
2025-06-01,SKU0047,WH03,102.0,2,54.54600000000001
2025-06-01,SKU0047,WH04,98.0,2,54.54600000000001
2025-06-01,SKU0047,WH05,79.0,2,54.54600000000001
2025-06-01,SKU0048,WH01,25.0,5,235.592
2025-06-01,SKU0048,WH02,18.0,5,235.592
2025-06-01,SKU0048,WH03,26.0,5,235.592
2025-06-01,SKU0048,WH04,20.0,5,235.592
2025-06-01,SKU0048,WH05,21.0,5,235.592
2025-06-01,SKU0049,WH01,362.0,4,50.30633333333333
2025-06-01,SKU0049,WH02,311.0,4,50.30633333333333
2025-06-01,SKU0049,WH03,341.0,4,50.30633333333333
2025-06-01,SKU0049,WH04,324.0,4,50.30633333333333
2025-06-01,SKU0049,WH05,361.0,4,50.30633333333333
2025-06-01,SKU0050,WH01,543.0,2,180.936
2025-06-01,SKU0050,WH02,524.0,2,180.936
2025-06-01,SKU0050,WH03,560.0,2,180.936
2025-06-01,SKU0050,WH04,540.0,2,180.936
2025-06-01,SKU0050,WH05,545.0,2,180.936
2025-06-01,SKU0051,WH01,20.0,1,244.8196666666667
2025-06-01,SKU0051,WH02,19.0,1,244.8196666666667
2025-06-01,SKU0051,WH03,26.0,1,244.8196666666667
2025-06-01,SKU0051,WH04,24.0,1,244.8196666666667
2025-06-01,SKU0051,WH05,20.0,1,244.8196666666667
2025-06-01,SKU0052,WH01,863.0,2,206.196
2025-06-01,SKU0052,WH02,789.0,2,206.196
2025-06-01,SKU0052,WH03,810.0,2,206.196
2025-06-01,SKU0052,WH04,807.0,2,206.196
2025-06-01,SKU0052,WH05,794.0,2,206.196
2025-06-01,SKU0053,WH01,87.0,1,77.53033333333333
2025-06-01,SKU0053,WH02,93.0,1,77.53033333333333
2025-06-01,SKU0053,WH03,91.0,1,77.53033333333333
2025-06-01,SKU0053,WH04,91.0,1,77.53033333333333
2025-06-01,SKU0053,WH05,90.0,1,77.53033333333333
2025-06-01,SKU0054,WH01,448.0,2,280.566
2025-06-01,SKU0054,WH02,499.0,2,280.566
2025-06-01,SKU0054,WH03,479.0,2,280.566
2025-06-01,SKU0054,WH04,484.0,2,280.566
2025-06-01,SKU0054,WH05,467.0,2,280.566
2025-06-01,SKU0055,WH01,681.0,1,251.97366666666667
2025-06-01,SKU0055,WH02,652.0,1,251.97366666666667
2025-06-01,SKU0055,WH03,655.0,1,251.97366666666667
2025-06-01,SKU0055,WH04,635.0,1,251.97366666666667
2025-06-01,SKU0055,WH05,628.0,1,251.97366666666667
2025-06-01,SKU0056,WH01,30.0,1,260.379
2025-06-01,SKU0056,WH02,15.0,1,260.379
2025-06-01,SKU0056,WH03,24.0,1,260.379
2025-06-01,SKU0056,WH04,18.0,1,260.379
2025-06-01,SKU0056,WH05,20.0,1,260.379
2025-06-01,SKU0057,WH01,193.0,4,53.559666666666665
2025-06-01,SKU0057,WH02,202.0,4,53.559666666666665
2025-06-01,SKU0057,WH03,212.0,4,53.559666666666665
2025-06-01,SKU0057,WH04,179.0,4,53.559666666666665
2025-06-01,SKU0057,WH05,191.0,4,53.559666666666665
2025-06-01,SKU0058,WH01,955.0,2,51.55933333333334
2025-06-01,SKU0058,WH02,1006.0,2,51.55933333333334
2025-06-01,SKU0058,WH03,952.0,2,51.55933333333334
2025-06-01,SKU0058,WH04,1010.0,2,51.55933333333334
2025-06-01,SKU0058,WH05,997.0,2,51.55933333333334
2025-06-01,SKU0059,WH01,671.0,1,324.2853333333333
2025-06-01,SKU0059,WH02,742.0,1,324.2853333333333
2025-06-01,SKU0059,WH03,723.0,1,324.2853333333333
2025-06-01,SKU0059,WH04,683.0,1,324.2853333333333
2025-06-01,SKU0059,WH05,763.0,1,324.2853333333333
2025-06-01,SKU0060,WH01,315.0,1,144.454
2025-06-01,SKU0060,WH02,321.0,1,144.454
2025-06-01,SKU0060,WH03,336.0,1,144.454
2025-06-01,SKU0060,WH04,314.0,1,144.454
2025-06-01,SKU0060,WH05,303.0,1,144.454
2025-06-01,SKU0061,WH01,563.0,7,109.51199999999999
2025-06-01,SKU0061,WH02,559.0,7,109.51199999999999
2025-06-01,SKU0061,WH03,517.0,7,109.51199999999999
2025-06-01,SKU0061,WH04,542.0,7,109.51199999999999
2025-06-01,SKU0061,WH05,525.0,7,109.51199999999999
2025-06-01,SKU0062,WH01,1252.0,3,173.77166666666668
2025-06-01,SKU0062,WH02,1236.0,3,173.77166666666668
2025-06-01,SKU0062,WH03,1157.0,3,173.77166666666668
2025-06-01,SKU0062,WH04,1232.0,3,173.77166666666668
2025-06-01,SKU0062,WH05,1282.0,3,173.77166666666668
2025-06-01,SKU0063,WH01,366.0,3,232.624
2025-06-01,SKU0063,WH02,405.0,3,232.624
2025-06-01,SKU0063,WH03,363.0,3,232.624
2025-06-01,SKU0063,WH04,359.0,3,232.624
2025-06-01,SKU0063,WH05,372.0,3,232.624
2025-06-01,SKU0064,WH01,308.0,3,329.8863333333333
2025-06-01,SKU0064,WH02,254.0,3,329.8863333333333
2025-06-01,SKU0064,WH03,276.0,3,329.8863333333333
2025-06-01,SKU0064,WH04,284.0,3,329.8863333333333
2025-06-01,SKU0064,WH05,243.0,3,329.8863333333333
2025-06-01,SKU0065,WH01,1350.0,2,106.85300000000001
2025-06-01,SKU0065,WH02,1262.0,2,106.85300000000001
2025-06-01,SKU0065,WH03,1265.0,2,106.85300000000001
2025-06-01,SKU0065,WH04,1383.0,2,106.85300000000001
2025-06-01,SKU0065,WH05,1309.0,2,106.85300000000001
2025-06-01,SKU0066,WH01,316.0,1,322.808
2025-06-01,SKU0066,WH02,287.0,1,322.808
2025-06-01,SKU0066,WH03,276.0,1,322.808
2025-06-01,SKU0066,WH04,284.0,1,322.808
2025-06-01,SKU0066,WH05,304.0,1,322.808
2025-06-01,SKU0067,WH01,1080.0,0,18.45
2025-06-01,SKU0067,WH02,1159.0,0,18.45
2025-06-01,SKU0067,WH03,1172.0,0,18.45
2025-06-01,SKU0067,WH04,1051.0,0,18.45
2025-06-01,SKU0067,WH05,1121.0,0,18.45
2025-06-01,SKU0068,WH01,45.0,0,198.77
2025-06-01,SKU0068,WH02,46.0,0,198.77
2025-06-01,SKU0068,WH03,44.0,0,198.77
2025-06-01,SKU0068,WH04,35.0,0,198.77
2025-06-01,SKU0068,WH05,43.0,0,198.77
2025-06-01,SKU0069,WH01,531.0,0,225.55000000000004
2025-06-01,SKU0069,WH02,490.0,0,225.55000000000004
2025-06-01,SKU0069,WH03,489.0,0,225.55000000000004
2025-06-01,SKU0069,WH04,527.0,0,225.55000000000004
2025-06-01,SKU0069,WH05,553.0,0,225.55000000000004
2025-06-01,SKU0070,WH01,390.0,0,46.01
2025-06-01,SKU0070,WH02,421.0,0,46.01
2025-06-01,SKU0070,WH03,413.0,0,46.01
2025-06-01,SKU0070,WH04,395.0,0,46.01
2025-06-01,SKU0070,WH05,409.0,0,46.01
2025-06-01,SKU0071,WH01,441.0,7,56.084666666666664
2025-06-01,SKU0071,WH02,439.0,7,56.084666666666664
2025-06-01,SKU0071,WH03,431.0,7,56.084666666666664
2025-06-01,SKU0071,WH04,441.0,7,56.084666666666664
2025-06-01,SKU0071,WH05,397.0,7,56.084666666666664
2025-06-01,SKU0072,WH01,288.0,2,151.48333333333332
2025-06-01,SKU0072,WH02,261.0,2,151.48333333333332
2025-06-01,SKU0072,WH03,239.0,2,151.48333333333332
2025-06-01,SKU0072,WH04,239.0,2,151.48333333333332
2025-06-01,SKU0072,WH05,247.0,2,151.48333333333332
2025-06-01,SKU0073,WH01,784.0,3,334.0063333333333
2025-06-01,SKU0073,WH02,828.0,3,334.0063333333333
2025-06-01,SKU0073,WH03,729.0,3,334.0063333333333
2025-06-01,SKU0073,WH04,783.0,3,334.0063333333333
2025-06-01,SKU0073,WH05,837.0,3,334.0063333333333
2025-06-01,SKU0074,WH01,560.0,1,211.94133333333332
2025-06-01,SKU0074,WH02,621.0,1,211.94133333333332
2025-06-01,SKU0074,WH03,618.0,1,211.94133333333332
2025-06-01,SKU0074,WH04,585.0,1,211.94133333333332
2025-06-01,SKU0074,WH05,563.0,1,211.94133333333332
2025-06-01,SKU0075,WH01,141.0,3,321.77633333333335
2025-06-01,SKU0075,WH02,154.0,3,321.77633333333335
2025-06-01,SKU0075,WH03,135.0,3,321.77633333333335
2025-06-01,SKU0075,WH04,160.0,3,321.77633333333335
2025-06-01,SKU0075,WH05,169.0,3,321.77633333333335
2025-06-01,SKU0076,WH01,506.0,4,279.70033333333333
2025-06-01,SKU0076,WH02,450.0,4,279.70033333333333
2025-06-01,SKU0076,WH03,458.0,4,279.70033333333333
2025-06-01,SKU0076,WH04,511.0,4,279.70033333333333
2025-06-01,SKU0076,WH05,422.0,4,279.70033333333333
2025-06-01,SKU0077,WH01,297.0,1,168.347
2025-06-01,SKU0077,WH02,308.0,1,168.347
2025-06-01,SKU0077,WH03,295.0,1,168.347
2025-06-01,SKU0077,WH04,311.0,1,168.347
2025-06-01,SKU0077,WH05,318.0,1,168.347
2025-06-01,SKU0078,WH01,321.0,4,273.59066666666666
2025-06-01,SKU0078,WH02,286.0,4,273.59066666666666
2025-06-01,SKU0078,WH03,287.0,4,273.59066666666666
2025-06-01,SKU0078,WH04,301.0,4,273.59066666666666
2025-06-01,SKU0078,WH05,276.0,4,273.59066666666666
2025-06-01,SKU0079,WH01,25.0,1,15.979666666666667
2025-06-01,SKU0079,WH02,28.0,1,15.979666666666667
2025-06-01,SKU0079,WH03,32.0,1,15.979666666666667
2025-06-01,SKU0079,WH04,27.0,1,15.979666666666667
2025-06-01,SKU0079,WH05,43.0,1,15.979666666666667
2025-06-01,SKU0080,WH01,449.0,2,46.638999999999996
2025-06-01,SKU0080,WH02,482.0,2,46.638999999999996
2025-06-01,SKU0080,WH03,484.0,2,46.638999999999996
2025-06-01,SKU0080,WH04,478.0,2,46.638999999999996
2025-06-01,SKU0080,WH05,527.0,2,46.638999999999996
2025-07-01,SKU0001,WH01,626.0,4,46.10387096774193
2025-07-01,SKU0001,WH02,627.0,4,46.10387096774193
2025-07-01,SKU0001,WH03,632.0,4,46.10387096774193
2025-07-01,SKU0001,WH04,565.0,4,46.10387096774193
2025-07-01,SKU0001,WH05,584.0,4,46.10387096774193
2025-07-01,SKU0002,WH01,140.0,4,317.8109677419355
2025-07-01,SKU0002,WH02,147.0,4,317.8109677419355
2025-07-01,SKU0002,WH03,133.0,4,317.8109677419355
2025-07-01,SKU0002,WH04,158.0,4,317.8109677419355
2025-07-01,SKU0002,WH05,129.0,4,317.8109677419355
2025-07-01,SKU0003,WH01,1322.0,1,87.84290322580645
2025-07-01,SKU0003,WH02,1244.0,1,87.84290322580645
2025-07-01,SKU0003,WH03,1251.0,1,87.84290322580645
2025-07-01,SKU0003,WH04,1266.0,1,87.84290322580645
2025-07-01,SKU0003,WH05,1253.0,1,87.84290322580645
2025-07-01,SKU0004,WH01,2406.0,1,22.61
2025-07-01,SKU0004,WH02,2486.0,1,22.61
2025-07-01,SKU0004,WH03,2612.0,1,22.61
2025-07-01,SKU0004,WH04,2493.0,1,22.61
2025-07-01,SKU0004,WH05,2401.0,1,22.61
2025-07-01,SKU0005,WH01,646.0,3,196.0867741935484
2025-07-01,SKU0005,WH02,607.0,3,196.0867741935484
2025-07-01,SKU0005,WH03,610.0,3,196.0867741935484
2025-07-01,SKU0005,WH04,603.0,3,196.0867741935484
2025-07-01,SKU0005,WH05,674.0,3,196.0867741935484
2025-07-01,SKU0006,WH01,26.0,6,133.9141935483871
2025-07-01,SKU0006,WH02,24.0,6,133.9141935483871
2025-07-01,SKU0006,WH03,18.0,6,133.9141935483871
2025-07-01,SKU0006,WH04,19.0,6,133.9141935483871
2025-07-01,SKU0006,WH05,26.0,6,133.9141935483871
2025-07-01,SKU0007,WH01,428.0,2,289.7741935483871
2025-07-01,SKU0007,WH02,448.0,2,289.7741935483871
2025-07-01,SKU0007,WH03,436.0,2,289.7741935483871
2025-07-01,SKU0007,WH04,422.0,2,289.7741935483871
2025-07-01,SKU0007,WH05,430.0,2,289.7741935483871
2025-07-01,SKU0008,WH01,844.0,1,282.97258064516126
2025-07-01,SKU0008,WH02,848.0,1,282.97258064516126
2025-07-01,SKU0008,WH03,931.0,1,282.97258064516126
2025-07-01,SKU0008,WH04,844.0,1,282.97258064516126
2025-07-01,SKU0008,WH05,822.0,1,282.97258064516126
2025-07-01,SKU0009,WH01,1033.0,1,117.26
2025-07-01,SKU0009,WH02,1045.0,1,117.26
2025-07-01,SKU0009,WH03,1007.0,1,117.26
2025-07-01,SKU0009,WH04,1155.0,1,117.26
2025-07-01,SKU0009,WH05,1108.0,1,117.26
2025-07-01,SKU0010,WH01,225.0,3,330.75774193548386
2025-07-01,SKU0010,WH02,241.0,3,330.75774193548386
2025-07-01,SKU0010,WH03,239.0,3,330.75774193548386
2025-07-01,SKU0010,WH04,222.0,3,330.75774193548386
2025-07-01,SKU0010,WH05,216.0,3,330.75774193548386
2025-07-01,SKU0011,WH01,642.0,1,108.55870967741936
2025-07-01,SKU0011,WH02,655.0,1,108.55870967741936
2025-07-01,SKU0011,WH03,599.0,1,108.55870967741936
2025-07-01,SKU0011,WH04,590.0,1,108.55870967741936
2025-07-01,SKU0011,WH05,634.0,1,108.55870967741936
2025-07-01,SKU0012,WH01,277.0,4,183.02967741935484
2025-07-01,SKU0012,WH02,284.0,4,183.02967741935484
2025-07-01,SKU0012,WH03,283.0,4,183.02967741935484
2025-07-01,SKU0012,WH04,311.0,4,183.02967741935484
2025-07-01,SKU0012,WH05,299.0,4,183.02967741935484
2025-07-01,SKU0013,WH01,237.0,4,95.62193548387098
2025-07-01,SKU0013,WH02,231.0,4,95.62193548387098
2025-07-01,SKU0013,WH03,212.0,4,95.62193548387098
2025-07-01,SKU0013,WH04,210.0,4,95.62193548387098
2025-07-01,SKU0013,WH05,256.0,4,95.62193548387098
2025-07-01,SKU0014,WH01,113.0,2,326.661935483871
2025-07-01,SKU0014,WH02,95.0,2,326.661935483871
2025-07-01,SKU0014,WH03,115.0,2,326.661935483871
2025-07-01,SKU0014,WH04,114.0,2,326.661935483871
2025-07-01,SKU0014,WH05,90.0,2,326.661935483871
2025-07-01,SKU0015,WH01,82.0,3,65.65064516129031
2025-07-01,SKU0015,WH02,78.0,3,65.65064516129031
2025-07-01,SKU0015,WH03,87.0,3,65.65064516129031
2025-07-01,SKU0015,WH04,84.0,3,65.65064516129031
2025-07-01,SKU0015,WH05,104.0,3,65.65064516129031
2025-07-01,SKU0016,WH01,1808.0,5,24.862903225806452
2025-07-01,SKU0016,WH02,1977.0,5,24.862903225806452
2025-07-01,SKU0016,WH03,1890.0,5,24.862903225806452
2025-07-01,SKU0016,WH04,1737.0,5,24.862903225806452
2025-07-01,SKU0016,WH05,1835.0,5,24.862903225806452
2025-07-01,SKU0017,WH01,273.0,2,156.1467741935484
2025-07-01,SKU0017,WH02,259.0,2,156.1467741935484
2025-07-01,SKU0017,WH03,263.0,2,156.1467741935484
2025-07-01,SKU0017,WH04,296.0,2,156.1467741935484
2025-07-01,SKU0017,WH05,282.0,2,156.1467741935484
2025-07-01,SKU0018,WH01,589.0,2,344.0480645161291
2025-07-01,SKU0018,WH02,639.0,2,344.0480645161291
2025-07-01,SKU0018,WH03,603.0,2,344.0480645161291
2025-07-01,SKU0018,WH04,669.0,2,344.0480645161291
2025-07-01,SKU0018,WH05,656.0,2,344.0480645161291
2025-07-01,SKU0019,WH01,713.0,3,310.13903225806456
2025-07-01,SKU0019,WH02,724.0,3,310.13903225806456
2025-07-01,SKU0019,WH03,722.0,3,310.13903225806456
2025-07-01,SKU0019,WH04,694.0,3,310.13903225806456
2025-07-01,SKU0019,WH05,821.0,3,310.13903225806456
2025-07-01,SKU0020,WH01,507.0,7,256.84999999999997
2025-07-01,SKU0020,WH02,470.0,7,256.84999999999997
2025-07-01,SKU0020,WH03,511.0,7,256.84999999999997
2025-07-01,SKU0020,WH04,577.0,7,256.84999999999997
2025-07-01,SKU0020,WH05,498.0,7,256.84999999999997
2025-07-01,SKU0021,WH01,109.0,1,310.85161290322577
2025-07-01,SKU0021,WH02,130.0,1,310.85161290322577
2025-07-01,SKU0021,WH03,119.0,1,310.85161290322577
2025-07-01,SKU0021,WH04,116.0,1,310.85161290322577
2025-07-01,SKU0021,WH05,103.0,1,310.85161290322577
2025-07-01,SKU0022,WH01,172.0,2,310.7335483870968
2025-07-01,SKU0022,WH02,170.0,2,310.7335483870968
2025-07-01,SKU0022,WH03,160.0,2,310.7335483870968
2025-07-01,SKU0022,WH04,175.0,2,310.7335483870968
2025-07-01,SKU0022,WH05,186.0,2,310.7335483870968
2025-07-01,SKU0023,WH01,229.0,2,185.20741935483872
2025-07-01,SKU0023,WH02,290.0,2,185.20741935483872
2025-07-01,SKU0023,WH03,285.0,2,185.20741935483872
2025-07-01,SKU0023,WH04,289.0,2,185.20741935483872
2025-07-01,SKU0023,WH05,314.0,2,185.20741935483872
2025-07-01,SKU0024,WH01,731.0,2,116.85193548387096
2025-07-01,SKU0024,WH02,746.0,2,116.85193548387096
2025-07-01,SKU0024,WH03,791.0,2,116.85193548387096
2025-07-01,SKU0024,WH04,741.0,2,116.85193548387096
2025-07-01,SKU0024,WH05,747.0,2,116.85193548387096
2025-07-01,SKU0025,WH01,671.0,3,269.4035483870968
2025-07-01,SKU0025,WH02,684.0,3,269.4035483870968
2025-07-01,SKU0025,WH03,675.0,3,269.4035483870968
2025-07-01,SKU0025,WH04,663.0,3,269.4035483870968
2025-07-01,SKU0025,WH05,696.0,3,269.4035483870968
2025-07-01,SKU0026,WH01,1381.0,2,233.82290322580647
2025-07-01,SKU0026,WH02,1280.0,2,233.82290322580647
2025-07-01,SKU0026,WH03,1294.0,2,233.82290322580647
2025-07-01,SKU0026,WH04,1329.0,2,233.82290322580647
2025-07-01,SKU0026,WH05,1404.0,2,233.82290322580647
2025-07-01,SKU0027,WH01,548.0,4,135.0506451612903
2025-07-01,SKU0027,WH02,520.0,4,135.0506451612903
2025-07-01,SKU0027,WH03,548.0,4,135.0506451612903
2025-07-01,SKU0027,WH04,530.0,4,135.0506451612903
2025-07-01,SKU0027,WH05,519.0,4,135.0506451612903
2025-07-01,SKU0028,WH01,213.0,3,41.57677419354838
2025-07-01,SKU0028,WH02,229.0,3,41.57677419354838
2025-07-01,SKU0028,WH03,254.0,3,41.57677419354838
2025-07-01,SKU0028,WH04,241.0,3,41.57677419354838
2025-07-01,SKU0028,WH05,238.0,3,41.57677419354838
2025-07-01,SKU0029,WH01,302.0,2,262.2070967741936
2025-07-01,SKU0029,WH02,273.0,2,262.2070967741936
2025-07-01,SKU0029,WH03,312.0,2,262.2070967741936
2025-07-01,SKU0029,WH04,301.0,2,262.2070967741936
2025-07-01,SKU0029,WH05,266.0,2,262.2070967741936
2025-07-01,SKU0030,WH01,502.0,0,99.24
2025-07-01,SKU0030,WH02,531.0,0,99.24
2025-07-01,SKU0030,WH03,506.0,0,99.24
2025-07-01,SKU0030,WH04,569.0,0,99.24
2025-07-01,SKU0030,WH05,516.0,0,99.24
2025-07-01,SKU0031,WH01,314.0,4,322.69161290322575
2025-07-01,SKU0031,WH02,311.0,4,322.69161290322575
2025-07-01,SKU0031,WH03,287.0,4,322.69161290322575
2025-07-01,SKU0031,WH04,308.0,4,322.69161290322575
2025-07-01,SKU0031,WH05,300.0,4,322.69161290322575
2025-07-01,SKU0032,WH01,271.0,1,91.3367741935484
2025-07-01,SKU0032,WH02,309.0,1,91.3367741935484
2025-07-01,SKU0032,WH03,278.0,1,91.3367741935484
2025-07-01,SKU0032,WH04,269.0,1,91.3367741935484
2025-07-01,SKU0032,WH05,283.0,1,91.3367741935484
2025-07-01,SKU0033,WH01,139.0,6,50.40483870967742
2025-07-01,SKU0033,WH02,147.0,6,50.40483870967742
2025-07-01,SKU0033,WH03,132.0,6,50.40483870967742
2025-07-01,SKU0033,WH04,134.0,6,50.40483870967742
2025-07-01,SKU0033,WH05,134.0,6,50.40483870967742
2025-07-01,SKU0034,WH01,155.0,3,290.6922580645161
2025-07-01,SKU0034,WH02,146.0,3,290.6922580645161
2025-07-01,SKU0034,WH03,149.0,3,290.6922580645161
2025-07-01,SKU0034,WH04,148.0,3,290.6922580645161
2025-07-01,SKU0034,WH05,161.0,3,290.6922580645161
2025-07-01,SKU0035,WH01,152.0,0,62.12
2025-07-01,SKU0035,WH02,134.0,0,62.12
2025-07-01,SKU0035,WH03,166.0,0,62.12
2025-07-01,SKU0035,WH04,145.0,0,62.12
2025-07-01,SKU0035,WH05,134.0,0,62.12
2025-07-01,SKU0036,WH01,177.0,2,70.14903225806451
2025-07-01,SKU0036,WH02,142.0,2,70.14903225806451
2025-07-01,SKU0036,WH03,162.0,2,70.14903225806451
2025-07-01,SKU0036,WH04,147.0,2,70.14903225806451
2025-07-01,SKU0036,WH05,172.0,2,70.14903225806451
2025-07-01,SKU0037,WH01,11.0,1,213.44516129032257
2025-07-01,SKU0037,WH02,28.0,1,213.44516129032257
2025-07-01,SKU0037,WH03,20.0,1,213.44516129032257
2025-07-01,SKU0037,WH04,18.0,1,213.44516129032257
2025-07-01,SKU0037,WH05,20.0,1,213.44516129032257
2025-07-01,SKU0038,WH01,496.0,2,305.36709677419356
2025-07-01,SKU0038,WH02,466.0,2,305.36709677419356
2025-07-01,SKU0038,WH03,543.0,2,305.36709677419356
2025-07-01,SKU0038,WH04,495.0,2,305.36709677419356
2025-07-01,SKU0038,WH05,483.0,2,305.36709677419356
2025-07-01,SKU0039,WH01,240.0,6,75.30354838709678
2025-07-01,SKU0039,WH02,267.0,6,75.30354838709678
2025-07-01,SKU0039,WH03,237.0,6,75.30354838709678
2025-07-01,SKU0039,WH04,267.0,6,75.30354838709678
2025-07-01,SKU0039,WH05,227.0,6,75.30354838709678
2025-07-01,SKU0040,WH01,194.0,4,114.20548387096775
2025-07-01,SKU0040,WH02,148.0,4,114.20548387096775
2025-07-01,SKU0040,WH03,187.0,4,114.20548387096775
2025-07-01,SKU0040,WH04,181.0,4,114.20548387096775
2025-07-01,SKU0040,WH05,170.0,4,114.20548387096775
2025-07-01,SKU0041,WH01,31.0,5,267.6832258064516
2025-07-01,SKU0041,WH02,29.0,5,267.6832258064516
2025-07-01,SKU0041,WH03,31.0,5,267.6832258064516
2025-07-01,SKU0041,WH04,26.0,5,267.6832258064516
2025-07-01,SKU0041,WH05,19.0,5,267.6832258064516
2025-07-01,SKU0042,WH01,664.0,3,337.67483870967743
2025-07-01,SKU0042,WH02,635.0,3,337.67483870967743
2025-07-01,SKU0042,WH03,659.0,3,337.67483870967743
2025-07-01,SKU0042,WH04,655.0,3,337.67483870967743
2025-07-01,SKU0042,WH05,652.0,3,337.67483870967743
2025-07-01,SKU0043,WH01,69.0,5,177.05161290322582
2025-07-01,SKU0043,WH02,59.0,5,177.05161290322582
2025-07-01,SKU0043,WH03,59.0,5,177.05161290322582
2025-07-01,SKU0043,WH04,75.0,5,177.05161290322582
2025-07-01,SKU0043,WH05,70.0,5,177.05161290322582
2025-07-01,SKU0044,WH01,64.0,2,58.64483870967742
2025-07-01,SKU0044,WH02,85.0,2,58.64483870967742
2025-07-01,SKU0044,WH03,87.0,2,58.64483870967742
2025-07-01,SKU0044,WH04,96.0,2,58.64483870967742
2025-07-01,SKU0044,WH05,90.0,2,58.64483870967742
2025-07-01,SKU0045,WH01,1339.0,2,14.620967741935484
2025-07-01,SKU0045,WH02,1349.0,2,14.620967741935484
2025-07-01,SKU0045,WH03,1323.0,2,14.620967741935484
2025-07-01,SKU0045,WH04,1402.0,2,14.620967741935484
2025-07-01,SKU0045,WH05,1369.0,2,14.620967741935484
2025-07-01,SKU0046,WH01,1346.0,3,86.8016129032258
2025-07-01,SKU0046,WH02,1355.0,3,86.8016129032258
2025-07-01,SKU0046,WH03,1386.0,3,86.8016129032258
2025-07-01,SKU0046,WH04,1328.0,3,86.8016129032258
2025-07-01,SKU0046,WH05,1399.0,3,86.8016129032258
2025-07-01,SKU0047,WH01,93.0,5,53.84774193548387
2025-07-01,SKU0047,WH02,89.0,5,53.84774193548387
2025-07-01,SKU0047,WH03,89.0,5,53.84774193548387
2025-07-01,SKU0047,WH04,81.0,5,53.84774193548387
2025-07-01,SKU0047,WH05,76.0,5,53.84774193548387
2025-07-01,SKU0048,WH01,21.0,3,238.46129032258065
2025-07-01,SKU0048,WH02,13.0,3,238.46129032258065
2025-07-01,SKU0048,WH03,20.0,3,238.46129032258065
2025-07-01,SKU0048,WH04,24.0,3,238.46129032258065
2025-07-01,SKU0048,WH05,12.0,3,238.46129032258065
2025-07-01,SKU0049,WH01,290.0,1,51.25419354838709
2025-07-01,SKU0049,WH02,293.0,1,51.25419354838709
2025-07-01,SKU0049,WH03,282.0,1,51.25419354838709
2025-07-01,SKU0049,WH04,268.0,1,51.25419354838709
2025-07-01,SKU0049,WH05,296.0,1,51.25419354838709
2025-07-01,SKU0050,WH01,521.0,5,179.50645161290322
2025-07-01,SKU0050,WH02,515.0,5,179.50645161290322
2025-07-01,SKU0050,WH03,523.0,5,179.50645161290322
2025-07-01,SKU0050,WH04,520.0,5,179.50645161290322
2025-07-01,SKU0050,WH05,507.0,5,179.50645161290322
2025-07-01,SKU0051,WH01,19.0,2,244.46258064516132
2025-07-01,SKU0051,WH02,28.0,2,244.46258064516132
2025-07-01,SKU0051,WH03,15.0,2,244.46258064516132
2025-07-01,SKU0051,WH04,31.0,2,244.46258064516132
2025-07-01,SKU0051,WH05,18.0,2,244.46258064516132
2025-07-01,SKU0052,WH01,674.0,1,206.91032258064516
2025-07-01,SKU0052,WH02,715.0,1,206.91032258064516
2025-07-01,SKU0052,WH03,732.0,1,206.91032258064516
2025-07-01,SKU0052,WH04,766.0,1,206.91032258064516
2025-07-01,SKU0052,WH05,730.0,1,206.91032258064516
2025-07-01,SKU0053,WH01,83.0,2,77.41709677419354
2025-07-01,SKU0053,WH02,72.0,2,77.41709677419354
2025-07-01,SKU0053,WH03,91.0,2,77.41709677419354
2025-07-01,SKU0053,WH04,91.0,2,77.41709677419354
2025-07-01,SKU0053,WH05,89.0,2,77.41709677419354
2025-07-01,SKU0054,WH01,387.0,2,282.02870967741933
2025-07-01,SKU0054,WH02,385.0,2,282.02870967741933
2025-07-01,SKU0054,WH03,418.0,2,282.02870967741933
2025-07-01,SKU0054,WH04,377.0,2,282.02870967741933
2025-07-01,SKU0054,WH05,445.0,2,282.02870967741933
2025-07-01,SKU0055,WH01,605.0,0,253.24
2025-07-01,SKU0055,WH02,609.0,0,253.24
2025-07-01,SKU0055,WH03,606.0,0,253.24
2025-07-01,SKU0055,WH04,563.0,0,253.24
2025-07-01,SKU0055,WH05,581.0,0,253.24
2025-07-01,SKU0056,WH01,12.0,1,259.9858064516129
2025-07-01,SKU0056,WH02,31.0,1,259.9858064516129
2025-07-01,SKU0056,WH03,25.0,1,259.9858064516129
2025-07-01,SKU0056,WH04,17.0,1,259.9858064516129
2025-07-01,SKU0056,WH05,23.0,1,259.9858064516129
2025-07-01,SKU0057,WH01,189.0,3,53.85612903225806
2025-07-01,SKU0057,WH02,190.0,3,53.85612903225806
2025-07-01,SKU0057,WH03,173.0,3,53.85612903225806
2025-07-01,SKU0057,WH04,185.0,3,53.85612903225806
2025-07-01,SKU0057,WH05,184.0,3,53.85612903225806
2025-07-01,SKU0058,WH01,801.0,2,51.575806451612905
2025-07-01,SKU0058,WH02,904.0,2,51.575806451612905
2025-07-01,SKU0058,WH03,993.0,2,51.575806451612905
2025-07-01,SKU0058,WH04,844.0,2,51.575806451612905
2025-07-01,SKU0058,WH05,919.0,2,51.575806451612905
2025-07-01,SKU0059,WH01,697.0,2,322.2209677419355
2025-07-01,SKU0059,WH02,651.0,2,322.2209677419355
2025-07-01,SKU0059,WH03,673.0,2,322.2209677419355
2025-07-01,SKU0059,WH04,622.0,2,322.2209677419355
2025-07-01,SKU0059,WH05,703.0,2,322.2209677419355
2025-07-01,SKU0060,WH01,283.0,1,144.7116129032258
2025-07-01,SKU0060,WH02,265.0,1,144.7116129032258
2025-07-01,SKU0060,WH03,263.0,1,144.7116129032258
2025-07-01,SKU0060,WH04,259.0,1,144.7116129032258
2025-07-01,SKU0060,WH05,286.0,1,144.7116129032258
2025-07-01,SKU0061,WH01,431.0,2,111.2332258064516
2025-07-01,SKU0061,WH02,430.0,2,111.2332258064516
2025-07-01,SKU0061,WH03,487.0,2,111.2332258064516
2025-07-01,SKU0061,WH04,416.0,2,111.2332258064516
2025-07-01,SKU0061,WH05,433.0,2,111.2332258064516
2025-07-01,SKU0062,WH01,1075.0,2,174.1316129032258
2025-07-01,SKU0062,WH02,1154.0,2,174.1316129032258
2025-07-01,SKU0062,WH03,1136.0,2,174.1316129032258
2025-07-01,SKU0062,WH04,1087.0,2,174.1316129032258
2025-07-01,SKU0062,WH05,1201.0,2,174.1316129032258
2025-07-01,SKU0063,WH01,343.0,3,232.71225806451613
2025-07-01,SKU0063,WH02,353.0,3,232.71225806451613
2025-07-01,SKU0063,WH03,312.0,3,232.71225806451613
2025-07-01,SKU0063,WH04,350.0,3,232.71225806451613
2025-07-01,SKU0063,WH05,346.0,3,232.71225806451613
2025-07-01,SKU0064,WH01,247.0,3,331.6690322580646
2025-07-01,SKU0064,WH02,243.0,3,331.6690322580646
2025-07-01,SKU0064,WH03,236.0,3,331.6690322580646
2025-07-01,SKU0064,WH04,226.0,3,331.6690322580646
2025-07-01,SKU0064,WH05,236.0,3,331.6690322580646
2025-07-01,SKU0065,WH01,1315.0,2,106.69709677419355
2025-07-01,SKU0065,WH02,1234.0,2,106.69709677419355
2025-07-01,SKU0065,WH03,1327.0,2,106.69709677419355
2025-07-01,SKU0065,WH04,1360.0,2,106.69709677419355
2025-07-01,SKU0065,WH05,1243.0,2,106.69709677419355
2025-07-01,SKU0066,WH01,321.0,4,319.1977419354839
2025-07-01,SKU0066,WH02,264.0,4,319.1977419354839
2025-07-01,SKU0066,WH03,283.0,4,319.1977419354839
2025-07-01,SKU0066,WH04,277.0,4,319.1977419354839
2025-07-01,SKU0066,WH05,281.0,4,319.1977419354839
2025-07-01,SKU0067,WH01,1219.0,3,18.241935483870968
2025-07-01,SKU0067,WH02,1142.0,3,18.241935483870968
2025-07-01,SKU0067,WH03,1173.0,3,18.241935483870968
2025-07-01,SKU0067,WH04,1170.0,3,18.241935483870968
2025-07-01,SKU0067,WH05,1215.0,3,18.241935483870968
2025-07-01,SKU0068,WH01,21.0,3,196.52548387096775
2025-07-01,SKU0068,WH02,36.0,3,196.52548387096775
2025-07-01,SKU0068,WH03,51.0,3,196.52548387096775
2025-07-01,SKU0068,WH04,36.0,3,196.52548387096775
2025-07-01,SKU0068,WH05,37.0,3,196.52548387096775
2025-07-01,SKU0069,WH01,489.0,4,222.64000000000004
2025-07-01,SKU0069,WH02,436.0,4,222.64000000000004
2025-07-01,SKU0069,WH03,474.0,4,222.64000000000004
2025-07-01,SKU0069,WH04,546.0,4,222.64000000000004
2025-07-01,SKU0069,WH05,466.0,4,222.64000000000004
2025-07-01,SKU0070,WH01,419.0,1,45.71322580645161
2025-07-01,SKU0070,WH02,386.0,1,45.71322580645161
2025-07-01,SKU0070,WH03,373.0,1,45.71322580645161
2025-07-01,SKU0070,WH04,419.0,1,45.71322580645161
2025-07-01,SKU0070,WH05,411.0,1,45.71322580645161
2025-07-01,SKU0071,WH01,418.0,5,56.97483870967742
2025-07-01,SKU0071,WH02,389.0,5,56.97483870967742
2025-07-01,SKU0071,WH03,385.0,5,56.97483870967742
2025-07-01,SKU0071,WH04,364.0,5,56.97483870967742
2025-07-01,SKU0071,WH05,405.0,5,56.97483870967742
2025-07-01,SKU0072,WH01,244.0,2,151.76225806451615
2025-07-01,SKU0072,WH02,203.0,2,151.76225806451615
2025-07-01,SKU0072,WH03,231.0,2,151.76225806451615
2025-07-01,SKU0072,WH04,225.0,2,151.76225806451615
2025-07-01,SKU0072,WH05,222.0,2,151.76225806451615
2025-07-01,SKU0073,WH01,743.0,5,330.33
2025-07-01,SKU0073,WH02,804.0,5,330.33
2025-07-01,SKU0073,WH03,798.0,5,330.33
2025-07-01,SKU0073,WH04,866.0,5,330.33
2025-07-01,SKU0073,WH05,933.0,5,330.33
2025-07-01,SKU0074,WH01,597.0,2,211.2783870967742
2025-07-01,SKU0074,WH02,568.0,2,211.2783870967742
2025-07-01,SKU0074,WH03,599.0,2,211.2783870967742
2025-07-01,SKU0074,WH04,585.0,2,211.2783870967742
2025-07-01,SKU0074,WH05,599.0,2,211.2783870967742
2025-07-01,SKU0075,WH01,158.0,3,322.48
2025-07-01,SKU0075,WH02,129.0,3,322.48
2025-07-01,SKU0075,WH03,139.0,3,322.48
2025-07-01,SKU0075,WH04,156.0,3,322.48
2025-07-01,SKU0075,WH05,137.0,3,322.48
2025-07-01,SKU0076,WH01,415.0,1,282.56548387096774
2025-07-01,SKU0076,WH02,426.0,1,282.56548387096774
2025-07-01,SKU0076,WH03,465.0,1,282.56548387096774
2025-07-01,SKU0076,WH04,471.0,1,282.56548387096774
2025-07-01,SKU0076,WH05,408.0,1,282.56548387096774
2025-07-01,SKU0077,WH01,270.0,3,167.2751612903226
2025-07-01,SKU0077,WH02,261.0,3,167.2751612903226
2025-07-01,SKU0077,WH03,304.0,3,167.2751612903226
2025-07-01,SKU0077,WH04,303.0,3,167.2751612903226
2025-07-01,SKU0077,WH05,277.0,3,167.2751612903226
2025-07-01,SKU0078,WH01,272.0,4,271.90903225806454
2025-07-01,SKU0078,WH02,244.0,4,271.90903225806454
2025-07-01,SKU0078,WH03,254.0,4,271.90903225806454
2025-07-01,SKU0078,WH04,268.0,4,271.90903225806454
2025-07-01,SKU0078,WH05,326.0,4,271.90903225806454
2025-07-01,SKU0079,WH01,25.0,4,15.826774193548385
2025-07-01,SKU0079,WH02,41.0,4,15.826774193548385
2025-07-01,SKU0079,WH03,26.0,4,15.826774193548385
2025-07-01,SKU0079,WH04,31.0,4,15.826774193548385
2025-07-01,SKU0079,WH05,26.0,4,15.826774193548385
2025-07-01,SKU0080,WH01,469.0,3,46.34999999999999
2025-07-01,SKU0080,WH02,447.0,3,46.34999999999999
2025-07-01,SKU0080,WH03,465.0,3,46.34999999999999
2025-07-01,SKU0080,WH04,477.0,3,46.34999999999999
2025-07-01,SKU0080,WH05,455.0,3,46.34999999999999
2025-08-01,SKU0001,WH01,551.0,2,46.10354838709677
2025-08-01,SKU0001,WH02,590.0,2,46.10354838709677
2025-08-01,SKU0001,WH03,558.0,2,46.10354838709677
2025-08-01,SKU0001,WH04,545.0,2,46.10354838709677
2025-08-01,SKU0001,WH05,547.0,2,46.10354838709677
2025-08-01,SKU0002,WH01,141.0,1,319.3661290322581
2025-08-01,SKU0002,WH02,112.0,1,319.3661290322581
2025-08-01,SKU0002,WH03,127.0,1,319.3661290322581
2025-08-01,SKU0002,WH04,134.0,1,319.3661290322581
2025-08-01,SKU0002,WH05,128.0,1,319.3661290322581
2025-08-01,SKU0003,WH01,1234.0,3,87.13096774193548
2025-08-01,SKU0003,WH02,1254.0,3,87.13096774193548
2025-08-01,SKU0003,WH03,1296.0,3,87.13096774193548
2025-08-01,SKU0003,WH04,1295.0,3,87.13096774193548
2025-08-01,SKU0003,WH05,1247.0,3,87.13096774193548
2025-08-01,SKU0004,WH01,2416.0,2,22.50032258064516
2025-08-01,SKU0004,WH02,2389.0,2,22.50032258064516
2025-08-01,SKU0004,WH03,2376.0,2,22.50032258064516
2025-08-01,SKU0004,WH04,2349.0,2,22.50032258064516
2025-08-01,SKU0004,WH05,2425.0,2,22.50032258064516
2025-08-01,SKU0005,WH01,508.0,4,196.7274193548387
2025-08-01,SKU0005,WH02,570.0,4,196.7274193548387
2025-08-01,SKU0005,WH03,550.0,4,196.7274193548387
2025-08-01,SKU0005,WH04,543.0,4,196.7274193548387
2025-08-01,SKU0005,WH05,535.0,4,196.7274193548387
2025-08-01,SKU0006,WH01,24.0,3,133.91483870967744
2025-08-01,SKU0006,WH02,27.0,3,133.91483870967744
2025-08-01,SKU0006,WH03,28.0,3,133.91483870967744
2025-08-01,SKU0006,WH04,19.0,3,133.91483870967744
2025-08-01,SKU0006,WH05,23.0,3,133.91483870967744
2025-08-01,SKU0007,WH01,422.0,3,289.7741935483871
2025-08-01,SKU0007,WH02,368.0,3,289.7741935483871
2025-08-01,SKU0007,WH03,464.0,3,289.7741935483871
2025-08-01,SKU0007,WH04,385.0,3,289.7741935483871
2025-08-01,SKU0007,WH05,378.0,3,289.7741935483871
2025-08-01,SKU0008,WH01,798.0,0,284.81
2025-08-01,SKU0008,WH02,720.0,0,284.81
2025-08-01,SKU0008,WH03,709.0,0,284.81
2025-08-01,SKU0008,WH04,754.0,0,284.81
2025-08-01,SKU0008,WH05,758.0,0,284.81
2025-08-01,SKU0009,WH01,1024.0,1,117.44999999999999
2025-08-01,SKU0009,WH02,947.0,1,117.44999999999999
2025-08-01,SKU0009,WH03,942.0,1,117.44999999999999
2025-08-01,SKU0009,WH04,935.0,1,117.44999999999999
2025-08-01,SKU0009,WH05,906.0,1,117.44999999999999
2025-08-01,SKU0010,WH01,192.0,1,333.45129032258063
2025-08-01,SKU0010,WH02,191.0,1,333.45129032258063
2025-08-01,SKU0010,WH03,194.0,1,333.45129032258063
2025-08-01,SKU0010,WH04,197.0,1,333.45129032258063
2025-08-01,SKU0010,WH05,211.0,1,333.45129032258063
2025-08-01,SKU0011,WH01,543.0,1,108.38290322580646
2025-08-01,SKU0011,WH02,617.0,1,108.38290322580646
2025-08-01,SKU0011,WH03,562.0,1,108.38290322580646
2025-08-01,SKU0011,WH04,529.0,1,108.38290322580646
2025-08-01,SKU0011,WH05,575.0,1,108.38290322580646
2025-08-01,SKU0012,WH01,233.0,1,184.82129032258064
2025-08-01,SKU0012,WH02,238.0,1,184.82129032258064
2025-08-01,SKU0012,WH03,224.0,1,184.82129032258064
2025-08-01,SKU0012,WH04,241.0,1,184.82129032258064
2025-08-01,SKU0012,WH05,234.0,1,184.82129032258064
2025-08-01,SKU0013,WH01,186.0,4,95.77838709677421
2025-08-01,SKU0013,WH02,193.0,4,95.77838709677421
2025-08-01,SKU0013,WH03,187.0,4,95.77838709677421
2025-08-01,SKU0013,WH04,184.0,4,95.77838709677421
2025-08-01,SKU0013,WH05,183.0,4,95.77838709677421
2025-08-01,SKU0014,WH01,85.0,1,327.19129032258064
2025-08-01,SKU0014,WH02,93.0,1,327.19129032258064
2025-08-01,SKU0014,WH03,108.0,1,327.19129032258064
2025-08-01,SKU0014,WH04,99.0,1,327.19129032258064
2025-08-01,SKU0014,WH05,105.0,1,327.19129032258064
2025-08-01,SKU0015,WH01,93.0,2,65.5441935483871
2025-08-01,SKU0015,WH02,87.0,2,65.5441935483871
2025-08-01,SKU0015,WH03,82.0,2,65.5441935483871
2025-08-01,SKU0015,WH04,84.0,2,65.5441935483871
2025-08-01,SKU0015,WH05,79.0,2,65.5441935483871
2025-08-01,SKU0016,WH01,1647.0,2,25.066129032258065
2025-08-01,SKU0016,WH02,1554.0,2,25.066129032258065
2025-08-01,SKU0016,WH03,1592.0,2,25.066129032258065
2025-08-01,SKU0016,WH04,1622.0,2,25.066129032258065
2025-08-01,SKU0016,WH05,1481.0,2,25.066129032258065
2025-08-01,SKU0017,WH01,245.0,1,157.4206451612903
2025-08-01,SKU0017,WH02,243.0,1,157.4206451612903
2025-08-01,SKU0017,WH03,252.0,1,157.4206451612903
2025-08-01,SKU0017,WH04,261.0,1,157.4206451612903
2025-08-01,SKU0017,WH05,229.0,1,157.4206451612903
2025-08-01,SKU0018,WH01,647.0,7,339.56548387096774
2025-08-01,SKU0018,WH02,628.0,7,339.56548387096774
2025-08-01,SKU0018,WH03,641.0,7,339.56548387096774
2025-08-01,SKU0018,WH04,636.0,7,339.56548387096774
2025-08-01,SKU0018,WH05,597.0,7,339.56548387096774
2025-08-01,SKU0019,WH01,661.0,1,312.66483870967744
2025-08-01,SKU0019,WH02,677.0,1,312.66483870967744
2025-08-01,SKU0019,WH03,678.0,1,312.66483870967744
2025-08-01,SKU0019,WH04,667.0,1,312.66483870967744
2025-08-01,SKU0019,WH05,697.0,1,312.66483870967744
2025-08-01,SKU0020,WH01,429.0,4,260.26354838709676
2025-08-01,SKU0020,WH02,422.0,4,260.26354838709676
2025-08-01,SKU0020,WH03,378.0,4,260.26354838709676
2025-08-01,SKU0020,WH04,427.0,4,260.26354838709676
2025-08-01,SKU0020,WH05,408.0,4,260.26354838709676
2025-08-01,SKU0021,WH01,128.0,5,307.3190322580645
2025-08-01,SKU0021,WH02,102.0,5,307.3190322580645
2025-08-01,SKU0021,WH03,119.0,5,307.3190322580645
2025-08-01,SKU0021,WH04,110.0,5,307.3190322580645
2025-08-01,SKU0021,WH05,128.0,5,307.3190322580645
2025-08-01,SKU0022,WH01,143.0,2,311.2393548387097
2025-08-01,SKU0022,WH02,166.0,2,311.2393548387097
2025-08-01,SKU0022,WH03,153.0,2,311.2393548387097
2025-08-01,SKU0022,WH04,147.0,2,311.2393548387097
2025-08-01,SKU0022,WH05,164.0,2,311.2393548387097
2025-08-01,SKU0023,WH01,252.0,4,184.00483870967741
2025-08-01,SKU0023,WH02,270.0,4,184.00483870967741
2025-08-01,SKU0023,WH03,267.0,4,184.00483870967741
2025-08-01,SKU0023,WH04,282.0,4,184.00483870967741
2025-08-01,SKU0023,WH05,248.0,4,184.00483870967741
2025-08-01,SKU0024,WH01,652.0,3,116.66258064516128
2025-08-01,SKU0024,WH02,703.0,3,116.66258064516128
2025-08-01,SKU0024,WH03,692.0,3,116.66258064516128
2025-08-01,SKU0024,WH04,711.0,3,116.66258064516128
2025-08-01,SKU0024,WH05,726.0,3,116.66258064516128
2025-08-01,SKU0025,WH01,606.0,3,269.84322580645164
2025-08-01,SKU0025,WH02,610.0,3,269.84322580645164
2025-08-01,SKU0025,WH03,600.0,3,269.84322580645164
2025-08-01,SKU0025,WH04,632.0,3,269.84322580645164
2025-08-01,SKU0025,WH05,682.0,3,269.84322580645164
2025-08-01,SKU0026,WH01,1295.0,2,234.20193548387098
2025-08-01,SKU0026,WH02,1165.0,2,234.20193548387098
2025-08-01,SKU0026,WH03,1219.0,2,234.20193548387098
2025-08-01,SKU0026,WH04,1206.0,2,234.20193548387098
2025-08-01,SKU0026,WH05,1194.0,2,234.20193548387098
2025-08-01,SKU0027,WH01,435.0,2,135.71354838709678
2025-08-01,SKU0027,WH02,407.0,2,135.71354838709678
2025-08-01,SKU0027,WH03,460.0,2,135.71354838709678
2025-08-01,SKU0027,WH04,463.0,2,135.71354838709678
2025-08-01,SKU0027,WH05,464.0,2,135.71354838709678
2025-08-01,SKU0028,WH01,204.0,2,41.71225806451613
2025-08-01,SKU0028,WH02,235.0,2,41.71225806451613
2025-08-01,SKU0028,WH03,183.0,2,41.71225806451613
2025-08-01,SKU0028,WH04,212.0,2,41.71225806451613
2025-08-01,SKU0028,WH05,235.0,2,41.71225806451613
2025-08-01,SKU0029,WH01,290.0,3,259.6535483870968
2025-08-01,SKU0029,WH02,286.0,3,259.6535483870968
2025-08-01,SKU0029,WH03,326.0,3,259.6535483870968
2025-08-01,SKU0029,WH04,310.0,3,259.6535483870968
2025-08-01,SKU0029,WH05,305.0,3,259.6535483870968
2025-08-01,SKU0030,WH01,547.0,4,97.79967741935484
2025-08-01,SKU0030,WH02,509.0,4,97.79967741935484
2025-08-01,SKU0030,WH03,505.0,4,97.79967741935484
2025-08-01,SKU0030,WH04,545.0,4,97.79967741935484
2025-08-01,SKU0030,WH05,520.0,4,97.79967741935484
2025-08-01,SKU0031,WH01,278.0,2,325.34096774193546
2025-08-01,SKU0031,WH02,262.0,2,325.34096774193546
2025-08-01,SKU0031,WH03,284.0,2,325.34096774193546
2025-08-01,SKU0031,WH04,275.0,2,325.34096774193546
2025-08-01,SKU0031,WH05,270.0,2,325.34096774193546
2025-08-01,SKU0032,WH01,283.0,0,91.93
2025-08-01,SKU0032,WH02,258.0,0,91.93
2025-08-01,SKU0032,WH03,233.0,0,91.93
2025-08-01,SKU0032,WH04,259.0,0,91.93
2025-08-01,SKU0032,WH05,234.0,0,91.93
2025-08-01,SKU0033,WH01,128.0,4,50.82225806451613
2025-08-01,SKU0033,WH02,127.0,4,50.82225806451613
2025-08-01,SKU0033,WH03,112.0,4,50.82225806451613
2025-08-01,SKU0033,WH04,130.0,4,50.82225806451613
2025-08-01,SKU0033,WH05,118.0,4,50.82225806451613
2025-08-01,SKU0034,WH01,129.0,1,291.63612903225805
2025-08-01,SKU0034,WH02,136.0,1,291.63612903225805
2025-08-01,SKU0034,WH03,155.0,1,291.63612903225805
2025-08-01,SKU0034,WH04,138.0,1,291.63612903225805
2025-08-01,SKU0034,WH05,129.0,1,291.63612903225805
2025-08-01,SKU0035,WH01,134.0,1,62.019677419354835
2025-08-01,SKU0035,WH02,135.0,1,62.019677419354835
2025-08-01,SKU0035,WH03,133.0,1,62.019677419354835
2025-08-01,SKU0035,WH04,130.0,1,62.019677419354835
2025-08-01,SKU0035,WH05,143.0,1,62.019677419354835
2025-08-01,SKU0036,WH01,163.0,2,70.49258064516128
2025-08-01,SKU0036,WH02,139.0,2,70.49258064516128
2025-08-01,SKU0036,WH03,138.0,2,70.49258064516128
2025-08-01,SKU0036,WH04,134.0,2,70.49258064516128
2025-08-01,SKU0036,WH05,127.0,2,70.49258064516128
2025-08-01,SKU0037,WH01,21.0,4,211.72096774193545
2025-08-01,SKU0037,WH02,18.0,4,211.72096774193545
2025-08-01,SKU0037,WH03,9.0,4,211.72096774193545
2025-08-01,SKU0037,WH04,15.0,4,211.72096774193545
2025-08-01,SKU0037,WH05,20.0,4,211.72096774193545
2025-08-01,SKU0038,WH01,482.0,3,303.38451612903225
2025-08-01,SKU0038,WH02,479.0,3,303.38451612903225
2025-08-01,SKU0038,WH03,459.0,3,303.38451612903225
2025-08-01,SKU0038,WH04,517.0,3,303.38451612903225
2025-08-01,SKU0038,WH05,485.0,3,303.38451612903225
2025-08-01,SKU0039,WH01,210.0,2,76.17064516129032
2025-08-01,SKU0039,WH02,226.0,2,76.17064516129032
2025-08-01,SKU0039,WH03,232.0,2,76.17064516129032
2025-08-01,SKU0039,WH04,212.0,2,76.17064516129032
2025-08-01,SKU0039,WH05,220.0,2,76.17064516129032
2025-08-01,SKU0040,WH01,150.0,4,113.6467741935484
2025-08-01,SKU0040,WH02,145.0,4,113.6467741935484
2025-08-01,SKU0040,WH03,180.0,4,113.6467741935484
2025-08-01,SKU0040,WH04,150.0,4,113.6467741935484
2025-08-01,SKU0040,WH05,152.0,4,113.6467741935484
2025-08-01,SKU0041,WH01,21.0,3,269.8954838709677
2025-08-01,SKU0041,WH02,18.0,3,269.8954838709677
2025-08-01,SKU0041,WH03,30.0,3,269.8954838709677
2025-08-01,SKU0041,WH04,27.0,3,269.8954838709677
2025-08-01,SKU0041,WH05,27.0,3,269.8954838709677
2025-08-01,SKU0042,WH01,584.0,2,337.1258064516129
2025-08-01,SKU0042,WH02,611.0,2,337.1258064516129
2025-08-01,SKU0042,WH03,551.0,2,337.1258064516129
2025-08-01,SKU0042,WH04,608.0,2,337.1258064516129
2025-08-01,SKU0042,WH05,521.0,2,337.1258064516129
2025-08-01,SKU0043,WH01,53.0,1,179.95935483870966
2025-08-01,SKU0043,WH02,68.0,1,179.95935483870966
2025-08-01,SKU0043,WH03,55.0,1,179.95935483870966
2025-08-01,SKU0043,WH04,44.0,1,179.95935483870966
2025-08-01,SKU0043,WH05,80.0,1,179.95935483870966
2025-08-01,SKU0044,WH01,65.0,4,57.979354838709675
2025-08-01,SKU0044,WH02,85.0,4,57.979354838709675
2025-08-01,SKU0044,WH03,87.0,4,57.979354838709675
2025-08-01,SKU0044,WH04,83.0,4,57.979354838709675
2025-08-01,SKU0044,WH05,84.0,4,57.979354838709675
2025-08-01,SKU0045,WH01,1264.0,2,14.668709677419356
2025-08-01,SKU0045,WH02,1149.0,2,14.668709677419356
2025-08-01,SKU0045,WH03,1235.0,2,14.668709677419356
2025-08-01,SKU0045,WH04,1214.0,2,14.668709677419356
2025-08-01,SKU0045,WH05,1187.0,2,14.668709677419356
2025-08-01,SKU0046,WH01,1256.0,3,87.08548387096775
2025-08-01,SKU0046,WH02,1273.0,3,87.08548387096775
2025-08-01,SKU0046,WH03,1173.0,3,87.08548387096775
2025-08-01,SKU0046,WH04,1272.0,3,87.08548387096775
2025-08-01,SKU0046,WH05,1202.0,3,87.08548387096775
2025-08-01,SKU0047,WH01,72.0,1,54.46645161290323
2025-08-01,SKU0047,WH02,63.0,1,54.46645161290323
2025-08-01,SKU0047,WH03,78.0,1,54.46645161290323
2025-08-01,SKU0047,WH04,70.0,1,54.46645161290323
2025-08-01,SKU0047,WH05,79.0,1,54.46645161290323
2025-08-01,SKU0048,WH01,17.0,2,237.29806451612902
2025-08-01,SKU0048,WH02,8.0,2,237.29806451612902
2025-08-01,SKU0048,WH03,11.0,2,237.29806451612902
2025-08-01,SKU0048,WH04,20.0,2,237.29806451612902
2025-08-01,SKU0048,WH05,13.0,2,237.29806451612902
2025-08-01,SKU0049,WH01,265.0,1,51.25419354838709
2025-08-01,SKU0049,WH02,285.0,1,51.25419354838709
2025-08-01,SKU0049,WH03,262.0,1,51.25419354838709
2025-08-01,SKU0049,WH04,261.0,1,51.25419354838709
2025-08-01,SKU0049,WH05,261.0,1,51.25419354838709
2025-08-01,SKU0050,WH01,480.0,3,179.5061290322581
2025-08-01,SKU0050,WH02,453.0,3,179.5061290322581
2025-08-01,SKU0050,WH03,436.0,3,179.5061290322581
2025-08-01,SKU0050,WH04,537.0,3,179.5061290322581
2025-08-01,SKU0050,WH05,448.0,3,179.5061290322581
2025-08-01,SKU0051,WH01,23.0,2,244.06580645161293
2025-08-01,SKU0051,WH02,21.0,2,244.06580645161293
2025-08-01,SKU0051,WH03,17.0,2,244.06580645161293
2025-08-01,SKU0051,WH04,21.0,2,244.06580645161293
2025-08-01,SKU0051,WH05,23.0,2,244.06580645161293
2025-08-01,SKU0052,WH01,667.0,2,205.9058064516129
2025-08-01,SKU0052,WH02,683.0,2,205.9058064516129
2025-08-01,SKU0052,WH03,728.0,2,205.9058064516129
2025-08-01,SKU0052,WH04,693.0,2,205.9058064516129
2025-08-01,SKU0052,WH05,728.0,2,205.9058064516129
2025-08-01,SKU0053,WH01,67.0,1,77.66870967741936
2025-08-01,SKU0053,WH02,68.0,1,77.66870967741936
2025-08-01,SKU0053,WH03,60.0,1,77.66870967741936
2025-08-01,SKU0053,WH04,86.0,1,77.66870967741936
2025-08-01,SKU0053,WH05,65.0,1,77.66870967741936
2025-08-01,SKU0054,WH01,438.0,4,278.8290322580645
2025-08-01,SKU0054,WH02,425.0,4,278.8290322580645
2025-08-01,SKU0054,WH03,399.0,4,278.8290322580645
2025-08-01,SKU0054,WH04,406.0,4,278.8290322580645
2025-08-01,SKU0054,WH05,450.0,4,278.8290322580645
2025-08-01,SKU0055,WH01,637.0,2,251.60645161290324
2025-08-01,SKU0055,WH02,587.0,2,251.60645161290324
2025-08-01,SKU0055,WH03,573.0,2,251.60645161290324
2025-08-01,SKU0055,WH04,551.0,2,251.60645161290324
2025-08-01,SKU0055,WH05,552.0,2,251.60645161290324
2025-08-01,SKU0056,WH01,26.0,0,261.25
2025-08-01,SKU0056,WH02,20.0,0,261.25
2025-08-01,SKU0056,WH03,21.0,0,261.25
2025-08-01,SKU0056,WH04,14.0,0,261.25
2025-08-01,SKU0056,WH05,13.0,0,261.25
2025-08-01,SKU0057,WH01,155.0,1,54.296129032258065
2025-08-01,SKU0057,WH02,182.0,1,54.296129032258065
2025-08-01,SKU0057,WH03,173.0,1,54.296129032258065
2025-08-01,SKU0057,WH04,163.0,1,54.296129032258065
2025-08-01,SKU0057,WH05,181.0,1,54.296129032258065
2025-08-01,SKU0058,WH01,871.0,4,51.24
2025-08-01,SKU0058,WH02,840.0,4,51.24
2025-08-01,SKU0058,WH03,815.0,4,51.24
2025-08-01,SKU0058,WH04,842.0,4,51.24
2025-08-01,SKU0058,WH05,800.0,4,51.24
2025-08-01,SKU0059,WH01,618.0,2,323.2706451612903
2025-08-01,SKU0059,WH02,634.0,2,323.2706451612903
2025-08-01,SKU0059,WH03,641.0,2,323.2706451612903
2025-08-01,SKU0059,WH04,600.0,2,323.2706451612903
2025-08-01,SKU0059,WH05,621.0,2,323.2706451612903
2025-08-01,SKU0060,WH01,313.0,2,144.00903225806454
2025-08-01,SKU0060,WH02,252.0,2,144.00903225806454
2025-08-01,SKU0060,WH03,281.0,2,144.00903225806454
2025-08-01,SKU0060,WH04,291.0,2,144.00903225806454
2025-08-01,SKU0060,WH05,294.0,2,144.00903225806454
2025-08-01,SKU0061,WH01,429.0,1,111.95774193548385
2025-08-01,SKU0061,WH02,424.0,1,111.95774193548385
2025-08-01,SKU0061,WH03,432.0,1,111.95774193548385
2025-08-01,SKU0061,WH04,415.0,1,111.95774193548385
2025-08-01,SKU0061,WH05,419.0,1,111.95774193548385
2025-08-01,SKU0062,WH01,951.0,2,174.98387096774192
2025-08-01,SKU0062,WH02,970.0,2,174.98387096774192
2025-08-01,SKU0062,WH03,998.0,2,174.98387096774192
2025-08-01,SKU0062,WH04,894.0,2,174.98387096774192
2025-08-01,SKU0062,WH05,1005.0,2,174.98387096774192
2025-08-01,SKU0063,WH01,316.0,2,234.23096774193547
2025-08-01,SKU0063,WH02,277.0,2,234.23096774193547
2025-08-01,SKU0063,WH03,314.0,2,234.23096774193547
2025-08-01,SKU0063,WH04,315.0,2,234.23096774193547
2025-08-01,SKU0063,WH05,344.0,2,234.23096774193547
2025-08-01,SKU0064,WH01,227.0,3,330.58870967741933
2025-08-01,SKU0064,WH02,206.0,3,330.58870967741933
2025-08-01,SKU0064,WH03,240.0,3,330.58870967741933
2025-08-01,SKU0064,WH04,222.0,3,330.58870967741933
2025-08-01,SKU0064,WH05,214.0,3,330.58870967741933
2025-08-01,SKU0065,WH01,1301.0,8,104.44516129032259
2025-08-01,SKU0065,WH02,1307.0,8,104.44516129032259
2025-08-01,SKU0065,WH03,1389.0,8,104.44516129032259
2025-08-01,SKU0065,WH04,1370.0,8,104.44516129032259
2025-08-01,SKU0065,WH05,1391.0,8,104.44516129032259
2025-08-01,SKU0066,WH01,275.0,3,320.76741935483875
2025-08-01,SKU0066,WH02,260.0,3,320.76741935483875
2025-08-01,SKU0066,WH03,211.0,3,320.76741935483875
2025-08-01,SKU0066,WH04,227.0,3,320.76741935483875
2025-08-01,SKU0066,WH05,283.0,3,320.76741935483875
2025-08-01,SKU0067,WH01,968.0,1,18.42032258064516
2025-08-01,SKU0067,WH02,948.0,1,18.42032258064516
2025-08-01,SKU0067,WH03,978.0,1,18.42032258064516
2025-08-01,SKU0067,WH04,1035.0,1,18.42032258064516
2025-08-01,SKU0067,WH05,1030.0,1,18.42032258064516
2025-08-01,SKU0068,WH01,35.0,1,198.12870967741938
2025-08-01,SKU0068,WH02,33.0,1,198.12870967741938
2025-08-01,SKU0068,WH03,30.0,1,198.12870967741938
2025-08-01,SKU0068,WH04,44.0,1,198.12870967741938
2025-08-01,SKU0068,WH05,38.0,1,198.12870967741938
2025-08-01,SKU0069,WH01,408.0,2,223.7312903225807
2025-08-01,SKU0069,WH02,458.0,2,223.7312903225807
2025-08-01,SKU0069,WH03,480.0,2,223.7312903225807
2025-08-01,SKU0069,WH04,480.0,2,223.7312903225807
2025-08-01,SKU0069,WH05,464.0,2,223.7312903225807
2025-08-01,SKU0070,WH01,375.0,2,45.63903225806452
2025-08-01,SKU0070,WH02,409.0,2,45.63903225806452
2025-08-01,SKU0070,WH03,338.0,2,45.63903225806452
2025-08-01,SKU0070,WH04,430.0,2,45.63903225806452
2025-08-01,SKU0070,WH05,411.0,2,45.63903225806452
2025-08-01,SKU0071,WH01,307.0,1,57.62677419354839
2025-08-01,SKU0071,WH02,348.0,1,57.62677419354839
2025-08-01,SKU0071,WH03,341.0,1,57.62677419354839
2025-08-01,SKU0071,WH04,338.0,1,57.62677419354839
2025-08-01,SKU0071,WH05,340.0,1,57.62677419354839
2025-08-01,SKU0072,WH01,273.0,3,150.28612903225806
2025-08-01,SKU0072,WH02,241.0,3,150.28612903225806
2025-08-01,SKU0072,WH03,242.0,3,150.28612903225806
2025-08-01,SKU0072,WH04,223.0,3,150.28612903225806
2025-08-01,SKU0072,WH05,223.0,3,150.28612903225806
2025-08-01,SKU0073,WH01,715.0,2,337.4277419354839
2025-08-01,SKU0073,WH02,673.0,2,337.4277419354839
2025-08-01,SKU0073,WH03,727.0,2,337.4277419354839
2025-08-01,SKU0073,WH04,699.0,2,337.4277419354839
2025-08-01,SKU0073,WH05,710.0,2,337.4277419354839
2025-08-01,SKU0074,WH01,515.0,1,211.6209677419355
2025-08-01,SKU0074,WH02,491.0,1,211.6209677419355
2025-08-01,SKU0074,WH03,540.0,1,211.6209677419355
2025-08-01,SKU0074,WH04,516.0,1,211.6209677419355
2025-08-01,SKU0074,WH05,547.0,1,211.6209677419355
2025-08-01,SKU0075,WH01,130.0,1,325.6467741935484
2025-08-01,SKU0075,WH02,125.0,1,325.6467741935484
2025-08-01,SKU0075,WH03,133.0,1,325.6467741935484
2025-08-01,SKU0075,WH04,137.0,1,325.6467741935484
2025-08-01,SKU0075,WH05,152.0,1,325.6467741935484
2025-08-01,SKU0076,WH01,419.0,2,282.56580645161296
2025-08-01,SKU0076,WH02,431.0,2,282.56580645161296
2025-08-01,SKU0076,WH03,439.0,2,282.56580645161296
2025-08-01,SKU0076,WH04,353.0,2,282.56580645161296
2025-08-01,SKU0076,WH05,415.0,2,282.56580645161296
2025-08-01,SKU0077,WH01,254.0,1,167.82032258064518
2025-08-01,SKU0077,WH02,277.0,1,167.82032258064518
2025-08-01,SKU0077,WH03,264.0,1,167.82032258064518
2025-08-01,SKU0077,WH04,261.0,1,167.82032258064518
2025-08-01,SKU0077,WH05,292.0,1,167.82032258064518
2025-08-01,SKU0078,WH01,238.0,4,272.801935483871
2025-08-01,SKU0078,WH02,256.0,4,272.801935483871
2025-08-01,SKU0078,WH03,270.0,4,272.801935483871
2025-08-01,SKU0078,WH04,261.0,4,272.801935483871
2025-08-01,SKU0078,WH05,266.0,4,272.801935483871
2025-08-01,SKU0079,WH01,23.0,3,15.826774193548385
2025-08-01,SKU0079,WH02,31.0,3,15.826774193548385
2025-08-01,SKU0079,WH03,31.0,3,15.826774193548385
2025-08-01,SKU0079,WH04,17.0,3,15.826774193548385
2025-08-01,SKU0079,WH05,38.0,3,15.826774193548385
2025-08-01,SKU0080,WH01,421.0,2,46.73
2025-08-01,SKU0080,WH02,411.0,2,46.73
2025-08-01,SKU0080,WH03,362.0,2,46.73
2025-08-01,SKU0080,WH04,410.0,2,46.73
2025-08-01,SKU0080,WH05,413.0,2,46.73
2025-09-01,SKU0001,WH01,525.0,2,46.31933333333334
2025-09-01,SKU0001,WH02,520.0,2,46.31933333333334
2025-09-01,SKU0001,WH03,417.0,2,46.31933333333334
2025-09-01,SKU0001,WH04,485.0,2,46.31933333333334
2025-09-01,SKU0001,WH05,508.0,2,46.31933333333334
2025-09-01,SKU0002,WH01,116.0,2,319.2973333333333
2025-09-01,SKU0002,WH02,105.0,2,319.2973333333333
2025-09-01,SKU0002,WH03,104.0,2,319.2973333333333
2025-09-01,SKU0002,WH04,148.0,2,319.2973333333333
2025-09-01,SKU0002,WH05,144.0,2,319.2973333333333
2025-09-01,SKU0003,WH01,1175.0,4,86.35766666666667
2025-09-01,SKU0003,WH02,1272.0,4,86.35766666666667
2025-09-01,SKU0003,WH03,1240.0,4,86.35766666666667
2025-09-01,SKU0003,WH04,1233.0,4,86.35766666666667
2025-09-01,SKU0003,WH05,1263.0,4,86.35766666666667
2025-09-01,SKU0004,WH01,2053.0,1,22.606333333333332
2025-09-01,SKU0004,WH02,2237.0,1,22.606333333333332
2025-09-01,SKU0004,WH03,2051.0,1,22.606333333333332
2025-09-01,SKU0004,WH04,2075.0,1,22.606333333333332
2025-09-01,SKU0004,WH05,2122.0,1,22.606333333333332
2025-09-01,SKU0005,WH01,508.0,0,198.65
2025-09-01,SKU0005,WH02,495.0,0,198.65
2025-09-01,SKU0005,WH03,527.0,0,198.65
2025-09-01,SKU0005,WH04,472.0,0,198.65
2025-09-01,SKU0005,WH05,524.0,0,198.65
2025-09-01,SKU0006,WH01,20.0,3,134.06833333333333
2025-09-01,SKU0006,WH02,17.0,3,134.06833333333333
2025-09-01,SKU0006,WH03,23.0,3,134.06833333333333
2025-09-01,SKU0006,WH04,23.0,3,134.06833333333333
2025-09-01,SKU0006,WH05,15.0,3,134.06833333333333
2025-09-01,SKU0007,WH01,352.0,3,289.20866666666666
2025-09-01,SKU0007,WH02,372.0,3,289.20866666666666
2025-09-01,SKU0007,WH03,350.0,3,289.20866666666666
2025-09-01,SKU0007,WH04,332.0,3,289.20866666666666
2025-09-01,SKU0007,WH05,373.0,3,289.20866666666666
2025-09-01,SKU0008,WH01,708.0,2,282.43666666666667
2025-09-01,SKU0008,WH02,779.0,2,282.43666666666667
2025-09-01,SKU0008,WH03,656.0,2,282.43666666666667
2025-09-01,SKU0008,WH04,721.0,2,282.43666666666667
2025-09-01,SKU0008,WH05,694.0,2,282.43666666666667
2025-09-01,SKU0009,WH01,952.0,5,115.47399999999999
2025-09-01,SKU0009,WH02,1090.0,5,115.47399999999999
2025-09-01,SKU0009,WH03,973.0,5,115.47399999999999
2025-09-01,SKU0009,WH04,1010.0,5,115.47399999999999
2025-09-01,SKU0009,WH05,992.0,5,115.47399999999999
2025-09-01,SKU0010,WH01,180.0,4,326.19666666666666
2025-09-01,SKU0010,WH02,200.0,4,326.19666666666666
2025-09-01,SKU0010,WH03,186.0,4,326.19666666666666
2025-09-01,SKU0010,WH04,232.0,4,326.19666666666666
2025-09-01,SKU0010,WH05,235.0,4,326.19666666666666
2025-09-01,SKU0011,WH01,516.0,1,108.72833333333334
2025-09-01,SKU0011,WH02,516.0,1,108.72833333333334
2025-09-01,SKU0011,WH03,554.0,1,108.72833333333334
2025-09-01,SKU0011,WH04,522.0,1,108.72833333333334
2025-09-01,SKU0011,WH05,534.0,1,108.72833333333334
2025-09-01,SKU0012,WH01,231.0,1,184.50300000000001
2025-09-01,SKU0012,WH02,244.0,1,184.50300000000001
2025-09-01,SKU0012,WH03,221.0,1,184.50300000000001
2025-09-01,SKU0012,WH04,249.0,1,184.50300000000001
2025-09-01,SKU0012,WH05,234.0,1,184.50300000000001
2025-09-01,SKU0013,WH01,177.0,0,97.03000000000002
2025-09-01,SKU0013,WH02,201.0,0,97.03000000000002
2025-09-01,SKU0013,WH03,178.0,0,97.03000000000002
2025-09-01,SKU0013,WH04,167.0,0,97.03000000000002
2025-09-01,SKU0013,WH05,172.0,0,97.03000000000002
2025-09-01,SKU0014,WH01,88.0,0,328.25
2025-09-01,SKU0014,WH02,84.0,0,328.25
2025-09-01,SKU0014,WH03,94.0,0,328.25
2025-09-01,SKU0014,WH04,96.0,0,328.25
2025-09-01,SKU0014,WH05,91.0,0,328.25
2025-09-01,SKU0015,WH01,81.0,2,65.42
2025-09-01,SKU0015,WH02,89.0,2,65.42
2025-09-01,SKU0015,WH03,79.0,2,65.42
2025-09-01,SKU0015,WH04,71.0,2,65.42
2025-09-01,SKU0015,WH05,63.0,2,65.42
2025-09-01,SKU0016,WH01,1604.0,4,24.764666666666663
2025-09-01,SKU0016,WH02,1435.0,4,24.764666666666663
2025-09-01,SKU0016,WH03,1602.0,4,24.764666666666663
2025-09-01,SKU0016,WH04,1547.0,4,24.764666666666663
2025-09-01,SKU0016,WH05,1511.0,4,24.764666666666663
2025-09-01,SKU0017,WH01,239.0,7,153.45499999999998
2025-09-01,SKU0017,WH02,269.0,7,153.45499999999998
2025-09-01,SKU0017,WH03,285.0,7,153.45499999999998
2025-09-01,SKU0017,WH04,249.0,7,153.45499999999998
2025-09-01,SKU0017,WH05,262.0,7,153.45499999999998
2025-09-01,SKU0018,WH01,449.0,1,345.673
2025-09-01,SKU0018,WH02,540.0,1,345.673
2025-09-01,SKU0018,WH03,492.0,1,345.673
2025-09-01,SKU0018,WH04,498.0,1,345.673
2025-09-01,SKU0018,WH05,534.0,1,345.673
2025-09-01,SKU0019,WH01,661.0,2,310.5603333333334
2025-09-01,SKU0019,WH02,642.0,2,310.5603333333334
2025-09-01,SKU0019,WH03,604.0,2,310.5603333333334
2025-09-01,SKU0019,WH04,599.0,2,310.5603333333334
2025-09-01,SKU0019,WH05,627.0,2,310.5603333333334
2025-09-01,SKU0020,WH01,347.0,3,261.444
2025-09-01,SKU0020,WH02,389.0,3,261.444
2025-09-01,SKU0020,WH03,367.0,3,261.444
2025-09-01,SKU0020,WH04,382.0,3,261.444
2025-09-01,SKU0020,WH05,383.0,3,261.444
2025-09-01,SKU0021,WH01,132.0,4,306.6126666666667
2025-09-01,SKU0021,WH02,111.0,4,306.6126666666667
2025-09-01,SKU0021,WH03,101.0,4,306.6126666666667
2025-09-01,SKU0021,WH04,105.0,4,306.6126666666667
2025-09-01,SKU0021,WH05,109.0,4,306.6126666666667
2025-09-01,SKU0022,WH01,112.0,3,311.155
2025-09-01,SKU0022,WH02,130.0,3,311.155
2025-09-01,SKU0022,WH03,139.0,3,311.155
2025-09-01,SKU0022,WH04,142.0,3,311.155
2025-09-01,SKU0022,WH05,156.0,3,311.155
2025-09-01,SKU0023,WH01,246.0,3,183.92466666666667
2025-09-01,SKU0023,WH02,238.0,3,183.92466666666667
2025-09-01,SKU0023,WH03,231.0,3,183.92466666666667
2025-09-01,SKU0023,WH04,246.0,3,183.92466666666667
2025-09-01,SKU0023,WH05,266.0,3,183.92466666666667
2025-09-01,SKU0024,WH01,612.0,2,116.44166666666666
2025-09-01,SKU0024,WH02,645.0,2,116.44166666666666
2025-09-01,SKU0024,WH03,679.0,2,116.44166666666666
2025-09-01,SKU0024,WH04,596.0,2,116.44166666666666
2025-09-01,SKU0024,WH05,581.0,2,116.44166666666666
2025-09-01,SKU0025,WH01,537.0,2,269.755
2025-09-01,SKU0025,WH02,554.0,2,269.755
2025-09-01,SKU0025,WH03,587.0,2,269.755
2025-09-01,SKU0025,WH04,543.0,2,269.755
2025-09-01,SKU0025,WH05,548.0,2,269.755
2025-09-01,SKU0026,WH01,1197.0,3,231.436
2025-09-01,SKU0026,WH02,1249.0,3,231.436
2025-09-01,SKU0026,WH03,1098.0,3,231.436
2025-09-01,SKU0026,WH04,1200.0,3,231.436
2025-09-01,SKU0026,WH05,1102.0,3,231.436
2025-09-01,SKU0027,WH01,413.0,2,135.898
2025-09-01,SKU0027,WH02,435.0,2,135.898
2025-09-01,SKU0027,WH03,378.0,2,135.898
2025-09-01,SKU0027,WH04,427.0,2,135.898
2025-09-01,SKU0027,WH05,392.0,2,135.898
2025-09-01,SKU0028,WH01,186.0,2,41.90933333333333
2025-09-01,SKU0028,WH02,210.0,2,41.90933333333333
2025-09-01,SKU0028,WH03,199.0,2,41.90933333333333
2025-09-01,SKU0028,WH04,196.0,2,41.90933333333333
2025-09-01,SKU0028,WH05,198.0,2,41.90933333333333
2025-09-01,SKU0029,WH01,229.0,4,261.7103333333333
2025-09-01,SKU0029,WH02,288.0,4,261.7103333333333
2025-09-01,SKU0029,WH03,243.0,4,261.7103333333333
2025-09-01,SKU0029,WH04,261.0,4,261.7103333333333
2025-09-01,SKU0029,WH05,223.0,4,261.7103333333333
2025-09-01,SKU0030,WH01,446.0,2,98.24766666666666
2025-09-01,SKU0030,WH02,479.0,2,98.24766666666666
2025-09-01,SKU0030,WH03,464.0,2,98.24766666666666
2025-09-01,SKU0030,WH04,482.0,2,98.24766666666666
2025-09-01,SKU0030,WH05,468.0,2,98.24766666666666
2025-09-01,SKU0031,WH01,235.0,4,325.2346666666666
2025-09-01,SKU0031,WH02,228.0,4,325.2346666666666
2025-09-01,SKU0031,WH03,217.0,4,325.2346666666666
2025-09-01,SKU0031,WH04,228.0,4,325.2346666666666
2025-09-01,SKU0031,WH05,244.0,4,325.2346666666666
2025-09-01,SKU0032,WH01,256.0,4,90.551
2025-09-01,SKU0032,WH02,250.0,4,90.551
2025-09-01,SKU0032,WH03,241.0,4,90.551
2025-09-01,SKU0032,WH04,234.0,4,90.551
2025-09-01,SKU0032,WH05,276.0,4,90.551
2025-09-01,SKU0033,WH01,105.0,4,51.13633333333334
2025-09-01,SKU0033,WH02,115.0,4,51.13633333333334
2025-09-01,SKU0033,WH03,124.0,4,51.13633333333334
2025-09-01,SKU0033,WH04,99.0,4,51.13633333333334
2025-09-01,SKU0033,WH05,129.0,4,51.13633333333334
2025-09-01,SKU0034,WH01,137.0,3,289.65399999999994
2025-09-01,SKU0034,WH02,128.0,3,289.65399999999994
2025-09-01,SKU0034,WH03,134.0,3,289.65399999999994
2025-09-01,SKU0034,WH04,145.0,3,289.65399999999994
2025-09-01,SKU0034,WH05,130.0,3,289.65399999999994
2025-09-01,SKU0035,WH01,140.0,1,61.705999999999996
2025-09-01,SKU0035,WH02,130.0,1,61.705999999999996
2025-09-01,SKU0035,WH03,130.0,1,61.705999999999996
2025-09-01,SKU0035,WH04,116.0,1,61.705999999999996
2025-09-01,SKU0035,WH05,133.0,1,61.705999999999996
2025-09-01,SKU0036,WH01,147.0,5,69.413
2025-09-01,SKU0036,WH02,147.0,5,69.413
2025-09-01,SKU0036,WH03,116.0,5,69.413
2025-09-01,SKU0036,WH04,139.0,5,69.413
2025-09-01,SKU0036,WH05,126.0,5,69.413
2025-09-01,SKU0037,WH01,20.0,5,208.08866666666665
2025-09-01,SKU0037,WH02,18.0,5,208.08866666666665
2025-09-01,SKU0037,WH03,15.0,5,208.08866666666665
2025-09-01,SKU0037,WH04,19.0,5,208.08866666666665
2025-09-01,SKU0037,WH05,23.0,5,208.08866666666665
2025-09-01,SKU0038,WH01,444.0,3,303.2523333333333
2025-09-01,SKU0038,WH02,408.0,3,303.2523333333333
2025-09-01,SKU0038,WH03,481.0,3,303.2523333333333
2025-09-01,SKU0038,WH04,393.0,3,303.2523333333333
2025-09-01,SKU0038,WH05,403.0,3,303.2523333333333
2025-09-01,SKU0039,WH01,208.0,2,76.15
2025-09-01,SKU0039,WH02,192.0,2,76.15
2025-09-01,SKU0039,WH03,203.0,2,76.15
2025-09-01,SKU0039,WH04,188.0,2,76.15
2025-09-01,SKU0039,WH05,216.0,2,76.15
2025-09-01,SKU0040,WH01,164.0,1,115.125
2025-09-01,SKU0040,WH02,120.0,1,115.125
2025-09-01,SKU0040,WH03,155.0,1,115.125
2025-09-01,SKU0040,WH04,136.0,1,115.125
2025-09-01,SKU0040,WH05,145.0,1,115.125
2025-09-01,SKU0041,WH01,23.0,1,273.86266666666666
2025-09-01,SKU0041,WH02,16.0,1,273.86266666666666
2025-09-01,SKU0041,WH03,26.0,1,273.86266666666666
2025-09-01,SKU0041,WH04,18.0,1,273.86266666666666
2025-09-01,SKU0041,WH05,16.0,1,273.86266666666666
2025-09-01,SKU0042,WH01,563.0,5,334.1793333333334
2025-09-01,SKU0042,WH02,574.0,5,334.1793333333334
2025-09-01,SKU0042,WH03,521.0,5,334.1793333333334
2025-09-01,SKU0042,WH04,552.0,5,334.1793333333334
2025-09-01,SKU0042,WH05,517.0,5,334.1793333333334
2025-09-01,SKU0043,WH01,55.0,2,178.74766666666667
2025-09-01,SKU0043,WH02,41.0,2,178.74766666666667
2025-09-01,SKU0043,WH03,48.0,2,178.74766666666667
2025-09-01,SKU0043,WH04,56.0,2,178.74766666666667
2025-09-01,SKU0043,WH05,76.0,2,178.74766666666667
2025-09-01,SKU0044,WH01,83.0,3,58.340333333333334
2025-09-01,SKU0044,WH02,67.0,3,58.340333333333334
2025-09-01,SKU0044,WH03,74.0,3,58.340333333333334
2025-09-01,SKU0044,WH04,57.0,3,58.340333333333334
2025-09-01,SKU0044,WH05,70.0,3,58.340333333333334
2025-09-01,SKU0045,WH01,1113.0,2,14.690666666666667
2025-09-01,SKU0045,WH02,1227.0,2,14.690666666666667
2025-09-01,SKU0045,WH03,1114.0,2,14.690666666666667
2025-09-01,SKU0045,WH04,1021.0,2,14.690666666666667
2025-09-01,SKU0045,WH05,1057.0,2,14.690666666666667
2025-09-01,SKU0046,WH01,1131.0,3,87.05233333333334
2025-09-01,SKU0046,WH02,1089.0,3,87.05233333333334
2025-09-01,SKU0046,WH03,1120.0,3,87.05233333333334
2025-09-01,SKU0046,WH04,1085.0,3,87.05233333333334
2025-09-01,SKU0046,WH05,1113.0,3,87.05233333333334
2025-09-01,SKU0047,WH01,66.0,1,54.63733333333334
2025-09-01,SKU0047,WH02,71.0,1,54.63733333333334
2025-09-01,SKU0047,WH03,64.0,1,54.63733333333334
2025-09-01,SKU0047,WH04,79.0,1,54.63733333333334
2025-09-01,SKU0047,WH05,60.0,1,54.63733333333334
2025-09-01,SKU0048,WH01,8.0,4,236.794
2025-09-01,SKU0048,WH02,11.0,4,236.794
2025-09-01,SKU0048,WH03,16.0,4,236.794
2025-09-01,SKU0048,WH04,8.0,4,236.794
2025-09-01,SKU0048,WH05,19.0,4,236.794
2025-09-01,SKU0049,WH01,254.0,4,50.477666666666664
2025-09-01,SKU0049,WH02,265.0,4,50.477666666666664
2025-09-01,SKU0049,WH03,277.0,4,50.477666666666664
2025-09-01,SKU0049,WH04,266.0,4,50.477666666666664
2025-09-01,SKU0049,WH05,257.0,4,50.477666666666664
2025-09-01,SKU0050,WH01,454.0,3,179.72133333333335
2025-09-01,SKU0050,WH02,388.0,3,179.72133333333335
2025-09-01,SKU0050,WH03,392.0,3,179.72133333333335
2025-09-01,SKU0050,WH04,411.0,3,179.72133333333335
2025-09-01,SKU0050,WH05,457.0,3,179.72133333333335
2025-09-01,SKU0051,WH01,8.0,2,243.99966666666668
2025-09-01,SKU0051,WH02,21.0,2,243.99966666666668
2025-09-01,SKU0051,WH03,18.0,2,243.99966666666668
2025-09-01,SKU0051,WH04,21.0,2,243.99966666666668
2025-09-01,SKU0051,WH05,22.0,2,243.99966666666668
2025-09-01,SKU0052,WH01,566.0,0,207.58
2025-09-01,SKU0052,WH02,621.0,0,207.58
2025-09-01,SKU0052,WH03,589.0,0,207.58
2025-09-01,SKU0052,WH04,563.0,0,207.58
2025-09-01,SKU0052,WH05,602.0,0,207.58
2025-09-01,SKU0053,WH01,64.0,3,77.011
2025-09-01,SKU0053,WH02,90.0,3,77.011
2025-09-01,SKU0053,WH03,88.0,3,77.011
2025-09-01,SKU0053,WH04,70.0,3,77.011
2025-09-01,SKU0053,WH05,71.0,3,77.011
2025-09-01,SKU0054,WH01,361.0,1,281.983
2025-09-01,SKU0054,WH02,337.0,1,281.983
2025-09-01,SKU0054,WH03,349.0,1,281.983
2025-09-01,SKU0054,WH04,351.0,1,281.983
2025-09-01,SKU0054,WH05,344.0,1,281.983
2025-09-01,SKU0055,WH01,549.0,4,248.597
2025-09-01,SKU0055,WH02,514.0,4,248.597
2025-09-01,SKU0055,WH03,532.0,4,248.597
2025-09-01,SKU0055,WH04,580.0,4,248.597
2025-09-01,SKU0055,WH05,564.0,4,248.597
2025-09-01,SKU0056,WH01,14.0,1,259.9436666666667
2025-09-01,SKU0056,WH02,19.0,1,259.9436666666667
2025-09-01,SKU0056,WH03,18.0,1,259.9436666666667
2025-09-01,SKU0056,WH04,7.0,1,259.9436666666667
2025-09-01,SKU0056,WH05,10.0,1,259.9436666666667
2025-09-01,SKU0057,WH01,124.0,0,54.56000000000001
2025-09-01,SKU0057,WH02,162.0,0,54.56000000000001
2025-09-01,SKU0057,WH03,165.0,0,54.56000000000001
2025-09-01,SKU0057,WH04,151.0,0,54.56000000000001
2025-09-01,SKU0057,WH05,159.0,0,54.56000000000001
2025-09-01,SKU0058,WH01,812.0,4,51.212
2025-09-01,SKU0058,WH02,868.0,4,51.212
2025-09-01,SKU0058,WH03,758.0,4,51.212
2025-09-01,SKU0058,WH04,823.0,4,51.212
2025-09-01,SKU0058,WH05,860.0,4,51.212
2025-09-01,SKU0059,WH01,574.0,0,325.37
2025-09-01,SKU0059,WH02,446.0,0,325.37
2025-09-01,SKU0059,WH03,525.0,0,325.37
2025-09-01,SKU0059,WH04,519.0,0,325.37
2025-09-01,SKU0059,WH05,571.0,0,325.37
2025-09-01,SKU0060,WH01,247.0,2,143.97
2025-09-01,SKU0060,WH02,266.0,2,143.97
2025-09-01,SKU0060,WH03,247.0,2,143.97
2025-09-01,SKU0060,WH04,245.0,2,143.97
2025-09-01,SKU0060,WH05,254.0,2,143.97
2025-09-01,SKU0061,WH01,389.0,2,111.384
2025-09-01,SKU0061,WH02,382.0,2,111.384
2025-09-01,SKU0061,WH03,392.0,2,111.384
2025-09-01,SKU0061,WH04,352.0,2,111.384
2025-09-01,SKU0061,WH05,380.0,2,111.384
2025-09-01,SKU0062,WH01,896.0,2,174.65233333333333
2025-09-01,SKU0062,WH02,880.0,2,174.65233333333333
2025-09-01,SKU0062,WH03,886.0,2,174.65233333333333
2025-09-01,SKU0062,WH04,852.0,2,174.65233333333333
2025-09-01,SKU0062,WH05,916.0,2,174.65233333333333
2025-09-01,SKU0063,WH01,316.0,2,233.80066666666667
2025-09-01,SKU0063,WH02,284.0,2,233.80066666666667
2025-09-01,SKU0063,WH03,311.0,2,233.80066666666667
2025-09-01,SKU0063,WH04,313.0,2,233.80066666666667
2025-09-01,SKU0063,WH05,275.0,2,233.80066666666667
2025-09-01,SKU0064,WH01,178.0,3,332.119
2025-09-01,SKU0064,WH02,211.0,3,332.119
2025-09-01,SKU0064,WH03,227.0,3,332.119
2025-09-01,SKU0064,WH04,194.0,3,332.119
2025-09-01,SKU0064,WH05,216.0,3,332.119
2025-09-01,SKU0065,WH01,1080.0,2,107.032
2025-09-01,SKU0065,WH02,1028.0,2,107.032
2025-09-01,SKU0065,WH03,1001.0,2,107.032
2025-09-01,SKU0065,WH04,1138.0,2,107.032
2025-09-01,SKU0065,WH05,1105.0,2,107.032
2025-09-01,SKU0066,WH01,220.0,2,322.26733333333334
2025-09-01,SKU0066,WH02,234.0,2,322.26733333333334
2025-09-01,SKU0066,WH03,241.0,2,322.26733333333334
2025-09-01,SKU0066,WH04,245.0,2,322.26733333333334
2025-09-01,SKU0066,WH05,255.0,2,322.26733333333334
2025-09-01,SKU0067,WH01,952.0,3,18.296666666666667
2025-09-01,SKU0067,WH02,955.0,3,18.296666666666667
2025-09-01,SKU0067,WH03,928.0,3,18.296666666666667
2025-09-01,SKU0067,WH04,951.0,3,18.296666666666667
2025-09-01,SKU0067,WH05,1005.0,3,18.296666666666667
2025-09-01,SKU0068,WH01,25.0,2,197.44466666666668
2025-09-01,SKU0068,WH02,40.0,2,197.44466666666668
2025-09-01,SKU0068,WH03,34.0,2,197.44466666666668
2025-09-01,SKU0068,WH04,29.0,2,197.44466666666668
2025-09-01,SKU0068,WH05,37.0,2,197.44466666666668
2025-09-01,SKU0069,WH01,381.0,3,223.2946666666667
2025-09-01,SKU0069,WH02,450.0,3,223.2946666666667
2025-09-01,SKU0069,WH03,377.0,3,223.2946666666667
2025-09-01,SKU0069,WH04,412.0,3,223.2946666666667
2025-09-01,SKU0069,WH05,418.0,3,223.2946666666667
2025-09-01,SKU0070,WH01,323.0,1,45.85666666666667
2025-09-01,SKU0070,WH02,337.0,1,45.85666666666667
2025-09-01,SKU0070,WH03,336.0,1,45.85666666666667
2025-09-01,SKU0070,WH04,319.0,1,45.85666666666667
2025-09-01,SKU0070,WH05,322.0,1,45.85666666666667
2025-09-01,SKU0071,WH01,344.0,5,56.662000000000006
2025-09-01,SKU0071,WH02,327.0,5,56.662000000000006
2025-09-01,SKU0071,WH03,326.0,5,56.662000000000006
2025-09-01,SKU0071,WH04,343.0,5,56.662000000000006
2025-09-01,SKU0071,WH05,335.0,5,56.662000000000006
2025-09-01,SKU0072,WH01,242.0,4,149.704
2025-09-01,SKU0072,WH02,238.0,4,149.704
2025-09-01,SKU0072,WH03,217.0,4,149.704
2025-09-01,SKU0072,WH04,224.0,4,149.704
2025-09-01,SKU0072,WH05,217.0,4,149.704
2025-09-01,SKU0073,WH01,590.0,0,338.5199999999999
2025-09-01,SKU0073,WH02,649.0,0,338.5199999999999
2025-09-01,SKU0073,WH03,672.0,0,338.5199999999999
2025-09-01,SKU0073,WH04,603.0,0,338.5199999999999
2025-09-01,SKU0073,WH05,527.0,0,338.5199999999999
2025-09-01,SKU0074,WH01,483.0,1,211.94133333333332
2025-09-01,SKU0074,WH02,461.0,1,211.94133333333332
2025-09-01,SKU0074,WH03,453.0,1,211.94133333333332
2025-09-01,SKU0074,WH04,448.0,1,211.94133333333332
2025-09-01,SKU0074,WH05,440.0,1,211.94133333333332
2025-09-01,SKU0075,WH01,109.0,0,327.2300000000001
2025-09-01,SKU0075,WH02,107.0,0,327.2300000000001
2025-09-01,SKU0075,WH03,114.0,0,327.2300000000001
2025-09-01,SKU0075,WH04,106.0,0,327.2300000000001
2025-09-01,SKU0075,WH05,101.0,0,327.2300000000001
2025-09-01,SKU0076,WH01,377.0,3,280.17266666666666
2025-09-01,SKU0076,WH02,351.0,3,280.17266666666666
2025-09-01,SKU0076,WH03,351.0,3,280.17266666666666
2025-09-01,SKU0076,WH04,384.0,3,280.17266666666666
2025-09-01,SKU0076,WH05,387.0,3,280.17266666666666
2025-09-01,SKU0077,WH01,289.0,4,165.53166666666667
2025-09-01,SKU0077,WH02,270.0,4,165.53166666666667
2025-09-01,SKU0077,WH03,261.0,4,165.53166666666667
2025-09-01,SKU0077,WH04,255.0,4,165.53166666666667
2025-09-01,SKU0077,WH05,294.0,4,165.53166666666667
2025-09-01,SKU0078,WH01,203.0,3,274.5133333333333
2025-09-01,SKU0078,WH02,230.0,3,274.5133333333333
2025-09-01,SKU0078,WH03,235.0,3,274.5133333333333
2025-09-01,SKU0078,WH04,264.0,3,274.5133333333333
2025-09-01,SKU0078,WH05,229.0,3,274.5133333333333
2025-09-01,SKU0079,WH01,27.0,2,15.952666666666666
2025-09-01,SKU0079,WH02,34.0,2,15.952666666666666
2025-09-01,SKU0079,WH03,18.0,2,15.952666666666666
2025-09-01,SKU0079,WH04,32.0,2,15.952666666666666
2025-09-01,SKU0079,WH05,24.0,2,15.952666666666666
2025-09-01,SKU0080,WH01,350.0,2,46.560333333333325
2025-09-01,SKU0080,WH02,371.0,2,46.560333333333325
2025-09-01,SKU0080,WH03,391.0,2,46.560333333333325
2025-09-01,SKU0080,WH04,388.0,2,46.560333333333325
2025-09-01,SKU0080,WH05,410.0,2,46.560333333333325
2025-10-01,SKU0001,WH01,559.0,3,46.10387096774193
2025-10-01,SKU0001,WH02,613.0,3,46.10387096774193
2025-10-01,SKU0001,WH03,631.0,3,46.10387096774193
2025-10-01,SKU0001,WH04,578.0,3,46.10387096774193
2025-10-01,SKU0001,WH05,645.0,3,46.10387096774193
2025-10-01,SKU0002,WH01,132.0,5,314.70000000000005
2025-10-01,SKU0002,WH02,141.0,5,314.70000000000005
2025-10-01,SKU0002,WH03,137.0,5,314.70000000000005
2025-10-01,SKU0002,WH04,141.0,5,314.70000000000005
2025-10-01,SKU0002,WH05,147.0,5,314.70000000000005
2025-10-01,SKU0003,WH01,1432.0,3,86.7041935483871
2025-10-01,SKU0003,WH02,1408.0,3,86.7041935483871
2025-10-01,SKU0003,WH03,1472.0,3,86.7041935483871
2025-10-01,SKU0003,WH04,1376.0,3,86.7041935483871
2025-10-01,SKU0003,WH05,1323.0,3,86.7041935483871
2025-10-01,SKU0004,WH01,2461.0,2,22.536774193548386
2025-10-01,SKU0004,WH02,2613.0,2,22.536774193548386
2025-10-01,SKU0004,WH03,2399.0,2,22.536774193548386
2025-10-01,SKU0004,WH04,2344.0,2,22.536774193548386
2025-10-01,SKU0004,WH05,2449.0,2,22.536774193548386
2025-10-01,SKU0005,WH01,574.0,3,197.3683870967742
2025-10-01,SKU0005,WH02,600.0,3,197.3683870967742
2025-10-01,SKU0005,WH03,672.0,3,197.3683870967742
2025-10-01,SKU0005,WH04,577.0,3,197.3683870967742
2025-10-01,SKU0005,WH05,551.0,3,197.3683870967742
2025-10-01,SKU0006,WH01,19.0,6,132.59741935483873
2025-10-01,SKU0006,WH02,24.0,6,132.59741935483873
2025-10-01,SKU0006,WH03,23.0,6,132.59741935483873
2025-10-01,SKU0006,WH04,15.0,6,132.59741935483873
2025-10-01,SKU0006,WH05,20.0,6,132.59741935483873
2025-10-01,SKU0007,WH01,395.0,2,289.7741935483871
2025-10-01,SKU0007,WH02,424.0,2,289.7741935483871
2025-10-01,SKU0007,WH03,427.0,2,289.7741935483871
2025-10-01,SKU0007,WH04,444.0,2,289.7741935483871
2025-10-01,SKU0007,WH05,413.0,2,289.7741935483871
2025-10-01,SKU0008,WH01,823.0,2,283.431935483871
2025-10-01,SKU0008,WH02,905.0,2,283.431935483871
2025-10-01,SKU0008,WH03,838.0,2,283.431935483871
2025-10-01,SKU0008,WH04,846.0,2,283.431935483871
2025-10-01,SKU0008,WH05,864.0,2,283.431935483871
2025-10-01,SKU0009,WH01,1050.0,3,116.5
2025-10-01,SKU0009,WH02,1080.0,3,116.5
2025-10-01,SKU0009,WH03,1075.0,3,116.5
2025-10-01,SKU0009,WH04,1180.0,3,116.5
2025-10-01,SKU0009,WH05,1103.0,3,116.5
2025-10-01,SKU0010,WH01,197.0,2,331.83516129032256
2025-10-01,SKU0010,WH02,221.0,2,331.83516129032256
2025-10-01,SKU0010,WH03,227.0,2,331.83516129032256
2025-10-01,SKU0010,WH04,204.0,2,331.83516129032256
2025-10-01,SKU0010,WH05,229.0,2,331.83516129032256
2025-10-01,SKU0011,WH01,595.0,1,108.55870967741936
2025-10-01,SKU0011,WH02,578.0,1,108.55870967741936
2025-10-01,SKU0011,WH03,591.0,1,108.55870967741936
2025-10-01,SKU0011,WH04,633.0,1,108.55870967741936
2025-10-01,SKU0011,WH05,659.0,1,108.55870967741936
2025-10-01,SKU0012,WH01,297.0,3,183.03
2025-10-01,SKU0012,WH02,281.0,3,183.03
2025-10-01,SKU0012,WH03,265.0,3,183.03
2025-10-01,SKU0012,WH04,268.0,3,183.03
2025-10-01,SKU0012,WH05,291.0,3,183.03
2025-10-01,SKU0013,WH01,207.0,6,94.36967741935486
2025-10-01,SKU0013,WH02,209.0,6,94.36967741935486
2025-10-01,SKU0013,WH03,225.0,6,94.36967741935486
2025-10-01,SKU0013,WH04,224.0,6,94.36967741935486
2025-10-01,SKU0013,WH05,213.0,6,94.36967741935486
2025-10-01,SKU0014,WH01,124.0,6,320.3090322580645
2025-10-01,SKU0014,WH02,121.0,6,320.3090322580645
2025-10-01,SKU0014,WH03,137.0,6,320.3090322580645
2025-10-01,SKU0014,WH04,139.0,6,320.3090322580645
2025-10-01,SKU0014,WH05,114.0,6,320.3090322580645
2025-10-01,SKU0015,WH01,108.0,3,65.01225806451613
2025-10-01,SKU0015,WH02,87.0,3,65.01225806451613
2025-10-01,SKU0015,WH03,92.0,3,65.01225806451613
2025-10-01,SKU0015,WH04,79.0,3,65.01225806451613
2025-10-01,SKU0015,WH05,95.0,3,65.01225806451613
2025-10-01,SKU0016,WH01,1705.0,3,25.0258064516129
2025-10-01,SKU0016,WH02,1721.0,3,25.0258064516129
2025-10-01,SKU0016,WH03,1736.0,3,25.0258064516129
2025-10-01,SKU0016,WH04,1708.0,3,25.0258064516129
2025-10-01,SKU0016,WH05,1683.0,3,25.0258064516129
2025-10-01,SKU0017,WH01,265.0,1,157.4206451612903
2025-10-01,SKU0017,WH02,296.0,1,157.4206451612903
2025-10-01,SKU0017,WH03,265.0,1,157.4206451612903
2025-10-01,SKU0017,WH04,248.0,1,157.4206451612903
2025-10-01,SKU0017,WH05,286.0,1,157.4206451612903
2025-10-01,SKU0018,WH01,581.0,2,344.0480645161291
2025-10-01,SKU0018,WH02,647.0,2,344.0480645161291
2025-10-01,SKU0018,WH03,563.0,2,344.0480645161291
2025-10-01,SKU0018,WH04,607.0,2,344.0480645161291
2025-10-01,SKU0018,WH05,603.0,2,344.0480645161291
2025-10-01,SKU0019,WH01,775.0,3,310.13903225806456
2025-10-01,SKU0019,WH02,792.0,3,310.13903225806456
2025-10-01,SKU0019,WH03,685.0,3,310.13903225806456
2025-10-01,SKU0019,WH04,704.0,3,310.13903225806456
2025-10-01,SKU0019,WH05,706.0,3,310.13903225806456
2025-10-01,SKU0020,WH01,431.0,6,258.98322580645157
2025-10-01,SKU0020,WH02,488.0,6,258.98322580645157
2025-10-01,SKU0020,WH03,475.0,6,258.98322580645157
2025-10-01,SKU0020,WH04,487.0,6,258.98322580645157
2025-10-01,SKU0020,WH05,481.0,6,258.98322580645157
2025-10-01,SKU0021,WH01,131.0,5,306.30967741935484
2025-10-01,SKU0021,WH02,129.0,5,306.30967741935484
2025-10-01,SKU0021,WH03,104.0,5,306.30967741935484
2025-10-01,SKU0021,WH04,129.0,5,306.30967741935484
2025-10-01,SKU0021,WH05,133.0,5,306.30967741935484
2025-10-01,SKU0022,WH01,171.0,0,313.77
2025-10-01,SKU0022,WH02,166.0,0,313.77
2025-10-01,SKU0022,WH03,176.0,0,313.77
2025-10-01,SKU0022,WH04,164.0,0,313.77
2025-10-01,SKU0022,WH05,153.0,0,313.77
2025-10-01,SKU0023,WH01,257.0,1,185.50806451612902
2025-10-01,SKU0023,WH02,282.0,1,185.50806451612902
2025-10-01,SKU0023,WH03,278.0,1,185.50806451612902
2025-10-01,SKU0023,WH04,284.0,1,185.50806451612902
2025-10-01,SKU0023,WH05,268.0,1,185.50806451612902
2025-10-01,SKU0024,WH01,673.0,0,117.42
2025-10-01,SKU0024,WH02,653.0,0,117.42
2025-10-01,SKU0024,WH03,652.0,0,117.42
2025-10-01,SKU0024,WH04,755.0,0,117.42
2025-10-01,SKU0024,WH05,711.0,0,117.42
2025-10-01,SKU0025,WH01,612.0,0,272.48
2025-10-01,SKU0025,WH02,660.0,0,272.48
2025-10-01,SKU0025,WH03,655.0,0,272.48
2025-10-01,SKU0025,WH04,623.0,0,272.48
2025-10-01,SKU0025,WH05,661.0,0,272.48
2025-10-01,SKU0026,WH01,1296.0,1,234.20193548387098
2025-10-01,SKU0026,WH02,1264.0,1,234.20193548387098
2025-10-01,SKU0026,WH03,1296.0,1,234.20193548387098
2025-10-01,SKU0026,WH04,1392.0,1,234.20193548387098
2025-10-01,SKU0026,WH05,1387.0,1,234.20193548387098
2025-10-01,SKU0027,WH01,479.0,4,135.2722580645161
2025-10-01,SKU0027,WH02,510.0,4,135.2722580645161
2025-10-01,SKU0027,WH03,504.0,4,135.2722580645161
2025-10-01,SKU0027,WH04,440.0,4,135.2722580645161
2025-10-01,SKU0027,WH05,473.0,4,135.2722580645161
2025-10-01,SKU0028,WH01,226.0,2,41.780322580645155
2025-10-01,SKU0028,WH02,242.0,2,41.780322580645155
2025-10-01,SKU0028,WH03,236.0,2,41.780322580645155
2025-10-01,SKU0028,WH04,225.0,2,41.780322580645155
2025-10-01,SKU0028,WH05,217.0,2,41.780322580645155
2025-10-01,SKU0029,WH01,274.0,0,263.91
2025-10-01,SKU0029,WH02,334.0,0,263.91
2025-10-01,SKU0029,WH03,241.0,0,263.91
2025-10-01,SKU0029,WH04,265.0,0,263.91
2025-10-01,SKU0029,WH05,293.0,0,263.91
2025-10-01,SKU0030,WH01,527.0,1,98.92
2025-10-01,SKU0030,WH02,500.0,1,98.92
2025-10-01,SKU0030,WH03,521.0,1,98.92
2025-10-01,SKU0030,WH04,514.0,1,98.92
2025-10-01,SKU0030,WH05,533.0,1,98.92
2025-10-01,SKU0031,WH01,270.0,1,326.93032258064517
2025-10-01,SKU0031,WH02,312.0,1,326.93032258064517
2025-10-01,SKU0031,WH03,242.0,1,326.93032258064517
2025-10-01,SKU0031,WH04,219.0,1,326.93032258064517
2025-10-01,SKU0031,WH05,235.0,1,326.93032258064517
2025-10-01,SKU0032,WH01,253.0,1,91.7816129032258
2025-10-01,SKU0032,WH02,259.0,1,91.7816129032258
2025-10-01,SKU0032,WH03,254.0,1,91.7816129032258
2025-10-01,SKU0032,WH04,231.0,1,91.7816129032258
2025-10-01,SKU0032,WH05,256.0,1,91.7816129032258
2025-10-01,SKU0033,WH01,112.0,5,51.07258064516129
2025-10-01,SKU0033,WH02,139.0,5,51.07258064516129
2025-10-01,SKU0033,WH03,109.0,5,51.07258064516129
2025-10-01,SKU0033,WH04,141.0,5,51.07258064516129
2025-10-01,SKU0033,WH05,131.0,5,51.07258064516129
2025-10-01,SKU0034,WH01,160.0,1,291.1641935483871
2025-10-01,SKU0034,WH02,167.0,1,291.1641935483871
2025-10-01,SKU0034,WH03,175.0,1,291.1641935483871
2025-10-01,SKU0034,WH04,167.0,1,291.1641935483871
2025-10-01,SKU0034,WH05,150.0,1,291.1641935483871
2025-10-01,SKU0035,WH01,166.0,1,61.71935483870968
2025-10-01,SKU0035,WH02,164.0,1,61.71935483870968
2025-10-01,SKU0035,WH03,137.0,1,61.71935483870968
2025-10-01,SKU0035,WH04,163.0,1,61.71935483870968
2025-10-01,SKU0035,WH05,141.0,1,61.71935483870968
2025-10-01,SKU0036,WH01,163.0,2,70.37774193548387
2025-10-01,SKU0036,WH02,144.0,2,70.37774193548387
2025-10-01,SKU0036,WH03,155.0,2,70.37774193548387
2025-10-01,SKU0036,WH04,147.0,2,70.37774193548387
2025-10-01,SKU0036,WH05,153.0,2,70.37774193548387
2025-10-01,SKU0037,WH01,18.0,3,211.37612903225806
2025-10-01,SKU0037,WH02,13.0,3,211.37612903225806
2025-10-01,SKU0037,WH03,14.0,3,211.37612903225806
2025-10-01,SKU0037,WH04,16.0,3,211.37612903225806
2025-10-01,SKU0037,WH05,23.0,3,211.37612903225806
2025-10-01,SKU0038,WH01,483.0,3,303.38451612903225
2025-10-01,SKU0038,WH02,474.0,3,303.38451612903225
2025-10-01,SKU0038,WH03,515.0,3,303.38451612903225
2025-10-01,SKU0038,WH04,501.0,3,303.38451612903225
2025-10-01,SKU0038,WH05,526.0,3,303.38451612903225
2025-10-01,SKU0039,WH01,227.0,1,76.4183870967742
2025-10-01,SKU0039,WH02,235.0,1,76.4183870967742
2025-10-01,SKU0039,WH03,222.0,1,76.4183870967742
2025-10-01,SKU0039,WH04,246.0,1,76.4183870967742
2025-10-01,SKU0039,WH05,248.0,1,76.4183870967742
2025-10-01,SKU0040,WH01,168.0,3,113.83322580645161
2025-10-01,SKU0040,WH02,131.0,3,113.83322580645161
2025-10-01,SKU0040,WH03,199.0,3,113.83322580645161
2025-10-01,SKU0040,WH04,171.0,3,113.83322580645161
2025-10-01,SKU0040,WH05,193.0,3,113.83322580645161
2025-10-01,SKU0041,WH01,25.0,3,270.7806451612903
2025-10-01,SKU0041,WH02,26.0,3,270.7806451612903
2025-10-01,SKU0041,WH03,32.0,3,270.7806451612903
2025-10-01,SKU0041,WH04,21.0,3,270.7806451612903
2025-10-01,SKU0041,WH05,26.0,3,270.7806451612903
2025-10-01,SKU0042,WH01,574.0,1,339.8709677419355
2025-10-01,SKU0042,WH02,660.0,1,339.8709677419355
2025-10-01,SKU0042,WH03,587.0,1,339.8709677419355
2025-10-01,SKU0042,WH04,592.0,1,339.8709677419355
2025-10-01,SKU0042,WH05,654.0,1,339.8709677419355
2025-10-01,SKU0043,WH01,64.0,2,179.37774193548387
2025-10-01,SKU0043,WH02,57.0,2,179.37774193548387
2025-10-01,SKU0043,WH03,60.0,2,179.37774193548387
2025-10-01,SKU0043,WH04,60.0,2,179.37774193548387
2025-10-01,SKU0043,WH05,96.0,2,179.37774193548387
2025-10-01,SKU0044,WH01,88.0,0,58.93
2025-10-01,SKU0044,WH02,85.0,0,58.93
2025-10-01,SKU0044,WH03,89.0,0,58.93
2025-10-01,SKU0044,WH04,68.0,0,58.93
2025-10-01,SKU0044,WH05,87.0,0,58.93
2025-10-01,SKU0045,WH01,1424.0,4,14.478709677419356
2025-10-01,SKU0045,WH02,1466.0,4,14.478709677419356
2025-10-01,SKU0045,WH03,1343.0,4,14.478709677419356
2025-10-01,SKU0045,WH04,1368.0,4,14.478709677419356
2025-10-01,SKU0045,WH05,1388.0,4,14.478709677419356
2025-10-01,SKU0046,WH01,1299.0,1,87.7958064516129
2025-10-01,SKU0046,WH02,1242.0,1,87.7958064516129
2025-10-01,SKU0046,WH03,1316.0,1,87.7958064516129
2025-10-01,SKU0046,WH04,1342.0,1,87.7958064516129
2025-10-01,SKU0046,WH05,1319.0,1,87.7958064516129
2025-10-01,SKU0047,WH01,62.0,4,53.759354838709676
2025-10-01,SKU0047,WH02,88.0,4,53.759354838709676
2025-10-01,SKU0047,WH03,86.0,4,53.759354838709676
2025-10-01,SKU0047,WH04,87.0,4,53.759354838709676
2025-10-01,SKU0047,WH05,82.0,4,53.759354838709676
2025-10-01,SKU0048,WH01,12.0,2,238.46129032258065
2025-10-01,SKU0048,WH02,17.0,2,238.46129032258065
2025-10-01,SKU0048,WH03,11.0,2,238.46129032258065
2025-10-01,SKU0048,WH04,14.0,2,238.46129032258065
2025-10-01,SKU0048,WH05,17.0,2,238.46129032258065
2025-10-01,SKU0049,WH01,284.0,2,50.92258064516129
2025-10-01,SKU0049,WH02,303.0,2,50.92258064516129
2025-10-01,SKU0049,WH03,269.0,2,50.92258064516129
2025-10-01,SKU0049,WH04,314.0,2,50.92258064516129
2025-10-01,SKU0049,WH05,312.0,2,50.92258064516129
2025-10-01,SKU0050,WH01,493.0,4,179.5061290322581
2025-10-01,SKU0050,WH02,507.0,4,179.5061290322581
2025-10-01,SKU0050,WH03,525.0,4,179.5061290322581
2025-10-01,SKU0050,WH04,463.0,4,179.5061290322581
2025-10-01,SKU0050,WH05,464.0,4,179.5061290322581
2025-10-01,SKU0051,WH01,20.0,2,244.06580645161293
2025-10-01,SKU0051,WH02,24.0,2,244.06580645161293
2025-10-01,SKU0051,WH03,17.0,2,244.06580645161293
2025-10-01,SKU0051,WH04,24.0,2,244.06580645161293
2025-10-01,SKU0051,WH05,15.0,2,244.06580645161293
2025-10-01,SKU0052,WH01,768.0,2,205.5709677419355
2025-10-01,SKU0052,WH02,662.0,2,205.5709677419355
2025-10-01,SKU0052,WH03,753.0,2,205.5709677419355
2025-10-01,SKU0052,WH04,735.0,2,205.5709677419355
2025-10-01,SKU0052,WH05,722.0,2,205.5709677419355
2025-10-01,SKU0053,WH01,74.0,2,77.29161290322581
2025-10-01,SKU0053,WH02,86.0,2,77.29161290322581
2025-10-01,SKU0053,WH03,89.0,2,77.29161290322581
2025-10-01,SKU0053,WH04,83.0,2,77.29161290322581
2025-10-01,SKU0053,WH05,77.0,2,77.29161290322581
2025-10-01,SKU0054,WH01,424.0,0,283.4
2025-10-01,SKU0054,WH02,413.0,0,283.4
2025-10-01,SKU0054,WH03,369.0,0,283.4
2025-10-01,SKU0054,WH04,393.0,0,283.4
2025-10-01,SKU0054,WH05,428.0,0,283.4
2025-10-01,SKU0055,WH01,620.0,1,252.4232258064516
2025-10-01,SKU0055,WH02,561.0,1,252.4232258064516
2025-10-01,SKU0055,WH03,546.0,1,252.4232258064516
2025-10-01,SKU0055,WH04,580.0,1,252.4232258064516
2025-10-01,SKU0055,WH05,585.0,1,252.4232258064516
2025-10-01,SKU0056,WH01,20.0,3,258.3
2025-10-01,SKU0056,WH02,24.0,3,258.3
2025-10-01,SKU0056,WH03,20.0,3,258.3
2025-10-01,SKU0056,WH04,27.0,3,258.3
2025-10-01,SKU0056,WH05,22.0,3,258.3
2025-10-01,SKU0057,WH01,172.0,1,54.38387096774194
2025-10-01,SKU0057,WH02,162.0,1,54.38387096774194
2025-10-01,SKU0057,WH03,193.0,1,54.38387096774194
2025-10-01,SKU0057,WH04,172.0,1,54.38387096774194
2025-10-01,SKU0057,WH05,158.0,1,54.38387096774194
2025-10-01,SKU0058,WH01,897.0,3,51.492258064516136
2025-10-01,SKU0058,WH02,881.0,3,51.492258064516136
2025-10-01,SKU0058,WH03,851.0,3,51.492258064516136
2025-10-01,SKU0058,WH04,871.0,3,51.492258064516136
2025-10-01,SKU0058,WH05,849.0,3,51.492258064516136
2025-10-01,SKU0059,WH01,679.0,3,321.1712903225806
2025-10-01,SKU0059,WH02,668.0,3,321.1712903225806
2025-10-01,SKU0059,WH03,650.0,3,321.1712903225806
2025-10-01,SKU0059,WH04,694.0,3,321.1712903225806
2025-10-01,SKU0059,WH05,731.0,3,321.1712903225806
2025-10-01,SKU0060,WH01,291.0,5,141.90129032258065
2025-10-01,SKU0060,WH02,319.0,5,141.90129032258065
2025-10-01,SKU0060,WH03,296.0,5,141.90129032258065
2025-10-01,SKU0060,WH04,350.0,5,141.90129032258065
2025-10-01,SKU0060,WH05,319.0,5,141.90129032258065
2025-10-01,SKU0061,WH01,454.0,5,110.32709677419355
2025-10-01,SKU0061,WH02,477.0,5,110.32709677419355
2025-10-01,SKU0061,WH03,470.0,5,110.32709677419355
2025-10-01,SKU0061,WH04,477.0,5,110.32709677419355
2025-10-01,SKU0061,WH05,465.0,5,110.32709677419355
2025-10-01,SKU0062,WH01,1145.0,4,174.1316129032258
2025-10-01,SKU0062,WH02,1109.0,4,174.1316129032258
2025-10-01,SKU0062,WH03,1080.0,4,174.1316129032258
2025-10-01,SKU0062,WH04,1026.0,4,174.1316129032258
2025-10-01,SKU0062,WH05,981.0,4,174.1316129032258
2025-10-01,SKU0063,WH01,365.0,3,231.95322580645163
2025-10-01,SKU0063,WH02,348.0,3,231.95322580645163
2025-10-01,SKU0063,WH03,373.0,3,231.95322580645163
2025-10-01,SKU0063,WH04,374.0,3,231.95322580645163
2025-10-01,SKU0063,WH05,334.0,3,231.95322580645163
2025-10-01,SKU0064,WH01,210.0,2,333.2893548387097
2025-10-01,SKU0064,WH02,243.0,2,333.2893548387097
2025-10-01,SKU0064,WH03,216.0,2,333.2893548387097
2025-10-01,SKU0064,WH04,266.0,2,333.2893548387097
2025-10-01,SKU0064,WH05,213.0,2,333.2893548387097
2025-10-01,SKU0065,WH01,1284.0,3,105.65774193548387
2025-10-01,SKU0065,WH02,1348.0,3,105.65774193548387
2025-10-01,SKU0065,WH03,1273.0,3,105.65774193548387
2025-10-01,SKU0065,WH04,1365.0,3,105.65774193548387
2025-10-01,SKU0065,WH05,1286.0,3,105.65774193548387
2025-10-01,SKU0066,WH01,282.0,2,321.2903225806452
2025-10-01,SKU0066,WH02,288.0,2,321.2903225806452
2025-10-01,SKU0066,WH03,267.0,2,321.2903225806452
2025-10-01,SKU0066,WH04,260.0,2,321.2903225806452
2025-10-01,SKU0066,WH05,236.0,2,321.2903225806452
2025-10-01,SKU0067,WH01,1157.0,1,18.36064516129032
2025-10-01,SKU0067,WH02,1146.0,1,18.36064516129032
2025-10-01,SKU0067,WH03,1092.0,1,18.36064516129032
2025-10-01,SKU0067,WH04,1159.0,1,18.36064516129032
2025-10-01,SKU0067,WH05,1005.0,1,18.36064516129032
2025-10-01,SKU0068,WH01,42.0,5,195.56354838709677
2025-10-01,SKU0068,WH02,47.0,5,195.56354838709677
2025-10-01,SKU0068,WH03,54.0,5,195.56354838709677
2025-10-01,SKU0068,WH04,42.0,5,195.56354838709677
2025-10-01,SKU0068,WH05,44.0,5,195.56354838709677
2025-10-01,SKU0069,WH01,531.0,4,222.27580645161294
2025-10-01,SKU0069,WH02,500.0,4,222.27580645161294
2025-10-01,SKU0069,WH03,481.0,4,222.27580645161294
2025-10-01,SKU0069,WH04,486.0,4,222.27580645161294
2025-10-01,SKU0069,WH05,481.0,4,222.27580645161294
2025-10-01,SKU0070,WH01,405.0,3,45.71322580645161
2025-10-01,SKU0070,WH02,403.0,3,45.71322580645161
2025-10-01,SKU0070,WH03,409.0,3,45.71322580645161
2025-10-01,SKU0070,WH04,391.0,3,45.71322580645161
2025-10-01,SKU0070,WH05,380.0,3,45.71322580645161
2025-10-01,SKU0071,WH01,343.0,2,57.16129032258065
2025-10-01,SKU0071,WH02,369.0,2,57.16129032258065
2025-10-01,SKU0071,WH03,334.0,2,57.16129032258065
2025-10-01,SKU0071,WH04,383.0,2,57.16129032258065
2025-10-01,SKU0071,WH05,387.0,2,57.16129032258065
2025-10-01,SKU0072,WH01,197.0,2,151.51612903225808
2025-10-01,SKU0072,WH02,255.0,2,151.51612903225808
2025-10-01,SKU0072,WH03,225.0,2,151.51612903225808
2025-10-01,SKU0072,WH04,203.0,2,151.51612903225808
2025-10-01,SKU0072,WH05,239.0,2,151.51612903225808
2025-10-01,SKU0073,WH01,736.0,5,331.96806451612906
2025-10-01,SKU0073,WH02,803.0,5,331.96806451612906
2025-10-01,SKU0073,WH03,806.0,5,331.96806451612906
2025-10-01,SKU0073,WH04,816.0,5,331.96806451612906
2025-10-01,SKU0073,WH05,809.0,5,331.96806451612906
2025-10-01,SKU0074,WH01,605.0,3,210.2493548387097
2025-10-01,SKU0074,WH02,551.0,3,210.2493548387097
2025-10-01,SKU0074,WH03,575.0,3,210.2493548387097
2025-10-01,SKU0074,WH04,578.0,3,210.2493548387097
2025-10-01,SKU0074,WH05,581.0,3,210.2493548387097
2025-10-01,SKU0075,WH01,160.0,1,325.6467741935484
2025-10-01,SKU0075,WH02,153.0,1,325.6467741935484
2025-10-01,SKU0075,WH03,153.0,1,325.6467741935484
2025-10-01,SKU0075,WH04,133.0,1,325.6467741935484
2025-10-01,SKU0075,WH05,130.0,1,325.6467741935484
2025-10-01,SKU0076,WH01,424.0,3,281.1941935483871
2025-10-01,SKU0076,WH02,412.0,3,281.1941935483871
2025-10-01,SKU0076,WH03,442.0,3,281.1941935483871
2025-10-01,SKU0076,WH04,417.0,3,281.1941935483871
2025-10-01,SKU0076,WH05,406.0,3,281.1941935483871
2025-10-01,SKU0077,WH01,289.0,2,167.54774193548386
2025-10-01,SKU0077,WH02,289.0,2,167.54774193548386
2025-10-01,SKU0077,WH03,286.0,2,167.54774193548386
2025-10-01,SKU0077,WH04,298.0,2,167.54774193548386
2025-10-01,SKU0077,WH05,278.0,2,167.54774193548386
2025-10-01,SKU0078,WH01,264.0,2,274.14129032258063
2025-10-01,SKU0078,WH02,255.0,2,274.14129032258063
2025-10-01,SKU0078,WH03,249.0,2,274.14129032258063
2025-10-01,SKU0078,WH04,259.0,2,274.14129032258063
2025-10-01,SKU0078,WH05,292.0,2,274.14129032258063
2025-10-01,SKU0079,WH01,32.0,5,15.722903225806451
2025-10-01,SKU0079,WH02,38.0,5,15.722903225806451
2025-10-01,SKU0079,WH03,38.0,5,15.722903225806451
2025-10-01,SKU0079,WH04,37.0,5,15.722903225806451
2025-10-01,SKU0079,WH05,29.0,5,15.722903225806451
2025-10-01,SKU0080,WH01,420.0,2,46.73
2025-10-01,SKU0080,WH02,436.0,2,46.73
2025-10-01,SKU0080,WH03,430.0,2,46.73
2025-10-01,SKU0080,WH04,405.0,2,46.73
2025-10-01,SKU0080,WH05,419.0,2,46.73
2025-11-01,SKU0001,WH01,598.0,3,45.85266666666667
2025-11-01,SKU0001,WH02,644.0,3,45.85266666666667
2025-11-01,SKU0001,WH03,581.0,3,45.85266666666667
2025-11-01,SKU0001,WH04,614.0,3,45.85266666666667
2025-11-01,SKU0001,WH05,622.0,3,45.85266666666667
2025-11-01,SKU0002,WH01,135.0,2,318.22533333333337
2025-11-01,SKU0002,WH02,132.0,2,318.22533333333337
2025-11-01,SKU0002,WH03,150.0,2,318.22533333333337
2025-11-01,SKU0002,WH04,142.0,2,318.22533333333337
2025-11-01,SKU0002,WH05,131.0,2,318.22533333333337
2025-11-01,SKU0003,WH01,1291.0,1,87.97566666666667
2025-11-01,SKU0003,WH02,1299.0,1,87.97566666666667
2025-11-01,SKU0003,WH03,1399.0,1,87.97566666666667
2025-11-01,SKU0003,WH04,1264.0,1,87.97566666666667
2025-11-01,SKU0003,WH05,1277.0,1,87.97566666666667
2025-11-01,SKU0004,WH01,2495.0,1,22.568666666666665
2025-11-01,SKU0004,WH02,2468.0,1,22.568666666666665
2025-11-01,SKU0004,WH03,2478.0,1,22.568666666666665
2025-11-01,SKU0004,WH04,2534.0,1,22.568666666666665
2025-11-01,SKU0004,WH05,2609.0,1,22.568666666666665
2025-11-01,SKU0005,WH01,686.0,6,195.0076666666667
2025-11-01,SKU0005,WH02,704.0,6,195.0076666666667
2025-11-01,SKU0005,WH03,649.0,6,195.0076666666667
2025-11-01,SKU0005,WH04,704.0,6,195.0076666666667
2025-11-01,SKU0005,WH05,692.0,6,195.0076666666667
2025-11-01,SKU0006,WH01,18.0,2,135.20233333333334
2025-11-01,SKU0006,WH02,21.0,2,135.20233333333334
2025-11-01,SKU0006,WH03,16.0,2,135.20233333333334
2025-11-01,SKU0006,WH04,16.0,2,135.20233333333334
2025-11-01,SKU0006,WH05,19.0,2,135.20233333333334
2025-11-01,SKU0007,WH01,431.0,4,287.261
2025-11-01,SKU0007,WH02,515.0,4,287.261
2025-11-01,SKU0007,WH03,431.0,4,287.261
2025-11-01,SKU0007,WH04,439.0,4,287.261
2025-11-01,SKU0007,WH05,493.0,4,287.261
2025-11-01,SKU0008,WH01,866.0,2,281.96200000000005
2025-11-01,SKU0008,WH02,874.0,2,281.96200000000005
2025-11-01,SKU0008,WH03,773.0,2,281.96200000000005
2025-11-01,SKU0008,WH04,834.0,2,281.96200000000005
2025-11-01,SKU0008,WH05,822.0,2,281.96200000000005
2025-11-01,SKU0009,WH01,1083.0,4,115.86633333333333
2025-11-01,SKU0009,WH02,1195.0,4,115.86633333333333
2025-11-01,SKU0009,WH03,1189.0,4,115.86633333333333
2025-11-01,SKU0009,WH04,1186.0,4,115.86633333333333
2025-11-01,SKU0009,WH05,1184.0,4,115.86633333333333
2025-11-01,SKU0010,WH01,243.0,2,330.65
2025-11-01,SKU0010,WH02,225.0,2,330.65
2025-11-01,SKU0010,WH03,227.0,2,330.65
2025-11-01,SKU0010,WH04,225.0,2,330.65
2025-11-01,SKU0010,WH05,215.0,2,330.65
2025-11-01,SKU0011,WH01,662.0,4,106.73166666666667
2025-11-01,SKU0011,WH02,661.0,4,106.73166666666667
2025-11-01,SKU0011,WH03,675.0,4,106.73166666666667
2025-11-01,SKU0011,WH04,679.0,4,106.73166666666667
2025-11-01,SKU0011,WH05,664.0,4,106.73166666666667
2025-11-01,SKU0012,WH01,279.0,2,183.26899999999998
2025-11-01,SKU0012,WH02,293.0,2,183.26899999999998
2025-11-01,SKU0012,WH03,286.0,2,183.26899999999998
2025-11-01,SKU0012,WH04,283.0,2,183.26899999999998
2025-11-01,SKU0012,WH05,295.0,2,183.26899999999998
2025-11-01,SKU0013,WH01,209.0,2,96.54500000000002
2025-11-01,SKU0013,WH02,204.0,2,96.54500000000002
2025-11-01,SKU0013,WH03,203.0,2,96.54500000000002
2025-11-01,SKU0013,WH04,210.0,2,96.54500000000002
2025-11-01,SKU0013,WH05,235.0,2,96.54500000000002
2025-11-01,SKU0014,WH01,93.0,2,324.96733333333333
2025-11-01,SKU0014,WH02,112.0,2,324.96733333333333
2025-11-01,SKU0014,WH03,112.0,2,324.96733333333333
2025-11-01,SKU0014,WH04,139.0,2,324.96733333333333
2025-11-01,SKU0014,WH05,104.0,2,324.96733333333333
2025-11-01,SKU0015,WH01,104.0,1,65.86
2025-11-01,SKU0015,WH02,80.0,1,65.86
2025-11-01,SKU0015,WH03,81.0,1,65.86
2025-11-01,SKU0015,WH04,85.0,1,65.86
2025-11-01,SKU0015,WH05,90.0,1,65.86
2025-11-01,SKU0016,WH01,1783.0,5,24.72233333333333
2025-11-01,SKU0016,WH02,1869.0,5,24.72233333333333
2025-11-01,SKU0016,WH03,1975.0,5,24.72233333333333
2025-11-01,SKU0016,WH04,1758.0,5,24.72233333333333
2025-11-01,SKU0016,WH05,1721.0,5,24.72233333333333
2025-11-01,SKU0017,WH01,280.0,3,156.08733333333333
2025-11-01,SKU0017,WH02,326.0,3,156.08733333333333
2025-11-01,SKU0017,WH03,301.0,3,156.08733333333333
2025-11-01,SKU0017,WH04,297.0,3,156.08733333333333
2025-11-01,SKU0017,WH05,276.0,3,156.08733333333333
2025-11-01,SKU0018,WH01,601.0,0,347.41
2025-11-01,SKU0018,WH02,613.0,0,347.41
2025-11-01,SKU0018,WH03,578.0,0,347.41
2025-11-01,SKU0018,WH04,620.0,0,347.41
2025-11-01,SKU0018,WH05,600.0,0,347.41
2025-11-01,SKU0019,WH01,769.0,4,308.472
2025-11-01,SKU0019,WH02,750.0,4,308.472
2025-11-01,SKU0019,WH03,763.0,4,308.472
2025-11-01,SKU0019,WH04,784.0,4,308.472
2025-11-01,SKU0019,WH05,762.0,4,308.472
2025-11-01,SKU0020,WH01,451.0,1,263.6483333333333
2025-11-01,SKU0020,WH02,425.0,1,263.6483333333333
2025-11-01,SKU0020,WH03,445.0,1,263.6483333333333
2025-11-01,SKU0020,WH04,435.0,1,263.6483333333333
2025-11-01,SKU0020,WH05,467.0,1,263.6483333333333
2025-11-01,SKU0021,WH01,131.0,2,309.22
2025-11-01,SKU0021,WH02,150.0,2,309.22
2025-11-01,SKU0021,WH03,148.0,2,309.22
2025-11-01,SKU0021,WH04,124.0,2,309.22
2025-11-01,SKU0021,WH05,120.0,2,309.22
2025-11-01,SKU0022,WH01,161.0,1,312.724
2025-11-01,SKU0022,WH02,152.0,1,312.724
2025-11-01,SKU0022,WH03,154.0,1,312.724
2025-11-01,SKU0022,WH04,154.0,1,312.724
2025-11-01,SKU0022,WH05,165.0,1,312.724
2025-11-01,SKU0023,WH01,274.0,0,186.41
2025-11-01,SKU0023,WH02,290.0,0,186.41
2025-11-01,SKU0023,WH03,298.0,0,186.41
2025-11-01,SKU0023,WH04,284.0,0,186.41
2025-11-01,SKU0023,WH05,275.0,0,186.41
2025-11-01,SKU0024,WH01,791.0,6,114.28933333333333
2025-11-01,SKU0024,WH02,805.0,6,114.28933333333333
2025-11-01,SKU0024,WH03,787.0,6,114.28933333333333
2025-11-01,SKU0024,WH04,811.0,6,114.28933333333333
2025-11-01,SKU0024,WH05,838.0,6,114.28933333333333
2025-11-01,SKU0025,WH01,664.0,4,268.84700000000004
2025-11-01,SKU0025,WH02,737.0,4,268.84700000000004
2025-11-01,SKU0025,WH03,684.0,4,268.84700000000004
2025-11-01,SKU0025,WH04,698.0,4,268.84700000000004
2025-11-01,SKU0025,WH05,700.0,4,268.84700000000004
2025-11-01,SKU0026,WH01,1393.0,4,232.61
2025-11-01,SKU0026,WH02,1344.0,4,232.61
2025-11-01,SKU0026,WH03,1388.0,4,232.61
2025-11-01,SKU0026,WH04,1394.0,4,232.61
2025-11-01,SKU0026,WH05,1296.0,4,232.61
2025-11-01,SKU0027,WH01,553.0,3,134.52733333333333
2025-11-01,SKU0027,WH02,532.0,3,134.52733333333333
2025-11-01,SKU0027,WH03,509.0,3,134.52733333333333
2025-11-01,SKU0027,WH04,506.0,3,134.52733333333333
2025-11-01,SKU0027,WH05,488.0,3,134.52733333333333
2025-11-01,SKU0028,WH01,249.0,2,41.90933333333333
2025-11-01,SKU0028,WH02,231.0,2,41.90933333333333
2025-11-01,SKU0028,WH03,213.0,2,41.90933333333333
2025-11-01,SKU0028,WH04,230.0,2,41.90933333333333
2025-11-01,SKU0028,WH05,229.0,2,41.90933333333333
2025-11-01,SKU0029,WH01,284.0,2,261.71066666666667
2025-11-01,SKU0029,WH02,284.0,2,261.71066666666667
2025-11-01,SKU0029,WH03,301.0,2,261.71066666666667
2025-11-01,SKU0029,WH04,325.0,2,261.71066666666667
2025-11-01,SKU0029,WH05,269.0,2,261.71066666666667
2025-11-01,SKU0030,WH01,565.0,4,97.586
2025-11-01,SKU0030,WH02,535.0,4,97.586
2025-11-01,SKU0030,WH03,574.0,4,97.586
2025-11-01,SKU0030,WH04,561.0,4,97.586
2025-11-01,SKU0030,WH05,583.0,4,97.586
2025-11-01,SKU0031,WH01,291.0,3,324.6873333333333
2025-11-01,SKU0031,WH02,253.0,3,324.6873333333333
2025-11-01,SKU0031,WH03,314.0,3,324.6873333333333
2025-11-01,SKU0031,WH04,317.0,3,324.6873333333333
2025-11-01,SKU0031,WH05,268.0,3,324.6873333333333
2025-11-01,SKU0032,WH01,271.0,0,91.93
2025-11-01,SKU0032,WH02,281.0,0,91.93
2025-11-01,SKU0032,WH03,274.0,0,91.93
2025-11-01,SKU0032,WH04,270.0,0,91.93
2025-11-01,SKU0032,WH05,247.0,0,91.93
2025-11-01,SKU0033,WH01,138.0,1,51.395
2025-11-01,SKU0033,WH02,128.0,1,51.395
2025-11-01,SKU0033,WH03,120.0,1,51.395
2025-11-01,SKU0033,WH04,122.0,1,51.395
2025-11-01,SKU0033,WH05,97.0,1,51.395
2025-11-01,SKU0034,WH01,178.0,4,288.67866666666663
2025-11-01,SKU0034,WH02,180.0,4,288.67866666666663
2025-11-01,SKU0034,WH03,158.0,4,288.67866666666663
2025-11-01,SKU0034,WH04,199.0,4,288.67866666666663
2025-11-01,SKU0034,WH05,164.0,4,288.67866666666663
2025-11-01,SKU0035,WH01,153.0,1,62.016333333333336
2025-11-01,SKU0035,WH02,165.0,1,62.016333333333336
2025-11-01,SKU0035,WH03,159.0,1,62.016333333333336
2025-11-01,SKU0035,WH04,143.0,1,62.016333333333336
2025-11-01,SKU0035,WH05,132.0,1,62.016333333333336
2025-11-01,SKU0036,WH01,154.0,1,70.83166666666668
2025-11-01,SKU0036,WH02,139.0,1,70.83166666666668
2025-11-01,SKU0036,WH03,149.0,1,70.83166666666668
2025-11-01,SKU0036,WH04,147.0,1,70.83166666666668
2025-11-01,SKU0036,WH05,141.0,1,70.83166666666668
2025-11-01,SKU0037,WH01,15.0,1,213.0773333333333
2025-11-01,SKU0037,WH02,13.0,1,213.0773333333333
2025-11-01,SKU0037,WH03,21.0,1,213.0773333333333
2025-11-01,SKU0037,WH04,14.0,1,213.0773333333333
2025-11-01,SKU0037,WH05,22.0,1,213.0773333333333
2025-11-01,SKU0038,WH01,468.0,3,302.74
2025-11-01,SKU0038,WH02,484.0,3,302.74
2025-11-01,SKU0038,WH03,555.0,3,302.74
2025-11-01,SKU0038,WH04,509.0,3,302.74
2025-11-01,SKU0038,WH05,511.0,3,302.74
2025-11-01,SKU0039,WH01,249.0,3,75.766
2025-11-01,SKU0039,WH02,239.0,3,75.766
2025-11-01,SKU0039,WH03,217.0,3,75.766
2025-11-01,SKU0039,WH04,232.0,3,75.766
2025-11-01,SKU0039,WH05,239.0,3,75.766
2025-11-01,SKU0040,WH01,197.0,4,113.58466666666666
2025-11-01,SKU0040,WH02,157.0,4,113.58466666666666
2025-11-01,SKU0040,WH03,155.0,4,113.58466666666666
2025-11-01,SKU0040,WH04,180.0,4,113.58466666666666
2025-11-01,SKU0040,WH05,193.0,4,113.58466666666666
2025-11-01,SKU0041,WH01,22.0,2,272.034
2025-11-01,SKU0041,WH02,26.0,2,272.034
2025-11-01,SKU0041,WH03,28.0,2,272.034
2025-11-01,SKU0041,WH04,31.0,2,272.034
2025-11-01,SKU0041,WH05,31.0,2,272.034
2025-11-01,SKU0042,WH01,606.0,2,337.01599999999996
2025-11-01,SKU0042,WH02,631.0,2,337.01599999999996
2025-11-01,SKU0042,WH03,615.0,2,337.01599999999996
2025-11-01,SKU0042,WH04,691.0,2,337.01599999999996
2025-11-01,SKU0042,WH05,658.0,2,337.01599999999996
2025-11-01,SKU0043,WH01,67.0,2,179.34866666666667
2025-11-01,SKU0043,WH02,60.0,2,179.34866666666667
2025-11-01,SKU0043,WH03,67.0,2,179.34866666666667
2025-11-01,SKU0043,WH04,59.0,2,179.34866666666667
2025-11-01,SKU0043,WH05,60.0,2,179.34866666666667
2025-11-01,SKU0044,WH01,83.0,3,58.439
2025-11-01,SKU0044,WH02,72.0,3,58.439
2025-11-01,SKU0044,WH03,82.0,3,58.439
2025-11-01,SKU0044,WH04,89.0,3,58.439
2025-11-01,SKU0044,WH05,83.0,3,58.439
2025-11-01,SKU0045,WH01,1398.0,2,14.641666666666667
2025-11-01,SKU0045,WH02,1385.0,2,14.641666666666667
2025-11-01,SKU0045,WH03,1380.0,2,14.641666666666667
2025-11-01,SKU0045,WH04,1441.0,2,14.641666666666667
2025-11-01,SKU0045,WH05,1489.0,2,14.641666666666667
2025-11-01,SKU0046,WH01,1454.0,4,86.46499999999999
2025-11-01,SKU0046,WH02,1414.0,4,86.46499999999999
2025-11-01,SKU0046,WH03,1346.0,4,86.46499999999999
2025-11-01,SKU0046,WH04,1447.0,4,86.46499999999999
2025-11-01,SKU0046,WH05,1398.0,4,86.46499999999999
2025-11-01,SKU0047,WH01,75.0,1,54.54600000000001
2025-11-01,SKU0047,WH02,87.0,1,54.54600000000001
2025-11-01,SKU0047,WH03,96.0,1,54.54600000000001
2025-11-01,SKU0047,WH04,79.0,1,54.54600000000001
2025-11-01,SKU0047,WH05,64.0,1,54.54600000000001
2025-11-01,SKU0048,WH01,28.0,4,236.39333333333335
2025-11-01,SKU0048,WH02,24.0,4,236.39333333333335
2025-11-01,SKU0048,WH03,14.0,4,236.39333333333335
2025-11-01,SKU0048,WH04,20.0,4,236.39333333333335
2025-11-01,SKU0048,WH05,14.0,4,236.39333333333335
2025-11-01,SKU0049,WH01,255.0,1,51.24866666666666
2025-11-01,SKU0049,WH02,306.0,1,51.24866666666666
2025-11-01,SKU0049,WH03,295.0,1,51.24866666666666
2025-11-01,SKU0049,WH04,307.0,1,51.24866666666666
2025-11-01,SKU0049,WH05,276.0,1,51.24866666666666
2025-11-01,SKU0050,WH01,529.0,4,178.81066666666666
2025-11-01,SKU0050,WH02,519.0,4,178.81066666666666
2025-11-01,SKU0050,WH03,489.0,4,178.81066666666666
2025-11-01,SKU0050,WH04,457.0,4,178.81066666666666
2025-11-01,SKU0050,WH05,567.0,4,178.81066666666666
2025-11-01,SKU0051,WH01,30.0,2,243.17933333333337
2025-11-01,SKU0051,WH02,22.0,2,243.17933333333337
2025-11-01,SKU0051,WH03,19.0,2,243.17933333333337
2025-11-01,SKU0051,WH04,16.0,2,243.17933333333337
2025-11-01,SKU0051,WH05,10.0,2,243.17933333333337
2025-11-01,SKU0052,WH01,779.0,2,206.196
2025-11-01,SKU0052,WH02,742.0,2,206.196
2025-11-01,SKU0052,WH03,764.0,2,206.196
2025-11-01,SKU0052,WH04,743.0,2,206.196
2025-11-01,SKU0052,WH05,771.0,2,206.196
2025-11-01,SKU0053,WH01,81.0,3,77.011
2025-11-01,SKU0053,WH02,82.0,3,77.011
2025-11-01,SKU0053,WH03,95.0,3,77.011
2025-11-01,SKU0053,WH04,92.0,3,77.011
2025-11-01,SKU0053,WH05,86.0,3,77.011
2025-11-01,SKU0054,WH01,414.0,2,281.0383333333333
2025-11-01,SKU0054,WH02,438.0,2,281.0383333333333
2025-11-01,SKU0054,WH03,432.0,2,281.0383333333333
2025-11-01,SKU0054,WH04,481.0,2,281.0383333333333
2025-11-01,SKU0054,WH05,444.0,2,281.0383333333333
2025-11-01,SKU0055,WH01,651.0,3,250.70766666666668
2025-11-01,SKU0055,WH02,587.0,3,250.70766666666668
2025-11-01,SKU0055,WH03,593.0,3,250.70766666666668
2025-11-01,SKU0055,WH04,681.0,3,250.70766666666668
2025-11-01,SKU0055,WH05,602.0,3,250.70766666666668
2025-11-01,SKU0056,WH01,25.0,4,257.3306666666667
2025-11-01,SKU0056,WH02,24.0,4,257.3306666666667
2025-11-01,SKU0056,WH03,22.0,4,257.3306666666667
2025-11-01,SKU0056,WH04,24.0,4,257.3306666666667
2025-11-01,SKU0056,WH05,25.0,4,257.3306666666667
2025-11-01,SKU0057,WH01,193.0,0,54.56000000000001
2025-11-01,SKU0057,WH02,166.0,0,54.56000000000001
2025-11-01,SKU0057,WH03,177.0,0,54.56000000000001
2025-11-01,SKU0057,WH04,187.0,0,54.56000000000001
2025-11-01,SKU0057,WH05,198.0,0,54.56000000000001
2025-11-01,SKU0058,WH01,879.0,2,51.646
2025-11-01,SKU0058,WH02,827.0,2,51.646
2025-11-01,SKU0058,WH03,878.0,2,51.646
2025-11-01,SKU0058,WH04,951.0,2,51.646
2025-11-01,SKU0058,WH05,966.0,2,51.646
2025-11-01,SKU0059,WH01,695.0,1,323.74300000000005
2025-11-01,SKU0059,WH02,632.0,1,323.74300000000005
2025-11-01,SKU0059,WH03,697.0,1,323.74300000000005
2025-11-01,SKU0059,WH04,670.0,1,323.74300000000005
2025-11-01,SKU0059,WH05,670.0,1,323.74300000000005
2025-11-01,SKU0060,WH01,312.0,2,144.21200000000002
2025-11-01,SKU0060,WH02,286.0,2,144.21200000000002
2025-11-01,SKU0060,WH03,292.0,2,144.21200000000002
2025-11-01,SKU0060,WH04,315.0,2,144.21200000000002
2025-11-01,SKU0060,WH05,292.0,2,144.21200000000002
2025-11-01,SKU0061,WH01,458.0,0,112.32
2025-11-01,SKU0061,WH02,474.0,0,112.32
2025-11-01,SKU0061,WH03,443.0,0,112.32
2025-11-01,SKU0061,WH04,459.0,0,112.32
2025-11-01,SKU0061,WH05,424.0,0,112.32
2025-11-01,SKU0062,WH01,1144.0,4,173.1843333333333
2025-11-01,SKU0062,WH02,1158.0,4,173.1843333333333
2025-11-01,SKU0062,WH03,1161.0,4,173.1843333333333
2025-11-01,SKU0062,WH04,1215.0,4,173.1843333333333
2025-11-01,SKU0062,WH05,1187.0,4,173.1843333333333
2025-11-01,SKU0063,WH01,334.0,2,233.80066666666667
2025-11-01,SKU0063,WH02,336.0,2,233.80066666666667
2025-11-01,SKU0063,WH03,328.0,2,233.80066666666667
2025-11-01,SKU0063,WH04,364.0,2,233.80066666666667
2025-11-01,SKU0063,WH05,369.0,2,233.80066666666667
2025-11-01,SKU0064,WH01,267.0,4,327.0953333333334
2025-11-01,SKU0064,WH02,274.0,4,327.0953333333334
2025-11-01,SKU0064,WH03,306.0,4,327.0953333333334
2025-11-01,SKU0064,WH04,242.0,4,327.0953333333334
2025-11-01,SKU0064,WH05,256.0,4,327.0953333333334
2025-11-01,SKU0065,WH01,1250.0,0,107.39
2025-11-01,SKU0065,WH02,1326.0,0,107.39
2025-11-01,SKU0065,WH03,1193.0,0,107.39
2025-11-01,SKU0065,WH04,1225.0,0,107.39
2025-11-01,SKU0065,WH05,1243.0,0,107.39
2025-11-01,SKU0066,WH01,268.0,2,321.72633333333334
2025-11-01,SKU0066,WH02,291.0,2,321.72633333333334
2025-11-01,SKU0066,WH03,256.0,2,321.72633333333334
2025-11-01,SKU0066,WH04,269.0,2,321.72633333333334
2025-11-01,SKU0066,WH05,250.0,2,321.72633333333334
2025-11-01,SKU0067,WH01,1196.0,5,18.050333333333334
2025-11-01,SKU0067,WH02,1264.0,5,18.050333333333334
2025-11-01,SKU0067,WH03,1220.0,5,18.050333333333334
2025-11-01,SKU0067,WH04,1256.0,5,18.050333333333334
2025-11-01,SKU0067,WH05,1214.0,5,18.050333333333334
2025-11-01,SKU0068,WH01,36.0,3,196.45066666666668
2025-11-01,SKU0068,WH02,45.0,3,196.45066666666668
2025-11-01,SKU0068,WH03,62.0,3,196.45066666666668
2025-11-01,SKU0068,WH04,40.0,3,196.45066666666668
2025-11-01,SKU0068,WH05,48.0,3,196.45066666666668
2025-11-01,SKU0069,WH01,445.0,1,224.79833333333335
2025-11-01,SKU0069,WH02,416.0,1,224.79833333333335
2025-11-01,SKU0069,WH03,472.0,1,224.79833333333335
2025-11-01,SKU0069,WH04,507.0,1,224.79833333333335
2025-11-01,SKU0069,WH05,484.0,1,224.79833333333335
2025-11-01,SKU0070,WH01,415.0,4,45.32
2025-11-01,SKU0070,WH02,452.0,4,45.32
2025-11-01,SKU0070,WH03,435.0,4,45.32
2025-11-01,SKU0070,WH04,395.0,4,45.32
2025-11-01,SKU0070,WH05,432.0,4,45.32
2025-11-01,SKU0071,WH01,411.0,2,57.239000000000004
2025-11-01,SKU0071,WH02,418.0,2,57.239000000000004
2025-11-01,SKU0071,WH03,391.0,2,57.239000000000004
2025-11-01,SKU0071,WH04,370.0,2,57.239000000000004
2025-11-01,SKU0071,WH05,351.0,2,57.239000000000004
2025-11-01,SKU0072,WH01,253.0,1,151.99166666666667
2025-11-01,SKU0072,WH02,207.0,1,151.99166666666667
2025-11-01,SKU0072,WH03,254.0,1,151.99166666666667
2025-11-01,SKU0072,WH04,243.0,1,151.99166666666667
2025-11-01,SKU0072,WH05,254.0,1,151.99166666666667
2025-11-01,SKU0073,WH01,788.0,0,338.5199999999999
2025-11-01,SKU0073,WH02,795.0,0,338.5199999999999
2025-11-01,SKU0073,WH03,732.0,0,338.5199999999999
2025-11-01,SKU0073,WH04,739.0,0,338.5199999999999
2025-11-01,SKU0073,WH05,776.0,0,338.5199999999999
2025-11-01,SKU0074,WH01,615.0,4,209.815
2025-11-01,SKU0074,WH02,547.0,4,209.815
2025-11-01,SKU0074,WH03,613.0,4,209.815
2025-11-01,SKU0074,WH04,573.0,4,209.815
2025-11-01,SKU0074,WH05,516.0,4,209.815
2025-11-01,SKU0075,WH01,138.0,1,326.13933333333335
2025-11-01,SKU0075,WH02,111.0,1,326.13933333333335
2025-11-01,SKU0075,WH03,123.0,1,326.13933333333335
2025-11-01,SKU0075,WH04,132.0,1,326.13933333333335
2025-11-01,SKU0075,WH05,134.0,1,326.13933333333335
2025-11-01,SKU0076,WH01,453.0,1,282.535
2025-11-01,SKU0076,WH02,440.0,1,282.535
2025-11-01,SKU0076,WH03,467.0,1,282.535
2025-11-01,SKU0076,WH04,456.0,1,282.535
2025-11-01,SKU0076,WH05,410.0,1,282.535
2025-11-01,SKU0077,WH01,364.0,5,164.68699999999998
2025-11-01,SKU0077,WH02,308.0,5,164.68699999999998
2025-11-01,SKU0077,WH03,375.0,5,164.68699999999998
2025-11-01,SKU0077,WH04,325.0,5,164.68699999999998
2025-11-01,SKU0077,WH05,309.0,5,164.68699999999998
2025-11-01,SKU0078,WH01,276.0,1,275.89733333333334
2025-11-01,SKU0078,WH02,326.0,1,275.89733333333334
2025-11-01,SKU0078,WH03,278.0,1,275.89733333333334
2025-11-01,SKU0078,WH04,276.0,1,275.89733333333334
2025-11-01,SKU0078,WH05,242.0,1,275.89733333333334
2025-11-01,SKU0079,WH01,43.0,5,15.765333333333333
2025-11-01,SKU0079,WH02,40.0,5,15.765333333333333
2025-11-01,SKU0079,WH03,34.0,5,15.765333333333333
2025-11-01,SKU0079,WH04,31.0,5,15.765333333333333
2025-11-01,SKU0079,WH05,32.0,5,15.765333333333333
2025-11-01,SKU0080,WH01,460.0,1,47.03133333333333
2025-11-01,SKU0080,WH02,424.0,1,47.03133333333333
2025-11-01,SKU0080,WH03,434.0,1,47.03133333333333
2025-11-01,SKU0080,WH04,467.0,1,47.03133333333333
2025-11-01,SKU0080,WH05,407.0,1,47.03133333333333
2025-12-01,SKU0001,WH01,597.0,2,46.329354838709676
2025-12-01,SKU0001,WH02,575.0,2,46.329354838709676
2025-12-01,SKU0001,WH03,531.0,2,46.329354838709676
2025-12-01,SKU0001,WH04,574.0,2,46.329354838709676
2025-12-01,SKU0001,WH05,591.0,2,46.329354838709676
2025-12-01,SKU0002,WH01,124.0,1,320.4032258064516
2025-12-01,SKU0002,WH02,120.0,1,320.4032258064516
2025-12-01,SKU0002,WH03,141.0,1,320.4032258064516
2025-12-01,SKU0002,WH04,116.0,1,320.4032258064516
2025-12-01,SKU0002,WH05,127.0,1,320.4032258064516
2025-12-01,SKU0003,WH01,1388.0,3,87.55806451612902
2025-12-01,SKU0003,WH02,1282.0,3,87.55806451612902
2025-12-01,SKU0003,WH03,1321.0,3,87.55806451612902
2025-12-01,SKU0003,WH04,1298.0,3,87.55806451612902
2025-12-01,SKU0003,WH05,1236.0,3,87.55806451612902
2025-12-01,SKU0004,WH01,2389.0,2,22.573225806451614
2025-12-01,SKU0004,WH02,2405.0,2,22.573225806451614
2025-12-01,SKU0004,WH03,2486.0,2,22.573225806451614
2025-12-01,SKU0004,WH04,2433.0,2,22.573225806451614
2025-12-01,SKU0004,WH05,2478.0,2,22.573225806451614
2025-12-01,SKU0005,WH01,522.0,1,198.0090322580645
2025-12-01,SKU0005,WH02,582.0,1,198.0090322580645
2025-12-01,SKU0005,WH03,572.0,1,198.0090322580645
2025-12-01,SKU0005,WH04,598.0,1,198.0090322580645
2025-12-01,SKU0005,WH05,566.0,1,198.0090322580645
2025-12-01,SKU0006,WH01,21.0,5,133.69516129032257
2025-12-01,SKU0006,WH02,21.0,5,133.69516129032257
2025-12-01,SKU0006,WH03,25.0,5,133.69516129032257
2025-12-01,SKU0006,WH04,23.0,5,133.69516129032257
2025-12-01,SKU0006,WH05,14.0,5,133.69516129032257
2025-12-01,SKU0007,WH01,390.0,2,289.30290322580646
2025-12-01,SKU0007,WH02,451.0,2,289.30290322580646
2025-12-01,SKU0007,WH03,410.0,2,289.30290322580646
2025-12-01,SKU0007,WH04,486.0,2,289.30290322580646
2025-12-01,SKU0007,WH05,408.0,2,289.30290322580646
2025-12-01,SKU0008,WH01,909.0,3,281.5945161290323
2025-12-01,SKU0008,WH02,879.0,3,281.5945161290323
2025-12-01,SKU0008,WH03,860.0,3,281.5945161290323
2025-12-01,SKU0008,WH04,869.0,3,281.5945161290323
2025-12-01,SKU0008,WH05,891.0,3,281.5945161290323
2025-12-01,SKU0009,WH01,1024.0,1,117.44999999999999
2025-12-01,SKU0009,WH02,1110.0,1,117.44999999999999
2025-12-01,SKU0009,WH03,1118.0,1,117.44999999999999
2025-12-01,SKU0009,WH04,1072.0,1,117.44999999999999
2025-12-01,SKU0009,WH05,1023.0,1,117.44999999999999
2025-12-01,SKU0010,WH01,211.0,1,333.45129032258063
2025-12-01,SKU0010,WH02,197.0,1,333.45129032258063
2025-12-01,SKU0010,WH03,195.0,1,333.45129032258063
2025-12-01,SKU0010,WH04,243.0,1,333.45129032258063
2025-12-01,SKU0010,WH05,204.0,1,333.45129032258063
2025-12-01,SKU0011,WH01,711.0,4,107.50451612903227
2025-12-01,SKU0011,WH02,644.0,4,107.50451612903227
2025-12-01,SKU0011,WH03,692.0,4,107.50451612903227
2025-12-01,SKU0011,WH04,625.0,4,107.50451612903227
2025-12-01,SKU0011,WH05,709.0,4,107.50451612903227
2025-12-01,SKU0012,WH01,306.0,3,182.43290322580646
2025-12-01,SKU0012,WH02,301.0,3,182.43290322580646
2025-12-01,SKU0012,WH03,286.0,3,182.43290322580646
2025-12-01,SKU0012,WH04,327.0,3,182.43290322580646
2025-12-01,SKU0012,WH05,322.0,3,182.43290322580646
2025-12-01,SKU0013,WH01,225.0,2,95.77774193548389
2025-12-01,SKU0013,WH02,219.0,2,95.77774193548389
2025-12-01,SKU0013,WH03,214.0,2,95.77774193548389
2025-12-01,SKU0013,WH04,239.0,2,95.77774193548389
2025-12-01,SKU0013,WH05,199.0,2,95.77774193548389
2025-12-01,SKU0014,WH01,101.0,0,328.25
2025-12-01,SKU0014,WH02,110.0,0,328.25
2025-12-01,SKU0014,WH03,104.0,0,328.25
2025-12-01,SKU0014,WH04,98.0,0,328.25
2025-12-01,SKU0014,WH05,107.0,0,328.25
2025-12-01,SKU0015,WH01,86.0,3,65.11870967741936
2025-12-01,SKU0015,WH02,89.0,3,65.11870967741936
2025-12-01,SKU0015,WH03,85.0,3,65.11870967741936
2025-12-01,SKU0015,WH04,88.0,3,65.11870967741936
2025-12-01,SKU0015,WH05,99.0,3,65.11870967741936
2025-12-01,SKU0016,WH01,1714.0,2,25.066451612903226
2025-12-01,SKU0016,WH02,1767.0,2,25.066451612903226
2025-12-01,SKU0016,WH03,1744.0,2,25.066451612903226
2025-12-01,SKU0016,WH04,1804.0,2,25.066451612903226
2025-12-01,SKU0016,WH05,1699.0,2,25.066451612903226
2025-12-01,SKU0017,WH01,253.0,3,155.63741935483873
2025-12-01,SKU0017,WH02,291.0,3,155.63741935483873
2025-12-01,SKU0017,WH03,280.0,3,155.63741935483873
2025-12-01,SKU0017,WH04,281.0,3,155.63741935483873
2025-12-01,SKU0017,WH05,302.0,3,155.63741935483873
2025-12-01,SKU0018,WH01,590.0,2,344.6083870967742
2025-12-01,SKU0018,WH02,617.0,2,344.6083870967742
2025-12-01,SKU0018,WH03,600.0,2,344.6083870967742
2025-12-01,SKU0018,WH04,587.0,2,344.6083870967742
2025-12-01,SKU0018,WH05,598.0,2,344.6083870967742
2025-12-01,SKU0019,WH01,667.0,2,310.64451612903224
2025-12-01,SKU0019,WH02,768.0,2,310.64451612903224
2025-12-01,SKU0019,WH03,673.0,2,310.64451612903224
2025-12-01,SKU0019,WH04,749.0,2,310.64451612903224
2025-12-01,SKU0019,WH05,761.0,2,310.64451612903224
2025-12-01,SKU0020,WH01,446.0,2,261.96999999999997
2025-12-01,SKU0020,WH02,401.0,2,261.96999999999997
2025-12-01,SKU0020,WH03,430.0,2,261.96999999999997
2025-12-01,SKU0020,WH04,406.0,2,261.96999999999997
2025-12-01,SKU0020,WH05,445.0,2,261.96999999999997
2025-12-01,SKU0021,WH01,146.0,2,310.85161290322577
2025-12-01,SKU0021,WH02,103.0,2,310.85161290322577
2025-12-01,SKU0021,WH03,117.0,2,310.85161290322577
2025-12-01,SKU0021,WH04,125.0,2,310.85161290322577
2025-12-01,SKU0021,WH05,122.0,2,310.85161290322577
2025-12-01,SKU0022,WH01,171.0,2,312.2516129032258
2025-12-01,SKU0022,WH02,170.0,2,312.2516129032258
2025-12-01,SKU0022,WH03,158.0,2,312.2516129032258
2025-12-01,SKU0022,WH04,176.0,2,312.2516129032258
2025-12-01,SKU0022,WH05,154.0,2,312.2516129032258
2025-12-01,SKU0023,WH01,295.0,1,185.20741935483872
2025-12-01,SKU0023,WH02,290.0,1,185.20741935483872
2025-12-01,SKU0023,WH03,287.0,1,185.20741935483872
2025-12-01,SKU0023,WH04,294.0,1,185.20741935483872
2025-12-01,SKU0023,WH05,272.0,1,185.20741935483872
2025-12-01,SKU0024,WH01,769.0,4,115.33709677419355
2025-12-01,SKU0024,WH02,802.0,4,115.33709677419355
2025-12-01,SKU0024,WH03,743.0,4,115.33709677419355
2025-12-01,SKU0024,WH04,756.0,4,115.33709677419355
2025-12-01,SKU0024,WH05,805.0,4,115.33709677419355
2025-12-01,SKU0025,WH01,671.0,3,269.84322580645164
2025-12-01,SKU0025,WH02,601.0,3,269.84322580645164
2025-12-01,SKU0025,WH03,684.0,3,269.84322580645164
2025-12-01,SKU0025,WH04,669.0,3,269.84322580645164
2025-12-01,SKU0025,WH05,679.0,3,269.84322580645164
2025-12-01,SKU0026,WH01,1393.0,2,232.68612903225807
2025-12-01,SKU0026,WH02,1314.0,2,232.68612903225807
2025-12-01,SKU0026,WH03,1307.0,2,232.68612903225807
2025-12-01,SKU0026,WH04,1351.0,2,232.68612903225807
2025-12-01,SKU0026,WH05,1351.0,2,232.68612903225807
2025-12-01,SKU0027,WH01,477.0,3,135.93516129032258
2025-12-01,SKU0027,WH02,497.0,3,135.93516129032258
2025-12-01,SKU0027,WH03,503.0,3,135.93516129032258
2025-12-01,SKU0027,WH04,492.0,3,135.93516129032258
2025-12-01,SKU0027,WH05,472.0,3,135.93516129032258
2025-12-01,SKU0028,WH01,212.0,4,41.71225806451613
2025-12-01,SKU0028,WH02,236.0,4,41.71225806451613
2025-12-01,SKU0028,WH03,232.0,4,41.71225806451613
2025-12-01,SKU0028,WH04,248.0,4,41.71225806451613
2025-12-01,SKU0028,WH05,224.0,4,41.71225806451613
2025-12-01,SKU0029,WH01,328.0,3,260.93032258064517
2025-12-01,SKU0029,WH02,325.0,3,260.93032258064517
2025-12-01,SKU0029,WH03,294.0,3,260.93032258064517
2025-12-01,SKU0029,WH04,311.0,3,260.93032258064517
2025-12-01,SKU0029,WH05,302.0,3,260.93032258064517
2025-12-01,SKU0030,WH01,510.0,3,98.44
2025-12-01,SKU0030,WH02,517.0,3,98.44
2025-12-01,SKU0030,WH03,523.0,3,98.44
2025-12-01,SKU0030,WH04,516.0,3,98.44
2025-12-01,SKU0030,WH05,509.0,3,98.44
2025-12-01,SKU0031,WH01,255.0,0,328.52
2025-12-01,SKU0031,WH02,304.0,0,328.52
2025-12-01,SKU0031,WH03,256.0,0,328.52
2025-12-01,SKU0031,WH04,285.0,0,328.52
2025-12-01,SKU0031,WH05,271.0,0,328.52
2025-12-01,SKU0032,WH01,281.0,2,91.18870967741937
2025-12-01,SKU0032,WH02,277.0,2,91.18870967741937
2025-12-01,SKU0032,WH03,279.0,2,91.18870967741937
2025-12-01,SKU0032,WH04,310.0,2,91.18870967741937
2025-12-01,SKU0032,WH05,278.0,2,91.18870967741937
2025-12-01,SKU0033,WH01,117.0,4,51.15580645161291
2025-12-01,SKU0033,WH02,144.0,4,51.15580645161291
2025-12-01,SKU0033,WH03,139.0,4,51.15580645161291
2025-12-01,SKU0033,WH04,139.0,4,51.15580645161291
2025-12-01,SKU0033,WH05,138.0,4,51.15580645161291
2025-12-01,SKU0034,WH01,178.0,5,286.4448387096774
2025-12-01,SKU0034,WH02,186.0,5,286.4448387096774
2025-12-01,SKU0034,WH03,183.0,5,286.4448387096774
2025-12-01,SKU0034,WH04,188.0,5,286.4448387096774
2025-12-01,SKU0034,WH05,180.0,5,286.4448387096774
2025-12-01,SKU0035,WH01,148.0,1,61.91967741935484
2025-12-01,SKU0035,WH02,133.0,1,61.91967741935484
2025-12-01,SKU0035,WH03,171.0,1,61.91967741935484
2025-12-01,SKU0035,WH04,141.0,1,61.91967741935484
2025-12-01,SKU0035,WH05,157.0,1,61.91967741935484
2025-12-01,SKU0036,WH01,150.0,0,70.95
2025-12-01,SKU0036,WH02,133.0,0,70.95
2025-12-01,SKU0036,WH03,131.0,0,70.95
2025-12-01,SKU0036,WH04,143.0,0,70.95
2025-12-01,SKU0036,WH05,162.0,0,70.95
2025-12-01,SKU0037,WH01,29.0,1,213.10032258064516
2025-12-01,SKU0037,WH02,16.0,1,213.10032258064516
2025-12-01,SKU0037,WH03,16.0,1,213.10032258064516
2025-12-01,SKU0037,WH04,19.0,1,213.10032258064516
2025-12-01,SKU0037,WH05,14.0,1,213.10032258064516
2025-12-01,SKU0038,WH01,463.0,2,305.3674193548388
2025-12-01,SKU0038,WH02,496.0,2,305.3674193548388
2025-12-01,SKU0038,WH03,472.0,2,305.3674193548388
2025-12-01,SKU0038,WH04,504.0,2,305.3674193548388
2025-12-01,SKU0038,WH05,481.0,2,305.3674193548388
2025-12-01,SKU0039,WH01,249.0,6,75.17967741935485
2025-12-01,SKU0039,WH02,268.0,6,75.17967741935485
2025-12-01,SKU0039,WH03,247.0,6,75.17967741935485
2025-12-01,SKU0039,WH04,236.0,6,75.17967741935485
2025-12-01,SKU0039,WH05,225.0,6,75.17967741935485
2025-12-01,SKU0040,WH01,149.0,5,114.01935483870967
2025-12-01,SKU0040,WH02,187.0,5,114.01935483870967
2025-12-01,SKU0040,WH03,175.0,5,114.01935483870967
2025-12-01,SKU0040,WH04,193.0,5,114.01935483870967
2025-12-01,SKU0040,WH05,167.0,5,114.01935483870967
2025-12-01,SKU0041,WH01,26.0,4,269.4532258064516
2025-12-01,SKU0041,WH02,25.0,4,269.4532258064516
2025-12-01,SKU0041,WH03,30.0,4,269.4532258064516
2025-12-01,SKU0041,WH04,24.0,4,269.4532258064516
2025-12-01,SKU0041,WH05,20.0,4,269.4532258064516
2025-12-01,SKU0042,WH01,608.0,2,338.22387096774196
2025-12-01,SKU0042,WH02,649.0,2,338.22387096774196
2025-12-01,SKU0042,WH03,592.0,2,338.22387096774196
2025-12-01,SKU0042,WH04,652.0,2,338.22387096774196
2025-12-01,SKU0042,WH05,620.0,2,338.22387096774196
2025-12-01,SKU0043,WH01,59.0,2,177.92419354838708
2025-12-01,SKU0043,WH02,74.0,2,177.92419354838708
2025-12-01,SKU0043,WH03,71.0,2,177.92419354838708
2025-12-01,SKU0043,WH04,55.0,2,177.92419354838708
2025-12-01,SKU0043,WH05,50.0,2,177.92419354838708
2025-12-01,SKU0044,WH01,95.0,5,57.979677419354836
2025-12-01,SKU0044,WH02,93.0,5,57.979677419354836
2025-12-01,SKU0044,WH03,86.0,5,57.979677419354836
2025-12-01,SKU0044,WH04,91.0,5,57.979677419354836
2025-12-01,SKU0044,WH05,104.0,5,57.979677419354836
2025-12-01,SKU0045,WH01,1371.0,1,14.716129032258063
2025-12-01,SKU0045,WH02,1326.0,1,14.716129032258063
2025-12-01,SKU0045,WH03,1327.0,1,14.716129032258063
2025-12-01,SKU0045,WH04,1278.0,1,14.716129032258063
2025-12-01,SKU0045,WH05,1344.0,1,14.716129032258063
2025-12-01,SKU0046,WH01,1285.0,1,87.51161290322581
2025-12-01,SKU0046,WH02,1277.0,1,87.51161290322581
2025-12-01,SKU0046,WH03,1305.0,1,87.51161290322581
2025-12-01,SKU0046,WH04,1346.0,1,87.51161290322581
2025-12-01,SKU0046,WH05,1341.0,1,87.51161290322581
2025-12-01,SKU0047,WH01,72.0,3,54.28967741935484
2025-12-01,SKU0047,WH02,89.0,3,54.28967741935484
2025-12-01,SKU0047,WH03,81.0,3,54.28967741935484
2025-12-01,SKU0047,WH04,73.0,3,54.28967741935484
2025-12-01,SKU0047,WH05,78.0,3,54.28967741935484
2025-12-01,SKU0048,WH01,23.0,5,234.9716129032258
2025-12-01,SKU0048,WH02,16.0,5,234.9716129032258
2025-12-01,SKU0048,WH03,17.0,5,234.9716129032258
2025-12-01,SKU0048,WH04,15.0,5,234.9716129032258
2025-12-01,SKU0048,WH05,17.0,5,234.9716129032258
2025-12-01,SKU0049,WH01,276.0,3,50.59096774193548
2025-12-01,SKU0049,WH02,295.0,3,50.59096774193548
2025-12-01,SKU0049,WH03,294.0,3,50.59096774193548
2025-12-01,SKU0049,WH04,307.0,3,50.59096774193548
2025-12-01,SKU0049,WH05,308.0,3,50.59096774193548
2025-12-01,SKU0050,WH01,533.0,2,180.68129032258065
2025-12-01,SKU0050,WH02,522.0,2,180.68129032258065
2025-12-01,SKU0050,WH03,495.0,2,180.68129032258065
2025-12-01,SKU0050,WH04,470.0,2,180.68129032258065
2025-12-01,SKU0050,WH05,479.0,2,180.68129032258065
2025-12-01,SKU0051,WH01,10.0,1,245.25645161290325
2025-12-01,SKU0051,WH02,30.0,1,245.25645161290325
2025-12-01,SKU0051,WH03,16.0,1,245.25645161290325
2025-12-01,SKU0051,WH04,19.0,1,245.25645161290325
2025-12-01,SKU0051,WH05,17.0,1,245.25645161290325
2025-12-01,SKU0052,WH01,785.0,4,204.23161290322582
2025-12-01,SKU0052,WH02,762.0,4,204.23161290322582
2025-12-01,SKU0052,WH03,713.0,4,204.23161290322582
2025-12-01,SKU0052,WH04,799.0,4,204.23161290322582
2025-12-01,SKU0052,WH05,794.0,4,204.23161290322582
2025-12-01,SKU0053,WH01,100.0,4,76.6632258064516
2025-12-01,SKU0053,WH02,80.0,4,76.6632258064516
2025-12-01,SKU0053,WH03,71.0,4,76.6632258064516
2025-12-01,SKU0053,WH04,82.0,4,76.6632258064516
2025-12-01,SKU0053,WH05,74.0,4,76.6632258064516
2025-12-01,SKU0054,WH01,412.0,3,281.1145161290322
2025-12-01,SKU0054,WH02,402.0,3,281.1145161290322
2025-12-01,SKU0054,WH03,432.0,3,281.1145161290322
2025-12-01,SKU0054,WH04,429.0,3,281.1145161290322
2025-12-01,SKU0054,WH05,387.0,3,281.1145161290322
2025-12-01,SKU0055,WH01,598.0,1,252.4232258064516
2025-12-01,SKU0055,WH02,580.0,1,252.4232258064516
2025-12-01,SKU0055,WH03,562.0,1,252.4232258064516
2025-12-01,SKU0055,WH04,550.0,1,252.4232258064516
2025-12-01,SKU0055,WH05,619.0,1,252.4232258064516
2025-12-01,SKU0056,WH01,12.0,2,259.56451612903226
2025-12-01,SKU0056,WH02,16.0,2,259.56451612903226
2025-12-01,SKU0056,WH03,29.0,2,259.56451612903226
2025-12-01,SKU0056,WH04,25.0,2,259.56451612903226
2025-12-01,SKU0056,WH05,24.0,2,259.56451612903226
2025-12-01,SKU0057,WH01,180.0,2,54.207741935483874
2025-12-01,SKU0057,WH02,187.0,2,54.207741935483874
2025-12-01,SKU0057,WH03,181.0,2,54.207741935483874
2025-12-01,SKU0057,WH04,182.0,2,54.207741935483874
2025-12-01,SKU0057,WH05,167.0,2,54.207741935483874
2025-12-01,SKU0058,WH01,786.0,1,51.82806451612903
2025-12-01,SKU0058,WH02,849.0,1,51.82806451612903
2025-12-01,SKU0058,WH03,796.0,1,51.82806451612903
2025-12-01,SKU0058,WH04,876.0,1,51.82806451612903
2025-12-01,SKU0058,WH05,866.0,1,51.82806451612903
2025-12-01,SKU0059,WH01,651.0,3,321.6964516129032
2025-12-01,SKU0059,WH02,718.0,3,321.6964516129032
2025-12-01,SKU0059,WH03,641.0,3,321.6964516129032
2025-12-01,SKU0059,WH04,667.0,3,321.6964516129032
2025-12-01,SKU0059,WH05,671.0,3,321.6964516129032
2025-12-01,SKU0060,WH01,339.0,2,144.0090322580645
2025-12-01,SKU0060,WH02,289.0,2,144.0090322580645
2025-12-01,SKU0060,WH03,282.0,2,144.0090322580645
2025-12-01,SKU0060,WH04,289.0,2,144.0090322580645
2025-12-01,SKU0060,WH05,288.0,2,144.0090322580645
2025-12-01,SKU0061,WH01,435.0,1,111.59548387096773
2025-12-01,SKU0061,WH02,468.0,1,111.59548387096773
2025-12-01,SKU0061,WH03,511.0,1,111.59548387096773
2025-12-01,SKU0061,WH04,498.0,1,111.59548387096773
2025-12-01,SKU0061,WH05,505.0,1,111.59548387096773
2025-12-01,SKU0062,WH01,967.0,1,175.55193548387098
2025-12-01,SKU0062,WH02,1046.0,1,175.55193548387098
2025-12-01,SKU0062,WH03,1064.0,1,175.55193548387098
2025-12-01,SKU0062,WH04,1097.0,1,175.55193548387098
2025-12-01,SKU0062,WH05,1016.0,1,175.55193548387098
2025-12-01,SKU0063,WH01,329.0,0,235.37
2025-12-01,SKU0063,WH02,395.0,0,235.37
2025-12-01,SKU0063,WH03,353.0,0,235.37
2025-12-01,SKU0063,WH04,338.0,0,235.37
2025-12-01,SKU0063,WH05,317.0,0,235.37
2025-12-01,SKU0064,WH01,246.0,3,328.96806451612906
2025-12-01,SKU0064,WH02,267.0,3,328.96806451612906
2025-12-01,SKU0064,WH03,249.0,3,328.96806451612906
2025-12-01,SKU0064,WH04,272.0,3,328.96806451612906
2025-12-01,SKU0064,WH05,268.0,3,328.96806451612906
2025-12-01,SKU0065,WH01,1317.0,1,107.04354838709678
2025-12-01,SKU0065,WH02,1200.0,1,107.04354838709678
2025-12-01,SKU0065,WH03,1219.0,1,107.04354838709678
2025-12-01,SKU0065,WH04,1174.0,1,107.04354838709678
2025-12-01,SKU0065,WH05,1293.0,1,107.04354838709678
2025-12-01,SKU0066,WH01,255.0,0,324.43
2025-12-01,SKU0066,WH02,246.0,0,324.43
2025-12-01,SKU0066,WH03,261.0,0,324.43
2025-12-01,SKU0066,WH04,264.0,0,324.43
2025-12-01,SKU0066,WH05,298.0,0,324.43
2025-12-01,SKU0067,WH01,1175.0,3,18.212258064516128
2025-12-01,SKU0067,WH02,1119.0,3,18.212258064516128
2025-12-01,SKU0067,WH03,1188.0,3,18.212258064516128
2025-12-01,SKU0067,WH04,1167.0,3,18.212258064516128
2025-12-01,SKU0067,WH05,1117.0,3,18.212258064516128
2025-12-01,SKU0068,WH01,45.0,2,197.16677419354838
2025-12-01,SKU0068,WH02,38.0,2,197.16677419354838
2025-12-01,SKU0068,WH03,38.0,2,197.16677419354838
2025-12-01,SKU0068,WH04,42.0,2,197.16677419354838
2025-12-01,SKU0068,WH05,49.0,2,197.16677419354838
2025-12-01,SKU0069,WH01,496.0,3,222.64000000000004
2025-12-01,SKU0069,WH02,465.0,3,222.64000000000004
2025-12-01,SKU0069,WH03,485.0,3,222.64000000000004
2025-12-01,SKU0069,WH04,467.0,3,222.64000000000004
2025-12-01,SKU0069,WH05,525.0,3,222.64000000000004
2025-12-01,SKU0070,WH01,429.0,3,45.416451612903224
2025-12-01,SKU0070,WH02,441.0,3,45.416451612903224
2025-12-01,SKU0070,WH03,431.0,3,45.416451612903224
2025-12-01,SKU0070,WH04,445.0,3,45.416451612903224
2025-12-01,SKU0070,WH05,438.0,3,45.416451612903224
2025-12-01,SKU0071,WH01,378.0,1,57.44064516129032
2025-12-01,SKU0071,WH02,382.0,1,57.44064516129032
2025-12-01,SKU0071,WH03,364.0,1,57.44064516129032
2025-12-01,SKU0071,WH04,339.0,1,57.44064516129032
2025-12-01,SKU0071,WH05,328.0,1,57.44064516129032
2025-12-01,SKU0072,WH01,255.0,0,152.5
2025-12-01,SKU0072,WH02,224.0,0,152.5
2025-12-01,SKU0072,WH03,233.0,0,152.5
2025-12-01,SKU0072,WH04,206.0,0,152.5
2025-12-01,SKU0072,WH05,230.0,0,152.5
2025-12-01,SKU0073,WH01,792.0,3,334.15193548387094
2025-12-01,SKU0073,WH02,751.0,3,334.15193548387094
2025-12-01,SKU0073,WH03,817.0,3,334.15193548387094
2025-12-01,SKU0073,WH04,728.0,3,334.15193548387094
2025-12-01,SKU0073,WH05,727.0,3,334.15193548387094
2025-12-01,SKU0074,WH01,589.0,2,211.27806451612904
2025-12-01,SKU0074,WH02,542.0,2,211.27806451612904
2025-12-01,SKU0074,WH03,539.0,2,211.27806451612904
2025-12-01,SKU0074,WH04,611.0,2,211.27806451612904
2025-12-01,SKU0074,WH05,579.0,2,211.27806451612904
2025-12-01,SKU0075,WH01,126.0,2,325.1190322580645
2025-12-01,SKU0075,WH02,131.0,2,325.1190322580645
2025-12-01,SKU0075,WH03,140.0,2,325.1190322580645
2025-12-01,SKU0075,WH04,147.0,2,325.1190322580645
2025-12-01,SKU0075,WH05,136.0,2,325.1190322580645
2025-12-01,SKU0076,WH01,465.0,2,281.6509677419355
2025-12-01,SKU0076,WH02,415.0,2,281.6509677419355
2025-12-01,SKU0076,WH03,402.0,2,281.6509677419355
2025-12-01,SKU0076,WH04,410.0,2,281.6509677419355
2025-12-01,SKU0076,WH05,467.0,2,281.6509677419355
2025-12-01,SKU0077,WH01,275.0,3,166.73032258064518
2025-12-01,SKU0077,WH02,344.0,3,166.73032258064518
2025-12-01,SKU0077,WH03,306.0,3,166.73032258064518
2025-12-01,SKU0077,WH04,295.0,3,166.73032258064518
2025-12-01,SKU0077,WH05,314.0,3,166.73032258064518
2025-12-01,SKU0078,WH01,288.0,1,275.03419354838707
2025-12-01,SKU0078,WH02,312.0,1,275.03419354838707
2025-12-01,SKU0078,WH03,264.0,1,275.03419354838707
2025-12-01,SKU0078,WH04,289.0,1,275.03419354838707
2025-12-01,SKU0078,WH05,282.0,1,275.03419354838707
2025-12-01,SKU0079,WH01,37.0,4,15.800645161290321
2025-12-01,SKU0079,WH02,30.0,4,15.800645161290321
2025-12-01,SKU0079,WH03,33.0,4,15.800645161290321
2025-12-01,SKU0079,WH04,38.0,4,15.800645161290321
2025-12-01,SKU0079,WH05,24.0,4,15.800645161290321
2025-12-01,SKU0080,WH01,457.0,2,46.578064516129025
2025-12-01,SKU0080,WH02,446.0,2,46.578064516129025
2025-12-01,SKU0080,WH03,454.0,2,46.578064516129025
2025-12-01,SKU0080,WH04,513.0,2,46.578064516129025
2025-12-01,SKU0080,WH05,481.0,2,46.578064516129025
