date,sku_id,wh_id,forecast_units
2026-01-01,SKU0001,WH01,19.094513
2026-01-01,SKU0001,WH02,18.212233
2026-01-01,SKU0001,WH03,16.102175
2026-01-01,SKU0001,WH04,17.814999
2026-01-01,SKU0001,WH05,17.257557
2026-01-01,SKU0002,WH01,3.8633966
2026-01-01,SKU0002,WH02,3.4144971
2026-01-01,SKU0002,WH03,4.5411234
2026-01-01,SKU0002,WH04,3.880745
2026-01-01,SKU0002,WH05,3.7623277
2026-01-01,SKU0003,WH01,45.616623
2026-01-01,SKU0003,WH02,42.50612
2026-01-01,SKU0003,WH03,40.489536
2026-01-01,SKU0003,WH04,41.584034
2026-01-01,SKU0003,WH05,40.536224
2026-01-01,SKU0004,WH01,71.935394
2026-01-01,SKU0004,WH02,74.22568
2026-01-01,SKU0004,WH03,83.79766
2026-01-01,SKU0004,WH04,82.298225
2026-01-01,SKU0004,WH05,81.67137
2026-01-01,SKU0005,WH01,17.053276
2026-01-01,SKU0005,WH02,17.926514
2026-01-01,SKU0005,WH03,18.061195
2026-01-01,SKU0005,WH04,18.737127
2026-01-01,SKU0005,WH05,16.331783
2026-01-01,SKU0006,WH01,1.2344251
2026-01-01,SKU0006,WH02,1.3949145
2026-01-01,SKU0006,WH03,1.4041895
2026-01-01,SKU0006,WH04,1.2344251
2026-01-01,SKU0006,WH05,1.2344251
2026-01-01,SKU0007,WH01,13.299746
2026-01-01,SKU0007,WH02,14.319065
2026-01-01,SKU0007,WH03,12.667559
2026-01-01,SKU0007,WH04,16.106007
2026-01-01,SKU0007,WH05,12.893696
2026-01-01,SKU0008,WH01,28.867968
2026-01-01,SKU0008,WH02,27.75025
2026-01-01,SKU0008,WH03,27.41626
2026-01-01,SKU0008,WH04,27.262196
2026-01-01,SKU0008,WH05,27.919617
2026-01-01,SKU0009,WH01,32.99466
2026-01-01,SKU0009,WH02,35.8761
2026-01-01,SKU0009,WH03,36.72901
2026-01-01,SKU0009,WH04,35.43149
2026-01-01,SKU0009,WH05,31.51133
2026-01-01,SKU0010,WH01,6.615859
2026-01-01,SKU0010,WH02,6.875524
2026-01-01,SKU0010,WH03,5.919171
2026-01-01,SKU0010,WH04,8.054632
2026-01-01,SKU0010,WH05,6.781928
2026-01-01,SKU0011,WH01,22.037092
2026-01-01,SKU0011,WH02,20.31422
2026-01-01,SKU0011,WH03,22.166832
2026-01-01,SKU0011,WH04,19.969091
2026-01-01,SKU0011,WH05,21.870625
2026-01-01,SKU0012,WH01,9.940477
2026-01-01,SKU0012,WH02,9.100911
2026-01-01,SKU0012,WH03,9.26141
2026-01-01,SKU0012,WH04,10.132914
2026-01-01,SKU0012,WH05,9.774994
2026-01-01,SKU0013,WH01,7.35463
2026-01-01,SKU0013,WH02,7.3102736
2026-01-01,SKU0013,WH03,6.27346
2026-01-01,SKU0013,WH04,7.561682
2026-01-01,SKU0013,WH05,6.92141
2026-01-01,SKU0014,WH01,3.573876
2026-01-01,SKU0014,WH02,3.214806
2026-01-01,SKU0014,WH03,3.4752746
2026-01-01,SKU0014,WH04,3.1733963
2026-01-01,SKU0014,WH05,3.2269852
2026-01-01,SKU0015,WH01,3.0171583
2026-01-01,SKU0015,WH02,2.848902
2026-01-01,SKU0015,WH03,2.7157817
2026-01-01,SKU0015,WH04,2.6425304
2026-01-01,SKU0015,WH05,2.906
2026-01-01,SKU0016,WH01,56.2677
2026-01-01,SKU0016,WH02,56.23294
2026-01-01,SKU0016,WH03,55.92187
2026-01-01,SKU0016,WH04,60.591656
2026-01-01,SKU0016,WH05,54.38834
2026-01-01,SKU0017,WH01,7.845933
2026-01-01,SKU0017,WH02,9.348688
2026-01-01,SKU0017,WH03,8.329601
2026-01-01,SKU0017,WH04,9.040313
2026-01-01,SKU0017,WH05,9.461926
2026-01-01,SKU0018,WH01,18.557108
2026-01-01,SKU0018,WH02,19.46533
2026-01-01,SKU0018,WH03,19.347862
2026-01-01,SKU0018,WH04,18.410984
2026-01-01,SKU0018,WH05,19.550182
2026-01-01,SKU0019,WH01,22.20596
2026-01-01,SKU0019,WH02,25.445261
2026-01-01,SKU0019,WH03,21.328377
2026-01-01,SKU0019,WH04,24.21385
2026-01-01,SKU0019,WH05,24.503723
2026-01-01,SKU0020,WH01,14.281516
2026-01-01,SKU0020,WH02,12.482625
2026-01-01,SKU0020,WH03,13.779634
2026-01-01,SKU0020,WH04,12.191804
2026-01-01,SKU0020,WH05,14.5196
2026-01-01,SKU0021,WH01,5.2968264
2026-01-01,SKU0021,WH02,2.866708
2026-01-01,SKU0021,WH03,3.7323987
2026-01-01,SKU0021,WH04,3.8474295
2026-01-01,SKU0021,WH05,4.380241
2026-01-01,SKU0022,WH01,5.148239
2026-01-01,SKU0022,WH02,5.8982477
2026-01-01,SKU0022,WH03,5.1755767
2026-01-01,SKU0022,WH04,5.6184044
2026-01-01,SKU0022,WH05,4.9315615
2026-01-01,SKU0023,WH01,9.13179
2026-01-01,SKU0023,WH02,9.395327
2026-01-01,SKU0023,WH03,9.046115
2026-01-01,SKU0023,WH04,9.815557
2026-01-01,SKU0023,WH05,8.708848
2026-01-01,SKU0024,WH01,24.023035
2026-01-01,SKU0024,WH02,25.13001
2026-01-01,SKU0024,WH03,21.285454
2026-01-01,SKU0024,WH04,23.839636
2026-01-01,SKU0024,WH05,23.784672
2026-01-01,SKU0025,WH01,20.278534
2026-01-01,SKU0025,WH02,18.991507
2026-01-01,SKU0025,WH03,20.102013
2026-01-01,SKU0025,WH04,21.784737
2026-01-01,SKU0025,WH05,20.660278
2026-01-01,SKU0026,WH01,45.885593
2026-01-01,SKU0026,WH02,41.81796
2026-01-01,SKU0026,WH03,39.162655
2026-01-01,SKU0026,WH04,43.754234
2026-01-01,SKU0026,WH05,43.572678
2026-01-01,SKU0027,WH01,15.11195
2026-01-01,SKU0027,WH02,15.78868
2026-01-01,SKU0027,WH03,16.338789
2026-01-01,SKU0027,WH04,15.563392
2026-01-01,SKU0027,WH05,14.870826
2026-01-01,SKU0028,WH01,7.332335
2026-01-01,SKU0028,WH02,7.347519
2026-01-01,SKU0028,WH03,8.1036825
2026-01-01,SKU0028,WH04,8.242641
2026-01-01,SKU0028,WH05,7.5997424
2026-01-01,SKU0029,WH01,9.611558
2026-01-01,SKU0029,WH02,9.414149
2026-01-01,SKU0029,WH03,8.883165
2026-01-01,SKU0029,WH04,9.653898
2026-01-01,SKU0029,WH05,9.51446
2026-01-01,SKU0030,WH01,16.545591
2026-01-01,SKU0030,WH02,16.724117
2026-01-01,SKU0030,WH03,17.195408
2026-01-01,SKU0030,WH04,16.59782
2026-01-01,SKU0030,WH05,16.191008
2026-01-01,SKU0031,WH01,7.3396883
2026-01-01,SKU0031,WH02,9.797672
2026-01-01,SKU0031,WH03,8.46456
2026-01-01,SKU0031,WH04,9.098964
2026-01-01,SKU0031,WH05,8.254847
2026-01-01,SKU0032,WH01,9.298895
2026-01-01,SKU0032,WH02,8.976927
2026-01-01,SKU0032,WH03,9.315996
2026-01-01,SKU0032,WH04,9.709224
2026-01-01,SKU0032,WH05,9.0864105
2026-01-01,SKU0033,WH01,3.431584
2026-01-01,SKU0033,WH02,4.343727
2026-01-01,SKU0033,WH03,4.4413695
2026-01-01,SKU0033,WH04,4.1359262
2026-01-01,SKU0033,WH05,4.195793
2026-01-01,SKU0034,WH01,5.5350394
2026-01-01,SKU0034,WH02,5.530756
2026-01-01,SKU0034,WH03,5.1380997
2026-01-01,SKU0034,WH04,5.1449614
2026-01-01,SKU0034,WH05,5.747386
2026-01-01,SKU0035,WH01,4.379332
2026-01-01,SKU0035,WH02,4.257151
2026-01-01,SKU0035,WH03,4.754525
2026-01-01,SKU0035,WH04,4.4630327
2026-01-01,SKU0035,WH05,4.4432707
2026-01-01,SKU0036,WH01,4.7984285
2026-01-01,SKU0036,WH02,4.300074
2026-01-01,SKU0036,WH03,4.581997
2026-01-01,SKU0036,WH04,4.484332
2026-01-01,SKU0036,WH05,4.997849
2026-01-01,SKU0037,WH01,1.32712
2026-01-01,SKU0037,WH02,1.2344251
2026-01-01,SKU0037,WH03,1.2344251
2026-01-01,SKU0037,WH04,1.2344251
2026-01-01,SKU0037,WH05,1.2344251
2026-01-01,SKU0038,WH01,14.97652
2026-01-01,SKU0038,WH02,16.0837
2026-01-01,SKU0038,WH03,14.687188
2026-01-01,SKU0038,WH04,15.662384
2026-01-01,SKU0038,WH05,15.388721
2026-01-01,SKU0039,WH01,8.062067
2026-01-01,SKU0039,WH02,7.705199
2026-01-01,SKU0039,WH03,7.7257304
2026-01-01,SKU0039,WH04,7.03398
2026-01-01,SKU0039,WH05,6.75788
2026-01-01,SKU0040,WH01,4.7467213
2026-01-01,SKU0040,WH02,5.8136873
2026-01-01,SKU0040,WH03,5.2563357
2026-01-01,SKU0040,WH04,5.9963684
2026-01-01,SKU0040,WH05,5.312977
2026-01-01,SKU0041,WH01,1.5477747
2026-01-01,SKU0041,WH02,1.32712
2026-01-01,SKU0041,WH03,1.1639743
2026-01-01,SKU0041,WH04,1.4198813
2026-01-01,SKU0041,WH05,1.2856187
2026-01-01,SKU0042,WH01,18.808731
2026-01-01,SKU0042,WH02,20.844969
2026-01-01,SKU0042,WH03,17.729712
2026-01-01,SKU0042,WH04,21.430279
2026-01-01,SKU0042,WH05,19.347795
2026-01-01,SKU0043,WH01,2.5452478
2026-01-01,SKU0043,WH02,2.1805108
2026-01-01,SKU0043,WH03,2.5174565
2026-01-01,SKU0043,WH04,2.165233
2026-01-01,SKU0043,WH05,2.0928044
2026-01-01,SKU0044,WH01,2.8652434
2026-01-01,SKU0044,WH02,2.6417456
2026-01-01,SKU0044,WH03,2.5448496
2026-01-01,SKU0044,WH04,2.8401937
2026-01-01,SKU0044,WH05,2.4357448
2026-01-01,SKU0045,WH01,46.3314
2026-01-01,SKU0045,WH02,44.770973
2026-01-01,SKU0045,WH03,42.933155
2026-01-01,SKU0045,WH04,43.194374
2026-01-01,SKU0045,WH05,46.164032
2026-01-01,SKU0046,WH01,40.961998
2026-01-01,SKU0046,WH02,40.46293
2026-01-01,SKU0046,WH03,40.403046
2026-01-01,SKU0046,WH04,41.663555
2026-01-01,SKU0046,WH05,41.781376
2026-01-01,SKU0047,WH01,2.4671788
2026-01-01,SKU0047,WH02,2.6330009
2026-01-01,SKU0047,WH03,2.5712738
2026-01-01,SKU0047,WH04,2.5339394
2026-01-01,SKU0047,WH05,2.9127722
2026-01-01,SKU0048,WH01,1.2659672
2026-01-01,SKU0048,WH02,1.2344251
2026-01-01,SKU0048,WH03,1.2344251
2026-01-01,SKU0048,WH04,1.2344251
2026-01-01,SKU0048,WH05,1.2344251
2026-01-01,SKU0049,WH01,7.8271585
2026-01-01,SKU0049,WH02,9.494683
2026-01-01,SKU0049,WH03,8.30788
2026-01-01,SKU0049,WH04,9.74524
2026-01-01,SKU0049,WH05,9.321514
2026-01-01,SKU0050,WH01,17.343132
2026-01-01,SKU0050,WH02,17.317102
2026-01-01,SKU0050,WH03,15.915984
2026-01-01,SKU0050,WH04,14.910356
2026-01-01,SKU0050,WH05,15.484911
2026-01-01,SKU0051,WH01,1.2344251
2026-01-01,SKU0051,WH02,1.2344251
2026-01-01,SKU0051,WH03,1.2344251
2026-01-01,SKU0051,WH04,1.2344251
2026-01-01,SKU0051,WH05,1.2344251
2026-01-01,SKU0052,WH01,23.493267
2026-01-01,SKU0052,WH02,23.91301
2026-01-01,SKU0052,WH03,21.485758
2026-01-01,SKU0052,WH04,24.16202
2026-01-01,SKU0052,WH05,24.13182
2026-01-01,SKU0053,WH01,2.9776466
2026-01-01,SKU0053,WH02,2.512734
2026-01-01,SKU0053,WH03,2.1540632
2026-01-01,SKU0053,WH04,3.029123
2026-01-01,SKU0053,WH05,2.235364
2026-01-01,SKU0054,WH01,13.556627
2026-01-01,SKU0054,WH02,12.391895
2026-01-01,SKU0054,WH03,14.427782
2026-01-01,SKU0054,WH04,13.4964285
2026-01-01,SKU0054,WH05,11.262989
2026-01-01,SKU0055,WH01,18.97862
2026-01-01,SKU0055,WH02,17.776358
2026-01-01,SKU0055,WH03,17.614395
2026-01-01,SKU0055,WH04,17.402351
2026-01-01,SKU0055,WH05,20.253849
2026-01-01,SKU0056,WH01,1.2344251
2026-01-01,SKU0056,WH02,1.3930045
2026-01-01,SKU0056,WH03,1.4035511
2026-01-01,SKU0056,WH04,1.2955778
2026-01-01,SKU0056,WH05,1.4395328
2026-01-01,SKU0057,WH01,5.367129
2026-01-01,SKU0057,WH02,6.085934
2026-01-01,SKU0057,WH03,5.397156
2026-01-01,SKU0057,WH04,5.607986
2026-01-01,SKU0057,WH05,5.5281997
2026-01-01,SKU0058,WH01,25.653278
2026-01-01,SKU0058,WH02,25.094059
2026-01-01,SKU0058,WH03,26.701452
2026-01-01,SKU0058,WH04,27.969587
2026-01-01,SKU0058,WH05,28.2358
2026-01-01,SKU0059,WH01,20.782833
2026-01-01,SKU0059,WH02,23.081205
2026-01-01,SKU0059,WH03,19.550625
2026-01-01,SKU0059,WH04,21.862831
2026-01-01,SKU0059,WH05,21.384024
2026-01-01,SKU0060,WH01,10.091128
2026-01-01,SKU0060,WH02,9.329234
2026-01-01,SKU0060,WH03,9.009814
2026-01-01,SKU0060,WH04,8.96493
2026-01-01,SKU0060,WH05,8.962627
2026-01-01,SKU0061,WH01,13.395412
2026-01-01,SKU0061,WH02,15.684047
2026-01-01,SKU0061,WH03,16.836702
2026-01-01,SKU0061,WH04,15.910956
2026-01-01,SKU0061,WH05,16.780169
2026-01-01,SKU0062,WH01,29.72539
2026-01-01,SKU0062,WH02,35.3193
2026-01-01,SKU0062,WH03,33.973114
2026-01-01,SKU0062,WH04,33.676212
2026-01-01,SKU0062,WH05,33.134243
2026-01-01,SKU0063,WH01,10.242615
2026-01-01,SKU0063,WH02,12.621357
2026-01-01,SKU0063,WH03,10.528422
2026-01-01,SKU0063,WH04,10.911705
2026-01-01,SKU0063,WH05,9.941975
2026-01-01,SKU0064,WH01,8.437311
2026-01-01,SKU0064,WH02,8.974846
2026-01-01,SKU0064,WH03,8.23049
2026-01-01,SKU0064,WH04,9.210176
2026-01-01,SKU0064,WH05,8.423104
2026-01-01,SKU0065,WH01,41.716637
2026-01-01,SKU0065,WH02,38.4635
2026-01-01,SKU0065,WH03,39.756588
2026-01-01,SKU0065,WH04,39.231655
2026-01-01,SKU0065,WH05,40.751724
2026-01-01,SKU0066,WH01,8.083318
2026-01-01,SKU0066,WH02,8.593917
2026-01-01,SKU0066,WH03,7.805211
2026-01-01,SKU0066,WH04,8.551346
2026-01-01,SKU0066,WH05,9.624692
2026-01-01,SKU0067,WH01,37.901054
2026-01-01,SKU0067,WH02,36.588665
2026-01-01,SKU0067,WH03,37.28261
2026-01-01,SKU0067,WH04,37.660088
2026-01-01,SKU0067,WH05,36.708405
2026-01-01,SKU0068,WH01,1.7734587
2026-01-01,SKU0068,WH02,1.8124416
2026-01-01,SKU0068,WH03,1.689094
2026-01-01,SKU0068,WH04,1.9924144
2026-01-01,SKU0068,WH05,2.212255
2026-01-01,SKU0069,WH01,15.611189
2026-01-01,SKU0069,WH02,14.8336735
2026-01-01,SKU0069,WH03,16.58567
2026-01-01,SKU0069,WH04,15.544728
2026-01-01,SKU0069,WH05,17.44668
2026-01-01,SKU0070,WH01,14.446008
2026-01-01,SKU0070,WH02,14.605595
2026-01-01,SKU0070,WH03,14.50834
2026-01-01,SKU0070,WH04,14.066952
2026-01-01,SKU0070,WH05,13.805563
2026-01-01,SKU0071,WH01,11.744934
2026-01-01,SKU0071,WH02,11.137526
2026-01-01,SKU0071,WH03,11.529807
2026-01-01,SKU0071,WH04,10.309489
2026-01-01,SKU0071,WH05,9.890508
2026-01-01,SKU0072,WH01,8.580006
2026-01-01,SKU0072,WH02,7.180242
2026-01-01,SKU0072,WH03,7.2430267
2026-01-01,SKU0072,WH04,6.667263
2026-01-01,SKU0072,WH05,7.4583025
2026-01-01,SKU0073,WH01,24.837553
2026-01-01,SKU0073,WH02,22.998238
2026-01-01,SKU0073,WH03,26.0827
2026-01-01,SKU0073,WH04,22.998161
2026-01-01,SKU0073,WH05,23.856462
2026-01-01,SKU0074,WH01,18.83958
2026-01-01,SKU0074,WH02,16.851145
2026-01-01,SKU0074,WH03,17.069704
2026-01-01,SKU0074,WH04,18.681423
2026-01-01,SKU0074,WH05,18.673021
2026-01-01,SKU0075,WH01,3.5261292
2026-01-01,SKU0075,WH02,4.396382
2026-01-01,SKU0075,WH03,3.99478
2026-01-01,SKU0075,WH04,5.4865932
2026-01-01,SKU0075,WH05,3.9859946
2026-01-01,SKU0076,WH01,14.521898
2026-01-01,SKU0076,WH02,14.672902
2026-01-01,SKU0076,WH03,11.696027
2026-01-01,SKU0076,WH04,11.741134
2026-01-01,SKU0076,WH05,16.102741
2026-01-01,SKU0077,WH01,8.895965
2026-01-01,SKU0077,WH02,10.515503
2026-01-01,SKU0077,WH03,9.882386
2026-01-01,SKU0077,WH04,9.189022
2026-01-01,SKU0077,WH05,9.9793625
2026-01-01,SKU0078,WH01,9.269018
2026-01-01,SKU0078,WH02,9.698145
2026-01-01,SKU0078,WH03,8.262012
2026-01-01,SKU0078,WH04,9.437196
2026-01-01,SKU0078,WH05,9.080789
2026-01-01,SKU0079,WH01,1.5137882
2026-01-01,SKU0079,WH02,1.4158881
2026-01-01,SKU0079,WH03,1.4797275
2026-01-01,SKU0079,WH04,1.5080445
2026-01-01,SKU0079,WH05,1.2694627
2026-01-01,SKU0080,WH01,14.344341
2026-01-01,SKU0080,WH02,13.677645
2026-01-01,SKU0080,WH03,14.286608
2026-01-01,SKU0080,WH04,16.1889
2026-01-01,SKU0080,WH05,14.927684
2026-01-02,SKU0001,WH01,19.311157
2026-01-02,SKU0001,WH02,18.898148
2026-01-02,SKU0001,WH03,15.968763
2026-01-02,SKU0001,WH04,17.212423
2026-01-02,SKU0001,WH05,18.49298
2026-01-02,SKU0002,WH01,3.8861043
2026-01-02,SKU0002,WH02,3.0056558
2026-01-02,SKU0002,WH03,4.526355
2026-01-02,SKU0002,WH04,4.0110607
2026-01-02,SKU0002,WH05,4.0139174
2026-01-02,SKU0003,WH01,46.071354
2026-01-02,SKU0003,WH02,42.29945
2026-01-02,SKU0003,WH03,42.417892
2026-01-02,SKU0003,WH04,40.98676
2026-01-02,SKU0003,WH05,41.009983
2026-01-02,SKU0004,WH01,79.49838
2026-01-02,SKU0004,WH02,81.81202
2026-01-02,SKU0004,WH03,79.01325
2026-01-02,SKU0004,WH04,80.35885
2026-01-02,SKU0004,WH05,81.93846
2026-01-02,SKU0005,WH01,17.290377
2026-01-02,SKU0005,WH02,17.079094
2026-01-02,SKU0005,WH03,18.057714
2026-01-02,SKU0005,WH04,18.77798
2026-01-02,SKU0005,WH05,16.045382
2026-01-02,SKU0006,WH01,1.2344251
2026-01-02,SKU0006,WH02,1.2344251
2026-01-02,SKU0006,WH03,1.2955778
2026-01-02,SKU0006,WH04,1.2344251
2026-01-02,SKU0006,WH05,1.2344251
2026-01-02,SKU0007,WH01,14.532657
2026-01-02,SKU0007,WH02,14.184507
2026-01-02,SKU0007,WH03,13.111089
2026-01-02,SKU0007,WH04,16.610888
2026-01-02,SKU0007,WH05,12.576597
2026-01-02,SKU0008,WH01,29.065735
2026-01-02,SKU0008,WH02,27.23434
2026-01-02,SKU0008,WH03,27.192114
2026-01-02,SKU0008,WH04,27.285763
2026-01-02,SKU0008,WH05,27.476358
2026-01-02,SKU0009,WH01,33.023933
2026-01-02,SKU0009,WH02,35.286366
2026-01-02,SKU0009,WH03,36.987682
2026-01-02,SKU0009,WH04,34.37036
2026-01-02,SKU0009,WH05,31.456066
2026-01-02,SKU0010,WH01,6.555174
2026-01-02,SKU0010,WH02,6.8555284
2026-01-02,SKU0010,WH03,5.1791615
2026-01-02,SKU0010,WH04,8.081045
2026-01-02,SKU0010,WH05,6.773294
2026-01-02,SKU0011,WH01,22.647528
2026-01-02,SKU0011,WH02,20.712748
2026-01-02,SKU0011,WH03,22.71525
2026-01-02,SKU0011,WH04,20.365452
2026-01-02,SKU0011,WH05,21.701357
2026-01-02,SKU0012,WH01,10.059217
2026-01-02,SKU0012,WH02,9.118371
2026-01-02,SKU0012,WH03,9.006797
2026-01-02,SKU0012,WH04,10.257119
2026-01-02,SKU0012,WH05,10.053021
2026-01-02,SKU0013,WH01,7.3794985
2026-01-02,SKU0013,WH02,7.448529
2026-01-02,SKU0013,WH03,6.2131076
2026-01-02,SKU0013,WH04,7.8109035
2026-01-02,SKU0013,WH05,6.5663657
2026-01-02,SKU0014,WH01,3.6396093
2026-01-02,SKU0014,WH02,3.2139723
2026-01-02,SKU0014,WH03,3.3823016
2026-01-02,SKU0014,WH04,2.9329007
2026-01-02,SKU0014,WH05,3.2797785
2026-01-02,SKU0015,WH01,3.1371593
2026-01-02,SKU0015,WH02,2.7431152
2026-01-02,SKU0015,WH03,2.7062268
2026-01-02,SKU0015,WH04,2.6425304
2026-01-02,SKU0015,WH05,2.6372654
2026-01-02,SKU0016,WH01,56.843475
2026-01-02,SKU0016,WH02,57.311592
2026-01-02,SKU0016,WH03,55.358746
2026-01-02,SKU0016,WH04,61.965088
2026-01-02,SKU0016,WH05,55.163578
2026-01-02,SKU0017,WH01,7.977724
2026-01-02,SKU0017,WH02,9.119339
2026-01-02,SKU0017,WH03,8.4745865
2026-01-02,SKU0017,WH04,8.678601
2026-01-02,SKU0017,WH05,9.507174
2026-01-02,SKU0018,WH01,19.739914
2026-01-02,SKU0018,WH02,19.529196
2026-01-02,SKU0018,WH03,19.646236
2026-01-02,SKU0018,WH04,18.590788
2026-01-02,SKU0018,WH05,19.43756
2026-01-02,SKU0019,WH01,21.387693
2026-01-02,SKU0019,WH02,25.644255
2026-01-02,SKU0019,WH03,20.680233
2026-01-02,SKU0019,WH04,23.92793
2026-01-02,SKU0019,WH05,25.485268
2026-01-02,SKU0020,WH01,14.213055
2026-01-02,SKU0020,WH02,12.5955
2026-01-02,SKU0020,WH03,13.862336
2026-01-02,SKU0020,WH04,12.339408
2026-01-02,SKU0020,WH05,14.710686
2026-01-02,SKU0021,WH01,5.1055236
2026-01-02,SKU0021,WH02,2.7441466
2026-01-02,SKU0021,WH03,3.5255055
2026-01-02,SKU0021,WH04,3.5245433
2026-01-02,SKU0021,WH05,4.3892565
2026-01-02,SKU0022,WH01,5.1470323
2026-01-02,SKU0022,WH02,5.249657
2026-01-02,SKU0022,WH03,5.1723747
2026-01-02,SKU0022,WH04,5.367426
2026-01-02,SKU0022,WH05,4.6620255
2026-01-02,SKU0023,WH01,9.436564
2026-01-02,SKU0023,WH02,9.471454
2026-01-02,SKU0023,WH03,8.887208
2026-01-02,SKU0023,WH04,9.980571
2026-01-02,SKU0023,WH05,8.633656
2026-01-02,SKU0024,WH01,24.308077
2026-01-02,SKU0024,WH02,24.94367
2026-01-02,SKU0024,WH03,21.559286
2026-01-02,SKU0024,WH04,23.917803
2026-01-02,SKU0024,WH05,24.560675
2026-01-02,SKU0025,WH01,20.66919
2026-01-02,SKU0025,WH02,18.835253
2026-01-02,SKU0025,WH03,20.450562
2026-01-02,SKU0025,WH04,21.526543
2026-01-02,SKU0025,WH05,20.793674
2026-01-02,SKU0026,WH01,44.752518
2026-01-02,SKU0026,WH02,41.396492
2026-01-02,SKU0026,WH03,39.767723
2026-01-02,SKU0026,WH04,42.44964
2026-01-02,SKU0026,WH05,44.11235
2026-01-02,SKU0027,WH01,15.86189
2026-01-02,SKU0027,WH02,15.433391
2026-01-02,SKU0027,WH03,16.800892
2026-01-02,SKU0027,WH04,15.595451
2026-01-02,SKU0027,WH05,14.98533
2026-01-02,SKU0028,WH01,7.3560305
2026-01-02,SKU0028,WH02,7.622067
2026-01-02,SKU0028,WH03,8.14351
2026-01-02,SKU0028,WH04,8.217552
2026-01-02,SKU0028,WH05,7.5112815
2026-01-02,SKU0029,WH01,9.557542
2026-01-02,SKU0029,WH02,9.3540125
2026-01-02,SKU0029,WH03,8.856301
2026-01-02,SKU0029,WH04,9.526401
2026-01-02,SKU0029,WH05,9.335058
2026-01-02,SKU0030,WH01,17.267153
2026-01-02,SKU0030,WH02,16.824476
2026-01-02,SKU0030,WH03,17.304333
2026-01-02,SKU0030,WH04,16.790407
2026-01-02,SKU0030,WH05,17.075499
2026-01-02,SKU0031,WH01,7.65203
2026-01-02,SKU0031,WH02,9.6492605
2026-01-02,SKU0031,WH03,8.63032
2026-01-02,SKU0031,WH04,8.967135
2026-01-02,SKU0031,WH05,8.255066
2026-01-02,SKU0032,WH01,9.3976965
2026-01-02,SKU0032,WH02,9.050513
2026-01-02,SKU0032,WH03,9.237752
2026-01-02,SKU0032,WH04,9.6149435
2026-01-02,SKU0032,WH05,9.059314
2026-01-02,SKU0033,WH01,3.6011784
2026-01-02,SKU0033,WH02,4.343727
2026-01-02,SKU0033,WH03,4.177494
2026-01-02,SKU0033,WH04,3.9604526
2026-01-02,SKU0033,WH05,4.219557
2026-01-02,SKU0034,WH01,5.278474
2026-01-02,SKU0034,WH02,5.1896234
2026-01-02,SKU0034,WH03,5.1439724
2026-01-02,SKU0034,WH04,4.9999037
2026-01-02,SKU0034,WH05,5.1808186
2026-01-02,SKU0035,WH01,4.263783
2026-01-02,SKU0035,WH02,4.245033
2026-01-02,SKU0035,WH03,5.1141624
2026-01-02,SKU0035,WH04,4.279952
2026-01-02,SKU0035,WH05,4.0651307
2026-01-02,SKU0036,WH01,4.408096
2026-01-02,SKU0036,WH02,4.2929673
2026-01-02,SKU0036,WH03,4.367687
2026-01-02,SKU0036,WH04,4.3175297
2026-01-02,SKU0036,WH05,4.855725
2026-01-02,SKU0037,WH01,1.32712
2026-01-02,SKU0037,WH02,1.3459808
2026-01-02,SKU0037,WH03,1.2344251
2026-01-02,SKU0037,WH04,1.2344251
2026-01-02,SKU0037,WH05,1.2344251
2026-01-02,SKU0038,WH01,14.264202
2026-01-02,SKU0038,WH02,16.110878
2026-01-02,SKU0038,WH03,14.744147
2026-01-02,SKU0038,WH04,15.537931
2026-01-02,SKU0038,WH05,15.295441
2026-01-02,SKU0039,WH01,8.3453045
2026-01-02,SKU0039,WH02,7.6178303
2026-01-02,SKU0039,WH03,7.555779
2026-01-02,SKU0039,WH04,6.6789594
2026-01-02,SKU0039,WH05,6.784199
2026-01-02,SKU0040,WH01,4.607997
2026-01-02,SKU0040,WH02,5.2477856
2026-01-02,SKU0040,WH03,5.435462
2026-01-02,SKU0040,WH04,5.793182
2026-01-02,SKU0040,WH05,5.3283286
2026-01-02,SKU0041,WH01,1.3152292
2026-01-02,SKU0041,WH02,1.2659672
2026-01-02,SKU0041,WH03,1.1639743
2026-01-02,SKU0041,WH04,1.4198813
2026-01-02,SKU0041,WH05,1.3261325
2026-01-02,SKU0042,WH01,18.67453
2026-01-02,SKU0042,WH02,21.67008
2026-01-02,SKU0042,WH03,18.337023
2026-01-02,SKU0042,WH04,21.874954
2026-01-02,SKU0042,WH05,19.187685
2026-01-02,SKU0043,WH01,2.407031
2026-01-02,SKU0043,WH02,2.3234406
2026-01-02,SKU0043,WH03,2.620042
2026-01-02,SKU0043,WH04,2.479554
2026-01-02,SKU0043,WH05,2.2014163
2026-01-02,SKU0044,WH01,2.723736
2026-01-02,SKU0044,WH02,2.5123897
2026-01-02,SKU0044,WH03,2.5981016
2026-01-02,SKU0044,WH04,2.727609
2026-01-02,SKU0044,WH05,2.442801
2026-01-02,SKU0045,WH01,45.498478
2026-01-02,SKU0045,WH02,45.71685
2026-01-02,SKU0045,WH03,44.993362
2026-01-02,SKU0045,WH04,44.51037
2026-01-02,SKU0045,WH05,47.19431
2026-01-02,SKU0046,WH01,41.433132
2026-01-02,SKU0046,WH02,40.456306
2026-01-02,SKU0046,WH03,41.485188
2026-01-02,SKU0046,WH04,41.461056
2026-01-02,SKU0046,WH05,42.721657
2026-01-02,SKU0047,WH01,2.446997
2026-01-02,SKU0047,WH02,2.6495867
2026-01-02,SKU0047,WH03,2.5617304
2026-01-02,SKU0047,WH04,2.5296144
2026-01-02,SKU0047,WH05,2.201941
2026-01-02,SKU0048,WH01,1.1673598
2026-01-02,SKU0048,WH02,1.2344251
2026-01-02,SKU0048,WH03,1.2344251
2026-01-02,SKU0048,WH04,1.2344251
2026-01-02,SKU0048,WH05,1.2344251
2026-01-02,SKU0049,WH01,8.145078
2026-01-02,SKU0049,WH02,8.917388
2026-01-02,SKU0049,WH03,8.583794
2026-01-02,SKU0049,WH04,9.718301
2026-01-02,SKU0049,WH05,9.556365
2026-01-02,SKU0050,WH01,16.57585
2026-01-02,SKU0050,WH02,16.648413
2026-01-02,SKU0050,WH03,15.010962
2026-01-02,SKU0050,WH04,14.5898485
2026-01-02,SKU0050,WH05,15.223722
2026-01-02,SKU0051,WH01,1.2344251
2026-01-02,SKU0051,WH02,1.4357316
2026-01-02,SKU0051,WH03,1.2344251
2026-01-02,SKU0051,WH04,1.4264567
2026-01-02,SKU0051,WH05,1.2344251
2026-01-02,SKU0052,WH01,23.753086
2026-01-02,SKU0052,WH02,23.981369
2026-01-02,SKU0052,WH03,22.405079
2026-01-02,SKU0052,WH04,25.0417
2026-01-02,SKU0052,WH05,24.532082
2026-01-02,SKU0053,WH01,2.9524271
2026-01-02,SKU0053,WH02,2.6623151
2026-01-02,SKU0053,WH03,2.273121
2026-01-02,SKU0053,WH04,3.09085
2026-01-02,SKU0053,WH05,2.2919588
2026-01-02,SKU0054,WH01,14.027029
2026-01-02,SKU0054,WH02,12.558488
2026-01-02,SKU0054,WH03,13.894582
2026-01-02,SKU0054,WH04,13.373137
2026-01-02,SKU0054,WH05,11.033185
2026-01-02,SKU0055,WH01,19.391413
2026-01-02,SKU0055,WH02,17.952913
2026-01-02,SKU0055,WH03,17.516096
2026-01-02,SKU0055,WH04,17.100069
2026-01-02,SKU0055,WH05,20.312094
2026-01-02,SKU0056,WH01,1.2344251
2026-01-02,SKU0056,WH02,1.2344251
2026-01-02,SKU0056,WH03,1.4846485
2026-01-02,SKU0056,WH04,1.32712
2026-01-02,SKU0056,WH05,1.4395328
2026-01-02,SKU0057,WH01,5.631756
2026-01-02,SKU0057,WH02,5.5172462
2026-01-02,SKU0057,WH03,5.1213593
2026-01-02,SKU0057,WH04,5.3993387
2026-01-02,SKU0057,WH05,5.167134
2026-01-02,SKU0058,WH01,25.237597
2026-01-02,SKU0058,WH02,25.742874
2026-01-02,SKU0058,WH03,26.295382
2026-01-02,SKU0058,WH04,28.816814
2026-01-02,SKU0058,WH05,29.339058
2026-01-02,SKU0059,WH01,20.684515
2026-01-02,SKU0059,WH02,22.589956
2026-01-02,SKU0059,WH03,19.319061
2026-01-02,SKU0059,WH04,21.228266
2026-01-02,SKU0059,WH05,22.073324
2026-01-02,SKU0060,WH01,10.512488
2026-01-02,SKU0060,WH02,9.200881
2026-01-02,SKU0060,WH03,9.14706
2026-01-02,SKU0060,WH04,9.142093
2026-01-02,SKU0060,WH05,9.228831
2026-01-02,SKU0061,WH01,13.641207
2026-01-02,SKU0061,WH02,15.843951
2026-01-02,SKU0061,WH03,16.325298
2026-01-02,SKU0061,WH04,16.35324
2026-01-02,SKU0061,WH05,16.63307
2026-01-02,SKU0062,WH01,29.858107
2026-01-02,SKU0062,WH02,35.367718
2026-01-02,SKU0062,WH03,33.75055
2026-01-02,SKU0062,WH04,31.948
2026-01-02,SKU0062,WH05,33.06554
2026-01-02,SKU0063,WH01,10.244357
2026-01-02,SKU0063,WH02,11.971736
2026-01-02,SKU0063,WH03,10.807237
2026-01-02,SKU0063,WH04,10.306189
2026-01-02,SKU0063,WH05,9.879691
2026-01-02,SKU0064,WH01,7.682468
2026-01-02,SKU0064,WH02,8.881363
2026-01-02,SKU0064,WH03,7.876962
2026-01-02,SKU0064,WH04,9.102302
2026-01-02,SKU0064,WH05,8.068578
2026-01-02,SKU0065,WH01,42.18683
2026-01-02,SKU0065,WH02,38.811306
2026-01-02,SKU0065,WH03,40.27404
2026-01-02,SKU0065,WH04,38.18133
2026-01-02,SKU0065,WH05,41.38705
2026-01-02,SKU0066,WH01,8.402655
2026-01-02,SKU0066,WH02,8.192508
2026-01-02,SKU0066,WH03,7.963651
2026-01-02,SKU0066,WH04,8.595634
2026-01-02,SKU0066,WH05,9.679926
2026-01-02,SKU0067,WH01,37.8193
2026-01-02,SKU0067,WH02,38.149582
2026-01-02,SKU0067,WH03,37.48033
2026-01-02,SKU0067,WH04,37.85448
2026-01-02,SKU0067,WH05,36.942078
2026-01-02,SKU0068,WH01,1.7671773
2026-01-02,SKU0068,WH02,1.9939305
2026-01-02,SKU0068,WH03,1.6093758
2026-01-02,SKU0068,WH04,1.9924144
2026-01-02,SKU0068,WH05,2.220543
2026-01-02,SKU0069,WH01,16.290674
2026-01-02,SKU0069,WH02,15.361191
2026-01-02,SKU0069,WH03,16.753826
2026-01-02,SKU0069,WH04,16.003685
2026-01-02,SKU0069,WH05,17.345284
2026-01-02,SKU0070,WH01,14.161244
2026-01-02,SKU0070,WH02,14.621187
2026-01-02,SKU0070,WH03,14.579974
2026-01-02,SKU0070,WH04,14.559903
2026-01-02,SKU0070,WH05,13.985446
2026-01-02,SKU0071,WH01,11.440143
2026-01-02,SKU0071,WH02,11.20934
2026-01-02,SKU0071,WH03,11.079243
2026-01-02,SKU0071,WH04,10.344952
2026-01-02,SKU0071,WH05,9.9957695
2026-01-02,SKU0072,WH01,8.818848
2026-01-02,SKU0072,WH02,7.394589
2026-01-02,SKU0072,WH03,7.375338
2026-01-02,SKU0072,WH04,6.530866
2026-01-02,SKU0072,WH05,7.7531886
2026-01-02,SKU0073,WH01,24.629368
2026-01-02,SKU0073,WH02,22.971088
2026-01-02,SKU0073,WH03,25.284592
2026-01-02,SKU0073,WH04,22.37306
2026-01-02,SKU0073,WH05,23.603504
2026-01-02,SKU0074,WH01,18.74282
2026-01-02,SKU0074,WH02,16.87806
2026-01-02,SKU0074,WH03,17.607841
2026-01-02,SKU0074,WH04,19.231247
2026-01-02,SKU0074,WH05,18.15033
2026-01-02,SKU0075,WH01,3.442626
2026-01-02,SKU0075,WH02,4.4576535
2026-01-02,SKU0075,WH03,3.6627877
2026-01-02,SKU0075,WH04,5.1531906
2026-01-02,SKU0075,WH05,3.7356887
2026-01-02,SKU0076,WH01,14.444992
2026-01-02,SKU0076,WH02,14.602564
2026-01-02,SKU0076,WH03,12.133602
2026-01-02,SKU0076,WH04,12.010556
2026-01-02,SKU0076,WH05,16.160494
2026-01-02,SKU0077,WH01,9.131534
2026-01-02,SKU0077,WH02,10.626058
2026-01-02,SKU0077,WH03,9.914672
2026-01-02,SKU0077,WH04,9.435933
2026-01-02,SKU0077,WH05,10.0241585
2026-01-02,SKU0078,WH01,9.244057
2026-01-02,SKU0078,WH02,9.825766
2026-01-02,SKU0078,WH03,8.358501
2026-01-02,SKU0078,WH04,9.122649
2026-01-02,SKU0078,WH05,9.157122
2026-01-02,SKU0079,WH01,1.3722743
2026-01-02,SKU0079,WH02,1.3172708
2026-01-02,SKU0079,WH03,1.4329878
2026-01-02,SKU0079,WH04,1.5080445
2026-01-02,SKU0079,WH05,1.3010049
2026-01-02,SKU0080,WH01,14.328391
2026-01-02,SKU0080,WH02,13.35543
2026-01-02,SKU0080,WH03,14.54829
2026-01-02,SKU0080,WH04,16.116018
2026-01-02,SKU0080,WH05,14.309448
2026-01-03,SKU0001,WH01,20.123238
2026-01-03,SKU0001,WH02,19.947662
2026-01-03,SKU0001,WH03,17.148731
2026-01-03,SKU0001,WH04,18.563921
2026-01-03,SKU0001,WH05,19.561216
2026-01-03,SKU0002,WH01,4.077739
2026-01-03,SKU0002,WH02,3.4420886
2026-01-03,SKU0002,WH03,4.980875
2026-01-03,SKU0002,WH04,4.011226
2026-01-03,SKU0002,WH05,4.079296
2026-01-03,SKU0003,WH01,47.68705
2026-01-03,SKU0003,WH02,43.8742
2026-01-03,SKU0003,WH03,43.92012
2026-01-03,SKU0003,WH04,44.441376
2026-01-03,SKU0003,WH05,42.737274
2026-01-03,SKU0004,WH01,80.6796
2026-01-03,SKU0004,WH02,79.57231
2026-01-03,SKU0004,WH03,93.93077
2026-01-03,SKU0004,WH04,86.078735
2026-01-03,SKU0004,WH05,82.93647
2026-01-03,SKU0005,WH01,18.715588
2026-01-03,SKU0005,WH02,18.644007
2026-01-03,SKU0005,WH03,19.100502
2026-01-03,SKU0005,WH04,19.76688
2026-01-03,SKU0005,WH05,16.889194
2026-01-03,SKU0006,WH01,1.3259493
2026-01-03,SKU0006,WH02,1.3259493
2026-01-03,SKU0006,WH03,1.387102
2026-01-03,SKU0006,WH04,1.3259493
2026-01-03,SKU0006,WH05,1.3259493
2026-01-03,SKU0007,WH01,14.702967
2026-01-03,SKU0007,WH02,15.131816
2026-01-03,SKU0007,WH03,14.121567
2026-01-03,SKU0007,WH04,17.421782
2026-01-03,SKU0007,WH05,13.768406
2026-01-03,SKU0008,WH01,30.416859
2026-01-03,SKU0008,WH02,29.227373
2026-01-03,SKU0008,WH03,29.070242
2026-01-03,SKU0008,WH04,28.700905
2026-01-03,SKU0008,WH05,30.19079
2026-01-03,SKU0009,WH01,35.13025
2026-01-03,SKU0009,WH02,38.18668
2026-01-03,SKU0009,WH03,38.338955
2026-01-03,SKU0009,WH04,36.274227
2026-01-03,SKU0009,WH05,33.188408
2026-01-03,SKU0010,WH01,6.9122753
2026-01-03,SKU0010,WH02,7.655053
2026-01-03,SKU0010,WH03,5.6521444
2026-01-03,SKU0010,WH04,8.17903
2026-01-03,SKU0010,WH05,7.271186
2026-01-03,SKU0011,WH01,23.598026
2026-01-03,SKU0011,WH02,20.919743
2026-01-03,SKU0011,WH03,23.515387
2026-01-03,SKU0011,WH04,21.181282
2026-01-03,SKU0011,WH05,23.600903
2026-01-03,SKU0012,WH01,10.408597
2026-01-03,SKU0012,WH02,9.732958
2026-01-03,SKU0012,WH03,9.613873
2026-01-03,SKU0012,WH04,10.883583
2026-01-03,SKU0012,WH05,10.829011
2026-01-03,SKU0013,WH01,7.9478664
2026-01-03,SKU0013,WH02,8.057584
2026-01-03,SKU0013,WH03,6.6741867
2026-01-03,SKU0013,WH04,8.563323
2026-01-03,SKU0013,WH05,7.2971516
2026-01-03,SKU0014,WH01,3.846562
2026-01-03,SKU0014,WH02,3.1443458
2026-01-03,SKU0014,WH03,3.6681213
2026-01-03,SKU0014,WH04,3.1762023
2026-01-03,SKU0014,WH05,3.1435108
2026-01-03,SKU0015,WH01,3.31042
2026-01-03,SKU0015,WH02,2.775695
2026-01-03,SKU0015,WH03,3.076422
2026-01-03,SKU0015,WH04,2.6751103
2026-01-03,SKU0015,WH05,2.7721393
2026-01-03,SKU0016,WH01,60.858753
2026-01-03,SKU0016,WH02,61.196857
2026-01-03,SKU0016,WH03,60.090477
2026-01-03,SKU0016,WH04,66.16554
2026-01-03,SKU0016,WH05,60.125797
2026-01-03,SKU0017,WH01,8.577984
2026-01-03,SKU0017,WH02,9.578495
2026-01-03,SKU0017,WH03,8.502518
2026-01-03,SKU0017,WH04,9.107505
2026-01-03,SKU0017,WH05,10.136918
2026-01-03,SKU0018,WH01,20.768917
2026-01-03,SKU0018,WH02,20.839174
2026-01-03,SKU0018,WH03,20.389313
2026-01-03,SKU0018,WH04,19.492628
2026-01-03,SKU0018,WH05,20.27118
2026-01-03,SKU0019,WH01,23.318521
2026-01-03,SKU0019,WH02,27.00569
2026-01-03,SKU0019,WH03,21.706003
2026-01-03,SKU0019,WH04,24.896399
2026-01-03,SKU0019,WH05,26.750296
2026-01-03,SKU0020,WH01,14.705484
2026-01-03,SKU0020,WH02,13.101584
2026-01-03,SKU0020,WH03,14.771688
2026-01-03,SKU0020,WH04,12.91241
2026-01-03,SKU0020,WH05,15.182325
2026-01-03,SKU0021,WH01,5.203213
2026-01-03,SKU0021,WH02,2.9552655
2026-01-03,SKU0021,WH03,4.2087874
2026-01-03,SKU0021,WH04,3.8244083
2026-01-03,SKU0021,WH05,4.233133
2026-01-03,SKU0022,WH01,5.3038206
2026-01-03,SKU0022,WH02,5.7207236
2026-01-03,SKU0022,WH03,5.1869836
2026-01-03,SKU0022,WH04,5.7218976
2026-01-03,SKU0022,WH05,4.8103685
2026-01-03,SKU0023,WH01,9.606279
2026-01-03,SKU0023,WH02,9.794881
2026-01-03,SKU0023,WH03,9.638314
2026-01-03,SKU0023,WH04,10.552172
2026-01-03,SKU0023,WH05,9.050845
2026-01-03,SKU0024,WH01,24.561583
2026-01-03,SKU0024,WH02,25.8078
2026-01-03,SKU0024,WH03,22.482233
2026-01-03,SKU0024,WH04,25.028982
2026-01-03,SKU0024,WH05,25.52736
2026-01-03,SKU0025,WH01,21.808695
2026-01-03,SKU0025,WH02,19.713017
2026-01-03,SKU0025,WH03,21.690758
2026-01-03,SKU0025,WH04,22.489399
2026-01-03,SKU0025,WH05,22.678951
2026-01-03,SKU0026,WH01,47.87454
2026-01-03,SKU0026,WH02,44.841732
2026-01-03,SKU0026,WH03,42.877525
2026-01-03,SKU0026,WH04,44.226543
2026-01-03,SKU0026,WH05,47.635246
2026-01-03,SKU0027,WH01,16.0618
2026-01-03,SKU0027,WH02,16.243807
2026-01-03,SKU0027,WH03,16.30582
2026-01-03,SKU0027,WH04,16.185366
2026-01-03,SKU0027,WH05,15.045737
2026-01-03,SKU0028,WH01,7.8564672
2026-01-03,SKU0028,WH02,8.3416605
2026-01-03,SKU0028,WH03,8.509893
2026-01-03,SKU0028,WH04,8.770508
2026-01-03,SKU0028,WH05,8.129141
2026-01-03,SKU0029,WH01,10.238404
2026-01-03,SKU0029,WH02,10.001559
2026-01-03,SKU0029,WH03,9.505805
2026-01-03,SKU0029,WH04,10.147965
2026-01-03,SKU0029,WH05,9.968266
2026-01-03,SKU0030,WH01,18.082626
2026-01-03,SKU0030,WH02,18.00317
2026-01-03,SKU0030,WH03,18.044521
2026-01-03,SKU0030,WH04,17.997673
2026-01-03,SKU0030,WH05,18.03272
2026-01-03,SKU0031,WH01,8.224992
2026-01-03,SKU0031,WH02,10.5217495
2026-01-03,SKU0031,WH03,8.799714
2026-01-03,SKU0031,WH04,9.696767
2026-01-03,SKU0031,WH05,8.550186
2026-01-03,SKU0032,WH01,9.889449
2026-01-03,SKU0032,WH02,9.5926285
2026-01-03,SKU0032,WH03,9.90387
2026-01-03,SKU0032,WH04,10.243561
2026-01-03,SKU0032,WH05,9.912406
2026-01-03,SKU0033,WH01,3.4348736
2026-01-03,SKU0033,WH02,4.4643693
2026-01-03,SKU0033,WH03,4.189917
2026-01-03,SKU0033,WH04,4.266407
2026-01-03,SKU0033,WH05,4.236458
2026-01-03,SKU0034,WH01,5.425263
2026-01-03,SKU0034,WH02,5.6632786
2026-01-03,SKU0034,WH03,4.9104414
2026-01-03,SKU0034,WH04,5.192164
2026-01-03,SKU0034,WH05,5.3238544
2026-01-03,SKU0035,WH01,4.438994
2026-01-03,SKU0035,WH02,4.3795595
2026-01-03,SKU0035,WH03,4.7478
2026-01-03,SKU0035,WH04,4.505238
2026-01-03,SKU0035,WH05,4.13925
2026-01-03,SKU0036,WH01,4.7344522
2026-01-03,SKU0036,WH02,4.2909365
2026-01-03,SKU0036,WH03,4.36041
2026-01-03,SKU0036,WH04,4.3219767
2026-01-03,SKU0036,WH05,5.201178
2026-01-03,SKU0037,WH01,1.4186442
2026-01-03,SKU0037,WH02,1.3259493
2026-01-03,SKU0037,WH03,1.014358
2026-01-03,SKU0037,WH04,1.3259493
2026-01-03,SKU0037,WH05,1.3259493
2026-01-03,SKU0038,WH01,15.040995
2026-01-03,SKU0038,WH02,16.966711
2026-01-03,SKU0038,WH03,15.685834
2026-01-03,SKU0038,WH04,16.09402
2026-01-03,SKU0038,WH05,16.258778
2026-01-03,SKU0039,WH01,8.502272
2026-01-03,SKU0039,WH02,8.11634
2026-01-03,SKU0039,WH03,8.119313
2026-01-03,SKU0039,WH04,7.2193346
2026-01-03,SKU0039,WH05,7.635809
2026-01-03,SKU0040,WH01,4.746568
2026-01-03,SKU0040,WH02,5.631981
2026-01-03,SKU0040,WH03,5.3951855
2026-01-03,SKU0040,WH04,6.0252857
2026-01-03,SKU0040,WH05,5.2923684
2026-01-03,SKU0041,WH01,1.4186442
2026-01-03,SKU0041,WH02,1.3574915
2026-01-03,SKU0041,WH03,1.2870091
2026-01-03,SKU0041,WH04,1.1998143
2026-01-03,SKU0041,WH05,1.4284986
2026-01-03,SKU0042,WH01,19.61317
2026-01-03,SKU0042,WH02,22.639757
2026-01-03,SKU0042,WH03,19.384918
2026-01-03,SKU0042,WH04,22.667019
2026-01-03,SKU0042,WH05,20.229055
2026-01-03,SKU0043,WH01,2.1306615
2026-01-03,SKU0043,WH02,2.3854506
2026-01-03,SKU0043,WH03,2.755222
2026-01-03,SKU0043,WH04,2.4895902
2026-01-03,SKU0043,WH05,2.3831842
2026-01-03,SKU0044,WH01,2.7885644
2026-01-03,SKU0044,WH02,2.8240168
2026-01-03,SKU0044,WH03,2.757296
2026-01-03,SKU0044,WH04,2.8240168
2026-01-03,SKU0044,WH05,2.5978658
2026-01-03,SKU0045,WH01,48.965153
2026-01-03,SKU0045,WH02,48.06398
2026-01-03,SKU0045,WH03,47.29708
2026-01-03,SKU0045,WH04,45.891975
2026-01-03,SKU0045,WH05,49.176605
2026-01-03,SKU0046,WH01,44.578102
2026-01-03,SKU0046,WH02,43.519135
2026-01-03,SKU0046,WH03,42.82068
2026-01-03,SKU0046,WH04,44.17715
2026-01-03,SKU0046,WH05,46.67771
2026-01-03,SKU0047,WH01,2.4333963
2026-01-03,SKU0047,WH02,2.676496
2026-01-03,SKU0047,WH03,2.7749171
2026-01-03,SKU0047,WH04,2.7506454
2026-01-03,SKU0047,WH05,2.5424092
2026-01-03,SKU0048,WH01,1.1070529
2026-01-03,SKU0048,WH02,1.3259493
2026-01-03,SKU0048,WH03,1.3259493
2026-01-03,SKU0048,WH04,1.3259493
2026-01-03,SKU0048,WH05,1.3259493
2026-01-03,SKU0049,WH01,8.994077
2026-01-03,SKU0049,WH02,9.754054
2026-01-03,SKU0049,WH03,9.223185
2026-01-03,SKU0049,WH04,10.663401
2026-01-03,SKU0049,WH05,10.050271
2026-01-03,SKU0050,WH01,17.327263
2026-01-03,SKU0050,WH02,17.55241
2026-01-03,SKU0050,WH03,15.5531645
2026-01-03,SKU0050,WH04,15.725628
2026-01-03,SKU0050,WH05,16.149107
2026-01-03,SKU0051,WH01,1.3259493
2026-01-03,SKU0051,WH02,1.387102
2026-01-03,SKU0051,WH03,1.3259493
2026-01-03,SKU0051,WH04,1.3259493
2026-01-03,SKU0051,WH05,1.5299313
2026-01-03,SKU0052,WH01,24.876926
2026-01-03,SKU0052,WH02,24.676233
2026-01-03,SKU0052,WH03,23.005186
2026-01-03,SKU0052,WH04,26.06698
2026-01-03,SKU0052,WH05,25.541489
2026-01-03,SKU0053,WH01,2.5485466
2026-01-03,SKU0053,WH02,2.948077
2026-01-03,SKU0053,WH03,2.5370677
2026-01-03,SKU0053,WH04,2.9474323
2026-01-03,SKU0053,WH05,2.2035615
2026-01-03,SKU0054,WH01,14.400923
2026-01-03,SKU0054,WH02,12.700054
2026-01-03,SKU0054,WH03,15.169023
2026-01-03,SKU0054,WH04,13.902553
2026-01-03,SKU0054,WH05,11.70626
2026-01-03,SKU0055,WH01,19.626923
2026-01-03,SKU0055,WH02,19.055754
2026-01-03,SKU0055,WH03,18.646412
2026-01-03,SKU0055,WH04,17.727934
2026-01-03,SKU0055,WH05,22.104137
2026-01-03,SKU0056,WH01,1.3259493
2026-01-03,SKU0056,WH02,1.3259493
2026-01-03,SKU0056,WH03,1.5640763
2026-01-03,SKU0056,WH04,1.4186442
2026-01-03,SKU0056,WH05,1.6292391
2026-01-03,SKU0057,WH01,5.435057
2026-01-03,SKU0057,WH02,5.8669953
2026-01-03,SKU0057,WH03,5.1221704
2026-01-03,SKU0057,WH04,5.537604
2026-01-03,SKU0057,WH05,5.5582194
2026-01-03,SKU0058,WH01,26.230623
2026-01-03,SKU0058,WH02,27.20685
2026-01-03,SKU0058,WH03,28.150204
2026-01-03,SKU0058,WH04,29.487482
2026-01-03,SKU0058,WH05,29.67941
2026-01-03,SKU0059,WH01,21.403393
2026-01-03,SKU0059,WH02,24.377335
2026-01-03,SKU0059,WH03,21.006363
2026-01-03,SKU0059,WH04,23.04473
2026-01-03,SKU0059,WH05,23.462954
2026-01-03,SKU0060,WH01,11.211671
2026-01-03,SKU0060,WH02,9.736979
2026-01-03,SKU0060,WH03,9.9307165
2026-01-03,SKU0060,WH04,9.748432
2026-01-03,SKU0060,WH05,9.866179
2026-01-03,SKU0061,WH01,14.750686
2026-01-03,SKU0061,WH02,16.597094
2026-01-03,SKU0061,WH03,17.157217
2026-01-03,SKU0061,WH04,17.916677
2026-01-03,SKU0061,WH05,17.985981
2026-01-03,SKU0062,WH01,31.662632
2026-01-03,SKU0062,WH02,37.286343
2026-01-03,SKU0062,WH03,35.098488
2026-01-03,SKU0062,WH04,34.595673
2026-01-03,SKU0062,WH05,34.880226
2026-01-03,SKU0063,WH01,10.701668
2026-01-03,SKU0063,WH02,12.648324
2026-01-03,SKU0063,WH03,11.269728
2026-01-03,SKU0063,WH04,11.007353
2026-01-03,SKU0063,WH05,10.609288
2026-01-03,SKU0064,WH01,8.161523
2026-01-03,SKU0064,WH02,9.506047
2026-01-03,SKU0064,WH03,8.389081
2026-01-03,SKU0064,WH04,9.35776
2026-01-03,SKU0064,WH05,8.86977
2026-01-03,SKU0065,WH01,45.500175
2026-01-03,SKU0065,WH02,40.84538
2026-01-03,SKU0065,WH03,43.38109
2026-01-03,SKU0065,WH04,39.54064
2026-01-03,SKU0065,WH05,44.05312
2026-01-03,SKU0066,WH01,8.8066845
2026-01-03,SKU0066,WH02,8.605639
2026-01-03,SKU0066,WH03,8.040644
2026-01-03,SKU0066,WH04,9.480583
2026-01-03,SKU0066,WH05,10.206229
2026-01-03,SKU0067,WH01,38.868767
2026-01-03,SKU0067,WH02,36.784595
2026-01-03,SKU0067,WH03,39.479187
2026-01-03,SKU0067,WH04,40.874947
2026-01-03,SKU0067,WH05,38.91197
2026-01-03,SKU0068,WH01,1.7790123
2026-01-03,SKU0068,WH02,1.7280753
2026-01-03,SKU0068,WH03,1.7009001
2026-01-03,SKU0068,WH04,2.1968117
2026-01-03,SKU0068,WH05,2.2652323
2026-01-03,SKU0069,WH01,16.796974
2026-01-03,SKU0069,WH02,15.994023
2026-01-03,SKU0069,WH03,18.049143
2026-01-03,SKU0069,WH04,16.867964
2026-01-03,SKU0069,WH05,18.320465
2026-01-03,SKU0070,WH01,15.286858
2026-01-03,SKU0070,WH02,15.610457
2026-01-03,SKU0070,WH03,15.405607
2026-01-03,SKU0070,WH04,15.758515
2026-01-03,SKU0070,WH05,14.543268
2026-01-03,SKU0071,WH01,12.101814
2026-01-03,SKU0071,WH02,11.81998
2026-01-03,SKU0071,WH03,11.570805
2026-01-03,SKU0071,WH04,10.728328
2026-01-03,SKU0071,WH05,10.709189
2026-01-03,SKU0072,WH01,9.24458
2026-01-03,SKU0072,WH02,7.4622436
2026-01-03,SKU0072,WH03,7.6258974
2026-01-03,SKU0072,WH04,6.8686953
2026-01-03,SKU0072,WH05,8.077279
2026-01-03,SKU0073,WH01,26.227468
2026-01-03,SKU0073,WH02,25.27235
2026-01-03,SKU0073,WH03,27.276392
2026-01-03,SKU0073,WH04,23.976534
2026-01-03,SKU0073,WH05,24.612429
2026-01-03,SKU0074,WH01,20.729897
2026-01-03,SKU0074,WH02,17.622847
2026-01-03,SKU0074,WH03,18.593792
2026-01-03,SKU0074,WH04,20.305115
2026-01-03,SKU0074,WH05,18.993885
2026-01-03,SKU0075,WH01,3.4052422
2026-01-03,SKU0075,WH02,4.552315
2026-01-03,SKU0075,WH03,4.151823
2026-01-03,SKU0075,WH04,5.238987
2026-01-03,SKU0075,WH05,3.948079
2026-01-03,SKU0076,WH01,15.16771
2026-01-03,SKU0076,WH02,15.174333
2026-01-03,SKU0076,WH03,12.977979
2026-01-03,SKU0076,WH04,12.13769
2026-01-03,SKU0076,WH05,17.125551
2026-01-03,SKU0077,WH01,9.519084
2026-01-03,SKU0077,WH02,10.83962
2026-01-03,SKU0077,WH03,11.095359
2026-01-03,SKU0077,WH04,9.9923
2026-01-03,SKU0077,WH05,10.663552
2026-01-03,SKU0078,WH01,9.615313
2026-01-03,SKU0078,WH02,10.508411
2026-01-03,SKU0078,WH03,9.067301
2026-01-03,SKU0078,WH04,9.994716
2026-01-03,SKU0078,WH05,9.540471
2026-01-03,SKU0079,WH01,1.4815913
2026-01-03,SKU0079,WH02,1.41834
2026-01-03,SKU0079,WH03,1.5529567
2026-01-03,SKU0079,WH04,1.9539641
2026-01-03,SKU0079,WH05,1.3994801
2026-01-03,SKU0080,WH01,15.232935
2026-01-03,SKU0080,WH02,14.374593
2026-01-03,SKU0080,WH03,15.45814
2026-01-03,SKU0080,WH04,16.901873
2026-01-03,SKU0080,WH05,15.326925
2026-01-04,SKU0001,WH01,20.548891
2026-01-04,SKU0001,WH02,20.05533
2026-01-04,SKU0001,WH03,17.565989
2026-01-04,SKU0001,WH04,18.464367
2026-01-04,SKU0001,WH05,19.981995
2026-01-04,SKU0002,WH01,3.7731407
2026-01-04,SKU0002,WH02,3.4503636
2026-01-04,SKU0002,WH03,4.6612906
2026-01-04,SKU0002,WH04,4.092026
2026-01-04,SKU0002,WH05,3.9984975
2026-01-04,SKU0003,WH01,48.964245
2026-01-04,SKU0003,WH02,44.24161
2026-01-04,SKU0003,WH03,44.9406
2026-01-04,SKU0003,WH04,44.185314
2026-01-04,SKU0003,WH05,43.366222
2026-01-04,SKU0004,WH01,81.49322
2026-01-04,SKU0004,WH02,85.0521
2026-01-04,SKU0004,WH03,99.34826
2026-01-04,SKU0004,WH04,84.309586
2026-01-04,SKU0004,WH05,84.96012
2026-01-04,SKU0005,WH01,18.008493
2026-01-04,SKU0005,WH02,18.687376
2026-01-04,SKU0005,WH03,19.100502
2026-01-04,SKU0005,WH04,20.392757
2026-01-04,SKU0005,WH05,17.447222
2026-01-04,SKU0006,WH01,1.3259493
2026-01-04,SKU0006,WH02,1.3259493
2026-01-04,SKU0006,WH03,1.387102
2026-01-04,SKU0006,WH04,1.387102
2026-01-04,SKU0006,WH05,1.3259493
2026-01-04,SKU0007,WH01,14.268037
2026-01-04,SKU0007,WH02,15.497443
2026-01-04,SKU0007,WH03,13.950264
2026-01-04,SKU0007,WH04,17.604704
2026-01-04,SKU0007,WH05,13.439464
2026-01-04,SKU0008,WH01,30.507708
2026-01-04,SKU0008,WH02,29.011135
2026-01-04,SKU0008,WH03,29.344852
2026-01-04,SKU0008,WH04,28.733177
2026-01-04,SKU0008,WH05,30.210405
2026-01-04,SKU0009,WH01,35.639286
2026-01-04,SKU0009,WH02,37.73074
2026-01-04,SKU0009,WH03,37.731472
2026-01-04,SKU0009,WH04,36.889954
2026-01-04,SKU0009,WH05,35.31949
2026-01-04,SKU0010,WH01,6.5529485
2026-01-04,SKU0010,WH02,7.81347
2026-01-04,SKU0010,WH03,5.7984414
2026-01-04,SKU0010,WH04,8.344176
2026-01-04,SKU0010,WH05,7.3686056
2026-01-04,SKU0011,WH01,24.288187
2026-01-04,SKU0011,WH02,20.963255
2026-01-04,SKU0011,WH03,24.176096
2026-01-04,SKU0011,WH04,21.079128
2026-01-04,SKU0011,WH05,23.8429
2026-01-04,SKU0012,WH01,10.556347
2026-01-04,SKU0012,WH02,9.78149
2026-01-04,SKU0012,WH03,10.270858
2026-01-04,SKU0012,WH04,11.0413265
2026-01-04,SKU0012,WH05,11.0863085
2026-01-04,SKU0013,WH01,7.7360296
2026-01-04,SKU0013,WH02,7.901964
2026-01-04,SKU0013,WH03,6.479951
2026-01-04,SKU0013,WH04,8.324017
2026-01-04,SKU0013,WH05,6.894899
2026-01-04,SKU0014,WH01,3.1327424
2026-01-04,SKU0014,WH02,3.4246035
2026-01-04,SKU0014,WH03,3.304595
2026-01-04,SKU0014,WH04,3.300104
2026-01-04,SKU0014,WH05,3.3651862
2026-01-04,SKU0015,WH01,3.31042
2026-01-04,SKU0015,WH02,2.6751103
2026-01-04,SKU0015,WH03,2.6936145
2026-01-04,SKU0015,WH04,2.553479
2026-01-04,SKU0015,WH05,2.8314455
2026-01-04,SKU0016,WH01,61.298428
2026-01-04,SKU0016,WH02,59.965187
2026-01-04,SKU0016,WH03,60.868874
2026-01-04,SKU0016,WH04,64.14581
2026-01-04,SKU0016,WH05,60.32173
2026-01-04,SKU0017,WH01,8.660054
2026-01-04,SKU0017,WH02,9.757123
2026-01-04,SKU0017,WH03,8.905727
2026-01-04,SKU0017,WH04,9.376052
2026-01-04,SKU0017,WH05,10.126698
2026-01-04,SKU0018,WH01,20.130754
2026-01-04,SKU0018,WH02,20.516346
2026-01-04,SKU0018,WH03,21.119421
2026-01-04,SKU0018,WH04,19.956589
2026-01-04,SKU0018,WH05,20.277634
2026-01-04,SKU0019,WH01,23.051275
2026-01-04,SKU0019,WH02,26.09767
2026-01-04,SKU0019,WH03,22.04465
2026-01-04,SKU0019,WH04,25.02969
2026-01-04,SKU0019,WH05,26.25419
2026-01-04,SKU0020,WH01,14.639735
2026-01-04,SKU0020,WH02,13.539178
2026-01-04,SKU0020,WH03,14.765131
2026-01-04,SKU0020,WH04,13.164084
2026-01-04,SKU0020,WH05,15.69252
2026-01-04,SKU0021,WH01,5.0015826
2026-01-04,SKU0021,WH02,2.976974
2026-01-04,SKU0021,WH03,3.8113256
2026-01-04,SKU0021,WH04,4.1233854
2026-01-04,SKU0021,WH05,4.4149194
2026-01-04,SKU0022,WH01,5.3090963
2026-01-04,SKU0022,WH02,5.648297
2026-01-04,SKU0022,WH03,5.0540385
2026-01-04,SKU0022,WH04,5.6320357
2026-01-04,SKU0022,WH05,4.8605824
2026-01-04,SKU0023,WH01,9.9932
2026-01-04,SKU0023,WH02,9.732226
2026-01-04,SKU0023,WH03,9.335123
2026-01-04,SKU0023,WH04,10.498494
2026-01-04,SKU0023,WH05,9.071561
2026-01-04,SKU0024,WH01,26.00429
2026-01-04,SKU0024,WH02,26.366833
2026-01-04,SKU0024,WH03,22.322685
2026-01-04,SKU0024,WH04,25.864948
2026-01-04,SKU0024,WH05,26.26895
2026-01-04,SKU0025,WH01,21.435556
2026-01-04,SKU0025,WH02,19.899698
2026-01-04,SKU0025,WH03,21.447353
2026-01-04,SKU0025,WH04,23.631378
2026-01-04,SKU0025,WH05,22.569557
2026-01-04,SKU0026,WH01,44.71203
2026-01-04,SKU0026,WH02,44.780193
2026-01-04,SKU0026,WH03,43.923855
2026-01-04,SKU0026,WH04,46.02142
2026-01-04,SKU0026,WH05,47.557106
2026-01-04,SKU0027,WH01,15.741519
2026-01-04,SKU0027,WH02,16.13096
2026-01-04,SKU0027,WH03,16.57952
2026-01-04,SKU0027,WH04,16.666615
2026-01-04,SKU0027,WH05,15.018127
2026-01-04,SKU0028,WH01,7.27205
2026-01-04,SKU0028,WH02,8.364373
2026-01-04,SKU0028,WH03,8.330143
2026-01-04,SKU0028,WH04,8.683641
2026-01-04,SKU0028,WH05,8.054202
2026-01-04,SKU0029,WH01,10.39671
2026-01-04,SKU0029,WH02,10.511613
2026-01-04,SKU0029,WH03,9.794881
2026-01-04,SKU0029,WH04,10.176996
2026-01-04,SKU0029,WH05,9.953689
2026-01-04,SKU0030,WH01,17.836504
2026-01-04,SKU0030,WH02,17.61615
2026-01-04,SKU0030,WH03,18.28394
2026-01-04,SKU0030,WH04,17.931551
2026-01-04,SKU0030,WH05,17.602549
2026-01-04,SKU0031,WH01,8.086988
2026-01-04,SKU0031,WH02,10.423601
2026-01-04,SKU0031,WH03,8.630906
2026-01-04,SKU0031,WH04,9.540719
2026-01-04,SKU0031,WH05,8.48294
2026-01-04,SKU0032,WH01,9.942127
2026-01-04,SKU0032,WH02,9.572157
2026-01-04,SKU0032,WH03,9.619277
2026-01-04,SKU0032,WH04,10.170946
2026-01-04,SKU0032,WH05,10.013038
2026-01-04,SKU0033,WH01,3.3240335
2026-01-04,SKU0033,WH02,4.3395257
2026-01-04,SKU0033,WH03,4.340806
2026-01-04,SKU0033,WH04,4.4486313
2026-01-04,SKU0033,WH05,4.231897
2026-01-04,SKU0034,WH01,5.458178
2026-01-04,SKU0034,WH02,5.653429
2026-01-04,SKU0034,WH03,5.049019
2026-01-04,SKU0034,WH04,5.0777173
2026-01-04,SKU0034,WH05,5.122713
2026-01-04,SKU0035,WH01,4.397939
2026-01-04,SKU0035,WH02,4.367292
2026-01-04,SKU0035,WH03,5.022875
2026-01-04,SKU0035,WH04,4.481489
2026-01-04,SKU0035,WH05,4.2588663
2026-01-04,SKU0036,WH01,4.7344522
2026-01-04,SKU0036,WH02,4.3387694
2026-01-04,SKU0036,WH03,4.5010443
2026-01-04,SKU0036,WH04,4.4610686
2026-01-04,SKU0036,WH05,4.8936777
2026-01-04,SKU0037,WH01,1.43491
2026-01-04,SKU0037,WH02,1.3259493
2026-01-04,SKU0037,WH03,1.014358
2026-01-04,SKU0037,WH04,1.3259493
2026-01-04,SKU0037,WH05,1.3259493
2026-01-04,SKU0038,WH01,15.588123
2026-01-04,SKU0038,WH02,16.839214
2026-01-04,SKU0038,WH03,15.570216
2026-01-04,SKU0038,WH04,16.397978
2026-01-04,SKU0038,WH05,16.169077
2026-01-04,SKU0039,WH01,8.591335
2026-01-04,SKU0039,WH02,8.205614
2026-01-04,SKU0039,WH03,7.8588324
2026-01-04,SKU0039,WH04,7.0466247
2026-01-04,SKU0039,WH05,7.462916
2026-01-04,SKU0040,WH01,4.8871913
2026-01-04,SKU0040,WH02,5.4164033
2026-01-04,SKU0040,WH03,5.5242286
2026-01-04,SKU0040,WH04,6.285622
2026-01-04,SKU0040,WH05,5.462351
2026-01-04,SKU0041,WH01,1.4186442
2026-01-04,SKU0041,WH02,1.3574915
2026-01-04,SKU0041,WH03,1.4186442
2026-01-04,SKU0041,WH04,1.1998143
2026-01-04,SKU0041,WH05,1.5297786
2026-01-04,SKU0042,WH01,20.1075
2026-01-04,SKU0042,WH02,22.72485
2026-01-04,SKU0042,WH03,20.12068
2026-01-04,SKU0042,WH04,22.215515
2026-01-04,SKU0042,WH05,20.164047
2026-01-04,SKU0043,WH01,2.1306615
2026-01-04,SKU0043,WH02,2.3840349
2026-01-04,SKU0043,WH03,2.424397
2026-01-04,SKU0043,WH04,2.6659768
2026-01-04,SKU0043,WH05,2.2069016
2026-01-04,SKU0044,WH01,2.723432
2026-01-04,SKU0044,WH02,2.6365387
2026-01-04,SKU0044,WH03,2.7523546
2026-01-04,SKU0044,WH04,2.7506454
2026-01-04,SKU0044,WH05,2.3113575
2026-01-04,SKU0045,WH01,49.672455
2026-01-04,SKU0045,WH02,48.275555
2026-01-04,SKU0045,WH03,46.4667
2026-01-04,SKU0045,WH04,45.66629
2026-01-04,SKU0045,WH05,49.578465
2026-01-04,SKU0046,WH01,44.054764
2026-01-04,SKU0046,WH02,42.881195
2026-01-04,SKU0046,WH03,43.514633
2026-01-04,SKU0046,WH04,44.454826
2026-01-04,SKU0046,WH05,47.06114
2026-01-04,SKU0047,WH01,2.4333963
2026-01-04,SKU0047,WH02,2.7498674
2026-01-04,SKU0047,WH03,2.6268504
2026-01-04,SKU0047,WH04,2.8891492
2026-01-04,SKU0047,WH05,2.5424092
2026-01-04,SKU0048,WH01,1.1070529
2026-01-04,SKU0048,WH02,1.3259493
2026-01-04,SKU0048,WH03,1.3259493
2026-01-04,SKU0048,WH04,1.3259493
2026-01-04,SKU0048,WH05,1.3259493
2026-01-04,SKU0049,WH01,9.020909
2026-01-04,SKU0049,WH02,9.970211
2026-01-04,SKU0049,WH03,9.144412
2026-01-04,SKU0049,WH04,10.133102
2026-01-04,SKU0049,WH05,10.295787
2026-01-04,SKU0050,WH01,17.694036
2026-01-04,SKU0050,WH02,17.854221
2026-01-04,SKU0050,WH03,16.055748
2026-01-04,SKU0050,WH04,15.856642
2026-01-04,SKU0050,WH05,15.989394
2026-01-04,SKU0051,WH01,1.3259493
2026-01-04,SKU0051,WH02,1.4186442
2026-01-04,SKU0051,WH03,1.3259493
2026-01-04,SKU0051,WH04,1.3259493
2026-01-04,SKU0051,WH05,1.3259493
2026-01-04,SKU0052,WH01,25.457108
2026-01-04,SKU0052,WH02,24.947933
2026-01-04,SKU0052,WH03,23.766024
2026-01-04,SKU0052,WH04,25.151701
2026-01-04,SKU0052,WH05,25.456732
2026-01-04,SKU0053,WH01,2.7692397
2026-01-04,SKU0053,WH02,2.9643128
2026-01-04,SKU0053,WH03,2.3836517
2026-01-04,SKU0053,WH04,3.1474187
2026-01-04,SKU0053,WH05,2.3710716
2026-01-04,SKU0054,WH01,15.054038
2026-01-04,SKU0054,WH02,12.643529
2026-01-04,SKU0054,WH03,15.486478
2026-01-04,SKU0054,WH04,14.241174
2026-01-04,SKU0054,WH05,11.853786
2026-01-04,SKU0055,WH01,18.831234
2026-01-04,SKU0055,WH02,18.965153
2026-01-04,SKU0055,WH03,19.126606
2026-01-04,SKU0055,WH04,17.794823
2026-01-04,SKU0055,WH05,21.438444
2026-01-04,SKU0056,WH01,1.3259493
2026-01-04,SKU0056,WH02,1.3259493
2026-01-04,SKU0056,WH03,1.6469026
2026-01-04,SKU0056,WH04,1.4186442
2026-01-04,SKU0056,WH05,1.6292391
2026-01-04,SKU0057,WH01,5.7840414
2026-01-04,SKU0057,WH02,5.6248255
2026-01-04,SKU0057,WH03,5.09723
2026-01-04,SKU0057,WH04,5.7652235
2026-01-04,SKU0057,WH05,5.5736303
2026-01-04,SKU0058,WH01,25.529993
2026-01-04,SKU0058,WH02,26.969547
2026-01-04,SKU0058,WH03,28.397026
2026-01-04,SKU0058,WH04,30.583508
2026-01-04,SKU0058,WH05,30.303349
2026-01-04,SKU0059,WH01,21.77431
2026-01-04,SKU0059,WH02,24.934076
2026-01-04,SKU0059,WH03,20.599035
2026-01-04,SKU0059,WH04,23.4345
2026-01-04,SKU0059,WH05,23.586134
2026-01-04,SKU0060,WH01,10.709898
2026-01-04,SKU0060,WH02,9.64861
2026-01-04,SKU0060,WH03,9.746933
2026-01-04,SKU0060,WH04,9.72426
2026-01-04,SKU0060,WH05,9.646347
2026-01-04,SKU0061,WH01,14.6753235
2026-01-04,SKU0061,WH02,16.500772
2026-01-04,SKU0061,WH03,17.231602
2026-01-04,SKU0061,WH04,16.904112
2026-01-04,SKU0061,WH05,17.719776
2026-01-04,SKU0062,WH01,30.641392
2026-01-04,SKU0062,WH02,37.46755
2026-01-04,SKU0062,WH03,36.314724
2026-01-04,SKU0062,WH04,34.18283
2026-01-04,SKU0062,WH05,34.786514
2026-01-04,SKU0063,WH01,10.784051
2026-01-04,SKU0063,WH02,12.457914
2026-01-04,SKU0063,WH03,11.226976
2026-01-04,SKU0063,WH04,10.958519
2026-01-04,SKU0063,WH05,10.758883
2026-01-04,SKU0064,WH01,8.151465
2026-01-04,SKU0064,WH02,9.538564
2026-01-04,SKU0064,WH03,8.454382
2026-01-04,SKU0064,WH04,9.568401
2026-01-04,SKU0064,WH05,9.218837
2026-01-04,SKU0065,WH01,44.553566
2026-01-04,SKU0065,WH02,41.37796
2026-01-04,SKU0065,WH03,43.173233
2026-01-04,SKU0065,WH04,39.30727
2026-01-04,SKU0065,WH05,43.58121
2026-01-04,SKU0066,WH01,8.658721
2026-01-04,SKU0066,WH02,8.893655
2026-01-04,SKU0066,WH03,8.497163
2026-01-04,SKU0066,WH04,9.265494
2026-01-04,SKU0066,WH05,10.241249
2026-01-04,SKU0067,WH01,38.883926
2026-01-04,SKU0067,WH02,37.76156
2026-01-04,SKU0067,WH03,40.953762
2026-01-04,SKU0067,WH04,40.487206
2026-01-04,SKU0067,WH05,38.69462
2026-01-04,SKU0068,WH01,1.6480912
2026-01-04,SKU0068,WH02,1.8073299
2026-01-04,SKU0068,WH03,1.752256
2026-01-04,SKU0068,WH04,2.3542616
2026-01-04,SKU0068,WH05,2.3456674
2026-01-04,SKU0069,WH01,17.65113
2026-01-04,SKU0069,WH02,15.901369
2026-01-04,SKU0069,WH03,17.742674
2026-01-04,SKU0069,WH04,16.777004
2026-01-04,SKU0069,WH05,18.173424
2026-01-04,SKU0070,WH01,15.726553
2026-01-04,SKU0070,WH02,15.46989
2026-01-04,SKU0070,WH03,15.511729
2026-01-04,SKU0070,WH04,15.955141
2026-01-04,SKU0070,WH05,15.195317
2026-01-04,SKU0071,WH01,11.862657
2026-01-04,SKU0071,WH02,11.941431
2026-01-04,SKU0071,WH03,11.60291
2026-01-04,SKU0071,WH04,11.155536
2026-01-04,SKU0071,WH05,10.778344
2026-01-04,SKU0072,WH01,9.271586
2026-01-04,SKU0072,WH02,7.5375237
2026-01-04,SKU0072,WH03,7.4886727
2026-01-04,SKU0072,WH04,6.721622
2026-01-04,SKU0072,WH05,7.9492826
2026-01-04,SKU0073,WH01,26.574266
2026-01-04,SKU0073,WH02,25.508816
2026-01-04,SKU0073,WH03,27.477394
2026-01-04,SKU0073,WH04,23.623346
2026-01-04,SKU0073,WH05,24.516932
2026-01-04,SKU0074,WH01,18.825256
2026-01-04,SKU0074,WH02,17.79714
2026-01-04,SKU0074,WH03,18.41444
2026-01-04,SKU0074,WH04,19.892296
2026-01-04,SKU0074,WH05,19.430506
2026-01-04,SKU0075,WH01,3.9151714
2026-01-04,SKU0075,WH02,4.433883
2026-01-04,SKU0075,WH03,4.1263156
2026-01-04,SKU0075,WH04,4.960245
2026-01-04,SKU0075,WH05,4.0915446
2026-01-04,SKU0076,WH01,15.673284
2026-01-04,SKU0076,WH02,15.459609
2026-01-04,SKU0076,WH03,12.81544
2026-01-04,SKU0076,WH04,12.199211
2026-01-04,SKU0076,WH05,17.353315
2026-01-04,SKU0077,WH01,9.843457
2026-01-04,SKU0077,WH02,10.962395
2026-01-04,SKU0077,WH03,11.305896
2026-01-04,SKU0077,WH04,9.911755
2026-01-04,SKU0077,WH05,10.728815
2026-01-04,SKU0078,WH01,9.675457
2026-01-04,SKU0078,WH02,10.5021715
2026-01-04,SKU0078,WH03,9.037523
2026-01-04,SKU0078,WH04,10.022937
2026-01-04,SKU0078,WH05,9.584297
2026-01-04,SKU0079,WH01,1.5377712
2026-01-04,SKU0079,WH02,1.4529423
2026-01-04,SKU0079,WH03,1.5693234
2026-01-04,SKU0079,WH04,1.6578753
2026-01-04,SKU0079,WH05,1.3994801
2026-01-04,SKU0080,WH01,15.389564
2026-01-04,SKU0080,WH02,14.529177
2026-01-04,SKU0080,WH03,15.670943
2026-01-04,SKU0080,WH04,17.092716
2026-01-04,SKU0080,WH05,15.450427
2026-01-05,SKU0001,WH01,19.26769
2026-01-05,SKU0001,WH02,17.898281
2026-01-05,SKU0001,WH03,16.165215
2026-01-05,SKU0001,WH04,17.08134
2026-01-05,SKU0001,WH05,17.943554
2026-01-05,SKU0002,WH01,3.4501426
2026-01-05,SKU0002,WH02,3.5461364
2026-01-05,SKU0002,WH03,4.7056713
2026-01-05,SKU0002,WH04,3.7737834
2026-01-05,SKU0002,WH05,4.2124815
2026-01-05,SKU0003,WH01,46.453392
2026-01-05,SKU0003,WH02,42.298065
2026-01-05,SKU0003,WH03,42.376957
2026-01-05,SKU0003,WH04,41.483936
2026-01-05,SKU0003,WH05,41.2938
2026-01-05,SKU0004,WH01,75.1508
2026-01-05,SKU0004,WH02,73.51227
2026-01-05,SKU0004,WH03,89.93264
2026-01-05,SKU0004,WH04,80.353325
2026-01-05,SKU0004,WH05,89.57899
2026-01-05,SKU0005,WH01,17.183931
2026-01-05,SKU0005,WH02,18.029495
2026-01-05,SKU0005,WH03,17.665218
2026-01-05,SKU0005,WH04,18.797403
2026-01-05,SKU0005,WH05,16.479855
2026-01-05,SKU0006,WH01,0.8903455
2026-01-05,SKU0006,WH02,0.90571904
2026-01-05,SKU0006,WH03,0.9007965
2026-01-05,SKU0006,WH04,0.9372612
2026-01-05,SKU0006,WH05,0.9150556
2026-01-05,SKU0007,WH01,13.853864
2026-01-05,SKU0007,WH02,14.809318
2026-01-05,SKU0007,WH03,13.250055
2026-01-05,SKU0007,WH04,16.691727
2026-01-05,SKU0007,WH05,13.287149
2026-01-05,SKU0008,WH01,27.835768
2026-01-05,SKU0008,WH02,27.534008
2026-01-05,SKU0008,WH03,27.744816
2026-01-05,SKU0008,WH04,26.933746
2026-01-05,SKU0008,WH05,27.401655
2026-01-05,SKU0009,WH01,32.58788
2026-01-05,SKU0009,WH02,36.543114
2026-01-05,SKU0009,WH03,35.62445
2026-01-05,SKU0009,WH04,35.39156
2026-01-05,SKU0009,WH05,32.094734
2026-01-05,SKU0010,WH01,6.643647
2026-01-05,SKU0010,WH02,7.3745456
2026-01-05,SKU0010,WH03,5.751255
2026-01-05,SKU0010,WH04,7.842332
2026-01-05,SKU0010,WH05,6.7147884
2026-01-05,SKU0011,WH01,22.838459
2026-01-05,SKU0011,WH02,19.691755
2026-01-05,SKU0011,WH03,22.711653
2026-01-05,SKU0011,WH04,19.43178
2026-01-05,SKU0011,WH05,21.94147
2026-01-05,SKU0012,WH01,9.736635
2026-01-05,SKU0012,WH02,8.974451
2026-01-05,SKU0012,WH03,9.576649
2026-01-05,SKU0012,WH04,10.026103
2026-01-05,SKU0012,WH05,10.301235
2026-01-05,SKU0013,WH01,7.4117827
2026-01-05,SKU0013,WH02,7.303507
2026-01-05,SKU0013,WH03,5.838123
2026-01-05,SKU0013,WH04,7.700703
2026-01-05,SKU0013,WH05,6.139729
2026-01-05,SKU0014,WH01,3.0798478
2026-01-05,SKU0014,WH02,3.3946528
2026-01-05,SKU0014,WH03,3.4974256
2026-01-05,SKU0014,WH04,3.4471967
2026-01-05,SKU0014,WH05,3.1817937
2026-01-05,SKU0015,WH01,3.0281622
2026-01-05,SKU0015,WH02,2.8303864
2026-01-05,SKU0015,WH03,2.6530287
2026-01-05,SKU0015,WH04,2.7115695
2026-01-05,SKU0015,WH05,2.8414693
2026-01-05,SKU0016,WH01,55.602158
2026-01-05,SKU0016,WH02,55.692448
2026-01-05,SKU0016,WH03,55.575882
2026-01-05,SKU0016,WH04,63.45543
2026-01-05,SKU0016,WH05,56.95822
2026-01-05,SKU0017,WH01,7.702657
2026-01-05,SKU0017,WH02,8.979799
2026-01-05,SKU0017,WH03,8.304678
2026-01-05,SKU0017,WH04,8.2858715
2026-01-05,SKU0017,WH05,9.393322
2026-01-05,SKU0018,WH01,19.650686
2026-01-05,SKU0018,WH02,19.779308
2026-01-05,SKU0018,WH03,19.622358
2026-01-05,SKU0018,WH04,19.431208
2026-01-05,SKU0018,WH05,19.401508
2026-01-05,SKU0019,WH01,22.288124
2026-01-05,SKU0019,WH02,25.496067
2026-01-05,SKU0019,WH03,20.824348
2026-01-05,SKU0019,WH04,24.219648
2026-01-05,SKU0019,WH05,24.974554
2026-01-05,SKU0020,WH01,14.480697
2026-01-05,SKU0020,WH02,11.684581
2026-01-05,SKU0020,WH03,14.637849
2026-01-05,SKU0020,WH04,12.58529
2026-01-05,SKU0020,WH05,14.25567
2026-01-05,SKU0021,WH01,4.9842815
2026-01-05,SKU0021,WH02,3.176086
2026-01-05,SKU0021,WH03,3.958776
2026-01-05,SKU0021,WH04,3.728623
2026-01-05,SKU0021,WH05,4.5768595
2026-01-05,SKU0022,WH01,5.258386
2026-01-05,SKU0022,WH02,5.528718
2026-01-05,SKU0022,WH03,4.8866796
2026-01-05,SKU0022,WH04,5.916748
2026-01-05,SKU0022,WH05,5.1978493
2026-01-05,SKU0023,WH01,9.110503
2026-01-05,SKU0023,WH02,9.417909
2026-01-05,SKU0023,WH03,9.127906
2026-01-05,SKU0023,WH04,9.831584
2026-01-05,SKU0023,WH05,8.757869
2026-01-05,SKU0024,WH01,23.535963
2026-01-05,SKU0024,WH02,24.194471
2026-01-05,SKU0024,WH03,19.74248
2026-01-05,SKU0024,WH04,23.265135
2026-01-05,SKU0024,WH05,24.808418
2026-01-05,SKU0025,WH01,20.745409
2026-01-05,SKU0025,WH02,19.657454
2026-01-05,SKU0025,WH03,20.46497
2026-01-05,SKU0025,WH04,22.577358
2026-01-05,SKU0025,WH05,21.316877
2026-01-05,SKU0026,WH01,45.573936
2026-01-05,SKU0026,WH02,42.075413
2026-01-05,SKU0026,WH03,40.00007
2026-01-05,SKU0026,WH04,42.618935
2026-01-05,SKU0026,WH05,44.717606
2026-01-05,SKU0027,WH01,14.842687
2026-01-05,SKU0027,WH02,15.477826
2026-01-05,SKU0027,WH03,15.844034
2026-01-05,SKU0027,WH04,16.21286
2026-01-05,SKU0027,WH05,14.202574
2026-01-05,SKU0028,WH01,7.030691
2026-01-05,SKU0028,WH02,7.347818
2026-01-05,SKU0028,WH03,7.876716
2026-01-05,SKU0028,WH04,8.129021
2026-01-05,SKU0028,WH05,7.256475
2026-01-05,SKU0029,WH01,9.678677
2026-01-05,SKU0029,WH02,9.32184
2026-01-05,SKU0029,WH03,9.319186
2026-01-05,SKU0029,WH04,9.655248
2026-01-05,SKU0029,WH05,9.343056
2026-01-05,SKU0030,WH01,17.310778
2026-01-05,SKU0030,WH02,16.959991
2026-01-05,SKU0030,WH03,17.598818
2026-01-05,SKU0030,WH04,17.33897
2026-01-05,SKU0030,WH05,16.735683
2026-01-05,SKU0031,WH01,7.873002
2026-01-05,SKU0031,WH02,9.773155
2026-01-05,SKU0031,WH03,8.753022
2026-01-05,SKU0031,WH04,8.894469
2026-01-05,SKU0031,WH05,8.113191
2026-01-05,SKU0032,WH01,9.109269
2026-01-05,SKU0032,WH02,9.192302
2026-01-05,SKU0032,WH03,9.031401
2026-01-05,SKU0032,WH04,9.644332
2026-01-05,SKU0032,WH05,9.224995
2026-01-05,SKU0033,WH01,3.449689
2026-01-05,SKU0033,WH02,4.289803
2026-01-05,SKU0033,WH03,4.221695
2026-01-05,SKU0033,WH04,4.4686904
2026-01-05,SKU0033,WH05,4.2721086
2026-01-05,SKU0034,WH01,5.051096
2026-01-05,SKU0034,WH02,5.573067
2026-01-05,SKU0034,WH03,4.9222436
2026-01-05,SKU0034,WH04,4.8597007
2026-01-05,SKU0034,WH05,5.0418496
2026-01-05,SKU0035,WH01,4.0618176
2026-01-05,SKU0035,WH02,4.351881
2026-01-05,SKU0035,WH03,5.0411577
2026-01-05,SKU0035,WH04,4.347405
2026-01-05,SKU0035,WH05,4.1803665
2026-01-05,SKU0036,WH01,4.5133243
2026-01-05,SKU0036,WH02,4.2788544
2026-01-05,SKU0036,WH03,4.5692964
2026-01-05,SKU0036,WH04,4.598796
2026-01-05,SKU0036,WH05,4.864981
2026-01-05,SKU0037,WH01,1.0001365
2026-01-05,SKU0037,WH02,0.8835134
2026-01-05,SKU0037,WH03,0.74663574
2026-01-05,SKU0037,WH04,0.8903455
2026-01-05,SKU0037,WH05,0.74663574
2026-01-05,SKU0038,WH01,14.8945
2026-01-05,SKU0038,WH02,16.547726
2026-01-05,SKU0038,WH03,14.729029
2026-01-05,SKU0038,WH04,15.533563
2026-01-05,SKU0038,WH05,15.60845
2026-01-05,SKU0039,WH01,8.455132
2026-01-05,SKU0039,WH02,7.6820292
2026-01-05,SKU0039,WH03,7.6465235
2026-01-05,SKU0039,WH04,6.5323772
2026-01-05,SKU0039,WH05,7.085829
2026-01-05,SKU0040,WH01,4.668804
2026-01-05,SKU0040,WH02,5.3266993
2026-01-05,SKU0040,WH03,5.4663124
2026-01-05,SKU0040,WH04,5.7302384
2026-01-05,SKU0040,WH05,5.0161896
2026-01-05,SKU0041,WH01,0.9372612
2026-01-05,SKU0041,WH02,0.99049777
2026-01-05,SKU0041,WH03,0.9372612
2026-01-05,SKU0041,WH04,0.8813902
2026-01-05,SKU0041,WH05,0.80028576
2026-01-05,SKU0042,WH01,19.505543
2026-01-05,SKU0042,WH02,21.579329
2026-01-05,SKU0042,WH03,19.76445
2026-01-05,SKU0042,WH04,21.653442
2026-01-05,SKU0042,WH05,19.033653
2026-01-05,SKU0043,WH01,2.2479563
2026-01-05,SKU0043,WH02,1.812354
2026-01-05,SKU0043,WH03,2.855778
2026-01-05,SKU0043,WH04,2.0130966
2026-01-05,SKU0043,WH05,1.8436946
2026-01-05,SKU0044,WH01,2.6594546
2026-01-05,SKU0044,WH02,2.6465626
2026-01-05,SKU0044,WH03,2.8414693
2026-01-05,SKU0044,WH04,2.9774246
2026-01-05,SKU0044,WH05,2.4271874
2026-01-05,SKU0045,WH01,46.268913
2026-01-05,SKU0045,WH02,45.278168
2026-01-05,SKU0045,WH03,44.15639
2026-01-05,SKU0045,WH04,43.174053
2026-01-05,SKU0045,WH05,46.94847
2026-01-05,SKU0046,WH01,42.23323
2026-01-05,SKU0046,WH02,41.68341
2026-01-05,SKU0046,WH03,42.286556
2026-01-05,SKU0046,WH04,42.00927
2026-01-05,SKU0046,WH05,43.78873
2026-01-05,SKU0047,WH01,2.3964717
2026-01-05,SKU0047,WH02,2.6594546
2026-01-05,SKU0047,WH03,2.6865199
2026-01-05,SKU0047,WH04,2.669628
2026-01-05,SKU0047,WH05,2.6530182
2026-01-05,SKU0048,WH01,0.78862864
2026-01-05,SKU0048,WH02,0.8952681
2026-01-05,SKU0048,WH03,0.8835134
2026-01-05,SKU0048,WH04,0.8952681
2026-01-05,SKU0048,WH05,0.8952681
2026-01-05,SKU0049,WH01,7.8058786
2026-01-05,SKU0049,WH02,9.057336
2026-01-05,SKU0049,WH03,8.487207
2026-01-05,SKU0049,WH04,9.180647
2026-01-05,SKU0049,WH05,9.27269
2026-01-05,SKU0050,WH01,16.405434
2026-01-05,SKU0050,WH02,16.355051
2026-01-05,SKU0050,WH03,15.255504
2026-01-05,SKU0050,WH04,14.726045
2026-01-05,SKU0050,WH05,15.17764
2026-01-05,SKU0051,WH01,0.8835134
2026-01-05,SKU0051,WH02,0.9372612
2026-01-05,SKU0051,WH03,0.8903455
2026-01-05,SKU0051,WH04,0.93233865
2026-01-05,SKU0051,WH05,0.8903455
2026-01-05,SKU0052,WH01,24.050642
2026-01-05,SKU0052,WH02,23.608686
2026-01-05,SKU0052,WH03,22.345505
2026-01-05,SKU0052,WH04,23.805508
2026-01-05,SKU0052,WH05,23.871975
2026-01-05,SKU0053,WH01,2.7792635
2026-01-05,SKU0053,WH02,2.9743366
2026-01-05,SKU0053,WH03,2.4727664
2026-01-05,SKU0053,WH04,2.991483
2026-01-05,SKU0053,WH05,2.5633621
2026-01-05,SKU0054,WH01,13.6562805
2026-01-05,SKU0054,WH02,12.433382
2026-01-05,SKU0054,WH03,14.626924
2026-01-05,SKU0054,WH04,13.193416
2026-01-05,SKU0054,WH05,11.066644
2026-01-05,SKU0055,WH01,19.289162
2026-01-05,SKU0055,WH02,17.862902
2026-01-05,SKU0055,WH03,17.857746
2026-01-05,SKU0055,WH04,17.242207
2026-01-05,SKU0055,WH05,20.46124
2026-01-05,SKU0056,WH01,0.8952681
2026-01-05,SKU0056,WH02,0.96557224
2026-01-05,SKU0056,WH03,1.1190904
2026-01-05,SKU0056,WH04,0.96804047
2026-01-05,SKU0056,WH05,1.1321365
2026-01-05,SKU0057,WH01,5.7386317
2026-01-05,SKU0057,WH02,5.681975
2026-01-05,SKU0057,WH03,5.333725
2026-01-05,SKU0057,WH04,5.3630853
2026-01-05,SKU0057,WH05,5.4114704
2026-01-05,SKU0058,WH01,25.215021
2026-01-05,SKU0058,WH02,26.86149
2026-01-05,SKU0058,WH03,27.538652
2026-01-05,SKU0058,WH04,28.90487
2026-01-05,SKU0058,WH05,29.700003
2026-01-05,SKU0059,WH01,20.523804
2026-01-05,SKU0059,WH02,23.2916
2026-01-05,SKU0059,WH03,19.481068
2026-01-05,SKU0059,WH04,21.325264
2026-01-05,SKU0059,WH05,22.078709
2026-01-05,SKU0060,WH01,10.3844185
2026-01-05,SKU0060,WH02,8.9851675
2026-01-05,SKU0060,WH03,9.248465
2026-01-05,SKU0060,WH04,9.406883
2026-01-05,SKU0060,WH05,9.303554
2026-01-05,SKU0061,WH01,14.041014
2026-01-05,SKU0061,WH02,15.692617
2026-01-05,SKU0061,WH03,16.430836
2026-01-05,SKU0061,WH04,16.13965
2026-01-05,SKU0061,WH05,16.563366
2026-01-05,SKU0062,WH01,29.855047
2026-01-05,SKU0062,WH02,35.893047
2026-01-05,SKU0062,WH03,33.225803
2026-01-05,SKU0062,WH04,33.059605
2026-01-05,SKU0062,WH05,32.05254
2026-01-05,SKU0063,WH01,9.936743
2026-01-05,SKU0063,WH02,11.743254
2026-01-05,SKU0063,WH03,10.549182
2026-01-05,SKU0063,WH04,10.555306
2026-01-05,SKU0063,WH05,10.13755
2026-01-05,SKU0064,WH01,8.007646
2026-01-05,SKU0064,WH02,9.050838
2026-01-05,SKU0064,WH03,8.009476
2026-01-05,SKU0064,WH04,9.05619
2026-01-05,SKU0064,WH05,8.758425
2026-01-05,SKU0065,WH01,42.52184
2026-01-05,SKU0065,WH02,39.644646
2026-01-05,SKU0065,WH03,41.060448
2026-01-05,SKU0065,WH04,39.119457
2026-01-05,SKU0065,WH05,41.680344
2026-01-05,SKU0066,WH01,8.024914
2026-01-05,SKU0066,WH02,8.109461
2026-01-05,SKU0066,WH03,7.91808
2026-01-05,SKU0066,WH04,8.604975
2026-01-05,SKU0066,WH05,9.671882
2026-01-05,SKU0067,WH01,36.384544
2026-01-05,SKU0067,WH02,35.900833
2026-01-05,SKU0067,WH03,37.637707
2026-01-05,SKU0067,WH04,38.466038
2026-01-05,SKU0067,WH05,36.587307
2026-01-05,SKU0068,WH01,1.2873034
2026-01-05,SKU0068,WH02,1.4758021
2026-01-05,SKU0068,WH03,1.319493
2026-01-05,SKU0068,WH04,1.5836815
2026-01-05,SKU0068,WH05,1.662634
2026-01-05,SKU0069,WH01,16.32391
2026-01-05,SKU0069,WH02,15.681945
2026-01-05,SKU0069,WH03,16.161781
2026-01-05,SKU0069,WH04,16.264902
2026-01-05,SKU0069,WH05,16.702164
2026-01-05,SKU0070,WH01,14.501849
2026-01-05,SKU0070,WH02,15.166497
2026-01-05,SKU0070,WH03,14.735904
2026-01-05,SKU0070,WH04,15.115918
2026-01-05,SKU0070,WH05,15.048736
2026-01-05,SKU0071,WH01,11.020751
2026-01-05,SKU0071,WH02,11.040827
2026-01-05,SKU0071,WH03,11.072159
2026-01-05,SKU0071,WH04,10.509929
2026-01-05,SKU0071,WH05,10.0167
2026-01-05,SKU0072,WH01,8.361449
2026-01-05,SKU0072,WH02,6.748714
2026-01-05,SKU0072,WH03,6.7483907
2026-01-05,SKU0072,WH04,6.559317
2026-01-05,SKU0072,WH05,7.0437946
2026-01-05,SKU0073,WH01,24.308388
2026-01-05,SKU0073,WH02,23.18835
2026-01-05,SKU0073,WH03,27.367216
2026-01-05,SKU0073,WH04,22.817892
2026-01-05,SKU0073,WH05,23.535353
2026-01-05,SKU0074,WH01,19.269718
2026-01-05,SKU0074,WH02,17.0885
2026-01-05,SKU0074,WH03,17.122734
2026-01-05,SKU0074,WH04,19.416494
2026-01-05,SKU0074,WH05,17.918362
2026-01-05,SKU0075,WH01,3.880401
2026-01-05,SKU0075,WH02,4.4974194
2026-01-05,SKU0075,WH03,3.9462564
2026-01-05,SKU0075,WH04,5.151349
2026-01-05,SKU0075,WH05,4.337452
2026-01-05,SKU0076,WH01,14.357082
2026-01-05,SKU0076,WH02,14.822411
2026-01-05,SKU0076,WH03,12.444613
2026-01-05,SKU0076,WH04,11.57067
2026-01-05,SKU0076,WH05,16.59877
2026-01-05,SKU0077,WH01,9.049063
2026-01-05,SKU0077,WH02,10.658755
2026-01-05,SKU0077,WH03,10.200784
2026-01-05,SKU0077,WH04,9.604974
2026-01-05,SKU0077,WH05,10.029227
2026-01-05,SKU0078,WH01,9.106174
2026-01-05,SKU0078,WH02,9.883805
2026-01-05,SKU0078,WH03,8.482088
2026-01-05,SKU0078,WH04,9.42574
2026-01-05,SKU0078,WH05,9.116325
2026-01-05,SKU0079,WH01,0.95609987
2026-01-05,SKU0079,WH02,1.0283489
2026-01-05,SKU0079,WH03,1.1775923
2026-01-05,SKU0079,WH04,1.1865468
2026-01-05,SKU0079,WH05,0.96039766
2026-01-05,SKU0080,WH01,14.771475
2026-01-05,SKU0080,WH02,13.567274
2026-01-05,SKU0080,WH03,14.630942
2026-01-05,SKU0080,WH04,16.451859
2026-01-05,SKU0080,WH05,14.823912
2026-01-06,SKU0001,WH01,18.76632
2026-01-06,SKU0001,WH02,17.70406
2026-01-06,SKU0001,WH03,16.939255
2026-01-06,SKU0001,WH04,17.034855
2026-01-06,SKU0001,WH05,17.900156
2026-01-06,SKU0002,WH01,3.728535
2026-01-06,SKU0002,WH02,3.2092626
2026-01-06,SKU0002,WH03,4.643291
2026-01-06,SKU0002,WH04,3.886767
2026-01-06,SKU0002,WH05,4.3128314
2026-01-06,SKU0003,WH01,46.302
2026-01-06,SKU0003,WH02,42.978
2026-01-06,SKU0003,WH03,42.59603
2026-01-06,SKU0003,WH04,41.686268
2026-01-06,SKU0003,WH05,40.557716
2026-01-06,SKU0004,WH01,74.18012
2026-01-06,SKU0004,WH02,71.45145
2026-01-06,SKU0004,WH03,87.963554
2026-01-06,SKU0004,WH04,78.25665
2026-01-06,SKU0004,WH05,89.19053
2026-01-06,SKU0005,WH01,17.268698
2026-01-06,SKU0005,WH02,18.571878
2026-01-06,SKU0005,WH03,17.718227
2026-01-06,SKU0005,WH04,18.825317
2026-01-06,SKU0005,WH05,16.467876
2026-01-06,SKU0006,WH01,0.6585293
2026-01-06,SKU0006,WH02,0.48327768
2026-01-06,SKU0006,WH03,0.6319097
2026-01-06,SKU0006,WH04,0.6634519
2026-01-06,SKU0006,WH05,0.64124644
2026-01-06,SKU0007,WH01,14.097325
2026-01-06,SKU0007,WH02,14.665171
2026-01-06,SKU0007,WH03,13.252137
2026-01-06,SKU0007,WH04,16.639706
2026-01-06,SKU0007,WH05,13.375255
2026-01-06,SKU0008,WH01,27.791313
2026-01-06,SKU0008,WH02,26.887493
2026-01-06,SKU0008,WH03,27.58443
2026-01-06,SKU0008,WH04,26.848206
2026-01-06,SKU0008,WH05,28.32509
2026-01-06,SKU0009,WH01,32.6482
2026-01-06,SKU0009,WH02,35.794117
2026-01-06,SKU0009,WH03,37.120422
2026-01-06,SKU0009,WH04,35.84097
2026-01-06,SKU0009,WH05,32.225376
2026-01-06,SKU0010,WH01,6.581391
2026-01-06,SKU0010,WH02,6.8012147
2026-01-06,SKU0010,WH03,5.5476313
2026-01-06,SKU0010,WH04,7.947016
2026-01-06,SKU0010,WH05,6.6281676
2026-01-06,SKU0011,WH01,22.354586
2026-01-06,SKU0011,WH02,19.960924
2026-01-06,SKU0011,WH03,22.600967
2026-01-06,SKU0011,WH04,19.55746
2026-01-06,SKU0011,WH05,22.889896
2026-01-06,SKU0012,WH01,9.972006
2026-01-06,SKU0012,WH02,9.095777
2026-01-06,SKU0012,WH03,9.574444
2026-01-06,SKU0012,WH04,10.001433
2026-01-06,SKU0012,WH05,10.115121
2026-01-06,SKU0013,WH01,7.365437
2026-01-06,SKU0013,WH02,7.2826796
2026-01-06,SKU0013,WH03,5.741853
2026-01-06,SKU0013,WH04,7.376504
2026-01-06,SKU0013,WH05,5.7475963
2026-01-06,SKU0014,WH01,3.1367152
2026-01-06,SKU0014,WH02,3.447066
2026-01-06,SKU0014,WH03,3.381302
2026-01-06,SKU0014,WH04,3.1334126
2026-01-06,SKU0014,WH05,3.1116393
2026-01-06,SKU0015,WH01,2.8853114
2026-01-06,SKU0015,WH02,2.6957395
2026-01-06,SKU0015,WH03,2.5814347
2026-01-06,SKU0015,WH04,2.8007555
2026-01-06,SKU0015,WH05,2.732743
2026-01-06,SKU0016,WH01,54.89882
2026-01-06,SKU0016,WH02,56.974236
2026-01-06,SKU0016,WH03,55.975246
2026-01-06,SKU0016,WH04,59.353897
2026-01-06,SKU0016,WH05,59.471497
2026-01-06,SKU0017,WH01,7.627985
2026-01-06,SKU0017,WH02,8.976406
2026-01-06,SKU0017,WH03,8.018983
2026-01-06,SKU0017,WH04,8.672355
2026-01-06,SKU0017,WH05,9.516011
2026-01-06,SKU0018,WH01,19.705532
2026-01-06,SKU0018,WH02,19.852018
2026-01-06,SKU0018,WH03,20.0493
2026-01-06,SKU0018,WH04,19.413956
2026-01-06,SKU0018,WH05,20.160831
2026-01-06,SKU0019,WH01,22.045841
2026-01-06,SKU0019,WH02,24.768284
2026-01-06,SKU0019,WH03,20.906858
2026-01-06,SKU0019,WH04,23.702705
2026-01-06,SKU0019,WH05,24.937056
2026-01-06,SKU0020,WH01,14.342918
2026-01-06,SKU0020,WH02,12.19512
2026-01-06,SKU0020,WH03,14.262753
2026-01-06,SKU0020,WH04,12.551964
2026-01-06,SKU0020,WH05,15.188813
2026-01-06,SKU0021,WH01,4.902603
2026-01-06,SKU0021,WH02,2.7109025
2026-01-06,SKU0021,WH03,3.619923
2026-01-06,SKU0021,WH04,3.6257496
2026-01-06,SKU0021,WH05,4.4247413
2026-01-06,SKU0022,WH01,5.06026
2026-01-06,SKU0022,WH02,5.598278
2026-01-06,SKU0022,WH03,4.7569776
2026-01-06,SKU0022,WH04,5.731477
2026-01-06,SKU0022,WH05,4.8663845
2026-01-06,SKU0023,WH01,9.127411
2026-01-06,SKU0023,WH02,9.503943
2026-01-06,SKU0023,WH03,9.018603
2026-01-06,SKU0023,WH04,9.87054
2026-01-06,SKU0023,WH05,9.064091
2026-01-06,SKU0024,WH01,23.830065
2026-01-06,SKU0024,WH02,24.40501
2026-01-06,SKU0024,WH03,19.912992
2026-01-06,SKU0024,WH04,23.90126
2026-01-06,SKU0024,WH05,24.520449
2026-01-06,SKU0025,WH01,20.976076
2026-01-06,SKU0025,WH02,19.44655
2026-01-06,SKU0025,WH03,20.587433
2026-01-06,SKU0025,WH04,22.485296
2026-01-06,SKU0025,WH05,21.139856
2026-01-06,SKU0026,WH01,43.963287
2026-01-06,SKU0026,WH02,42.276077
2026-01-06,SKU0026,WH03,40.357277
2026-01-06,SKU0026,WH04,42.32981
2026-01-06,SKU0026,WH05,45.15152
2026-01-06,SKU0027,WH01,15.1954365
2026-01-06,SKU0027,WH02,15.306334
2026-01-06,SKU0027,WH03,15.99146
2026-01-06,SKU0027,WH04,15.794174
2026-01-06,SKU0027,WH05,13.873409
2026-01-06,SKU0028,WH01,7.3057327
2026-01-06,SKU0028,WH02,7.4798
2026-01-06,SKU0028,WH03,7.8223753
2026-01-06,SKU0028,WH04,8.237959
2026-01-06,SKU0028,WH05,7.5066433
2026-01-06,SKU0029,WH01,9.734422
2026-01-06,SKU0029,WH02,9.4888525
2026-01-06,SKU0029,WH03,9.006041
2026-01-06,SKU0029,WH04,9.525232
2026-01-06,SKU0029,WH05,9.26247
2026-01-06,SKU0030,WH01,16.783829
2026-01-06,SKU0030,WH02,17.040756
2026-01-06,SKU0030,WH03,17.427753
2026-01-06,SKU0030,WH04,16.60833
2026-01-06,SKU0030,WH05,16.737492
2026-01-06,SKU0031,WH01,7.5841956
2026-01-06,SKU0031,WH02,9.708352
2026-01-06,SKU0031,WH03,8.413088
2026-01-06,SKU0031,WH04,8.836968
2026-01-06,SKU0031,WH05,8.113191
2026-01-06,SKU0032,WH01,8.996195
2026-01-06,SKU0032,WH02,9.025417
2026-01-06,SKU0032,WH03,9.104457
2026-01-06,SKU0032,WH04,9.6489
2026-01-06,SKU0032,WH05,9.193922
2026-01-06,SKU0033,WH01,3.4568005
2026-01-06,SKU0033,WH02,4.360754
2026-01-06,SKU0033,WH03,4.505874
2026-01-06,SKU0033,WH04,4.3613315
2026-01-06,SKU0033,WH05,4.4063416
2026-01-06,SKU0034,WH01,5.350154
2026-01-06,SKU0034,WH02,5.4771013
2026-01-06,SKU0034,WH03,5.0630693
2026-01-06,SKU0034,WH04,4.9965124
2026-01-06,SKU0034,WH05,5.0591035
2026-01-06,SKU0035,WH01,4.142618
2026-01-06,SKU0035,WH02,4.4630094
2026-01-06,SKU0035,WH03,4.6594906
2026-01-06,SKU0035,WH04,4.3074083
2026-01-06,SKU0035,WH05,4.1223574
2026-01-06,SKU0036,WH01,4.544231
2026-01-06,SKU0036,WH02,4.4097557
2026-01-06,SKU0036,WH03,4.3650627
2026-01-06,SKU0036,WH04,4.5083523
2026-01-06,SKU0036,WH05,4.7653155
2026-01-06,SKU0037,WH01,0.6942071
2026-01-06,SKU0037,WH02,0.6530012
2026-01-06,SKU0037,WH03,0.47282696
2026-01-06,SKU0037,WH04,0.621459
2026-01-06,SKU0037,WH05,0.55065924
2026-01-06,SKU0038,WH01,14.709315
2026-01-06,SKU0038,WH02,16.875938
2026-01-06,SKU0038,WH03,14.896688
2026-01-06,SKU0038,WH04,15.7384615
2026-01-06,SKU0038,WH05,15.649133
2026-01-06,SKU0039,WH01,8.230838
2026-01-06,SKU0039,WH02,7.7599645
2026-01-06,SKU0039,WH03,7.237784
2026-01-06,SKU0039,WH04,6.6363764
2026-01-06,SKU0039,WH05,7.034611
2026-01-06,SKU0040,WH01,4.5792313
2026-01-06,SKU0040,WH02,5.3572826
2026-01-06,SKU0040,WH03,5.2569456
2026-01-06,SKU0040,WH04,5.227186
2026-01-06,SKU0040,WH05,5.1504383
2026-01-06,SKU0041,WH01,0.75239027
2026-01-06,SKU0041,WH02,0.7512903
2026-01-06,SKU0041,WH03,0.48404038
2026-01-06,SKU0041,WH04,0.5892447
2026-01-06,SKU0041,WH05,0.55533385
2026-01-06,SKU0042,WH01,20.063063
2026-01-06,SKU0042,WH02,21.871935
2026-01-06,SKU0042,WH03,19.925352
2026-01-06,SKU0042,WH04,22.017231
2026-01-06,SKU0042,WH05,19.210218
2026-01-06,SKU0043,WH01,2.2391238
2026-01-06,SKU0043,WH02,1.9876658
2026-01-06,SKU0043,WH03,2.775995
2026-01-06,SKU0043,WH04,1.9768897
2026-01-06,SKU0043,WH05,1.9215732
2026-01-06,SKU0044,WH01,2.556385
2026-01-06,SKU0044,WH02,2.726756
2026-01-06,SKU0044,WH03,2.788962
2026-01-06,SKU0044,WH04,2.8594337
2026-01-06,SKU0044,WH05,2.352487
2026-01-06,SKU0045,WH01,47.14256
2026-01-06,SKU0045,WH02,45.3771
2026-01-06,SKU0045,WH03,45.202377
2026-01-06,SKU0045,WH04,44.129025
2026-01-06,SKU0045,WH05,46.83192
2026-01-06,SKU0046,WH01,42.253925
2026-01-06,SKU0046,WH02,42.099964
2026-01-06,SKU0046,WH03,41.186317
2026-01-06,SKU0046,WH04,42.67331
2026-01-06,SKU0046,WH05,44.68166
2026-01-06,SKU0047,WH01,2.2440772
2026-01-06,SKU0047,WH02,2.491768
2026-01-06,SKU0047,WH03,2.68589
2026-01-06,SKU0047,WH04,2.7600393
2026-01-06,SKU0047,WH05,2.5909674
2026-01-06,SKU0048,WH01,0.50436914
2026-01-06,SKU0048,WH02,0.6165364
2026-01-06,SKU0048,WH03,0.6165364
2026-01-06,SKU0048,WH04,0.47282696
2026-01-06,SKU0048,WH05,0.621459
2026-01-06,SKU0049,WH01,7.7000628
2026-01-06,SKU0049,WH02,9.295445
2026-01-06,SKU0049,WH03,8.461065
2026-01-06,SKU0049,WH04,9.368957
2026-01-06,SKU0049,WH05,9.076565
2026-01-06,SKU0050,WH01,16.666307
2026-01-06,SKU0050,WH02,16.405624
2026-01-06,SKU0050,WH03,15.043281
2026-01-06,SKU0050,WH04,14.642038
2026-01-06,SKU0050,WH05,14.883183
2026-01-06,SKU0051,WH01,0.60970426
2026-01-06,SKU0051,WH02,0.6585293
2026-01-06,SKU0051,WH03,0.6165364
2026-01-06,SKU0051,WH04,0.6319097
2026-01-06,SKU0051,WH05,0.6165364
2026-01-06,SKU0052,WH01,24.318954
2026-01-06,SKU0052,WH02,23.104256
2026-01-06,SKU0052,WH03,23.34827
2026-01-06,SKU0052,WH04,23.70177
2026-01-06,SKU0052,WH05,24.20167
2026-01-06,SKU0053,WH01,2.7786336
2026-01-06,SKU0053,WH02,3.1568127
2026-01-06,SKU0053,WH03,2.2293181
2026-01-06,SKU0053,WH04,3.0953918
2026-01-06,SKU0053,WH05,2.5013113
2026-01-06,SKU0054,WH01,13.749795
2026-01-06,SKU0054,WH02,12.00866
2026-01-06,SKU0054,WH03,14.454866
2026-01-06,SKU0054,WH04,13.143228
2026-01-06,SKU0054,WH05,10.867194
2026-01-06,SKU0055,WH01,18.9736
2026-01-06,SKU0055,WH02,17.89241
2026-01-06,SKU0055,WH03,17.89064
2026-01-06,SKU0055,WH04,17.280746
2026-01-06,SKU0055,WH05,20.53202
2026-01-06,SKU0056,WH01,0.621459
2026-01-06,SKU0056,WH02,0.7634983
2026-01-06,SKU0056,WH03,0.8727367
2026-01-06,SKU0056,WH04,0.6634519
2026-01-06,SKU0056,WH05,0.72792745
2026-01-06,SKU0057,WH01,5.694253
2026-01-06,SKU0057,WH02,5.3977137
2026-01-06,SKU0057,WH03,4.875654
2026-01-06,SKU0057,WH04,5.4745054
2026-01-06,SKU0057,WH05,5.2335196
2026-01-06,SKU0058,WH01,24.402826
2026-01-06,SKU0058,WH02,26.934242
2026-01-06,SKU0058,WH03,27.46449
2026-01-06,SKU0058,WH04,29.053175
2026-01-06,SKU0058,WH05,29.747225
2026-01-06,SKU0059,WH01,21.218094
2026-01-06,SKU0059,WH02,23.41116
2026-01-06,SKU0059,WH03,19.447203
2026-01-06,SKU0059,WH04,21.62668
2026-01-06,SKU0059,WH05,21.814304
2026-01-06,SKU0060,WH01,10.541101
2026-01-06,SKU0060,WH02,9.299849
2026-01-06,SKU0060,WH03,9.375309
2026-01-06,SKU0060,WH04,9.409018
2026-01-06,SKU0060,WH05,9.121436
2026-01-06,SKU0061,WH01,13.963023
2026-01-06,SKU0061,WH02,15.652976
2026-01-06,SKU0061,WH03,16.526575
2026-01-06,SKU0061,WH04,16.16541
2026-01-06,SKU0061,WH05,17.164387
2026-01-06,SKU0062,WH01,29.865988
2026-01-06,SKU0062,WH02,36.315197
2026-01-06,SKU0062,WH03,33.390682
2026-01-06,SKU0062,WH04,34.119026
2026-01-06,SKU0062,WH05,32.93681
2026-01-06,SKU0063,WH01,9.817656
2026-01-06,SKU0063,WH02,12.371654
2026-01-06,SKU0063,WH03,10.687885
2026-01-06,SKU0063,WH04,10.632366
2026-01-06,SKU0063,WH05,9.949321
2026-01-06,SKU0064,WH01,8.190034
2026-01-06,SKU0064,WH02,9.074088
2026-01-06,SKU0064,WH03,8.025384
2026-01-06,SKU0064,WH04,9.130114
2026-01-06,SKU0064,WH05,9.05785
2026-01-06,SKU0065,WH01,42.417767
2026-01-06,SKU0065,WH02,41.42439
2026-01-06,SKU0065,WH03,41.478386
2026-01-06,SKU0065,WH04,38.909954
2026-01-06,SKU0065,WH05,42.260372
2026-01-06,SKU0066,WH01,8.014543
2026-01-06,SKU0066,WH02,7.954519
2026-01-06,SKU0066,WH03,7.862877
2026-01-06,SKU0066,WH04,8.818181
2026-01-06,SKU0066,WH05,9.247025
2026-01-06,SKU0067,WH01,36.97246
2026-01-06,SKU0067,WH02,35.683094
2026-01-06,SKU0067,WH03,38.24283
2026-01-06,SKU0067,WH04,39.09951
2026-01-06,SKU0067,WH05,38.17436
2026-01-06,SKU0068,WH01,0.9236779
2026-01-06,SKU0068,WH02,1.1718779
2026-01-06,SKU0068,WH03,1.2836345
2026-01-06,SKU0068,WH04,1.4143596
2026-01-06,SKU0068,WH05,1.6940167
2026-01-06,SKU0069,WH01,16.770994
2026-01-06,SKU0069,WH02,15.071161
2026-01-06,SKU0069,WH03,16.058655
2026-01-06,SKU0069,WH04,16.478468
2026-01-06,SKU0069,WH05,16.801702
2026-01-06,SKU0070,WH01,14.802856
2026-01-06,SKU0070,WH02,15.37426
2026-01-06,SKU0070,WH03,14.697859
2026-01-06,SKU0070,WH04,15.266553
2026-01-06,SKU0070,WH05,15.415678
2026-01-06,SKU0071,WH01,11.136907
2026-01-06,SKU0071,WH02,10.682033
2026-01-06,SKU0071,WH03,11.264162
2026-01-06,SKU0071,WH04,10.311498
2026-01-06,SKU0071,WH05,9.840079
2026-01-06,SKU0072,WH01,8.698544
2026-01-06,SKU0072,WH02,7.0546618
2026-01-06,SKU0072,WH03,7.073487
2026-01-06,SKU0072,WH04,6.309003
2026-01-06,SKU0072,WH05,7.263165
2026-01-06,SKU0073,WH01,25.235374
2026-01-06,SKU0073,WH02,23.47191
2026-01-06,SKU0073,WH03,26.851706
2026-01-06,SKU0073,WH04,23.07527
2026-01-06,SKU0073,WH05,23.480453
2026-01-06,SKU0074,WH01,18.341156
2026-01-06,SKU0074,WH02,16.835203
2026-01-06,SKU0074,WH03,17.683142
2026-01-06,SKU0074,WH04,19.212034
2026-01-06,SKU0074,WH05,18.052975
2026-01-06,SKU0075,WH01,3.5650547
2026-01-06,SKU0075,WH02,4.4368625
2026-01-06,SKU0075,WH03,4.038111
2026-01-06,SKU0075,WH04,4.8187556
2026-01-06,SKU0075,WH05,4.438858
2026-01-06,SKU0076,WH01,14.600736
2026-01-06,SKU0076,WH02,14.624021
2026-01-06,SKU0076,WH03,12.326877
2026-01-06,SKU0076,WH04,11.513664
2026-01-06,SKU0076,WH05,16.310791
2026-01-06,SKU0077,WH01,9.279125
2026-01-06,SKU0077,WH02,10.593224
2026-01-06,SKU0077,WH03,10.224942
2026-01-06,SKU0077,WH04,9.361806
2026-01-06,SKU0077,WH05,10.013144
2026-01-06,SKU0078,WH01,9.020725
2026-01-06,SKU0078,WH02,10.010928
2026-01-06,SKU0078,WH03,8.30952
2026-01-06,SKU0078,WH04,9.738479
2026-01-06,SKU0078,WH05,8.87091
2026-01-06,SKU0079,WH01,0.79503775
2026-01-06,SKU0079,WH02,0.64443564
2026-01-06,SKU0079,WH03,1.0399112
2026-01-06,SKU0079,WH04,1.0525405
2026-01-06,SKU0079,WH05,0.8101248
2026-01-06,SKU0080,WH01,15.022487
2026-01-06,SKU0080,WH02,14.10202
2026-01-06,SKU0080,WH03,14.982168
2026-01-06,SKU0080,WH04,16.39774
2026-01-06,SKU0080,WH05,14.739398
2026-01-07,SKU0001,WH01,18.801447
2026-01-07,SKU0001,WH02,17.80242
2026-01-07,SKU0001,WH03,16.412449
2026-01-07,SKU0001,WH04,17.128624
2026-01-07,SKU0001,WH05,17.92102
2026-01-07,SKU0002,WH01,3.641896
2026-01-07,SKU0002,WH02,3.4264753
2026-01-07,SKU0002,WH03,4.7138853
2026-01-07,SKU0002,WH04,3.864794
2026-01-07,SKU0002,WH05,4.325759
2026-01-07,SKU0003,WH01,45.62842
2026-01-07,SKU0003,WH02,42.036617
2026-01-07,SKU0003,WH03,42.27958
2026-01-07,SKU0003,WH04,41.05665
2026-01-07,SKU0003,WH05,41.007256
2026-01-07,SKU0004,WH01,78.01565
2026-01-07,SKU0004,WH02,80.86653
2026-01-07,SKU0004,WH03,92.14536
2026-01-07,SKU0004,WH04,79.855286
2026-01-07,SKU0004,WH05,86.01122
2026-01-07,SKU0005,WH01,17.326344
2026-01-07,SKU0005,WH02,18.775993
2026-01-07,SKU0005,WH03,18.323662
2026-01-07,SKU0005,WH04,18.895905
2026-01-07,SKU0005,WH05,16.051815
2026-01-07,SKU0006,WH01,0.6269871
2026-01-07,SKU0006,WH02,0.4524982
2026-01-07,SKU0006,WH03,0.48327768
2026-01-07,SKU0006,WH04,0.4524982
2026-01-07,SKU0006,WH05,0.64124644
2026-01-07,SKU0007,WH01,13.773514
2026-01-07,SKU0007,WH02,14.733521
2026-01-07,SKU0007,WH03,14.010699
2026-01-07,SKU0007,WH04,16.547115
2026-01-07,SKU0007,WH05,13.377775
2026-01-07,SKU0008,WH01,28.167988
2026-01-07,SKU0008,WH02,28.013264
2026-01-07,SKU0008,WH03,27.804073
2026-01-07,SKU0008,WH04,26.8057
2026-01-07,SKU0008,WH05,27.759615
2026-01-07,SKU0009,WH01,33.039642
2026-01-07,SKU0009,WH02,35.874138
2026-01-07,SKU0009,WH03,37.06318
2026-01-07,SKU0009,WH04,34.89743
2026-01-07,SKU0009,WH05,32.492237
2026-01-07,SKU0010,WH01,6.95401
2026-01-07,SKU0010,WH02,7.125223
2026-01-07,SKU0010,WH03,5.964125
2026-01-07,SKU0010,WH04,7.5756655
2026-01-07,SKU0010,WH05,6.8871303
2026-01-07,SKU0011,WH01,22.431837
2026-01-07,SKU0011,WH02,20.555593
2026-01-07,SKU0011,WH03,22.350695
2026-01-07,SKU0011,WH04,19.44168
2026-01-07,SKU0011,WH05,22.686222
2026-01-07,SKU0012,WH01,9.826057
2026-01-07,SKU0012,WH02,9.399255
2026-01-07,SKU0012,WH03,9.49053
2026-01-07,SKU0012,WH04,10.199414
2026-01-07,SKU0012,WH05,10.462551
2026-01-07,SKU0013,WH01,7.430536
2026-01-07,SKU0013,WH02,7.3848243
2026-01-07,SKU0013,WH03,5.853552
2026-01-07,SKU0013,WH04,7.7506695
2026-01-07,SKU0013,WH05,6.1446433
2026-01-07,SKU0014,WH01,3.4324355
2026-01-07,SKU0014,WH02,3.447066
2026-01-07,SKU0014,WH03,3.4545639
2026-01-07,SKU0014,WH04,3.2733302
2026-01-07,SKU0014,WH05,3.3124185
2026-01-07,SKU0015,WH01,2.7873526
2026-01-07,SKU0015,WH02,2.607037
2026-01-07,SKU0015,WH03,2.7108994
2026-01-07,SKU0015,WH04,2.6329203
2026-01-07,SKU0015,WH05,2.617806
2026-01-07,SKU0016,WH01,54.64865
2026-01-07,SKU0016,WH02,60.37044
2026-01-07,SKU0016,WH03,58.1947
2026-01-07,SKU0016,WH04,64.82605
2026-01-07,SKU0016,WH05,60.190372
2026-01-07,SKU0017,WH01,7.553875
2026-01-07,SKU0017,WH02,9.08359
2026-01-07,SKU0017,WH03,8.106727
2026-01-07,SKU0017,WH04,8.648478
2026-01-07,SKU0017,WH05,9.557944
2026-01-07,SKU0018,WH01,19.898977
2026-01-07,SKU0018,WH02,19.82607
2026-01-07,SKU0018,WH03,20.304186
2026-01-07,SKU0018,WH04,19.462072
2026-01-07,SKU0018,WH05,20.339804
2026-01-07,SKU0019,WH01,22.505127
2026-01-07,SKU0019,WH02,25.359785
2026-01-07,SKU0019,WH03,21.46685
2026-01-07,SKU0019,WH04,24.681736
2026-01-07,SKU0019,WH05,25.388361
2026-01-07,SKU0020,WH01,14.438837
2026-01-07,SKU0020,WH02,12.4684725
2026-01-07,SKU0020,WH03,14.659307
2026-01-07,SKU0020,WH04,12.561992
2026-01-07,SKU0020,WH05,15.152067
2026-01-07,SKU0021,WH01,4.783694
2026-01-07,SKU0021,WH02,3.1074092
2026-01-07,SKU0021,WH03,3.8464942
2026-01-07,SKU0021,WH04,3.5793433
2026-01-07,SKU0021,WH05,4.4285007
2026-01-07,SKU0022,WH01,4.869657
2026-01-07,SKU0022,WH02,5.6430116
2026-01-07,SKU0022,WH03,4.794391
2026-01-07,SKU0022,WH04,5.49926
2026-01-07,SKU0022,WH05,4.745681
2026-01-07,SKU0023,WH01,8.981126
2026-01-07,SKU0023,WH02,9.619378
2026-01-07,SKU0023,WH03,8.8918705
2026-01-07,SKU0023,WH04,9.914095
2026-01-07,SKU0023,WH05,9.061212
2026-01-07,SKU0024,WH01,23.963993
2026-01-07,SKU0024,WH02,24.098385
2026-01-07,SKU0024,WH03,20.325583
2026-01-07,SKU0024,WH04,24.094679
2026-01-07,SKU0024,WH05,25.027634
2026-01-07,SKU0025,WH01,20.695143
2026-01-07,SKU0025,WH02,19.09246
2026-01-07,SKU0025,WH03,21.255968
2026-01-07,SKU0025,WH04,22.910385
2026-01-07,SKU0025,WH05,21.536467
2026-01-07,SKU0026,WH01,44.49625
2026-01-07,SKU0026,WH02,42.49504
2026-01-07,SKU0026,WH03,40.42484
2026-01-07,SKU0026,WH04,43.341484
2026-01-07,SKU0026,WH05,45.162964
2026-01-07,SKU0027,WH01,15.409535
2026-01-07,SKU0027,WH02,15.278669
2026-01-07,SKU0027,WH03,15.802047
2026-01-07,SKU0027,WH04,15.804869
2026-01-07,SKU0027,WH05,14.056971
2026-01-07,SKU0028,WH01,7.2348824
2026-01-07,SKU0028,WH02,7.797338
2026-01-07,SKU0028,WH03,7.725655
2026-01-07,SKU0028,WH04,8.631965
2026-01-07,SKU0028,WH05,7.5227337
2026-01-07,SKU0029,WH01,9.798789
2026-01-07,SKU0029,WH02,9.778621
2026-01-07,SKU0029,WH03,9.318516
2026-01-07,SKU0029,WH04,9.700592
2026-01-07,SKU0029,WH05,9.334177
2026-01-07,SKU0030,WH01,16.398914
2026-01-07,SKU0030,WH02,17.02456
2026-01-07,SKU0030,WH03,17.454489
2026-01-07,SKU0030,WH04,16.837831
2026-01-07,SKU0030,WH05,16.811657
2026-01-07,SKU0031,WH01,7.6459064
2026-01-07,SKU0031,WH02,9.8644
2026-01-07,SKU0031,WH03,8.578737
2026-01-07,SKU0031,WH04,9.267047
2026-01-07,SKU0031,WH05,8.008143
2026-01-07,SKU0032,WH01,8.962416
2026-01-07,SKU0032,WH02,8.930201
2026-01-07,SKU0032,WH03,9.031045
2026-01-07,SKU0032,WH04,9.516427
2026-01-07,SKU0032,WH05,9.033833
2026-01-07,SKU0033,WH01,3.4872408
2026-01-07,SKU0033,WH02,4.3365417
2026-01-07,SKU0033,WH03,4.226349
2026-01-07,SKU0033,WH04,4.2665153
2026-01-07,SKU0033,WH05,4.2137613
2026-01-07,SKU0034,WH01,5.190005
2026-01-07,SKU0034,WH02,5.114855
2026-01-07,SKU0034,WH03,4.85022
2026-01-07,SKU0034,WH04,4.789255
2026-01-07,SKU0034,WH05,5.2995515
2026-01-07,SKU0035,WH01,4.1506906
2026-01-07,SKU0035,WH02,4.128847
2026-01-07,SKU0035,WH03,4.6464224
2026-01-07,SKU0035,WH04,4.365952
2026-01-07,SKU0035,WH05,4.324785
2026-01-07,SKU0036,WH01,4.613361
2026-01-07,SKU0036,WH02,3.8719075
2026-01-07,SKU0036,WH03,4.3136406
2026-01-07,SKU0036,WH04,4.4667654
2026-01-07,SKU0036,WH05,4.722748
2026-01-07,SKU0037,WH01,0.70766556
2026-01-07,SKU0037,WH02,0.60970426
2026-01-07,SKU0037,WH03,0.43029273
2026-01-07,SKU0037,WH04,0.6165364
2026-01-07,SKU0037,WH05,0.64165485
2026-01-07,SKU0038,WH01,14.997609
2026-01-07,SKU0038,WH02,16.379265
2026-01-07,SKU0038,WH03,15.564182
2026-01-07,SKU0038,WH04,15.407496
2026-01-07,SKU0038,WH05,15.796807
2026-01-07,SKU0039,WH01,8.03735
2026-01-07,SKU0039,WH02,7.6181817
2026-01-07,SKU0039,WH03,7.1842546
2026-01-07,SKU0039,WH04,6.722593
2026-01-07,SKU0039,WH05,7.0596776
2026-01-07,SKU0040,WH01,4.5102777
2026-01-07,SKU0040,WH02,5.304568
2026-01-07,SKU0040,WH03,5.370002
2026-01-07,SKU0040,WH04,5.452214
2026-01-07,SKU0040,WH05,4.9795218
2026-01-07,SKU0041,WH01,0.721611
2026-01-07,SKU0041,WH02,0.8302228
2026-01-07,SKU0041,WH03,0.48404038
2026-01-07,SKU0041,WH04,0.5003063
2026-01-07,SKU0041,WH05,0.48404038
2026-01-07,SKU0042,WH01,19.52918
2026-01-07,SKU0042,WH02,21.537119
2026-01-07,SKU0042,WH03,19.18771
2026-01-07,SKU0042,WH04,21.46985
2026-01-07,SKU0042,WH05,19.474436
2026-01-07,SKU0043,WH01,2.2299266
2026-01-07,SKU0043,WH02,1.9895965
2026-01-07,SKU0043,WH03,2.472955
2026-01-07,SKU0043,WH04,1.7320166
2026-01-07,SKU0043,WH05,1.6743727
2026-01-07,SKU0044,WH01,2.617806
2026-01-07,SKU0044,WH02,2.4224584
2026-01-07,SKU0044,WH03,2.7600393
2026-01-07,SKU0044,WH04,2.7615662
2026-01-07,SKU0044,WH05,2.5005534
2026-01-07,SKU0045,WH01,46.72566
2026-01-07,SKU0045,WH02,44.657303
2026-01-07,SKU0045,WH03,45.106476
2026-01-07,SKU0045,WH04,44.407158
2026-01-07,SKU0045,WH05,46.512775
2026-01-07,SKU0046,WH01,41.89739
2026-01-07,SKU0046,WH02,41.943783
2026-01-07,SKU0046,WH03,41.637257
2026-01-07,SKU0046,WH04,43.048725
2026-01-07,SKU0046,WH05,43.83001
2026-01-07,SKU0047,WH01,2.42107
2026-01-07,SKU0047,WH02,2.6169338
2026-01-07,SKU0047,WH03,2.4653437
2026-01-07,SKU0047,WH04,2.7884343
2026-01-07,SKU0047,WH05,2.7331884
2026-01-07,SKU0048,WH01,0.46866703
2026-01-07,SKU0048,WH02,0.6165364
2026-01-07,SKU0048,WH03,0.6165364
2026-01-07,SKU0048,WH04,0.44204748
2026-01-07,SKU0048,WH05,0.44204748
2026-01-07,SKU0049,WH01,7.8295794
2026-01-07,SKU0049,WH02,9.259526
2026-01-07,SKU0049,WH03,8.456385
2026-01-07,SKU0049,WH04,9.336674
2026-01-07,SKU0049,WH05,9.164313
2026-01-07,SKU0050,WH01,16.495527
2026-01-07,SKU0050,WH02,16.332636
2026-01-07,SKU0050,WH03,15.234346
2026-01-07,SKU0050,WH04,14.640674
2026-01-07,SKU0050,WH05,15.069961
2026-01-07,SKU0051,WH01,0.60970426
2026-01-07,SKU0051,WH02,0.6634519
2026-01-07,SKU0051,WH03,0.60970426
2026-01-07,SKU0051,WH04,0.4524982
2026-01-07,SKU0051,WH05,0.6165364
2026-01-07,SKU0052,WH01,24.472687
2026-01-07,SKU0052,WH02,23.517569
2026-01-07,SKU0052,WH03,22.377434
2026-01-07,SKU0052,WH04,24.684467
2026-01-07,SKU0052,WH05,23.697111
2026-01-07,SKU0053,WH01,2.8423786
2026-01-07,SKU0053,WH02,2.7408142
2026-01-07,SKU0053,WH03,2.2176418
2026-01-07,SKU0053,WH04,2.743078
2026-01-07,SKU0053,WH05,2.5267534
2026-01-07,SKU0054,WH01,13.760489
2026-01-07,SKU0054,WH02,12.04451
2026-01-07,SKU0054,WH03,14.850169
2026-01-07,SKU0054,WH04,13.244659
2026-01-07,SKU0054,WH05,10.921568
2026-01-07,SKU0055,WH01,19.013557
2026-01-07,SKU0055,WH02,17.642887
2026-01-07,SKU0055,WH03,18.29874
2026-01-07,SKU0055,WH04,17.309698
2026-01-07,SKU0055,WH05,20.311892
2026-01-07,SKU0056,WH01,0.60970426
2026-01-07,SKU0056,WH02,0.7634983
2026-01-07,SKU0056,WH03,0.76690197
2026-01-07,SKU0056,WH04,0.6634519
2026-01-07,SKU0056,WH05,0.61349297
2026-01-07,SKU0057,WH01,5.2855673
2026-01-07,SKU0057,WH02,5.449541
2026-01-07,SKU0057,WH03,5.079301
2026-01-07,SKU0057,WH04,5.1734343
2026-01-07,SKU0057,WH05,5.151065
2026-01-07,SKU0058,WH01,25.397451
2026-01-07,SKU0058,WH02,26.331429
2026-01-07,SKU0058,WH03,27.6768
2026-01-07,SKU0058,WH04,28.507536
2026-01-07,SKU0058,WH05,30.098898
2026-01-07,SKU0059,WH01,21.175648
2026-01-07,SKU0059,WH02,23.41116
2026-01-07,SKU0059,WH03,19.628025
2026-01-07,SKU0059,WH04,21.949238
2026-01-07,SKU0059,WH05,22.549868
2026-01-07,SKU0060,WH01,10.48929
2026-01-07,SKU0060,WH02,9.282003
2026-01-07,SKU0060,WH03,9.027526
2026-01-07,SKU0060,WH04,9.584473
2026-01-07,SKU0060,WH05,9.1402025
2026-01-07,SKU0061,WH01,13.689093
2026-01-07,SKU0061,WH02,16.236942
2026-01-07,SKU0061,WH03,16.753153
2026-01-07,SKU0061,WH04,16.674
2026-01-07,SKU0061,WH05,16.520004
2026-01-07,SKU0062,WH01,30.065807
2026-01-07,SKU0062,WH02,36.502262
2026-01-07,SKU0062,WH03,34.4162
2026-01-07,SKU0062,WH04,33.595486
2026-01-07,SKU0062,WH05,33.005684
2026-01-07,SKU0063,WH01,10.154548
2026-01-07,SKU0063,WH02,11.819297
2026-01-07,SKU0063,WH03,10.5975895
2026-01-07,SKU0063,WH04,10.740897
2026-01-07,SKU0063,WH05,10.057676
2026-01-07,SKU0064,WH01,7.9919505
2026-01-07,SKU0064,WH02,8.671716
2026-01-07,SKU0064,WH03,8.099305
2026-01-07,SKU0064,WH04,9.148823
2026-01-07,SKU0064,WH05,8.446137
2026-01-07,SKU0065,WH01,43.226116
2026-01-07,SKU0065,WH02,41.3567
2026-01-07,SKU0065,WH03,41.862663
2026-01-07,SKU0065,WH04,39.465904
2026-01-07,SKU0065,WH05,42.581303
2026-01-07,SKU0066,WH01,7.9465704
2026-01-07,SKU0066,WH02,8.18439
2026-01-07,SKU0066,WH03,7.6285024
2026-01-07,SKU0066,WH04,8.48446
2026-01-07,SKU0066,WH05,9.247664
2026-01-07,SKU0067,WH01,37.19395
2026-01-07,SKU0067,WH02,36.448177
2026-01-07,SKU0067,WH03,38.178974
2026-01-07,SKU0067,WH04,39.09172
2026-01-07,SKU0067,WH05,38.36597
2026-01-07,SKU0068,WH01,0.96419215
2026-01-07,SKU0068,WH02,1.0569538
2026-01-07,SKU0068,WH03,1.2433847
2026-01-07,SKU0068,WH04,1.4143596
2026-01-07,SKU0068,WH05,1.5002463
2026-01-07,SKU0069,WH01,17.18056
2026-01-07,SKU0069,WH02,14.605976
2026-01-07,SKU0069,WH03,16.287151
2026-01-07,SKU0069,WH04,16.469368
2026-01-07,SKU0069,WH05,16.917814
2026-01-07,SKU0070,WH01,14.974725
2026-01-07,SKU0070,WH02,15.54521
2026-01-07,SKU0070,WH03,15.042509
2026-01-07,SKU0070,WH04,14.94686
2026-01-07,SKU0070,WH05,15.334587
2026-01-07,SKU0071,WH01,11.264315
2026-01-07,SKU0071,WH02,10.894856
2026-01-07,SKU0071,WH03,10.891433
2026-01-07,SKU0071,WH04,10.472425
2026-01-07,SKU0071,WH05,9.827777
2026-01-07,SKU0072,WH01,8.510473
2026-01-07,SKU0072,WH02,7.3033204
2026-01-07,SKU0072,WH03,7.1274962
2026-01-07,SKU0072,WH04,6.107539
2026-01-07,SKU0072,WH05,7.424971
2026-01-07,SKU0073,WH01,25.054268
2026-01-07,SKU0073,WH02,23.738815
2026-01-07,SKU0073,WH03,27.165085
2026-01-07,SKU0073,WH04,22.770155
2026-01-07,SKU0073,WH05,23.56616
2026-01-07,SKU0074,WH01,18.414602
2026-01-07,SKU0074,WH02,16.857107
2026-01-07,SKU0074,WH03,17.49552
2026-01-07,SKU0074,WH04,18.789705
2026-01-07,SKU0074,WH05,17.923649
2026-01-07,SKU0075,WH01,3.4599922
2026-01-07,SKU0075,WH02,4.456091
2026-01-07,SKU0075,WH03,4.071971
2026-01-07,SKU0075,WH04,4.7648883
2026-01-07,SKU0075,WH05,4.3262463
2026-01-07,SKU0076,WH01,14.990917
2026-01-07,SKU0076,WH02,14.617562
2026-01-07,SKU0076,WH03,11.926466
2026-01-07,SKU0076,WH04,11.348399
2026-01-07,SKU0076,WH05,16.586365
2026-01-07,SKU0077,WH01,9.228103
2026-01-07,SKU0077,WH02,10.6665745
2026-01-07,SKU0077,WH03,10.494286
2026-01-07,SKU0077,WH04,9.091564
2026-01-07,SKU0077,WH05,10.2538595
2026-01-07,SKU0078,WH01,8.983586
2026-01-07,SKU0078,WH02,9.926364
2026-01-07,SKU0078,WH03,8.382314
2026-01-07,SKU0078,WH04,9.679617
2026-01-07,SKU0078,WH05,9.250951
2026-01-07,SKU0079,WH01,0.7604356
2026-01-07,SKU0079,WH02,0.65397906
2026-01-07,SKU0079,WH03,1.0373172
2026-01-07,SKU0079,WH04,0.97742456
2026-01-07,SKU0079,WH05,0.6255759
2026-01-07,SKU0080,WH01,14.724235
2026-01-07,SKU0080,WH02,13.25346
2026-01-07,SKU0080,WH03,14.721201
2026-01-07,SKU0080,WH04,16.301079
2026-01-07,SKU0080,WH05,14.7169695
2026-01-08,SKU0001,WH01,19.049536
2026-01-08,SKU0001,WH02,18.341892
2026-01-08,SKU0001,WH03,16.42688
2026-01-08,SKU0001,WH04,16.90088
2026-01-08,SKU0001,WH05,17.791723
2026-01-08,SKU0002,WH01,3.767061
2026-01-08,SKU0002,WH02,3.3647482
2026-01-08,SKU0002,WH03,4.989515
2026-01-08,SKU0002,WH04,4.1700373
2026-01-08,SKU0002,WH05,3.981188
2026-01-08,SKU0003,WH01,45.60947
2026-01-08,SKU0003,WH02,42.67244
2026-01-08,SKU0003,WH03,42.745403
2026-01-08,SKU0003,WH04,42.0608
2026-01-08,SKU0003,WH05,41.338852
2026-01-08,SKU0004,WH01,81.39474
2026-01-08,SKU0004,WH02,78.47195
2026-01-08,SKU0004,WH03,91.04639
2026-01-08,SKU0004,WH04,79.168465
2026-01-08,SKU0004,WH05,95.53413
2026-01-08,SKU0005,WH01,17.336512
2026-01-08,SKU0005,WH02,19.03621
2026-01-08,SKU0005,WH03,18.354282
2026-01-08,SKU0005,WH04,19.546974
2026-01-08,SKU0005,WH05,16.13003
2026-01-08,SKU0006,WH01,0.48404038
2026-01-08,SKU0006,WH02,0.4524982
2026-01-08,SKU0006,WH03,0.4524982
2026-01-08,SKU0006,WH04,0.4524982
2026-01-08,SKU0006,WH05,0.44204748
2026-01-08,SKU0007,WH01,13.6790495
2026-01-08,SKU0007,WH02,14.916924
2026-01-08,SKU0007,WH03,13.224542
2026-01-08,SKU0007,WH04,16.59734
2026-01-08,SKU0007,WH05,13.398525
2026-01-08,SKU0008,WH01,28.189291
2026-01-08,SKU0008,WH02,27.006704
2026-01-08,SKU0008,WH03,27.51686
2026-01-08,SKU0008,WH04,26.408787
2026-01-08,SKU0008,WH05,27.925253
2026-01-08,SKU0009,WH01,33.286415
2026-01-08,SKU0009,WH02,36.02674
2026-01-08,SKU0009,WH03,37.411472
2026-01-08,SKU0009,WH04,34.446167
2026-01-08,SKU0009,WH05,32.315792
2026-01-08,SKU0010,WH01,6.95401
2026-01-08,SKU0010,WH02,6.866972
2026-01-08,SKU0010,WH03,5.6175303
2026-01-08,SKU0010,WH04,7.5410333
2026-01-08,SKU0010,WH05,6.8461547
2026-01-08,SKU0011,WH01,22.290092
2026-01-08,SKU0011,WH02,19.67308
2026-01-08,SKU0011,WH03,22.578102
2026-01-08,SKU0011,WH04,19.929953
2026-01-08,SKU0011,WH05,22.555862
2026-01-08,SKU0012,WH01,9.916153
2026-01-08,SKU0012,WH02,9.288858
2026-01-08,SKU0012,WH03,9.464027
2026-01-08,SKU0012,WH04,10.12461
2026-01-08,SKU0012,WH05,10.318198
2026-01-08,SKU0013,WH01,7.247807
2026-01-08,SKU0013,WH02,7.298456
2026-01-08,SKU0013,WH03,6.0326924
2026-01-08,SKU0013,WH04,7.7614045
2026-01-08,SKU0013,WH05,6.1733875
2026-01-08,SKU0014,WH01,3.3238237
2026-01-08,SKU0014,WH02,3.2506914
2026-01-08,SKU0014,WH03,3.4264753
2026-01-08,SKU0014,WH04,3.102131
2026-01-08,SKU0014,WH05,3.0432773
2026-01-08,SKU0015,WH01,2.7259316
2026-01-08,SKU0015,WH02,2.556385
2026-01-08,SKU0015,WH03,2.5230784
2026-01-08,SKU0015,WH04,2.4129148
2026-01-08,SKU0015,WH05,2.556385
2026-01-08,SKU0016,WH01,56.425007
2026-01-08,SKU0016,WH02,56.37687
2026-01-08,SKU0016,WH03,59.34969
2026-01-08,SKU0016,WH04,71.75165
2026-01-08,SKU0016,WH05,57.944027
2026-01-08,SKU0017,WH01,7.8577623
2026-01-08,SKU0017,WH02,9.288493
2026-01-08,SKU0017,WH03,8.210172
2026-01-08,SKU0017,WH04,8.964877
2026-01-08,SKU0017,WH05,9.33008
2026-01-08,SKU0018,WH01,19.89791
2026-01-08,SKU0018,WH02,19.716702
2026-01-08,SKU0018,WH03,19.89791
2026-01-08,SKU0018,WH04,20.0272
2026-01-08,SKU0018,WH05,19.744242
2026-01-08,SKU0019,WH01,21.926662
2026-01-08,SKU0019,WH02,25.249727
2026-01-08,SKU0019,WH03,20.574276
2026-01-08,SKU0019,WH04,23.49106
2026-01-08,SKU0019,WH05,25.206816
2026-01-08,SKU0020,WH01,14.460252
2026-01-08,SKU0020,WH02,13.153655
2026-01-08,SKU0020,WH03,14.833417
2026-01-08,SKU0020,WH04,12.530219
2026-01-08,SKU0020,WH05,15.093002
2026-01-08,SKU0021,WH01,4.9582977
2026-01-08,SKU0021,WH02,3.0318878
2026-01-08,SKU0021,WH03,4.02665
2026-01-08,SKU0021,WH04,3.6097836
2026-01-08,SKU0021,WH05,4.295822
2026-01-08,SKU0022,WH01,4.9831004
2026-01-08,SKU0022,WH02,5.8155503
2026-01-08,SKU0022,WH03,5.109635
2026-01-08,SKU0022,WH04,5.631228
2026-01-08,SKU0022,WH05,4.9181075
2026-01-08,SKU0023,WH01,9.421507
2026-01-08,SKU0023,WH02,9.433719
2026-01-08,SKU0023,WH03,8.863506
2026-01-08,SKU0023,WH04,9.902548
2026-01-08,SKU0023,WH05,9.067777
2026-01-08,SKU0024,WH01,23.87186
2026-01-08,SKU0024,WH02,25.015676
2026-01-08,SKU0024,WH03,20.884195
2026-01-08,SKU0024,WH04,24.183472
2026-01-08,SKU0024,WH05,25.136955
2026-01-08,SKU0025,WH01,20.978672
2026-01-08,SKU0025,WH02,19.169374
2026-01-08,SKU0025,WH03,21.170483
2026-01-08,SKU0025,WH04,23.39317
2026-01-08,SKU0025,WH05,21.540081
2026-01-08,SKU0026,WH01,45.204216
2026-01-08,SKU0026,WH02,43.94442
2026-01-08,SKU0026,WH03,40.909534
2026-01-08,SKU0026,WH04,44.10804
2026-01-08,SKU0026,WH05,44.6081
2026-01-08,SKU0027,WH01,15.384564
2026-01-08,SKU0027,WH02,15.69698
2026-01-08,SKU0027,WH03,15.765025
2026-01-08,SKU0027,WH04,15.614921
2026-01-08,SKU0027,WH05,14.524084
2026-01-08,SKU0028,WH01,7.098141
2026-01-08,SKU0028,WH02,7.7476606
2026-01-08,SKU0028,WH03,7.67472
2026-01-08,SKU0028,WH04,8.215946
2026-01-08,SKU0028,WH05,7.313919
2026-01-08,SKU0029,WH01,9.746978
2026-01-08,SKU0029,WH02,9.461962
2026-01-08,SKU0029,WH03,9.015514
2026-01-08,SKU0029,WH04,9.674235
2026-01-08,SKU0029,WH05,9.311556
2026-01-08,SKU0030,WH01,16.929766
2026-01-08,SKU0030,WH02,16.876747
2026-01-08,SKU0030,WH03,17.292608
2026-01-08,SKU0030,WH04,16.920015
2026-01-08,SKU0030,WH05,17.073381
2026-01-08,SKU0031,WH01,7.6548276
2026-01-08,SKU0031,WH02,9.738285
2026-01-08,SKU0031,WH03,8.689811
2026-01-08,SKU0031,WH04,9.022827
2026-01-08,SKU0031,WH05,7.7532825
2026-01-08,SKU0032,WH01,9.525504
2026-01-08,SKU0032,WH02,9.501627
2026-01-08,SKU0032,WH03,9.431555
2026-01-08,SKU0032,WH04,9.745879
2026-01-08,SKU0032,WH05,9.355886
2026-01-08,SKU0033,WH01,3.2761765
2026-01-08,SKU0033,WH02,4.1618834
2026-01-08,SKU0033,WH03,4.261229
2026-01-08,SKU0033,WH04,4.2137613
2026-01-08,SKU0033,WH05,4.313427
2026-01-08,SKU0034,WH01,5.143674
2026-01-08,SKU0034,WH02,5.05824
2026-01-08,SKU0034,WH03,5.1261277
2026-01-08,SKU0034,WH04,5.0599933
2026-01-08,SKU0034,WH05,5.3215246
2026-01-08,SKU0035,WH01,4.1506906
2026-01-08,SKU0035,WH02,4.128847
2026-01-08,SKU0035,WH03,4.6579466
2026-01-08,SKU0035,WH04,4.260802
2026-01-08,SKU0035,WH05,4.1145716
2026-01-08,SKU0036,WH01,4.354685
2026-01-08,SKU0036,WH02,4.218176
2026-01-08,SKU0036,WH03,4.1907444
2026-01-08,SKU0036,WH04,4.2445483
2026-01-08,SKU0036,WH05,4.555787
2026-01-08,SKU0037,WH01,0.60284746
2026-01-08,SKU0037,WH02,0.47358966
2026-01-08,SKU0037,WH03,0.4618349
2026-01-08,SKU0037,WH04,0.44204748
2026-01-08,SKU0037,WH05,0.44204748
2026-01-08,SKU0038,WH01,14.688626
2026-01-08,SKU0038,WH02,16.20738
2026-01-08,SKU0038,WH03,14.942705
2026-01-08,SKU0038,WH04,15.248435
2026-01-08,SKU0038,WH05,15.593311
2026-01-08,SKU0039,WH01,8.254076
2026-01-08,SKU0039,WH02,7.517073
2026-01-08,SKU0039,WH03,7.152441
2026-01-08,SKU0039,WH04,6.643703
2026-01-08,SKU0039,WH05,7.0069966
2026-01-08,SKU0040,WH01,4.753797
2026-01-08,SKU0040,WH02,5.0918136
2026-01-08,SKU0040,WH03,5.159396
2026-01-08,SKU0040,WH04,5.711543
2026-01-08,SKU0040,WH05,5.0868163
2026-01-08,SKU0041,WH01,0.607581
2026-01-08,SKU0041,WH02,0.47358966
2026-01-08,SKU0041,WH03,0.47911775
2026-01-08,SKU0041,WH04,0.5003063
2026-01-08,SKU0041,WH05,0.6634519
2026-01-08,SKU0042,WH01,19.663
2026-01-08,SKU0042,WH02,21.565914
2026-01-08,SKU0042,WH03,19.410646
2026-01-08,SKU0042,WH04,21.803339
2026-01-08,SKU0042,WH05,18.772902
2026-01-08,SKU0043,WH01,2.3385384
2026-01-08,SKU0043,WH02,1.8997816
2026-01-08,SKU0043,WH03,2.5029547
2026-01-08,SKU0043,WH04,2.1845117
2026-01-08,SKU0043,WH05,1.9493114
2026-01-08,SKU0044,WH01,2.4653437
2026-01-08,SKU0044,WH02,2.3230991
2026-01-08,SKU0044,WH03,2.556385
2026-01-08,SKU0044,WH04,2.556385
2026-01-08,SKU0044,WH05,2.4741056
2026-01-08,SKU0045,WH01,47.29378
2026-01-08,SKU0045,WH02,45.859398
2026-01-08,SKU0045,WH03,44.68349
2026-01-08,SKU0045,WH04,45.170006
2026-01-08,SKU0045,WH05,47.14295
2026-01-08,SKU0046,WH01,42.02797
2026-01-08,SKU0046,WH02,42.25407
2026-01-08,SKU0046,WH03,41.74551
2026-01-08,SKU0046,WH04,43.683655
2026-01-08,SKU0046,WH05,43.83754
2026-01-08,SKU0047,WH01,2.29979
2026-01-08,SKU0047,WH02,2.3326423
2026-01-08,SKU0047,WH03,2.4558
2026-01-08,SKU0047,WH04,2.4558
2026-01-08,SKU0047,WH05,2.4903698
2026-01-08,SKU0048,WH01,0.46866703
2026-01-08,SKU0048,WH02,0.44204748
2026-01-08,SKU0048,WH03,0.44204748
2026-01-08,SKU0048,WH04,0.43712485
2026-01-08,SKU0048,WH05,0.47358966
2026-01-08,SKU0049,WH01,7.8490143
2026-01-08,SKU0049,WH02,9.301182
2026-01-08,SKU0049,WH03,8.731753
2026-01-08,SKU0049,WH04,9.499594
2026-01-08,SKU0049,WH05,9.491921
2026-01-08,SKU0050,WH01,16.539532
2026-01-08,SKU0050,WH02,16.391958
2026-01-08,SKU0050,WH03,15.010284
2026-01-08,SKU0050,WH04,14.5503
2026-01-08,SKU0050,WH05,14.949959
2026-01-08,SKU0051,WH01,0.44204748
2026-01-08,SKU0051,WH02,0.48404038
2026-01-08,SKU0051,WH03,0.44204748
2026-01-08,SKU0051,WH04,0.4524982
2026-01-08,SKU0051,WH05,0.44204748
2026-01-08,SKU0052,WH01,24.813398
2026-01-08,SKU0052,WH02,23.118782
2026-01-08,SKU0052,WH03,22.439499
2026-01-08,SKU0052,WH04,24.154291
2026-01-08,SKU0052,WH05,24.434475
2026-01-08,SKU0053,WH01,2.556385
2026-01-08,SKU0053,WH02,2.556385
2026-01-08,SKU0053,WH03,2.3248773
2026-01-08,SKU0053,WH04,2.7259316
2026-01-08,SKU0053,WH05,2.1595416
2026-01-08,SKU0054,WH01,13.598994
2026-01-08,SKU0054,WH02,11.6536665
2026-01-08,SKU0054,WH03,15.047764
2026-01-08,SKU0054,WH04,13.19321
2026-01-08,SKU0054,WH05,11.098194
2026-01-08,SKU0055,WH01,19.142485
2026-01-08,SKU0055,WH02,18.48199
2026-01-08,SKU0055,WH03,17.695726
2026-01-08,SKU0055,WH04,16.861156
2026-01-08,SKU0055,WH05,20.831263
2026-01-08,SKU0056,WH01,0.44204748
2026-01-08,SKU0056,WH02,0.47358966
2026-01-08,SKU0056,WH03,0.726388
2026-01-08,SKU0056,WH04,0.48404038
2026-01-08,SKU0056,WH05,0.7686559
2026-01-08,SKU0057,WH01,5.4617867
2026-01-08,SKU0057,WH02,5.4435706
2026-01-08,SKU0057,WH03,5.0275445
2026-01-08,SKU0057,WH04,5.4982705
2026-01-08,SKU0057,WH05,4.8210974
2026-01-08,SKU0058,WH01,25.42306
2026-01-08,SKU0058,WH02,26.369844
2026-01-08,SKU0058,WH03,27.279892
2026-01-08,SKU0058,WH04,28.667633
2026-01-08,SKU0058,WH05,29.10142
2026-01-08,SKU0059,WH01,20.828564
2026-01-08,SKU0059,WH02,23.429201
2026-01-08,SKU0059,WH03,19.490168
2026-01-08,SKU0059,WH04,21.974749
2026-01-08,SKU0059,WH05,22.818245
2026-01-08,SKU0060,WH01,10.562846
2026-01-08,SKU0060,WH02,8.952214
2026-01-08,SKU0060,WH03,9.054666
2026-01-08,SKU0060,WH04,9.361195
2026-01-08,SKU0060,WH05,9.054666
2026-01-08,SKU0061,WH01,13.73944
2026-01-08,SKU0061,WH02,16.273783
2026-01-08,SKU0061,WH03,17.034105
2026-01-08,SKU0061,WH04,16.836323
2026-01-08,SKU0061,WH05,16.664228
2026-01-08,SKU0062,WH01,30.891672
2026-01-08,SKU0062,WH02,36.102272
2026-01-08,SKU0062,WH03,33.429096
2026-01-08,SKU0062,WH04,33.686058
2026-01-08,SKU0062,WH05,32.99614
2026-01-08,SKU0063,WH01,10.285599
2026-01-08,SKU0063,WH02,12.347656
2026-01-08,SKU0063,WH03,10.402946
2026-01-08,SKU0063,WH04,10.708268
2026-01-08,SKU0063,WH05,10.341898
2026-01-08,SKU0064,WH01,8.13546
2026-01-08,SKU0064,WH02,8.902765
2026-01-08,SKU0064,WH03,7.9685435
2026-01-08,SKU0064,WH04,9.188954
2026-01-08,SKU0064,WH05,8.660706
2026-01-08,SKU0065,WH01,43.895473
2026-01-08,SKU0065,WH02,41.090347
2026-01-08,SKU0065,WH03,41.380604
2026-01-08,SKU0065,WH04,39.677006
2026-01-08,SKU0065,WH05,42.735725
2026-01-08,SKU0066,WH01,7.8303514
2026-01-08,SKU0066,WH02,7.933516
2026-01-08,SKU0066,WH03,8.021016
2026-01-08,SKU0066,WH04,8.637294
2026-01-08,SKU0066,WH05,9.159658
2026-01-08,SKU0067,WH01,37.20466
2026-01-08,SKU0067,WH02,35.899467
2026-01-08,SKU0067,WH03,39.419674
2026-01-08,SKU0067,WH04,39.87383
2026-01-08,SKU0067,WH05,38.905174
2026-01-08,SKU0068,WH01,0.96576536
2026-01-08,SKU0068,WH02,1.1424934
2026-01-08,SKU0068,WH03,1.3519964
2026-01-08,SKU0068,WH04,1.4363325
2026-01-08,SKU0068,WH05,1.5222192
2026-01-08,SKU0069,WH01,17.076834
2026-01-08,SKU0069,WH02,14.850877
2026-01-08,SKU0069,WH03,16.422926
2026-01-08,SKU0069,WH04,16.30235
2026-01-08,SKU0069,WH05,16.901535
2026-01-08,SKU0070,WH01,15.122506
2026-01-08,SKU0070,WH02,15.437472
2026-01-08,SKU0070,WH03,15.304864
2026-01-08,SKU0070,WH04,15.49959
2026-01-08,SKU0070,WH05,15.539593
2026-01-08,SKU0071,WH01,11.014981
2026-01-08,SKU0071,WH02,11.088212
2026-01-08,SKU0071,WH03,11.003956
2026-01-08,SKU0071,WH04,10.093418
2026-01-08,SKU0071,WH05,10.110509
2026-01-08,SKU0072,WH01,8.528694
2026-01-08,SKU0072,WH02,7.228937
2026-01-08,SKU0072,WH03,7.021922
2026-01-08,SKU0072,WH04,5.873913
2026-01-08,SKU0072,WH05,7.3701477
2026-01-08,SKU0073,WH01,25.175583
2026-01-08,SKU0073,WH02,23.781923
2026-01-08,SKU0073,WH03,27.542147
2026-01-08,SKU0073,WH04,22.983063
2026-01-08,SKU0073,WH05,23.263186
2026-01-08,SKU0074,WH01,19.032122
2026-01-08,SKU0074,WH02,16.920015
2026-01-08,SKU0074,WH03,17.174103
2026-01-08,SKU0074,WH04,19.054245
2026-01-08,SKU0074,WH05,17.838243
2026-01-08,SKU0075,WH01,3.708122
2026-01-08,SKU0075,WH02,4.5992875
2026-01-08,SKU0075,WH03,4.2305884
2026-01-08,SKU0075,WH04,4.7064295
2026-01-08,SKU0075,WH05,4.226054
2026-01-08,SKU0076,WH01,15.545222
2026-01-08,SKU0076,WH02,14.620086
2026-01-08,SKU0076,WH03,12.657084
2026-01-08,SKU0076,WH04,11.167098
2026-01-08,SKU0076,WH05,16.56587
2026-01-08,SKU0077,WH01,8.999792
2026-01-08,SKU0077,WH02,10.395519
2026-01-08,SKU0077,WH03,10.084286
2026-01-08,SKU0077,WH04,9.166504
2026-01-08,SKU0077,WH05,9.990132
2026-01-08,SKU0078,WH01,9.188954
2026-01-08,SKU0078,WH02,10.05278
2026-01-08,SKU0078,WH03,8.473631
2026-01-08,SKU0078,WH04,9.410134
2026-01-08,SKU0078,WH05,9.308045
2026-01-08,SKU0079,WH01,0.746977
2026-01-08,SKU0079,WH02,0.6307137
2026-01-08,SKU0079,WH03,1.0373172
2026-01-08,SKU0079,WH04,1.0399112
2026-01-08,SKU0079,WH05,0.6144481
2026-01-08,SKU0080,WH01,14.776046
2026-01-08,SKU0080,WH02,13.744135
2026-01-08,SKU0080,WH03,14.588931
2026-01-08,SKU0080,WH04,16.038061
2026-01-08,SKU0080,WH05,14.845811
2026-01-09,SKU0001,WH01,19.104904
2026-01-09,SKU0001,WH02,18.403555
2026-01-09,SKU0001,WH03,16.867971
2026-01-09,SKU0001,WH04,16.786644
2026-01-09,SKU0001,WH05,17.92102
2026-01-09,SKU0002,WH01,3.8912103
2026-01-09,SKU0002,WH02,3.5368817
2026-01-09,SKU0002,WH03,5.0413423
2026-01-09,SKU0002,WH04,4.0892367
2026-01-09,SKU0002,WH05,4.118755
2026-01-09,SKU0003,WH01,45.928032
2026-01-09,SKU0003,WH02,42.952465
2026-01-09,SKU0003,WH03,42.44919
2026-01-09,SKU0003,WH04,42.364433
2026-01-09,SKU0003,WH05,41.026833
2026-01-09,SKU0004,WH01,81.18926
2026-01-09,SKU0004,WH02,77.813736
2026-01-09,SKU0004,WH03,97.881
2026-01-09,SKU0004,WH04,79.394714
2026-01-09,SKU0004,WH05,86.77505
2026-01-09,SKU0005,WH01,17.14369
2026-01-09,SKU0005,WH02,17.599974
2026-01-09,SKU0005,WH03,18.031162
2026-01-09,SKU0005,WH04,18.597511
2026-01-09,SKU0005,WH05,15.303562
2026-01-09,SKU0006,WH01,0.43712485
2026-01-09,SKU0006,WH02,0.6165364
2026-01-09,SKU0006,WH03,0.6269871
2026-01-09,SKU0006,WH04,0.43712485
2026-01-09,SKU0006,WH05,0.43029273
2026-01-09,SKU0007,WH01,14.026386
2026-01-09,SKU0007,WH02,14.950794
2026-01-09,SKU0007,WH03,13.755788
2026-01-09,SKU0007,WH04,16.656466
2026-01-09,SKU0007,WH05,13.481166
2026-01-09,SKU0008,WH01,27.8417
2026-01-09,SKU0008,WH02,26.40684
2026-01-09,SKU0008,WH03,27.51686
2026-01-09,SKU0008,WH04,26.439676
2026-01-09,SKU0008,WH05,27.561222
2026-01-09,SKU0009,WH01,33.141125
2026-01-09,SKU0009,WH02,35.978676
2026-01-09,SKU0009,WH03,37.18964
2026-01-09,SKU0009,WH04,35.048115
2026-01-09,SKU0009,WH05,31.623154
2026-01-09,SKU0010,WH01,6.6616144
2026-01-09,SKU0010,WH02,6.778393
2026-01-09,SKU0010,WH03,5.332318
2026-01-09,SKU0010,WH04,7.728644
2026-01-09,SKU0010,WH05,6.8461547
2026-01-09,SKU0011,WH01,22.943907
2026-01-09,SKU0011,WH02,19.54793
2026-01-09,SKU0011,WH03,23.074455
2026-01-09,SKU0011,WH04,19.945374
2026-01-09,SKU0011,WH05,22.632254
2026-01-09,SKU0012,WH01,9.929205
2026-01-09,SKU0012,WH02,9.183358
2026-01-09,SKU0012,WH03,9.524613
2026-01-09,SKU0012,WH04,10.355298
2026-01-09,SKU0012,WH05,10.221387
2026-01-09,SKU0013,WH01,7.4932346
2026-01-09,SKU0013,WH02,7.508889
2026-01-09,SKU0013,WH03,5.798625
2026-01-09,SKU0013,WH04,7.6324043
2026-01-09,SKU0013,WH05,6.4216514
2026-01-09,SKU0014,WH01,3.637233
2026-01-09,SKU0014,WH02,3.5754611
2026-01-09,SKU0014,WH03,3.4166257
2026-01-09,SKU0014,WH04,3.103508
2026-01-09,SKU0014,WH05,3.0835104
2026-01-09,SKU0015,WH01,2.8529525
2026-01-09,SKU0015,WH02,2.4653437
2026-01-09,SKU0015,WH03,2.607037
2026-01-09,SKU0015,WH04,2.5461438
2026-01-09,SKU0015,WH05,2.517221
2026-01-09,SKU0016,WH01,56.042747
2026-01-09,SKU0016,WH02,56.810497
2026-01-09,SKU0016,WH03,56.774723
2026-01-09,SKU0016,WH04,65.745094
2026-01-09,SKU0016,WH05,59.66255
2026-01-09,SKU0017,WH01,7.730817
2026-01-09,SKU0017,WH02,9.290733
2026-01-09,SKU0017,WH03,8.085716
2026-01-09,SKU0017,WH04,8.660781
2026-01-09,SKU0017,WH05,9.487905
2026-01-09,SKU0018,WH01,19.91269
2026-01-09,SKU0018,WH02,19.50534
2026-01-09,SKU0018,WH03,19.661825
2026-01-09,SKU0018,WH04,19.91269
2026-01-09,SKU0018,WH05,19.585274
2026-01-09,SKU0019,WH01,22.057413
2026-01-09,SKU0019,WH02,24.799713
2026-01-09,SKU0019,WH03,20.5705
2026-01-09,SKU0019,WH04,23.48082
2026-01-09,SKU0019,WH05,24.87435
2026-01-09,SKU0020,WH01,14.145172
2026-01-09,SKU0020,WH02,13.158296
2026-01-09,SKU0020,WH03,14.488403
2026-01-09,SKU0020,WH04,12.779843
2026-01-09,SKU0020,WH05,15.144814
2026-01-09,SKU0021,WH01,4.8229465
2026-01-09,SKU0021,WH02,2.9142601
2026-01-09,SKU0021,WH03,3.7274842
2026-01-09,SKU0021,WH04,3.6196332
2026-01-09,SKU0021,WH05,4.488451
2026-01-09,SKU0022,WH01,4.99295
2026-01-09,SKU0022,WH02,5.606235
2026-01-09,SKU0022,WH03,5.130565
2026-01-09,SKU0022,WH04,5.6213784
2026-01-09,SKU0022,WH05,4.5274105
2026-01-09,SKU0023,WH01,9.261837
2026-01-09,SKU0023,WH02,9.355922
2026-01-09,SKU0023,WH03,9.255198
2026-01-09,SKU0023,WH04,10.078083
2026-01-09,SKU0023,WH05,8.734938
2026-01-09,SKU0024,WH01,24.58008
2026-01-09,SKU0024,WH02,24.753746
2026-01-09,SKU0024,WH03,20.946646
2026-01-09,SKU0024,WH04,24.332733
2026-01-09,SKU0024,WH05,25.288269
2026-01-09,SKU0025,WH01,20.41933
2026-01-09,SKU0025,WH02,19.260046
2026-01-09,SKU0025,WH03,21.060253
2026-01-09,SKU0025,WH04,23.313381
2026-01-09,SKU0025,WH05,22.10991
2026-01-09,SKU0026,WH01,46.01095
2026-01-09,SKU0026,WH02,43.667458
2026-01-09,SKU0026,WH03,41.413883
2026-01-09,SKU0026,WH04,43.736572
2026-01-09,SKU0026,WH05,45.31531
2026-01-09,SKU0027,WH01,15.776634
2026-01-09,SKU0027,WH02,16.333927
2026-01-09,SKU0027,WH03,16.85365
2026-01-09,SKU0027,WH04,15.920541
2026-01-09,SKU0027,WH05,14.384553
2026-01-09,SKU0028,WH01,7.008325
2026-01-09,SKU0028,WH02,7.662847
2026-01-09,SKU0028,WH03,7.9072447
2026-01-09,SKU0028,WH04,8.469084
2026-01-09,SKU0028,WH05,7.40749
2026-01-09,SKU0029,WH01,9.777044
2026-01-09,SKU0029,WH02,9.588504
2026-01-09,SKU0029,WH03,8.938799
2026-01-09,SKU0029,WH04,9.578539
2026-01-09,SKU0029,WH05,9.643315
2026-01-09,SKU0030,WH01,17.16111
2026-01-09,SKU0030,WH02,17.082739
2026-01-09,SKU0030,WH03,17.531084
2026-01-09,SKU0030,WH04,16.826313
2026-01-09,SKU0030,WH05,16.492685
2026-01-09,SKU0031,WH01,7.5287747
2026-01-09,SKU0031,WH02,9.686458
2026-01-09,SKU0031,WH03,8.612021
2026-01-09,SKU0031,WH04,8.980849
2026-01-09,SKU0031,WH05,7.8441434
2026-01-09,SKU0032,WH01,9.480408
2026-01-09,SKU0032,WH02,9.033837
2026-01-09,SKU0032,WH03,9.431555
2026-01-09,SKU0032,WH04,9.580538
2026-01-09,SKU0032,WH05,8.947965
2026-01-09,SKU0033,WH01,3.5383303
2026-01-09,SKU0033,WH02,4.255741
2026-01-09,SKU0033,WH03,4.4063416
2026-01-09,SKU0033,WH04,4.1618834
2026-01-09,SKU0033,WH05,4.1384487
2026-01-09,SKU0034,WH01,5.030073
2026-01-09,SKU0034,WH02,5.2372656
2026-01-09,SKU0034,WH03,5.107878
2026-01-09,SKU0034,WH04,4.9757705
2026-01-09,SKU0034,WH05,5.3709736
2026-01-09,SKU0035,WH01,3.9865055
2026-01-09,SKU0035,WH02,4.1433506
2026-01-09,SKU0035,WH03,4.630497
2026-01-09,SKU0035,WH04,4.3385057
2026-01-09,SKU0035,WH05,4.035618
2026-01-09,SKU0036,WH01,4.3644004
2026-01-09,SKU0036,WH02,4.0126567
2026-01-09,SKU0036,WH03,4.14784
2026-01-09,SKU0036,WH04,4.1832767
2026-01-09,SKU0036,WH05,4.645995
2026-01-09,SKU0037,WH01,0.60284746
2026-01-09,SKU0037,WH02,0.57727885
2026-01-09,SKU0037,WH03,0.4618349
2026-01-09,SKU0037,WH04,0.43029273
2026-01-09,SKU0037,WH05,0.43029273
2026-01-09,SKU0038,WH01,14.836506
2026-01-09,SKU0038,WH02,15.628417
2026-01-09,SKU0038,WH03,15.058528
2026-01-09,SKU0038,WH04,15.088553
2026-01-09,SKU0038,WH05,15.51458
2026-01-09,SKU0039,WH01,8.105625
2026-01-09,SKU0039,WH02,7.609657
2026-01-09,SKU0039,WH03,7.036395
2026-01-09,SKU0039,WH04,6.9512544
2026-01-09,SKU0039,WH05,7.1045923
2026-01-09,SKU0040,WH01,4.918287
2026-01-09,SKU0040,WH02,5.2802963
2026-01-09,SKU0040,WH03,5.0358806
2026-01-09,SKU0040,WH04,5.5483484
2026-01-09,SKU0040,WH05,5.2466087
2026-01-09,SKU0041,WH01,0.48404038
2026-01-09,SKU0041,WH02,0.48404038
2026-01-09,SKU0041,WH03,0.6585293
2026-01-09,SKU0041,WH04,0.49538362
2026-01-09,SKU0041,WH05,0.7166884
2026-01-09,SKU0042,WH01,19.702589
2026-01-09,SKU0042,WH02,22.065523
2026-01-09,SKU0042,WH03,18.38304
2026-01-09,SKU0042,WH04,21.911106
2026-01-09,SKU0042,WH05,19.436285
2026-01-09,SKU0043,WH01,2.3882828
2026-01-09,SKU0043,WH02,1.751715
2026-01-09,SKU0043,WH03,2.394343
2026-01-09,SKU0043,WH04,2.1845117
2026-01-09,SKU0043,WH05,1.9493114
2026-01-09,SKU0044,WH01,2.6256313
2026-01-09,SKU0044,WH02,2.4038992
2026-01-09,SKU0044,WH03,2.7076216
2026-01-09,SKU0044,WH04,2.556385
2026-01-09,SKU0044,WH05,2.3933055
2026-01-09,SKU0045,WH01,47.315586
2026-01-09,SKU0045,WH02,45.747253
2026-01-09,SKU0045,WH03,45.74068
2026-01-09,SKU0045,WH04,45.190784
2026-01-09,SKU0045,WH05,47.27904
2026-01-09,SKU0046,WH01,42.452747
2026-01-09,SKU0046,WH02,43.335495
2026-01-09,SKU0046,WH03,42.25868
2026-01-09,SKU0046,WH04,43.792698
2026-01-09,SKU0046,WH05,45.9075
2026-01-09,SKU0047,WH01,2.3495345
2026-01-09,SKU0047,WH02,2.38452
2026-01-09,SKU0047,WH03,2.517221
2026-01-09,SKU0047,WH04,2.517221
2026-01-09,SKU0047,WH05,2.3481488
2026-01-09,SKU0048,WH01,0.46866703
2026-01-09,SKU0048,WH02,0.43712485
2026-01-09,SKU0048,WH03,0.43029273
2026-01-09,SKU0048,WH04,0.6165364
2026-01-09,SKU0048,WH05,0.43712485
2026-01-09,SKU0049,WH01,7.8261538
2026-01-09,SKU0049,WH02,9.438773
2026-01-09,SKU0049,WH03,8.914069
2026-01-09,SKU0049,WH04,9.43541
2026-01-09,SKU0049,WH05,9.440094
2026-01-09,SKU0050,WH01,16.767336
2026-01-09,SKU0050,WH02,16.509665
2026-01-09,SKU0050,WH03,15.392525
2026-01-09,SKU0050,WH04,14.528275
2026-01-09,SKU0050,WH05,14.855126
2026-01-09,SKU0051,WH01,0.43029273
2026-01-09,SKU0051,WH02,0.6585293
2026-01-09,SKU0051,WH03,0.43712485
2026-01-09,SKU0051,WH04,0.6269871
2026-01-09,SKU0051,WH05,0.6165364
2026-01-09,SKU0052,WH01,24.88234
2026-01-09,SKU0052,WH02,23.14849
2026-01-09,SKU0052,WH03,22.622099
2026-01-09,SKU0052,WH04,25.17073
2026-01-09,SKU0052,WH05,24.67148
2026-01-09,SKU0053,WH01,2.698606
2026-01-09,SKU0053,WH02,2.556385
2026-01-09,SKU0053,WH03,2.2440772
2026-01-09,SKU0053,WH04,2.7873526
2026-01-09,SKU0053,WH05,2.2440772
2026-01-09,SKU0054,WH01,13.809524
2026-01-09,SKU0054,WH02,12.015055
2026-01-09,SKU0054,WH03,14.732161
2026-01-09,SKU0054,WH04,13.026192
2026-01-09,SKU0054,WH05,10.8444805
2026-01-09,SKU0055,WH01,19.15239
2026-01-09,SKU0055,WH02,17.977201
2026-01-09,SKU0055,WH03,18.128662
2026-01-09,SKU0055,WH04,17.141785
2026-01-09,SKU0055,WH05,20.479063
2026-01-09,SKU0056,WH01,0.43029273
2026-01-09,SKU0056,WH02,0.46866703
2026-01-09,SKU0056,WH03,0.726388
2026-01-09,SKU0056,WH04,0.47911775
2026-01-09,SKU0056,WH05,0.73787665
2026-01-09,SKU0057,WH01,5.675162
2026-01-09,SKU0057,WH02,5.308579
2026-01-09,SKU0057,WH03,5.223471
2026-01-09,SKU0057,WH04,5.2825675
2026-01-09,SKU0057,WH05,5.1001763
2026-01-09,SKU0058,WH01,25.652084
2026-01-09,SKU0058,WH02,25.686628
2026-01-09,SKU0058,WH03,26.987309
2026-01-09,SKU0058,WH04,28.702366
2026-01-09,SKU0058,WH05,30.04117
2026-01-09,SKU0059,WH01,21.069798
2026-01-09,SKU0059,WH02,23.501831
2026-01-09,SKU0059,WH03,19.891987
2026-01-09,SKU0059,WH04,22.183046
2026-01-09,SKU0059,WH05,23.033455
2026-01-09,SKU0060,WH01,10.54601
2026-01-09,SKU0060,WH02,8.987564
2026-01-09,SKU0060,WH03,9.0393915
2026-01-09,SKU0060,WH04,9.55153
2026-01-09,SKU0060,WH05,9.049074
2026-01-09,SKU0061,WH01,13.550677
2026-01-09,SKU0061,WH02,16.539959
2026-01-09,SKU0061,WH03,16.581331
2026-01-09,SKU0061,WH04,16.685349
2026-01-09,SKU0061,WH05,17.12873
2026-01-09,SKU0062,WH01,30.926952
2026-01-09,SKU0062,WH02,36.16247
2026-01-09,SKU0062,WH03,33.429096
2026-01-09,SKU0062,WH04,33.341618
2026-01-09,SKU0062,WH05,33.507496
2026-01-09,SKU0063,WH01,10.259192
2026-01-09,SKU0063,WH02,12.307878
2026-01-09,SKU0063,WH03,10.402946
2026-01-09,SKU0063,WH04,10.682739
2026-01-09,SKU0063,WH05,10.515577
2026-01-09,SKU0064,WH01,8.059925
2026-01-09,SKU0064,WH02,9.017647
2026-01-09,SKU0064,WH03,7.8822293
2026-01-09,SKU0064,WH04,9.180262
2026-01-09,SKU0064,WH05,8.650856
2026-01-09,SKU0065,WH01,43.9089
2026-01-09,SKU0065,WH02,41.15184
2026-01-09,SKU0065,WH03,41.72493
2026-01-09,SKU0065,WH04,40.358597
2026-01-09,SKU0065,WH05,42.785667
2026-01-09,SKU0066,WH01,7.9295673
2026-01-09,SKU0066,WH02,7.9563
2026-01-09,SKU0066,WH03,8.08047
2026-01-09,SKU0066,WH04,8.64641
2026-01-09,SKU0066,WH05,9.48526
2026-01-09,SKU0067,WH01,37.183983
2026-01-09,SKU0067,WH02,37.913784
2026-01-09,SKU0067,WH03,38.90296
2026-01-09,SKU0067,WH04,40.57418
2026-01-09,SKU0067,WH05,39.148273
2026-01-09,SKU0068,WH01,0.9265611
2026-01-09,SKU0068,WH02,1.058527
2026-01-09,SKU0068,WH03,0.81956446
2026-01-09,SKU0068,WH04,1.462957
2026-01-09,SKU0068,WH05,1.5432204
2026-01-09,SKU0069,WH01,17.108934
2026-01-09,SKU0069,WH02,15.27175
2026-01-09,SKU0069,WH03,16.230694
2026-01-09,SKU0069,WH04,16.79029
2026-01-09,SKU0069,WH05,17.3855
2026-01-09,SKU0070,WH01,14.869198
2026-01-09,SKU0070,WH02,15.144725
2026-01-09,SKU0070,WH03,14.929386
2026-01-09,SKU0070,WH04,15.515178
2026-01-09,SKU0070,WH05,15.468515
2026-01-09,SKU0071,WH01,10.892178
2026-01-09,SKU0071,WH02,11.051147
2026-01-09,SKU0071,WH03,10.890179
2026-01-09,SKU0071,WH04,10.285499
2026-01-09,SKU0071,WH05,10.020266
2026-01-09,SKU0072,WH01,8.929193
2026-01-09,SKU0072,WH02,7.1734715
2026-01-09,SKU0072,WH03,7.0460453
2026-01-09,SKU0072,WH04,5.8824615
2026-01-09,SKU0072,WH05,7.2342033
2026-01-09,SKU0073,WH01,25.436037
2026-01-09,SKU0073,WH02,24.44894
2026-01-09,SKU0073,WH03,27.35992
2026-01-09,SKU0073,WH04,23.381233
2026-01-09,SKU0073,WH05,23.406246
2026-01-09,SKU0074,WH01,18.48339
2026-01-09,SKU0074,WH02,16.821907
2026-01-09,SKU0074,WH03,17.928288
2026-01-09,SKU0074,WH04,19.244677
2026-01-09,SKU0074,WH05,17.731676
2026-01-09,SKU0075,WH01,3.7295592
2026-01-09,SKU0075,WH02,4.659238
2026-01-09,SKU0075,WH03,3.9767385
2026-01-09,SKU0075,WH04,4.7851377
2026-01-09,SKU0075,WH05,4.386521
2026-01-09,SKU0076,WH01,14.81926
2026-01-09,SKU0076,WH02,14.79545
2026-01-09,SKU0076,WH03,12.780297
2026-01-09,SKU0076,WH04,11.233042
2026-01-09,SKU0076,WH05,16.56587
2026-01-09,SKU0077,WH01,9.083364
2026-01-09,SKU0077,WH02,10.4510975
2026-01-09,SKU0077,WH03,10.196416
2026-01-09,SKU0077,WH04,9.153452
2026-01-09,SKU0077,WH05,10.185917
2026-01-09,SKU0078,WH01,9.16721
2026-01-09,SKU0078,WH02,10.024957
2026-01-09,SKU0078,WH03,8.522055
2026-01-09,SKU0078,WH04,9.449731
2026-01-09,SKU0078,WH05,9.388899
2026-01-09,SKU0079,WH01,0.77045137
2026-01-09,SKU0079,WH02,0.733255
2026-01-09,SKU0079,WH03,0.99939746
2026-01-09,SKU0079,WH04,1.0745134
2026-01-09,SKU0079,WH05,0.6144481
2026-01-09,SKU0080,WH01,14.840931
2026-01-09,SKU0080,WH02,13.889729
2026-01-09,SKU0080,WH03,14.941278
2026-01-09,SKU0080,WH04,16.229591
2026-01-09,SKU0080,WH05,14.530651
2026-01-10,SKU0001,WH01,20.729715
2026-01-10,SKU0001,WH02,19.717285
2026-01-10,SKU0001,WH03,17.55042
2026-01-10,SKU0001,WH04,18.1704
2026-01-10,SKU0001,WH05,19.30655
2026-01-10,SKU0002,WH01,3.9396758
2026-01-10,SKU0002,WH02,3.4996116
2026-01-10,SKU0002,WH03,4.837331
2026-01-10,SKU0002,WH04,4.173631
2026-01-10,SKU0002,WH05,4.197179
2026-01-10,SKU0003,WH01,48.945972
2026-01-10,SKU0003,WH02,46.315914
2026-01-10,SKU0003,WH03,46.308323
2026-01-10,SKU0003,WH04,44.20251
2026-01-10,SKU0003,WH05,43.84875
2026-01-10,SKU0004,WH01,84.51176
2026-01-10,SKU0004,WH02,82.43247
2026-01-10,SKU0004,WH03,94.02034
2026-01-10,SKU0004,WH04,81.68378
2026-01-10,SKU0004,WH05,88.858986
2026-01-10,SKU0005,WH01,18.362482
2026-01-10,SKU0005,WH02,18.985088
2026-01-10,SKU0005,WH03,19.493649
2026-01-10,SKU0005,WH04,19.30865
2026-01-10,SKU0005,WH05,16.1101
2026-01-10,SKU0006,WH01,0.38726917
2026-01-10,SKU0006,WH02,0.37681845
2026-01-10,SKU0006,WH03,0.38726917
2026-01-10,SKU0006,WH04,0.71851176
2026-01-10,SKU0006,WH05,0.4015285
2026-01-10,SKU0007,WH01,15.849921
2026-01-10,SKU0007,WH02,16.53018
2026-01-10,SKU0007,WH03,15.379355
2026-01-10,SKU0007,WH04,18.126535
2026-01-10,SKU0007,WH05,14.240197
2026-01-10,SKU0008,WH01,29.635319
2026-01-10,SKU0008,WH02,27.93409
2026-01-10,SKU0008,WH03,28.724024
2026-01-10,SKU0008,WH04,27.20802
2026-01-10,SKU0008,WH05,30.300493
2026-01-10,SKU0009,WH01,34.827293
2026-01-10,SKU0009,WH02,38.369164
2026-01-10,SKU0009,WH03,39.726154
2026-01-10,SKU0009,WH04,36.82237
2026-01-10,SKU0009,WH05,34.771854
2026-01-10,SKU0010,WH01,6.8822904
2026-01-10,SKU0010,WH02,7.277549
2026-01-10,SKU0010,WH03,5.6582212
2026-01-10,SKU0010,WH04,7.9869184
2026-01-10,SKU0010,WH05,7.463597
2026-01-10,SKU0011,WH01,24.39005
2026-01-10,SKU0011,WH02,20.709919
2026-01-10,SKU0011,WH03,24.585821
2026-01-10,SKU0011,WH04,21.486511
2026-01-10,SKU0011,WH05,24.197535
2026-01-10,SKU0012,WH01,10.537176
2026-01-10,SKU0012,WH02,10.032689
2026-01-10,SKU0012,WH03,10.215283
2026-01-10,SKU0012,WH04,11.207022
2026-01-10,SKU0012,WH05,10.754141
2026-01-10,SKU0013,WH01,7.834257
2026-01-10,SKU0013,WH02,7.64865
2026-01-10,SKU0013,WH03,5.850313
2026-01-10,SKU0013,WH04,8.358935
2026-01-10,SKU0013,WH05,6.366235
2026-01-10,SKU0014,WH01,3.4161859
2026-01-10,SKU0014,WH02,3.3468158
2026-01-10,SKU0014,WH03,3.410451
2026-01-10,SKU0014,WH04,3.0659318
2026-01-10,SKU0014,WH05,3.024497
2026-01-10,SKU0015,WH01,2.694401
2026-01-10,SKU0015,WH02,2.6002073
2026-01-10,SKU0015,WH03,2.295124
2026-01-10,SKU0015,WH04,2.3684955
2026-01-10,SKU0015,WH05,2.526836
2026-01-10,SKU0016,WH01,62.48304
2026-01-10,SKU0016,WH02,65.15593
2026-01-10,SKU0016,WH03,63.523994
2026-01-10,SKU0016,WH04,68.38392
2026-01-10,SKU0016,WH05,65.19917
2026-01-10,SKU0017,WH01,8.157315
2026-01-10,SKU0017,WH02,9.613772
2026-01-10,SKU0017,WH03,8.431733
2026-01-10,SKU0017,WH04,9.066055
2026-01-10,SKU0017,WH05,10.102935
2026-01-10,SKU0018,WH01,21.0827
2026-01-10,SKU0018,WH02,20.621187
2026-01-10,SKU0018,WH03,21.013819
2026-01-10,SKU0018,WH04,21.149635
2026-01-10,SKU0018,WH05,20.711918
2026-01-10,SKU0019,WH01,23.652918
2026-01-10,SKU0019,WH02,27.132605
2026-01-10,SKU0019,WH03,22.342987
2026-01-10,SKU0019,WH04,25.357603
2026-01-10,SKU0019,WH05,26.209087
2026-01-10,SKU0020,WH01,15.210099
2026-01-10,SKU0020,WH02,14.206315
2026-01-10,SKU0020,WH03,16.193445
2026-01-10,SKU0020,WH04,13.059756
2026-01-10,SKU0020,WH05,16.327368
2026-01-10,SKU0021,WH01,4.9026227
2026-01-10,SKU0021,WH02,2.9468877
2026-01-10,SKU0021,WH03,4.1400914
2026-01-10,SKU0021,WH04,3.6878824
2026-01-10,SKU0021,WH05,4.331674
2026-01-10,SKU0022,WH01,4.989972
2026-01-10,SKU0022,WH02,6.0676613
2026-01-10,SKU0022,WH03,5.0188427
2026-01-10,SKU0022,WH04,5.587348
2026-01-10,SKU0022,WH05,4.668038
2026-01-10,SKU0023,WH01,9.865559
2026-01-10,SKU0023,WH02,9.809859
2026-01-10,SKU0023,WH03,9.724089
2026-01-10,SKU0023,WH04,10.562399
2026-01-10,SKU0023,WH05,8.878231
2026-01-10,SKU0024,WH01,26.058962
2026-01-10,SKU0024,WH02,26.180147
2026-01-10,SKU0024,WH03,22.167013
2026-01-10,SKU0024,WH04,25.762049
2026-01-10,SKU0024,WH05,26.6871
2026-01-10,SKU0025,WH01,21.91063
2026-01-10,SKU0025,WH02,20.212069
2026-01-10,SKU0025,WH03,22.299747
2026-01-10,SKU0025,WH04,24.501223
2026-01-10,SKU0025,WH05,22.985567
2026-01-10,SKU0026,WH01,49.303616
2026-01-10,SKU0026,WH02,47.233093
2026-01-10,SKU0026,WH03,45.257095
2026-01-10,SKU0026,WH04,46.414955
2026-01-10,SKU0026,WH05,48.779835
2026-01-10,SKU0027,WH01,16.33819
2026-01-10,SKU0027,WH02,16.457352
2026-01-10,SKU0027,WH03,16.952951
2026-01-10,SKU0027,WH04,16.577574
2026-01-10,SKU0027,WH05,14.916612
2026-01-10,SKU0028,WH01,7.434176
2026-01-10,SKU0028,WH02,8.304462
2026-01-10,SKU0028,WH03,8.1484585
2026-01-10,SKU0028,WH04,8.64881
2026-01-10,SKU0028,WH05,7.859032
2026-01-10,SKU0029,WH01,10.140777
2026-01-10,SKU0029,WH02,9.797087
2026-01-10,SKU0029,WH03,9.250862
2026-01-10,SKU0029,WH04,10.055123
2026-01-10,SKU0029,WH05,9.7510805
2026-01-10,SKU0030,WH01,18.4832
2026-01-10,SKU0030,WH02,18.120426
2026-01-10,SKU0030,WH03,18.406017
2026-01-10,SKU0030,WH04,17.837555
2026-01-10,SKU0030,WH05,18.005608
2026-01-10,SKU0031,WH01,7.925328
2026-01-10,SKU0031,WH02,10.497222
2026-01-10,SKU0031,WH03,8.933839
2026-01-10,SKU0031,WH04,9.856213
2026-01-10,SKU0031,WH05,8.276347
2026-01-10,SKU0032,WH01,9.611781
2026-01-10,SKU0032,WH02,9.741231
2026-01-10,SKU0032,WH03,9.934857
2026-01-10,SKU0032,WH04,9.96869
2026-01-10,SKU0032,WH05,9.686734
2026-01-10,SKU0033,WH01,3.4435272
2026-01-10,SKU0033,WH02,4.2448683
2026-01-10,SKU0033,WH03,4.2999463
2026-01-10,SKU0033,WH04,4.1458573
2026-01-10,SKU0033,WH05,4.1458573
2026-01-10,SKU0034,WH01,5.20739
2026-01-10,SKU0034,WH02,5.363084
2026-01-10,SKU0034,WH03,5.084273
2026-01-10,SKU0034,WH04,5.058889
2026-01-10,SKU0034,WH05,5.1261
2026-01-10,SKU0035,WH01,4.250785
2026-01-10,SKU0035,WH02,4.1245694
2026-01-10,SKU0035,WH03,4.907803
2026-01-10,SKU0035,WH04,4.4224024
2026-01-10,SKU0035,WH05,4.1376677
2026-01-10,SKU0036,WH01,4.2585583
2026-01-10,SKU0036,WH02,3.948125
2026-01-10,SKU0036,WH03,4.262991
2026-01-10,SKU0036,WH04,4.0265007
2026-01-10,SKU0036,WH05,5.026467
2026-01-10,SKU0037,WH01,0.6420533
2026-01-10,SKU0037,WH02,0.37681845
2026-01-10,SKU0037,WH03,0.40836063
2026-01-10,SKU0037,WH04,0.37681845
2026-01-10,SKU0037,WH05,0.36998633
2026-01-10,SKU0038,WH01,15.214962
2026-01-10,SKU0038,WH02,17.002645
2026-01-10,SKU0038,WH03,15.5816345
2026-01-10,SKU0038,WH04,15.9949255
2026-01-10,SKU0038,WH05,16.512571
2026-01-10,SKU0039,WH01,8.530516
2026-01-10,SKU0039,WH02,7.9465766
2026-01-10,SKU0039,WH03,7.528902
2026-01-10,SKU0039,WH04,6.929863
2026-01-10,SKU0039,WH05,7.531258
2026-01-10,SKU0040,WH01,4.870436
2026-01-10,SKU0040,WH02,5.1595616
2026-01-10,SKU0040,WH03,5.1595616
2026-01-10,SKU0040,WH04,6.0125356
2026-01-10,SKU0040,WH05,5.288322
2026-01-10,SKU0041,WH01,0.5393736
2026-01-10,SKU0041,WH02,0.38726917
2026-01-10,SKU0041,WH03,0.41881135
2026-01-10,SKU0041,WH04,0.4350771
2026-01-10,SKU0041,WH05,0.75005394
2026-01-10,SKU0042,WH01,21.21593
2026-01-10,SKU0042,WH02,23.02006
2026-01-10,SKU0042,WH03,19.903585
2026-01-10,SKU0042,WH04,22.886368
2026-01-10,SKU0042,WH05,19.50143
2026-01-10,SKU0043,WH01,2.3722584
2026-01-10,SKU0043,WH02,1.8977934
2026-01-10,SKU0043,WH03,2.366368
2026-01-10,SKU0043,WH04,2.3882089
2026-01-10,SKU0043,WH05,1.5317794
2026-01-10,SKU0044,WH01,2.5197911
2026-01-10,SKU0044,WH02,2.4278255
2026-01-10,SKU0044,WH03,2.395709
2026-01-10,SKU0044,WH04,2.52841
2026-01-10,SKU0044,WH05,2.3584504
2026-01-10,SKU0045,WH01,50.080364
2026-01-10,SKU0045,WH02,48.23067
2026-01-10,SKU0045,WH03,47.58486
2026-01-10,SKU0045,WH04,47.51613
2026-01-10,SKU0045,WH05,51.185886
2026-01-10,SKU0046,WH01,44.655457
2026-01-10,SKU0046,WH02,45.772896
2026-01-10,SKU0046,WH03,45.29316
2026-01-10,SKU0046,WH04,45.20875
2026-01-10,SKU0046,WH05,47.752098
2026-01-10,SKU0047,WH01,2.3430536
2026-01-10,SKU0047,WH02,2.295124
2026-01-10,SKU0047,WH03,2.3684955
2026-01-10,SKU0047,WH04,2.4278255
2026-01-10,SKU0047,WH05,2.375924
2026-01-10,SKU0048,WH01,0.41881135
2026-01-10,SKU0048,WH02,0.37681845
2026-01-10,SKU0048,WH03,0.37681845
2026-01-10,SKU0048,WH04,0.37681845
2026-01-10,SKU0048,WH05,0.37681845
2026-01-10,SKU0049,WH01,8.25646
2026-01-10,SKU0049,WH02,9.708155
2026-01-10,SKU0049,WH03,9.1125
2026-01-10,SKU0049,WH04,10.2599535
2026-01-10,SKU0049,WH05,10.318732
2026-01-10,SKU0050,WH01,17.68022
2026-01-10,SKU0050,WH02,17.249525
2026-01-10,SKU0050,WH03,16.444721
2026-01-10,SKU0050,WH04,15.453294
2026-01-10,SKU0050,WH05,15.799465
2026-01-10,SKU0051,WH01,0.36998633
2026-01-10,SKU0051,WH02,0.41881135
2026-01-10,SKU0051,WH03,0.37681845
2026-01-10,SKU0051,WH04,0.38726917
2026-01-10,SKU0051,WH05,0.70806104
2026-01-10,SKU0052,WH01,25.988195
2026-01-10,SKU0052,WH02,24.33035
2026-01-10,SKU0052,WH03,23.779707
2026-01-10,SKU0052,WH04,26.445389
2026-01-10,SKU0052,WH05,25.93237
2026-01-10,SKU0053,WH01,2.4493191
2026-01-10,SKU0053,WH02,2.52841
2026-01-10,SKU0053,WH03,2.4023595
2026-01-10,SKU0053,WH04,2.6979566
2026-01-10,SKU0053,WH05,2.2161026
2026-01-10,SKU0054,WH01,14.802538
2026-01-10,SKU0054,WH02,12.896744
2026-01-10,SKU0054,WH03,15.656434
2026-01-10,SKU0054,WH04,14.275028
2026-01-10,SKU0054,WH05,11.873795
2026-01-10,SKU0055,WH01,20.27579
2026-01-10,SKU0055,WH02,19.642477
2026-01-10,SKU0055,WH03,20.537415
2026-01-10,SKU0055,WH04,18.385193
2026-01-10,SKU0055,WH05,21.709564
2026-01-10,SKU0056,WH01,0.36998633
2026-01-10,SKU0056,WH02,0.40836063
2026-01-10,SKU0056,WH03,0.5327609
2026-01-10,SKU0056,WH04,0.41881135
2026-01-10,SKU0056,WH05,0.8784929
2026-01-10,SKU0057,WH01,5.695871
2026-01-10,SKU0057,WH02,5.4970813
2026-01-10,SKU0057,WH03,5.175332
2026-01-10,SKU0057,WH04,5.468751
2026-01-10,SKU0057,WH05,4.9241276
2026-01-10,SKU0058,WH01,26.912254
2026-01-10,SKU0058,WH02,27.016436
2026-01-10,SKU0058,WH03,28.198118
2026-01-10,SKU0058,WH04,29.966284
2026-01-10,SKU0058,WH05,30.677942
2026-01-10,SKU0059,WH01,22.98857
2026-01-10,SKU0059,WH02,24.746038
2026-01-10,SKU0059,WH03,20.948408
2026-01-10,SKU0059,WH04,23.189806
2026-01-10,SKU0059,WH05,24.725069
2026-01-10,SKU0060,WH01,10.9655905
2026-01-10,SKU0060,WH02,9.576787
2026-01-10,SKU0060,WH03,9.586315
2026-01-10,SKU0060,WH04,9.554802
2026-01-10,SKU0060,WH05,9.573929
2026-01-10,SKU0061,WH01,14.993054
2026-01-10,SKU0061,WH02,17.659288
2026-01-10,SKU0061,WH03,17.676537
2026-01-10,SKU0061,WH04,18.408693
2026-01-10,SKU0061,WH05,18.508518
2026-01-10,SKU0062,WH01,31.677378
2026-01-10,SKU0062,WH02,38.32361
2026-01-10,SKU0062,WH03,35.101818
2026-01-10,SKU0062,WH04,35.23655
2026-01-10,SKU0062,WH05,34.982246
2026-01-10,SKU0063,WH01,10.672082
2026-01-10,SKU0063,WH02,12.896744
2026-01-10,SKU0063,WH03,10.799085
2026-01-10,SKU0063,WH04,11.106629
2026-01-10,SKU0063,WH05,10.919896
2026-01-10,SKU0064,WH01,8.550485
2026-01-10,SKU0064,WH02,9.290454
2026-01-10,SKU0064,WH03,8.186264
2026-01-10,SKU0064,WH04,9.50757
2026-01-10,SKU0064,WH05,9.209708
2026-01-10,SKU0065,WH01,46.295757
2026-01-10,SKU0065,WH02,43.035423
2026-01-10,SKU0065,WH03,44.854046
2026-01-10,SKU0065,WH04,41.10577
2026-01-10,SKU0065,WH05,45.2327
2026-01-10,SKU0066,WH01,8.29301
2026-01-10,SKU0066,WH02,8.438019
2026-01-10,SKU0066,WH03,8.347027
2026-01-10,SKU0066,WH04,9.424084
2026-01-10,SKU0066,WH05,10.096864
2026-01-10,SKU0067,WH01,39.49604
2026-01-10,SKU0067,WH02,39.208965
2026-01-10,SKU0067,WH03,42.263996
2026-01-10,SKU0067,WH04,43.666546
2026-01-10,SKU0067,WH05,41.607586
2026-01-10,SKU0068,WH01,0.89581984
2026-01-10,SKU0068,WH02,0.98033375
2026-01-10,SKU0068,WH03,0.7413723
2026-01-10,SKU0068,WH04,1.5472112
2026-01-10,SKU0068,WH05,1.5764728
2026-01-10,SKU0069,WH01,18.432726
2026-01-10,SKU0069,WH02,16.254465
2026-01-10,SKU0069,WH03,17.766273
2026-01-10,SKU0069,WH04,17.813274
2026-01-10,SKU0069,WH05,18.784874
2026-01-10,SKU0070,WH01,15.764215
2026-01-10,SKU0070,WH02,15.883832
2026-01-10,SKU0070,WH03,16.070156
2026-01-10,SKU0070,WH04,16.220692
2026-01-10,SKU0070,WH05,16.509478
2026-01-10,SKU0071,WH01,11.891333
2026-01-10,SKU0071,WH02,11.301686
2026-01-10,SKU0071,WH03,11.269186
2026-01-10,SKU0071,WH04,10.868995
2026-01-10,SKU0071,WH05,10.416404
2026-01-10,SKU0072,WH01,9.350612
2026-01-10,SKU0072,WH02,7.7584586
2026-01-10,SKU0072,WH03,7.302965
2026-01-10,SKU0072,WH04,6.415027
2026-01-10,SKU0072,WH05,7.801845
2026-01-10,SKU0073,WH01,26.581827
2026-01-10,SKU0073,WH02,25.761465
2026-01-10,SKU0073,WH03,29.262407
2026-01-10,SKU0073,WH04,24.375372
2026-01-10,SKU0073,WH05,24.709982
2026-01-10,SKU0074,WH01,19.156418
2026-01-10,SKU0074,WH02,17.837555
2026-01-10,SKU0074,WH03,19.427784
2026-01-10,SKU0074,WH04,20.889643
2026-01-10,SKU0074,WH05,19.243237
2026-01-10,SKU0075,WH01,3.5345836
2026-01-10,SKU0075,WH02,4.647182
2026-01-10,SKU0075,WH03,4.325195
2026-01-10,SKU0075,WH04,4.544983
2026-01-10,SKU0075,WH05,4.423934
2026-01-10,SKU0076,WH01,15.6580105
2026-01-10,SKU0076,WH02,15.819453
2026-01-10,SKU0076,WH03,13.075203
2026-01-10,SKU0076,WH04,11.728928
2026-01-10,SKU0076,WH05,18.11676
2026-01-10,SKU0077,WH01,9.534903
2026-01-10,SKU0077,WH02,10.839343
2026-01-10,SKU0077,WH03,10.893898
2026-01-10,SKU0077,WH04,9.558475
2026-01-10,SKU0077,WH05,10.379749
2026-01-10,SKU0078,WH01,9.81196
2026-01-10,SKU0078,WH02,10.93081
2026-01-10,SKU0078,WH03,9.46414
2026-01-10,SKU0078,WH04,10.231641
2026-01-10,SKU0078,WH05,9.740743
2026-01-10,SKU0079,WH01,0.5799522
2026-01-10,SKU0079,WH02,0.6851529
2026-01-10,SKU0079,WH03,0.9160635
2026-01-10,SKU0079,WH04,0.99112004
2026-01-10,SKU0079,WH05,0.55616987
2026-01-10,SKU0080,WH01,15.780748
2026-01-10,SKU0080,WH02,14.710125
2026-01-10,SKU0080,WH03,15.92578
2026-01-10,SKU0080,WH04,17.12972
2026-01-10,SKU0080,WH05,15.535901
2026-01-11,SKU0001,WH01,20.03191
2026-01-11,SKU0001,WH02,19.144321
2026-01-11,SKU0001,WH03,17.551414
2026-01-11,SKU0001,WH04,18.211285
2026-01-11,SKU0001,WH05,19.010674
2026-01-11,SKU0002,WH01,4.0386853
2026-01-11,SKU0002,WH02,3.202319
2026-01-11,SKU0002,WH03,4.755957
2026-01-11,SKU0002,WH04,4.288798
2026-01-11,SKU0002,WH05,4.088242
2026-01-11,SKU0003,WH01,49.36798
2026-01-11,SKU0003,WH02,48.015114
2026-01-11,SKU0003,WH03,46.294525
2026-01-11,SKU0003,WH04,45.20644
2026-01-11,SKU0003,WH05,43.798786
2026-01-11,SKU0004,WH01,79.55448
2026-01-11,SKU0004,WH02,81.6335
2026-01-11,SKU0004,WH03,98.50568
2026-01-11,SKU0004,WH04,83.11275
2026-01-11,SKU0004,WH05,93.39626
2026-01-11,SKU0005,WH01,18.429186
2026-01-11,SKU0005,WH02,19.366524
2026-01-11,SKU0005,WH03,19.043318
2026-01-11,SKU0005,WH04,19.393976
2026-01-11,SKU0005,WH05,16.1101
2026-01-11,SKU0006,WH01,0.37681845
2026-01-11,SKU0006,WH02,0.37681845
2026-01-11,SKU0006,WH03,0.5868766
2026-01-11,SKU0006,WH04,0.38726917
2026-01-11,SKU0006,WH05,0.36998633
2026-01-11,SKU0007,WH01,15.084706
2026-01-11,SKU0007,WH02,16.193762
2026-01-11,SKU0007,WH03,14.497099
2026-01-11,SKU0007,WH04,17.836794
2026-01-11,SKU0007,WH05,14.348434
2026-01-11,SKU0008,WH01,30.50339
2026-01-11,SKU0008,WH02,28.258133
2026-01-11,SKU0008,WH03,28.759628
2026-01-11,SKU0008,WH04,28.94428
2026-01-11,SKU0008,WH05,29.966772
2026-01-11,SKU0009,WH01,34.557453
2026-01-11,SKU0009,WH02,38.328712
2026-01-11,SKU0009,WH03,39.284966
2026-01-11,SKU0009,WH04,37.910805
2026-01-11,SKU0009,WH05,34.40148
2026-01-11,SKU0010,WH01,6.6543155
2026-01-11,SKU0010,WH02,7.0273013
2026-01-11,SKU0010,WH03,5.804928
2026-01-11,SKU0010,WH04,8.00335
2026-01-11,SKU0010,WH05,7.114597
2026-01-11,SKU0011,WH01,24.72233
2026-01-11,SKU0011,WH02,22.069958
2026-01-11,SKU0011,WH03,24.178247
2026-01-11,SKU0011,WH04,21.75214
2026-01-11,SKU0011,WH05,24.441757
2026-01-11,SKU0012,WH01,10.347713
2026-01-11,SKU0012,WH02,9.664624
2026-01-11,SKU0012,WH03,9.839628
2026-01-11,SKU0012,WH04,10.978066
2026-01-11,SKU0012,WH05,10.476517
2026-01-11,SKU0013,WH01,7.716994
2026-01-11,SKU0013,WH02,7.595343
2026-01-11,SKU0013,WH03,5.700958
2026-01-11,SKU0013,WH04,8.279098
2026-01-11,SKU0013,WH05,6.6495113
2026-01-11,SKU0014,WH01,3.3378289
2026-01-11,SKU0014,WH02,3.348724
2026-01-11,SKU0014,WH03,3.4295237
2026-01-11,SKU0014,WH04,3.1682837
2026-01-11,SKU0014,WH05,2.9254866
2026-01-11,SKU0015,WH01,2.8551383
2026-01-11,SKU0015,WH02,2.3684955
2026-01-11,SKU0015,WH03,2.526836
2026-01-11,SKU0015,WH04,2.3941345
2026-01-11,SKU0015,WH05,2.5011969
2026-01-11,SKU0016,WH01,61.051228
2026-01-11,SKU0016,WH02,62.18226
2026-01-11,SKU0016,WH03,63.112713
2026-01-11,SKU0016,WH04,67.219376
2026-01-11,SKU0016,WH05,64.64429
2026-01-11,SKU0017,WH01,8.076367
2026-01-11,SKU0017,WH02,9.74467
2026-01-11,SKU0017,WH03,8.527443
2026-01-11,SKU0017,WH04,9.1909895
2026-01-11,SKU0017,WH05,10.014885
2026-01-11,SKU0018,WH01,20.706514
2026-01-11,SKU0018,WH02,20.746096
2026-01-11,SKU0018,WH03,21.419973
2026-01-11,SKU0018,WH04,21.274544
2026-01-11,SKU0018,WH05,20.664663
2026-01-11,SKU0019,WH01,23.990358
2026-01-11,SKU0019,WH02,26.984447
2026-01-11,SKU0019,WH03,22.329279
2026-01-11,SKU0019,WH04,25.121454
2026-01-11,SKU0019,WH05,26.404629
2026-01-11,SKU0020,WH01,15.292158
2026-01-11,SKU0020,WH02,14.346033
2026-01-11,SKU0020,WH03,16.2888
2026-01-11,SKU0020,WH04,14.345523
2026-01-11,SKU0020,WH05,16.29415
2026-01-11,SKU0021,WH01,4.96823
2026-01-11,SKU0021,WH02,2.9468877
2026-01-11,SKU0021,WH03,3.9294944
2026-01-11,SKU0021,WH04,3.6745598
2026-01-11,SKU0021,WH05,4.3506727
2026-01-11,SKU0022,WH01,5.0988326
2026-01-11,SKU0022,WH02,5.7727723
2026-01-11,SKU0022,WH03,4.9655356
2026-01-11,SKU0022,WH04,5.6922617
2026-01-11,SKU0022,WH05,4.6063104
2026-01-11,SKU0023,WH01,9.916463
2026-01-11,SKU0023,WH02,9.876255
2026-01-11,SKU0023,WH03,9.654635
2026-01-11,SKU0023,WH04,10.806798
2026-01-11,SKU0023,WH05,9.336817
2026-01-11,SKU0024,WH01,26.239758
2026-01-11,SKU0024,WH02,25.66615
2026-01-11,SKU0024,WH03,22.636108
2026-01-11,SKU0024,WH04,25.693214
2026-01-11,SKU0024,WH05,26.955738
2026-01-11,SKU0025,WH01,21.559242
2026-01-11,SKU0025,WH02,20.2395
2026-01-11,SKU0025,WH03,22.469313
2026-01-11,SKU0025,WH04,24.706944
2026-01-11,SKU0025,WH05,22.375479
2026-01-11,SKU0026,WH01,50.60334
2026-01-11,SKU0026,WH02,46.911133
2026-01-11,SKU0026,WH03,44.552956
2026-01-11,SKU0026,WH04,47.218136
2026-01-11,SKU0026,WH05,48.692066
2026-01-11,SKU0027,WH01,16.327368
2026-01-11,SKU0027,WH02,16.950706
2026-01-11,SKU0027,WH03,17.342617
2026-01-11,SKU0027,WH04,16.559454
2026-01-11,SKU0027,WH05,14.897089
2026-01-11,SKU0028,WH01,7.6531034
2026-01-11,SKU0028,WH02,8.411699
2026-01-11,SKU0028,WH03,8.414975
2026-01-11,SKU0028,WH04,8.506157
2026-01-11,SKU0028,WH05,7.8191853
2026-01-11,SKU0029,WH01,10.455171
2026-01-11,SKU0029,WH02,9.607403
2026-01-11,SKU0029,WH03,9.435371
2026-01-11,SKU0029,WH04,10.256972
2026-01-11,SKU0029,WH05,9.790629
2026-01-11,SKU0030,WH01,18.493752
2026-01-11,SKU0030,WH02,18.110737
2026-01-11,SKU0030,WH03,18.724031
2026-01-11,SKU0030,WH04,17.767488
2026-01-11,SKU0030,WH05,18.057062
2026-01-11,SKU0031,WH01,7.8243957
2026-01-11,SKU0031,WH02,10.435321
2026-01-11,SKU0031,WH03,8.781081
2026-01-11,SKU0031,WH04,9.953236
2026-01-11,SKU0031,WH05,8.22578
2026-01-11,SKU0032,WH01,9.684465
2026-01-11,SKU0032,WH02,9.831234
2026-01-11,SKU0032,WH03,9.921805
2026-01-11,SKU0032,WH04,10.018144
2026-01-11,SKU0032,WH05,9.37182
2026-01-11,SKU0033,WH01,3.2531462
2026-01-11,SKU0033,WH02,4.187837
2026-01-11,SKU0033,WH03,4.3205156
2026-01-11,SKU0033,WH04,4.191273
2026-01-11,SKU0033,WH05,4.361674
2026-01-11,SKU0034,WH01,5.359882
2026-01-11,SKU0034,WH02,5.1669827
2026-01-11,SKU0034,WH03,5.0391946
2026-01-11,SKU0034,WH04,4.9718795
2026-01-11,SKU0034,WH05,5.1080217
2026-01-11,SKU0035,WH01,4.0877714
2026-01-11,SKU0035,WH02,4.2714424
2026-01-11,SKU0035,WH03,4.7101808
2026-01-11,SKU0035,WH04,4.112821
2026-01-11,SKU0035,WH05,4.154652
2026-01-11,SKU0036,WH01,4.3492084
2026-01-11,SKU0036,WH02,3.8608625
2026-01-11,SKU0036,WH03,4.0265007
2026-01-11,SKU0036,WH04,4.0813093
2026-01-11,SKU0036,WH05,4.729959
2026-01-11,SKU0037,WH01,0.4350771
2026-01-11,SKU0037,WH02,0.37681845
2026-01-11,SKU0037,WH03,0.4015285
2026-01-11,SKU0037,WH04,0.37681845
2026-01-11,SKU0037,WH05,0.36998633
2026-01-11,SKU0038,WH01,15.552919
2026-01-11,SKU0038,WH02,17.048994
2026-01-11,SKU0038,WH03,16.24303
2026-01-11,SKU0038,WH04,16.275394
2026-01-11,SKU0038,WH05,16.700026
2026-01-11,SKU0039,WH01,8.492663
2026-01-11,SKU0039,WH02,7.7285557
2026-01-11,SKU0039,WH03,7.135624
2026-01-11,SKU0039,WH04,7.2475104
2026-01-11,SKU0039,WH05,7.4811316
2026-01-11,SKU0040,WH01,4.6374497
2026-01-11,SKU0040,WH02,5.0629435
2026-01-11,SKU0040,WH03,5.1787753
2026-01-11,SKU0040,WH04,5.977784
2026-01-11,SKU0040,WH05,5.2451344
2026-01-11,SKU0041,WH01,0.38726917
2026-01-11,SKU0041,WH02,0.38726917
2026-01-11,SKU0041,WH03,0.38726917
2026-01-11,SKU0041,WH04,0.4350771
2026-01-11,SKU0041,WH05,0.41881135
2026-01-11,SKU0042,WH01,21.239704
2026-01-11,SKU0042,WH02,23.525173
2026-01-11,SKU0042,WH03,20.163542
2026-01-11,SKU0042,WH04,23.095438
2026-01-11,SKU0042,WH05,19.828773
2026-01-11,SKU0043,WH01,2.251696
2026-01-11,SKU0043,WH02,1.8110836
2026-01-11,SKU0043,WH03,2.489854
2026-01-11,SKU0043,WH04,2.4896982
2026-01-11,SKU0043,WH05,1.63079
2026-01-11,SKU0044,WH01,2.4127288
2026-01-11,SKU0044,WH02,2.526836
2026-01-11,SKU0044,WH03,2.4278255
2026-01-11,SKU0044,WH04,2.5272198
2026-01-11,SKU0044,WH05,2.2969027
2026-01-11,SKU0045,WH01,52.012287
2026-01-11,SKU0045,WH02,47.787743
2026-01-11,SKU0045,WH03,47.53467
2026-01-11,SKU0045,WH04,47.850155
2026-01-11,SKU0045,WH05,52.248497
2026-01-11,SKU0046,WH01,44.667606
2026-01-11,SKU0046,WH02,45.07435
2026-01-11,SKU0046,WH03,46.391724
2026-01-11,SKU0046,WH04,45.66394
2026-01-11,SKU0046,WH05,47.22191
2026-01-11,SKU0047,WH01,2.475731
2026-01-11,SKU0047,WH02,2.295124
2026-01-11,SKU0047,WH03,2.295124
2026-01-11,SKU0047,WH04,2.5011969
2026-01-11,SKU0047,WH05,2.4278255
2026-01-11,SKU0048,WH01,0.40836063
2026-01-11,SKU0048,WH02,0.36998633
2026-01-11,SKU0048,WH03,0.36998633
2026-01-11,SKU0048,WH04,0.37681845
2026-01-11,SKU0048,WH05,0.37681845
2026-01-11,SKU0049,WH01,8.482459
2026-01-11,SKU0049,WH02,9.828002
2026-01-11,SKU0049,WH03,9.348095
2026-01-11,SKU0049,WH04,10.184766
2026-01-11,SKU0049,WH05,10.161305
2026-01-11,SKU0050,WH01,17.686129
2026-01-11,SKU0050,WH02,17.35786
2026-01-11,SKU0050,WH03,16.289557
2026-01-11,SKU0050,WH04,15.061006
2026-01-11,SKU0050,WH05,15.558666
2026-01-11,SKU0051,WH01,0.36998633
2026-01-11,SKU0051,WH02,0.38726917
2026-01-11,SKU0051,WH03,0.36998633
2026-01-11,SKU0051,WH04,0.38726917
2026-01-11,SKU0051,WH05,0.37681845
2026-01-11,SKU0052,WH01,26.846102
2026-01-11,SKU0052,WH02,24.706123
2026-01-11,SKU0052,WH03,23.882889
2026-01-11,SKU0052,WH04,25.847855
2026-01-11,SKU0052,WH05,26.32633
2026-01-11,SKU0053,WH01,2.4493191
2026-01-11,SKU0053,WH02,2.6307042
2026-01-11,SKU0053,WH03,2.3215594
2026-01-11,SKU0053,WH04,2.909832
2026-01-11,SKU0053,WH05,2.3215594
2026-01-11,SKU0054,WH01,14.620318
2026-01-11,SKU0054,WH02,12.9665165
2026-01-11,SKU0054,WH03,15.552114
2026-01-11,SKU0054,WH04,14.222577
2026-01-11,SKU0054,WH05,11.620916
2026-01-11,SKU0055,WH01,20.232313
2026-01-11,SKU0055,WH02,19.760399
2026-01-11,SKU0055,WH03,19.778233
2026-01-11,SKU0055,WH04,18.574272
2026-01-11,SKU0055,WH05,22.060524
2026-01-11,SKU0056,WH01,0.36998633
2026-01-11,SKU0056,WH02,0.40836063
2026-01-11,SKU0056,WH03,0.5278384
2026-01-11,SKU0056,WH04,0.41881135
2026-01-11,SKU0056,WH05,0.5477943
2026-01-11,SKU0057,WH01,5.8235645
2026-01-11,SKU0057,WH02,5.6587915
2026-01-11,SKU0057,WH03,5.2800045
2026-01-11,SKU0057,WH04,5.4579124
2026-01-11,SKU0057,WH05,5.153548
2026-01-11,SKU0058,WH01,26.779858
2026-01-11,SKU0058,WH02,27.24937
2026-01-11,SKU0058,WH03,28.345028
2026-01-11,SKU0058,WH04,30.477154
2026-01-11,SKU0058,WH05,30.311775
2026-01-11,SKU0059,WH01,23.12705
2026-01-11,SKU0059,WH02,25.098654
2026-01-11,SKU0059,WH03,21.13659
2026-01-11,SKU0059,WH04,23.275137
2026-01-11,SKU0059,WH05,24.943724
2026-01-11,SKU0060,WH01,10.7574
2026-01-11,SKU0060,WH02,9.499036
2026-01-11,SKU0060,WH03,9.37182
2026-01-11,SKU0060,WH04,10.139902
2026-01-11,SKU0060,WH05,9.684465
2026-01-11,SKU0061,WH01,14.975752
2026-01-11,SKU0061,WH02,17.888702
2026-01-11,SKU0061,WH03,18.439121
2026-01-11,SKU0061,WH04,18.281395
2026-01-11,SKU0061,WH05,18.073315
2026-01-11,SKU0062,WH01,31.943785
2026-01-11,SKU0062,WH02,38.154915
2026-01-11,SKU0062,WH03,35.251038
2026-01-11,SKU0062,WH04,35.11972
2026-01-11,SKU0062,WH05,35.3056
2026-01-11,SKU0063,WH01,10.672082
2026-01-11,SKU0063,WH02,13.023698
2026-01-11,SKU0063,WH03,10.960951
2026-01-11,SKU0063,WH04,11.174025
2026-01-11,SKU0063,WH05,11.111638
2026-01-11,SKU0064,WH01,8.328214
2026-01-11,SKU0064,WH02,9.560347
2026-01-11,SKU0064,WH03,8.301664
2026-01-11,SKU0064,WH04,9.844286
2026-01-11,SKU0064,WH05,8.881823
2026-01-11,SKU0065,WH01,45.28924
2026-01-11,SKU0065,WH02,44.613228
2026-01-11,SKU0065,WH03,44.354996
2026-01-11,SKU0065,WH04,42.711582
2026-01-11,SKU0065,WH05,45.269844
2026-01-11,SKU0066,WH01,8.392825
2026-01-11,SKU0066,WH02,8.659664
2026-01-11,SKU0066,WH03,8.280668
2026-01-11,SKU0066,WH04,9.396698
2026-01-11,SKU0066,WH05,9.97161
2026-01-11,SKU0067,WH01,38.72265
2026-01-11,SKU0067,WH02,39.350334
2026-01-11,SKU0067,WH03,43.255276
2026-01-11,SKU0067,WH04,43.32772
2026-01-11,SKU0067,WH05,42.36197
2026-01-11,SKU0068,WH01,0.79496104
2026-01-11,SKU0068,WH02,0.9885816
2026-01-11,SKU0068,WH03,0.6900163
2026-01-11,SKU0068,WH04,1.3982668
2026-01-11,SKU0068,WH05,1.5013257
2026-01-11,SKU0069,WH01,18.582693
2026-01-11,SKU0069,WH02,16.727663
2026-01-11,SKU0069,WH03,17.621813
2026-01-11,SKU0069,WH04,17.723822
2026-01-11,SKU0069,WH05,18.325031
2026-01-11,SKU0070,WH01,16.239056
2026-01-11,SKU0070,WH02,16.583406
2026-01-11,SKU0070,WH03,15.792543
2026-01-11,SKU0070,WH04,16.40946
2026-01-11,SKU0070,WH05,16.540512
2026-01-11,SKU0071,WH01,11.585224
2026-01-11,SKU0071,WH02,11.2345085
2026-01-11,SKU0071,WH03,11.282238
2026-01-11,SKU0071,WH04,10.743199
2026-01-11,SKU0071,WH05,10.557241
2026-01-11,SKU0072,WH01,9.374669
2026-01-11,SKU0072,WH02,7.655535
2026-01-11,SKU0072,WH03,7.1879306
2026-01-11,SKU0072,WH04,6.114632
2026-01-11,SKU0072,WH05,7.683786
2026-01-11,SKU0073,WH01,27.057474
2026-01-11,SKU0073,WH02,26.148182
2026-01-11,SKU0073,WH03,29.288818
2026-01-11,SKU0073,WH04,25.137695
2026-01-11,SKU0073,WH05,25.266937
2026-01-11,SKU0074,WH01,19.659555
2026-01-11,SKU0074,WH02,17.74461
2026-01-11,SKU0074,WH03,19.584969
2026-01-11,SKU0074,WH04,21.324093
2026-01-11,SKU0074,WH05,19.108644
2026-01-11,SKU0075,WH01,3.3908792
2026-01-11,SKU0075,WH02,4.385531
2026-01-11,SKU0075,WH03,4.0165753
2026-01-11,SKU0075,WH04,4.5271153
2026-01-11,SKU0075,WH05,4.2755556
2026-01-11,SKU0076,WH01,16.301434
2026-01-11,SKU0076,WH02,15.939455
2026-01-11,SKU0076,WH03,13.146895
2026-01-11,SKU0076,WH04,11.738149
2026-01-11,SKU0076,WH05,17.530205
2026-01-11,SKU0077,WH01,9.237889
2026-01-11,SKU0077,WH02,11.005335
2026-01-11,SKU0077,WH03,11.05849
2026-01-11,SKU0077,WH04,10.044166
2026-01-11,SKU0077,WH05,10.143728
2026-01-11,SKU0078,WH01,9.397519
2026-01-11,SKU0078,WH02,10.392623
2026-01-11,SKU0078,WH03,8.897752
2026-01-11,SKU0078,WH04,9.763383
2026-01-11,SKU0078,WH05,9.865559
2026-01-11,SKU0079,WH01,0.5750296
2026-01-11,SKU0079,WH02,0.6851529
2026-01-11,SKU0079,WH03,0.93491334
2026-01-11,SKU0079,WH04,0.969516
2026-01-11,SKU0079,WH05,0.55616987
2026-01-11,SKU0080,WH01,15.842078
2026-01-11,SKU0080,WH02,15.739019
2026-01-11,SKU0080,WH03,15.92578
2026-01-11,SKU0080,WH04,17.767006
2026-01-11,SKU0080,WH05,16.189806
2026-01-12,SKU0001,WH01,18.753254
2026-01-12,SKU0001,WH02,18.432735
2026-01-12,SKU0001,WH03,16.188326
2026-01-12,SKU0001,WH04,16.86622
2026-01-12,SKU0001,WH05,17.981161
2026-01-12,SKU0002,WH01,3.787509
2026-01-12,SKU0002,WH02,3.426799
2026-01-12,SKU0002,WH03,4.7092547
2026-01-12,SKU0002,WH04,4.1469226
2026-01-12,SKU0002,WH05,4.254298
2026-01-12,SKU0003,WH01,44.96363
2026-01-12,SKU0003,WH02,43.915646
2026-01-12,SKU0003,WH03,43.557705
2026-01-12,SKU0003,WH04,43.01262
2026-01-12,SKU0003,WH05,41.79176
2026-01-12,SKU0004,WH01,70.921196
2026-01-12,SKU0004,WH02,74.59197
2026-01-12,SKU0004,WH03,86.80455
2026-01-12,SKU0004,WH04,71.65729
2026-01-12,SKU0004,WH05,84.7322
2026-01-12,SKU0005,WH01,17.332697
2026-01-12,SKU0005,WH02,17.738285
2026-01-12,SKU0005,WH03,17.847822
2026-01-12,SKU0005,WH04,19.64923
2026-01-12,SKU0005,WH05,15.414443
2026-01-12,SKU0006,WH01,0.71865594
2026-01-12,SKU0006,WH02,0.71865594
2026-01-12,SKU0006,WH03,0.71865594
2026-01-12,SKU0006,WH04,0.72910666
2026-01-12,SKU0006,WH05,0.7118238
2026-01-12,SKU0007,WH01,14.265102
2026-01-12,SKU0007,WH02,15.077623
2026-01-12,SKU0007,WH03,13.693875
2026-01-12,SKU0007,WH04,17.0554
2026-01-12,SKU0007,WH05,13.402407
2026-01-12,SKU0008,WH01,28.544024
2026-01-12,SKU0008,WH02,26.867777
2026-01-12,SKU0008,WH03,27.285757
2026-01-12,SKU0008,WH04,27.528048
2026-01-12,SKU0008,WH05,28.09092
2026-01-12,SKU0009,WH01,32.96701
2026-01-12,SKU0009,WH02,35.546925
2026-01-12,SKU0009,WH03,37.03678
2026-01-12,SKU0009,WH04,34.359867
2026-01-12,SKU0009,WH05,32.82397
2026-01-12,SKU0010,WH01,6.1984353
2026-01-12,SKU0010,WH02,7.002932
2026-01-12,SKU0010,WH03,5.618696
2026-01-12,SKU0010,WH04,7.76521
2026-01-12,SKU0010,WH05,6.8820724
2026-01-12,SKU0011,WH01,23.315336
2026-01-12,SKU0011,WH02,20.448444
2026-01-12,SKU0011,WH03,22.972723
2026-01-12,SKU0011,WH04,20.138552
2026-01-12,SKU0011,WH05,23.242592
2026-01-12,SKU0012,WH01,10.010069
2026-01-12,SKU0012,WH02,9.686311
2026-01-12,SKU0012,WH03,9.407749
2026-01-12,SKU0012,WH04,10.135585
2026-01-12,SKU0012,WH05,10.185298
2026-01-12,SKU0013,WH01,7.5019274
2026-01-12,SKU0013,WH02,7.341
2026-01-12,SKU0013,WH03,5.7731705
2026-01-12,SKU0013,WH04,7.8838167
2026-01-12,SKU0013,WH05,6.5677147
2026-01-12,SKU0014,WH01,3.339413
2026-01-12,SKU0014,WH02,3.4166257
2026-01-12,SKU0014,WH03,3.426799
2026-01-12,SKU0014,WH04,3.1553855
2026-01-12,SKU0014,WH05,3.1865497
2026-01-12,SKU0015,WH01,2.617806
2026-01-12,SKU0015,WH02,2.46595
2026-01-12,SKU0015,WH03,2.5178509
2026-01-12,SKU0015,WH04,2.3946931
2026-01-12,SKU0015,WH05,2.598021
2026-01-12,SKU0016,WH01,57.138733
2026-01-12,SKU0016,WH02,55.441273
2026-01-12,SKU0016,WH03,56.65298
2026-01-12,SKU0016,WH04,61.984516
2026-01-12,SKU0016,WH05,58.23094
2026-01-12,SKU0017,WH01,7.7582364
2026-01-12,SKU0017,WH02,9.288493
2026-01-12,SKU0017,WH03,8.3078985
2026-01-12,SKU0017,WH04,8.799631
2026-01-12,SKU0017,WH05,9.459968
2026-01-12,SKU0018,WH01,20.109858
2026-01-12,SKU0018,WH02,19.625187
2026-01-12,SKU0018,WH03,20.267345
2026-01-12,SKU0018,WH04,20.023226
2026-01-12,SKU0018,WH05,19.625187
2026-01-12,SKU0019,WH01,22.333366
2026-01-12,SKU0019,WH02,25.73133
2026-01-12,SKU0019,WH03,20.965343
2026-01-12,SKU0019,WH04,24.094408
2026-01-12,SKU0019,WH05,25.136324
2026-01-12,SKU0020,WH01,14.493353
2026-01-12,SKU0020,WH02,12.607249
2026-01-12,SKU0020,WH03,14.817962
2026-01-12,SKU0020,WH04,12.713534
2026-01-12,SKU0020,WH05,14.770231
2026-01-12,SKU0021,WH01,5.001811
2026-01-12,SKU0021,WH02,3.1399047
2026-01-12,SKU0021,WH03,3.8787413
2026-01-12,SKU0021,WH04,3.7007575
2026-01-12,SKU0021,WH05,4.401557
2026-01-12,SKU0022,WH01,5.062914
2026-01-12,SKU0022,WH02,5.554774
2026-01-12,SKU0022,WH03,5.044715
2026-01-12,SKU0022,WH04,5.5300765
2026-01-12,SKU0022,WH05,4.5723195
2026-01-12,SKU0023,WH01,9.515839
2026-01-12,SKU0023,WH02,9.077747
2026-01-12,SKU0023,WH03,9.35803
2026-01-12,SKU0023,WH04,10.370766
2026-01-12,SKU0023,WH05,8.9327545
2026-01-12,SKU0024,WH01,24.587479
2026-01-12,SKU0024,WH02,24.521976
2026-01-12,SKU0024,WH03,20.83607
2026-01-12,SKU0024,WH04,24.116709
2026-01-12,SKU0024,WH05,24.593643
2026-01-12,SKU0025,WH01,20.616266
2026-01-12,SKU0025,WH02,19.188702
2026-01-12,SKU0025,WH03,20.515404
2026-01-12,SKU0025,WH04,23.200907
2026-01-12,SKU0025,WH05,21.937115
2026-01-12,SKU0026,WH01,45.30464
2026-01-12,SKU0026,WH02,43.34093
2026-01-12,SKU0026,WH03,41.536934
2026-01-12,SKU0026,WH04,44.94486
2026-01-12,SKU0026,WH05,46.165897
2026-01-12,SKU0027,WH01,15.187584
2026-01-12,SKU0027,WH02,15.886053
2026-01-12,SKU0027,WH03,16.511448
2026-01-12,SKU0027,WH04,15.542627
2026-01-12,SKU0027,WH05,13.81305
2026-01-12,SKU0028,WH01,7.059834
2026-01-12,SKU0028,WH02,7.614066
2026-01-12,SKU0028,WH03,7.5090013
2026-01-12,SKU0028,WH04,8.252117
2026-01-12,SKU0028,WH05,7.4575214
2026-01-12,SKU0029,WH01,9.893375
2026-01-12,SKU0029,WH02,9.683995
2026-01-12,SKU0029,WH03,9.081231
2026-01-12,SKU0029,WH04,9.884055
2026-01-12,SKU0029,WH05,9.383872
2026-01-12,SKU0030,WH01,17.449385
2026-01-12,SKU0030,WH02,17.043074
2026-01-12,SKU0030,WH03,17.82236
2026-01-12,SKU0030,WH04,16.920015
2026-01-12,SKU0030,WH05,17.019026
2026-01-12,SKU0031,WH01,7.679337
2026-01-12,SKU0031,WH02,9.697951
2026-01-12,SKU0031,WH03,8.515828
2026-01-12,SKU0031,WH04,9.179161
2026-01-12,SKU0031,WH05,7.628117
2026-01-12,SKU0032,WH01,9.188954
2026-01-12,SKU0032,WH02,9.473318
2026-01-12,SKU0032,WH03,9.23206
2026-01-12,SKU0032,WH04,9.591865
2026-01-12,SKU0032,WH05,9.210984
2026-01-12,SKU0033,WH01,3.3312213
2026-01-12,SKU0033,WH02,4.3467145
2026-01-12,SKU0033,WH03,4.38323
2026-01-12,SKU0033,WH04,4.3554068
2026-01-12,SKU0033,WH05,4.2004995
2026-01-12,SKU0034,WH01,4.9348316
2026-01-12,SKU0034,WH02,5.1601243
2026-01-12,SKU0034,WH03,4.9097815
2026-01-12,SKU0034,WH04,4.8865542
2026-01-12,SKU0034,WH05,5.0053463
2026-01-12,SKU0035,WH01,4.1552515
2026-01-12,SKU0035,WH02,4.2312865
2026-01-12,SKU0035,WH03,4.527092
2026-01-12,SKU0035,WH04,4.237352
2026-01-12,SKU0035,WH05,4.141297
2026-01-12,SKU0036,WH01,4.2745843
2026-01-12,SKU0036,WH02,4.0760093
2026-01-12,SKU0036,WH03,4.152791
2026-01-12,SKU0036,WH04,4.238455
2026-01-12,SKU0036,WH05,4.80046
2026-01-12,SKU0037,WH01,0.74904805
2026-01-12,SKU0037,WH02,0.71865594
2026-01-12,SKU0037,WH03,0.7118238
2026-01-12,SKU0037,WH04,0.71865594
2026-01-12,SKU0037,WH05,0.7118238
2026-01-12,SKU0038,WH01,14.098248
2026-01-12,SKU0038,WH02,16.288849
2026-01-12,SKU0038,WH03,15.069961
2026-01-12,SKU0038,WH04,15.248002
2026-01-12,SKU0038,WH05,15.79368
2026-01-12,SKU0039,WH01,8.383509
2026-01-12,SKU0039,WH02,7.7496567
2026-01-12,SKU0039,WH03,7.58508
2026-01-12,SKU0039,WH04,7.443401
2026-01-12,SKU0039,WH05,7.4499326
2026-01-12,SKU0040,WH01,4.589937
2026-01-12,SKU0040,WH02,4.9951735
2026-01-12,SKU0040,WH03,5.0649734
2026-01-12,SKU0040,WH04,5.5006175
2026-01-12,SKU0040,WH05,4.9951735
2026-01-12,SKU0041,WH01,0.73950356
2026-01-12,SKU0041,WH02,0.7358279
2026-01-12,SKU0041,WH03,0.7358279
2026-01-12,SKU0041,WH04,0.7557693
2026-01-12,SKU0041,WH05,0.73950356
2026-01-12,SKU0042,WH01,20.193413
2026-01-12,SKU0042,WH02,21.813244
2026-01-12,SKU0042,WH03,18.430475
2026-01-12,SKU0042,WH04,22.258888
2026-01-12,SKU0042,WH05,19.545218
2026-01-12,SKU0043,WH01,2.4288483
2026-01-12,SKU0043,WH02,2.088141
2026-01-12,SKU0043,WH03,2.6884916
2026-01-12,SKU0043,WH04,2.2525227
2026-01-12,SKU0043,WH05,1.8539231
2026-01-12,SKU0044,WH01,2.46595
2026-01-12,SKU0044,WH02,2.6948438
2026-01-12,SKU0044,WH03,2.598651
2026-01-12,SKU0044,WH04,2.6942139
2026-01-12,SKU0044,WH05,2.6917973
2026-01-12,SKU0045,WH01,47.945484
2026-01-12,SKU0045,WH02,45.642086
2026-01-12,SKU0045,WH03,46.039104
2026-01-12,SKU0045,WH04,45.4508
2026-01-12,SKU0045,WH05,47.562817
2026-01-12,SKU0046,WH01,42.168686
2026-01-12,SKU0046,WH02,42.388252
2026-01-12,SKU0046,WH03,43.49421
2026-01-12,SKU0046,WH04,41.832577
2026-01-12,SKU0046,WH05,46.181095
2026-01-12,SKU0047,WH01,2.371384
2026-01-12,SKU0047,WH02,2.38452
2026-01-12,SKU0047,WH03,2.38452
2026-01-12,SKU0047,WH04,2.5178509
2026-01-12,SKU0047,WH05,2.5178509
2026-01-12,SKU0048,WH01,0.7327823
2026-01-12,SKU0048,WH02,0.7118238
2026-01-12,SKU0048,WH03,0.7118238
2026-01-12,SKU0048,WH04,0.71865594
2026-01-12,SKU0048,WH05,0.71865594
2026-01-12,SKU0049,WH01,8.018423
2026-01-12,SKU0049,WH02,9.320835
2026-01-12,SKU0049,WH03,8.474483
2026-01-12,SKU0049,WH04,9.698623
2026-01-12,SKU0049,WH05,9.499117
2026-01-12,SKU0050,WH01,16.100758
2026-01-12,SKU0050,WH02,16.699673
2026-01-12,SKU0050,WH03,15.212393
2026-01-12,SKU0050,WH04,13.877197
2026-01-12,SKU0050,WH05,14.67606
2026-01-12,SKU0051,WH01,0.7118238
2026-01-12,SKU0051,WH02,0.72910666
2026-01-12,SKU0051,WH03,0.7118238
2026-01-12,SKU0051,WH04,0.72910666
2026-01-12,SKU0051,WH05,0.71865594
2026-01-12,SKU0052,WH01,25.397692
2026-01-12,SKU0052,WH02,23.175274
2026-01-12,SKU0052,WH03,23.382185
2026-01-12,SKU0052,WH04,24.242678
2026-01-12,SKU0052,WH05,24.634966
2026-01-12,SKU0053,WH01,2.6172101
2026-01-12,SKU0053,WH02,2.6184359
2026-01-12,SKU0053,WH03,2.4109554
2026-01-12,SKU0053,WH04,2.7629328
2026-01-12,SKU0053,WH05,2.4115853
2026-01-12,SKU0054,WH01,13.761287
2026-01-12,SKU0054,WH02,12.347656
2026-01-12,SKU0054,WH03,15.281009
2026-01-12,SKU0054,WH04,13.433384
2026-01-12,SKU0054,WH05,10.912586
2026-01-12,SKU0055,WH01,19.162458
2026-01-12,SKU0055,WH02,18.722216
2026-01-12,SKU0055,WH03,18.017075
2026-01-12,SKU0055,WH04,17.041937
2026-01-12,SKU0055,WH05,20.797882
2026-01-12,SKU0056,WH01,0.7185451
2026-01-12,SKU0056,WH02,0.72905284
2026-01-12,SKU0056,WH03,0.96124804
2026-01-12,SKU0056,WH04,0.73950356
2026-01-12,SKU0056,WH05,0.8139284
2026-01-12,SKU0057,WH01,5.5233717
2026-01-12,SKU0057,WH02,5.37719
2026-01-12,SKU0057,WH03,5.0549192
2026-01-12,SKU0057,WH04,5.360523
2026-01-12,SKU0057,WH05,5.129231
2026-01-12,SKU0058,WH01,25.448074
2026-01-12,SKU0058,WH02,25.88752
2026-01-12,SKU0058,WH03,27.719122
2026-01-12,SKU0058,WH04,28.504808
2026-01-12,SKU0058,WH05,29.701075
2026-01-12,SKU0059,WH01,22.018356
2026-01-12,SKU0059,WH02,23.811369
2026-01-12,SKU0059,WH03,20.213818
2026-01-12,SKU0059,WH04,22.695782
2026-01-12,SKU0059,WH05,23.766415
2026-01-12,SKU0060,WH01,10.289169
2026-01-12,SKU0060,WH02,9.153438
2026-01-12,SKU0060,WH03,9.057767
2026-01-12,SKU0060,WH04,9.43609
2026-01-12,SKU0060,WH05,9.254671
2026-01-12,SKU0061,WH01,14.206584
2026-01-12,SKU0061,WH02,17.09458
2026-01-12,SKU0061,WH03,17.001598
2026-01-12,SKU0061,WH04,17.376686
2026-01-12,SKU0061,WH05,16.703693
2026-01-12,SKU0062,WH01,29.284803
2026-01-12,SKU0062,WH02,36.25776
2026-01-12,SKU0062,WH03,33.360573
2026-01-12,SKU0062,WH04,33.044296
2026-01-12,SKU0062,WH05,33.243248
2026-01-12,SKU0063,WH01,10.323022
2026-01-12,SKU0063,WH02,11.561102
2026-01-12,SKU0063,WH03,10.399631
2026-01-12,SKU0063,WH04,10.426532
2026-01-12,SKU0063,WH05,10.371981
2026-01-12,SKU0064,WH01,7.9991593
2026-01-12,SKU0064,WH02,9.093317
2026-01-12,SKU0064,WH03,8.299864
2026-01-12,SKU0064,WH04,9.480408
2026-01-12,SKU0064,WH05,8.750299
2026-01-12,SKU0065,WH01,42.238556
2026-01-12,SKU0065,WH02,42.190228
2026-01-12,SKU0065,WH03,41.396515
2026-01-12,SKU0065,WH04,40.95444
2026-01-12,SKU0065,WH05,42.67762
2026-01-12,SKU0066,WH01,7.862501
2026-01-12,SKU0066,WH02,8.254946
2026-01-12,SKU0066,WH03,8.010846
2026-01-12,SKU0066,WH04,8.875121
2026-01-12,SKU0066,WH05,9.407749
2026-01-12,SKU0067,WH01,37.159496
2026-01-12,SKU0067,WH02,38.00924
2026-01-12,SKU0067,WH03,40.39936
2026-01-12,SKU0067,WH04,41.093685
2026-01-12,SKU0067,WH05,38.04773
2026-01-12,SKU0068,WH01,1.0763261
2026-01-12,SKU0068,WH02,1.282783
2026-01-12,SKU0068,WH03,1.2106595
2026-01-12,SKU0068,WH04,1.5551445
2026-01-12,SKU0068,WH05,1.688569
2026-01-12,SKU0069,WH01,17.79381
2026-01-12,SKU0069,WH02,15.470052
2026-01-12,SKU0069,WH03,17.043661
2026-01-12,SKU0069,WH04,16.692013
2026-01-12,SKU0069,WH05,17.376749
2026-01-12,SKU0070,WH01,15.417803
2026-01-12,SKU0070,WH02,15.846406
2026-01-12,SKU0070,WH03,15.250847
2026-01-12,SKU0070,WH04,15.414364
2026-01-12,SKU0070,WH05,15.597335
2026-01-12,SKU0071,WH01,10.998189
2026-01-12,SKU0071,WH02,10.49075
2026-01-12,SKU0071,WH03,11.134195
2026-01-12,SKU0071,WH04,10.490461
2026-01-12,SKU0071,WH05,9.960342
2026-01-12,SKU0072,WH01,8.960131
2026-01-12,SKU0072,WH02,7.100114
2026-01-12,SKU0072,WH03,6.943283
2026-01-12,SKU0072,WH04,6.424682
2026-01-12,SKU0072,WH05,7.3757253
2026-01-12,SKU0073,WH01,24.991844
2026-01-12,SKU0073,WH02,24.447405
2026-01-12,SKU0073,WH03,27.579575
2026-01-12,SKU0073,WH04,23.197575
2026-01-12,SKU0073,WH05,23.896297
2026-01-12,SKU0074,WH01,18.044159
2026-01-12,SKU0074,WH02,16.8987
2026-01-12,SKU0074,WH03,17.842775
2026-01-12,SKU0074,WH04,19.298367
2026-01-12,SKU0074,WH05,18.24013
2026-01-12,SKU0075,WH01,3.6200998
2026-01-12,SKU0075,WH02,4.5161552
2026-01-12,SKU0075,WH03,4.003907
2026-01-12,SKU0075,WH04,4.6278973
2026-01-12,SKU0075,WH05,4.3953724
2026-01-12,SKU0076,WH01,15.349209
2026-01-12,SKU0076,WH02,15.3276
2026-01-12,SKU0076,WH03,12.214792
2026-01-12,SKU0076,WH04,11.399523
2026-01-12,SKU0076,WH05,17.177273
2026-01-12,SKU0077,WH01,8.989943
2026-01-12,SKU0077,WH02,10.329546
2026-01-12,SKU0077,WH03,10.586228
2026-01-12,SKU0077,WH04,9.1663685
2026-01-12,SKU0077,WH05,9.760836
2026-01-12,SKU0078,WH01,9.069563
2026-01-12,SKU0078,WH02,9.812663
2026-01-12,SKU0078,WH03,8.475624
2026-01-12,SKU0078,WH04,9.311879
2026-01-12,SKU0078,WH05,9.704951
2026-01-12,SKU0079,WH01,0.86841863
2026-01-12,SKU0079,WH02,0.9811359
2026-01-12,SKU0079,WH03,1.2654991
2026-01-12,SKU0079,WH04,1.2308968
2026-01-12,SKU0079,WH05,0.8521528
2026-01-12,SKU0080,WH01,14.572006
2026-01-12,SKU0080,WH02,13.755956
2026-01-12,SKU0080,WH03,14.826712
2026-01-12,SKU0080,WH04,16.61591
2026-01-12,SKU0080,WH05,14.7960615
2026-01-13,SKU0001,WH01,19.610306
2026-01-13,SKU0001,WH02,17.730331
2026-01-13,SKU0001,WH03,16.526524
2026-01-13,SKU0001,WH04,17.187325
2026-01-13,SKU0001,WH05,17.814283
2026-01-13,SKU0002,WH01,3.8005097
2026-01-13,SKU0002,WH02,3.4751499
2026-01-13,SKU0002,WH03,4.938065
2026-01-13,SKU0002,WH04,4.047255
2026-01-13,SKU0002,WH05,4.3342648
2026-01-13,SKU0003,WH01,45.78436
2026-01-13,SKU0003,WH02,45.193657
2026-01-13,SKU0003,WH03,43.875698
2026-01-13,SKU0003,WH04,43.420822
2026-01-13,SKU0003,WH05,42.58166
2026-01-13,SKU0004,WH01,75.066864
2026-01-13,SKU0004,WH02,77.667046
2026-01-13,SKU0004,WH03,88.26944
2026-01-13,SKU0004,WH04,75.67478
2026-01-13,SKU0004,WH05,86.03894
2026-01-13,SKU0005,WH01,17.164234
2026-01-13,SKU0005,WH02,17.563877
2026-01-13,SKU0005,WH03,17.384102
2026-01-13,SKU0005,WH04,18.984211
2026-01-13,SKU0005,WH05,15.660755
2026-01-13,SKU0006,WH01,0.55211794
2026-01-13,SKU0006,WH02,0.55211794
2026-01-13,SKU0006,WH03,0.55211794
2026-01-13,SKU0006,WH04,0.55211794
2026-01-13,SKU0006,WH05,0.55211794
2026-01-13,SKU0007,WH01,14.380309
2026-01-13,SKU0007,WH02,15.260165
2026-01-13,SKU0007,WH03,13.506767
2026-01-13,SKU0007,WH04,17.313879
2026-01-13,SKU0007,WH05,13.390472
2026-01-13,SKU0008,WH01,28.908928
2026-01-13,SKU0008,WH02,27.584745
2026-01-13,SKU0008,WH03,27.354189
2026-01-13,SKU0008,WH04,27.473553
2026-01-13,SKU0008,WH05,28.626604
2026-01-13,SKU0009,WH01,32.980225
2026-01-13,SKU0009,WH02,35.680664
2026-01-13,SKU0009,WH03,36.807255
2026-01-13,SKU0009,WH04,35.009747
2026-01-13,SKU0009,WH05,32.789692
2026-01-13,SKU0010,WH01,6.387939
2026-01-13,SKU0010,WH02,6.9361
2026-01-13,SKU0010,WH03,5.382548
2026-01-13,SKU0010,WH04,7.8124237
2026-01-13,SKU0010,WH05,6.906105
2026-01-13,SKU0011,WH01,23.009754
2026-01-13,SKU0011,WH02,20.219585
2026-01-13,SKU0011,WH03,22.780993
2026-01-13,SKU0011,WH04,21.025036
2026-01-13,SKU0011,WH05,23.019297
2026-01-13,SKU0012,WH01,9.899929
2026-01-13,SKU0012,WH02,9.514903
2026-01-13,SKU0012,WH03,9.348181
2026-01-13,SKU0012,WH04,10.105625
2026-01-13,SKU0012,WH05,9.996122
2026-01-13,SKU0013,WH01,7.5798693
2026-01-13,SKU0013,WH02,7.3784227
2026-01-13,SKU0013,WH03,5.8246746
2026-01-13,SKU0013,WH04,7.8416967
2026-01-13,SKU0013,WH05,6.122303
2026-01-13,SKU0014,WH01,3.3440037
2026-01-13,SKU0014,WH02,3.445548
2026-01-13,SKU0014,WH03,3.5417914
2026-01-13,SKU0014,WH04,3.088744
2026-01-13,SKU0014,WH05,3.2490072
2026-01-13,SKU0015,WH01,2.556385
2026-01-13,SKU0015,WH02,2.3230991
2026-01-13,SKU0015,WH03,2.4653437
2026-01-13,SKU0015,WH04,2.3230991
2026-01-13,SKU0015,WH05,2.4558
2026-01-13,SKU0016,WH01,57.74859
2026-01-13,SKU0016,WH02,55.977528
2026-01-13,SKU0016,WH03,56.439137
2026-01-13,SKU0016,WH04,59.89273
2026-01-13,SKU0016,WH05,57.946724
2026-01-13,SKU0017,WH01,7.4456563
2026-01-13,SKU0017,WH02,9.226038
2026-01-13,SKU0017,WH03,8.220721
2026-01-13,SKU0017,WH04,8.764484
2026-01-13,SKU0017,WH05,9.407749
2026-01-13,SKU0018,WH01,19.81751
2026-01-13,SKU0018,WH02,18.430475
2026-01-13,SKU0018,WH03,19.955149
2026-01-13,SKU0018,WH04,19.976406
2026-01-13,SKU0018,WH05,18.960293
2026-01-13,SKU0019,WH01,22.35523
2026-01-13,SKU0019,WH02,25.501444
2026-01-13,SKU0019,WH03,21.337568
2026-01-13,SKU0019,WH04,23.802027
2026-01-13,SKU0019,WH05,24.878345
2026-01-13,SKU0020,WH01,14.206292
2026-01-13,SKU0020,WH02,12.903611
2026-01-13,SKU0020,WH03,14.923472
2026-01-13,SKU0020,WH04,12.556769
2026-01-13,SKU0020,WH05,15.180423
2026-01-13,SKU0021,WH01,4.753378
2026-01-13,SKU0021,WH02,2.936259
2026-01-13,SKU0021,WH03,3.8928998
2026-01-13,SKU0021,WH04,3.6329584
2026-01-13,SKU0021,WH05,4.3884563
2026-01-13,SKU0022,WH01,4.984275
2026-01-13,SKU0022,WH02,5.619741
2026-01-13,SKU0022,WH03,4.732965
2026-01-13,SKU0022,WH04,5.441011
2026-01-13,SKU0022,WH05,4.6924615
2026-01-13,SKU0023,WH01,9.523596
2026-01-13,SKU0023,WH02,9.375179
2026-01-13,SKU0023,WH03,9.501627
2026-01-13,SKU0023,WH04,10.344924
2026-01-13,SKU0023,WH05,9.16721
2026-01-13,SKU0024,WH01,24.744444
2026-01-13,SKU0024,WH02,24.823263
2026-01-13,SKU0024,WH03,20.835562
2026-01-13,SKU0024,WH04,24.631247
2026-01-13,SKU0024,WH05,24.54165
2026-01-13,SKU0025,WH01,20.327162
2026-01-13,SKU0025,WH02,19.759455
2026-01-13,SKU0025,WH03,20.591932
2026-01-13,SKU0025,WH04,23.444487
2026-01-13,SKU0025,WH05,21.777185
2026-01-13,SKU0026,WH01,45.765423
2026-01-13,SKU0026,WH02,42.13461
2026-01-13,SKU0026,WH03,41.73558
2026-01-13,SKU0026,WH04,43.3099
2026-01-13,SKU0026,WH05,45.179844
2026-01-13,SKU0027,WH01,15.091988
2026-01-13,SKU0027,WH02,15.895958
2026-01-13,SKU0027,WH03,16.248972
2026-01-13,SKU0027,WH04,16.230762
2026-01-13,SKU0027,WH05,14.023337
2026-01-13,SKU0028,WH01,7.2798576
2026-01-13,SKU0028,WH02,7.724692
2026-01-13,SKU0028,WH03,7.7882395
2026-01-13,SKU0028,WH04,8.054389
2026-01-13,SKU0028,WH05,7.240258
2026-01-13,SKU0029,WH01,9.571271
2026-01-13,SKU0029,WH02,9.277141
2026-01-13,SKU0029,WH03,8.774274
2026-01-13,SKU0029,WH04,9.602283
2026-01-13,SKU0029,WH05,9.362235
2026-01-13,SKU0030,WH01,17.122198
2026-01-13,SKU0030,WH02,16.447744
2026-01-13,SKU0030,WH03,17.932734
2026-01-13,SKU0030,WH04,16.694649
2026-01-13,SKU0030,WH05,16.694649
2026-01-13,SKU0031,WH01,7.43602
2026-01-13,SKU0031,WH02,9.701785
2026-01-13,SKU0031,WH03,8.624735
2026-01-13,SKU0031,WH04,8.938292
2026-01-13,SKU0031,WH05,7.8782964
2026-01-13,SKU0032,WH01,9.232926
2026-01-13,SKU0032,WH02,9.402991
2026-01-13,SKU0032,WH03,9.594093
2026-01-13,SKU0032,WH04,9.580538
2026-01-13,SKU0032,WH05,8.943198
2026-01-13,SKU0033,WH01,3.3943362
2026-01-13,SKU0033,WH02,4.3863134
2026-01-13,SKU0033,WH03,4.3365417
2026-01-13,SKU0033,WH04,4.3026342
2026-01-13,SKU0033,WH05,4.354512
2026-01-13,SKU0034,WH01,5.1287827
2026-01-13,SKU0034,WH02,5.100174
2026-01-13,SKU0034,WH03,5.012864
2026-01-13,SKU0034,WH04,5.017035
2026-01-13,SKU0034,WH05,5.004189
2026-01-13,SKU0035,WH01,4.0340295
2026-01-13,SKU0035,WH02,4.203463
2026-01-13,SKU0035,WH03,4.3611746
2026-01-13,SKU0035,WH04,3.9865055
2026-01-13,SKU0035,WH05,4.0005465
2026-01-13,SKU0036,WH01,4.416092
2026-01-13,SKU0036,WH02,4.1167655
2026-01-13,SKU0036,WH03,4.1037974
2026-01-13,SKU0036,WH04,4.1984105
2026-01-13,SKU0036,WH05,4.707858
2026-01-13,SKU0037,WH01,0.56256866
2026-01-13,SKU0037,WH02,0.55211794
2026-01-13,SKU0037,WH03,0.5452858
2026-01-13,SKU0037,WH04,0.5452858
2026-01-13,SKU0037,WH05,0.5452858
2026-01-13,SKU0038,WH01,14.150059
2026-01-13,SKU0038,WH02,16.251259
2026-01-13,SKU0038,WH03,14.882776
2026-01-13,SKU0038,WH04,15.267097
2026-01-13,SKU0038,WH05,15.411004
2026-01-13,SKU0039,WH01,8.299063
2026-01-13,SKU0039,WH02,7.702741
2026-01-13,SKU0039,WH03,7.15751
2026-01-13,SKU0039,WH04,7.0302634
2026-01-13,SKU0039,WH05,7.366869
2026-01-13,SKU0040,WH01,4.6352654
2026-01-13,SKU0040,WH02,5.12787
2026-01-13,SKU0040,WH03,5.003246
2026-01-13,SKU0040,WH04,5.5198116
2026-01-13,SKU0040,WH05,5.0988264
2026-01-13,SKU0041,WH01,0.57296556
2026-01-13,SKU0041,WH02,0.5692899
2026-01-13,SKU0041,WH03,0.5692899
2026-01-13,SKU0041,WH04,0.5855558
2026-01-13,SKU0041,WH05,0.57296556
2026-01-13,SKU0042,WH01,20.14459
2026-01-13,SKU0042,WH02,21.865763
2026-01-13,SKU0042,WH03,18.252428
2026-01-13,SKU0042,WH04,22.116434
2026-01-13,SKU0042,WH05,19.462072
2026-01-13,SKU0043,WH01,2.3667974
2026-01-13,SKU0043,WH02,1.8865314
2026-01-13,SKU0043,WH03,2.6264408
2026-01-13,SKU0043,WH04,2.317053
2026-01-13,SKU0043,WH05,1.8133574
2026-01-13,SKU0044,WH01,2.4653437
2026-01-13,SKU0044,WH02,2.6522365
2026-01-13,SKU0044,WH03,2.5551593
2026-01-13,SKU0044,WH04,2.517221
2026-01-13,SKU0044,WH05,2.3230991
2026-01-13,SKU0045,WH01,46.62468
2026-01-13,SKU0045,WH02,46.977016
2026-01-13,SKU0045,WH03,45.576717
2026-01-13,SKU0045,WH04,46.38763
2026-01-13,SKU0045,WH05,48.070877
2026-01-13,SKU0046,WH01,42.279224
2026-01-13,SKU0046,WH02,43.824886
2026-01-13,SKU0046,WH03,43.018936
2026-01-13,SKU0046,WH04,42.99663
2026-01-13,SKU0046,WH05,46.506668
2026-01-13,SKU0047,WH01,2.29979
2026-01-13,SKU0047,WH02,2.4747005
2026-01-13,SKU0047,WH03,2.5000916
2026-01-13,SKU0047,WH04,2.4558
2026-01-13,SKU0047,WH05,2.5366
2026-01-13,SKU0048,WH01,0.56256866
2026-01-13,SKU0048,WH02,0.5452858
2026-01-13,SKU0048,WH03,0.5452858
2026-01-13,SKU0048,WH04,0.55211794
2026-01-13,SKU0048,WH05,0.55211794
2026-01-13,SKU0049,WH01,8.019861
2026-01-13,SKU0049,WH02,9.546821
2026-01-13,SKU0049,WH03,8.550332
2026-01-13,SKU0049,WH04,9.594286
2026-01-13,SKU0049,WH05,9.380772
2026-01-13,SKU0050,WH01,16.216423
2026-01-13,SKU0050,WH02,16.489138
2026-01-13,SKU0050,WH03,15.3276
2026-01-13,SKU0050,WH04,14.334395
2026-01-13,SKU0050,WH05,14.942705
2026-01-13,SKU0051,WH01,0.5452858
2026-01-13,SKU0051,WH02,0.56256866
2026-01-13,SKU0051,WH03,0.5452858
2026-01-13,SKU0051,WH04,0.55211794
2026-01-13,SKU0051,WH05,0.55211794
2026-01-13,SKU0052,WH01,24.904911
2026-01-13,SKU0052,WH02,23.535736
2026-01-13,SKU0052,WH03,22.499096
2026-01-13,SKU0052,WH04,25.25365
2026-01-13,SKU0052,WH05,24.978344
2026-01-13,SKU0053,WH01,2.4653437
2026-01-13,SKU0053,WH02,2.5270705
2026-01-13,SKU0053,WH03,2.3590777
2026-01-13,SKU0053,WH04,2.8030593
2026-01-13,SKU0053,WH05,2.4747005
2026-01-13,SKU0054,WH01,14.186892
2026-01-13,SKU0054,WH02,12.462863
2026-01-13,SKU0054,WH03,15.522038
2026-01-13,SKU0054,WH04,13.691313
2026-01-13,SKU0054,WH05,11.41872
2026-01-13,SKU0055,WH01,19.171116
2026-01-13,SKU0055,WH02,18.512434
2026-01-13,SKU0055,WH03,18.472557
2026-01-13,SKU0055,WH04,16.947922
2026-01-13,SKU0055,WH05,20.569214
2026-01-13,SKU0056,WH01,0.5520071
2026-01-13,SKU0056,WH02,0.56251484
2026-01-13,SKU0056,WH03,0.66215456
2026-01-13,SKU0056,WH04,0.7688973
2026-01-13,SKU0056,WH05,0.7601077
2026-01-13,SKU0057,WH01,5.569244
2026-01-13,SKU0057,WH02,5.5693045
2026-01-13,SKU0057,WH03,4.98042
2026-01-13,SKU0057,WH04,5.340497
2026-01-13,SKU0057,WH05,5.2162933
2026-01-13,SKU0058,WH01,25.601917
2026-01-13,SKU0058,WH02,26.087513
2026-01-13,SKU0058,WH03,27.614006
2026-01-13,SKU0058,WH04,28.78163
2026-01-13,SKU0058,WH05,29.34542
2026-01-13,SKU0059,WH01,21.121466
2026-01-13,SKU0059,WH02,23.532976
2026-01-13,SKU0059,WH03,19.186583
2026-01-13,SKU0059,WH04,22.380291
2026-01-13,SKU0059,WH05,23.293095
2026-01-13,SKU0060,WH01,10.424691
2026-01-13,SKU0060,WH02,9.034213
2026-01-13,SKU0060,WH03,9.071016
2026-01-13,SKU0060,WH04,9.046433
2026-01-13,SKU0060,WH05,9.077871
2026-01-13,SKU0061,WH01,14.08417
2026-01-13,SKU0061,WH02,16.999704
2026-01-13,SKU0061,WH03,17.358683
2026-01-13,SKU0061,WH04,17.097572
2026-01-13,SKU0061,WH05,16.942005
2026-01-13,SKU0062,WH01,30.073988
2026-01-13,SKU0062,WH02,36.186028
2026-01-13,SKU0062,WH03,33.287342
2026-01-13,SKU0062,WH04,34.27816
2026-01-13,SKU0062,WH05,33.6062
2026-01-13,SKU0063,WH01,10.159456
2026-01-13,SKU0063,WH02,11.762131
2026-01-13,SKU0063,WH03,10.192074
2026-01-13,SKU0063,WH04,10.4482765
2026-01-13,SKU0063,WH05,10.445537
2026-01-13,SKU0064,WH01,8.057032
2026-01-13,SKU0064,WH02,8.943198
2026-01-13,SKU0064,WH03,8.061221
2026-01-13,SKU0064,WH04,9.398514
2026-01-13,SKU0064,WH05,8.610879
2026-01-13,SKU0065,WH01,43.925392
2026-01-13,SKU0065,WH02,42.528614
2026-01-13,SKU0065,WH03,41.810276
2026-01-13,SKU0065,WH04,40.9696
2026-01-13,SKU0065,WH05,43.55052
2026-01-13,SKU0066,WH01,8.071931
2026-01-13,SKU0066,WH02,8.462671
2026-01-13,SKU0066,WH03,8.062675
2026-01-13,SKU0066,WH04,8.979796
2026-01-13,SKU0066,WH05,9.298827
2026-01-13,SKU0067,WH01,37.402126
2026-01-13,SKU0067,WH02,37.113937
2026-01-13,SKU0067,WH03,40.896877
2026-01-13,SKU0067,WH04,40.37829
2026-01-13,SKU0067,WH05,37.75245
2026-01-13,SKU0068,WH01,0.94764775
2026-01-13,SKU0068,WH02,1.0601577
2026-01-13,SKU0068,WH03,1.0656066
2026-01-13,SKU0068,WH04,1.4990964
2026-01-13,SKU0068,WH05,1.7073182
2026-01-13,SKU0069,WH01,17.127506
2026-01-13,SKU0069,WH02,15.418143
2026-01-13,SKU0069,WH03,16.620504
2026-01-13,SKU0069,WH04,16.344175
2026-01-13,SKU0069,WH05,17.353275
2026-01-13,SKU0070,WH01,15.2453
2026-01-13,SKU0070,WH02,15.377926
2026-01-13,SKU0070,WH03,15.166139
2026-01-13,SKU0070,WH04,15.17861
2026-01-13,SKU0070,WH05,15.265983
2026-01-13,SKU0071,WH01,10.930769
2026-01-13,SKU0071,WH02,10.382181
2026-01-13,SKU0071,WH03,10.35375
2026-01-13,SKU0071,WH04,10.188637
2026-01-13,SKU0071,WH05,9.59474
2026-01-13,SKU0072,WH01,8.978689
2026-01-13,SKU0072,WH02,7.3142223
2026-01-13,SKU0072,WH03,7.247264
2026-01-13,SKU0072,WH04,5.931018
2026-01-13,SKU0072,WH05,7.262805
2026-01-13,SKU0073,WH01,25.246191
2026-01-13,SKU0073,WH02,24.709156
2026-01-13,SKU0073,WH03,27.700464
2026-01-13,SKU0073,WH04,22.969187
2026-01-13,SKU0073,WH05,24.020533
2026-01-13,SKU0074,WH01,17.872684
2026-01-13,SKU0074,WH02,16.767534
2026-01-13,SKU0074,WH03,17.678825
2026-01-13,SKU0074,WH04,19.652285
2026-01-13,SKU0074,WH05,17.692375
2026-01-13,SKU0075,WH01,3.5127017
2026-01-13,SKU0075,WH02,4.3766227
2026-01-13,SKU0075,WH03,3.8268638
2026-01-13,SKU0075,WH04,4.494343
2026-01-13,SKU0075,WH05,4.35865
2026-01-13,SKU0076,WH01,14.539133
2026-01-13,SKU0076,WH02,15.160582
2026-01-13,SKU0076,WH03,11.28267
2026-01-13,SKU0076,WH04,11.046366
2026-01-13,SKU0076,WH05,16.932943
2026-01-13,SKU0077,WH01,8.992091
2026-01-13,SKU0077,WH02,10.292683
2026-01-13,SKU0077,WH03,10.338738
2026-01-13,SKU0077,WH04,9.257666
2026-01-13,SKU0077,WH05,9.914312
2026-01-13,SKU0078,WH01,9.112427
2026-01-13,SKU0078,WH02,9.9558525
2026-01-13,SKU0078,WH03,8.309315
2026-01-13,SKU0078,WH04,9.553662
2026-01-13,SKU0078,WH05,9.736815
2026-01-13,SKU0079,WH01,0.70188063
2026-01-13,SKU0079,WH02,0.8280564
2026-01-13,SKU0079,WH03,1.0264987
2026-01-13,SKU0079,WH04,1.0989611
2026-01-13,SKU0079,WH05,0.68193936
2026-01-13,SKU0080,WH01,14.867831
2026-01-13,SKU0080,WH02,13.857434
2026-01-13,SKU0080,WH03,14.792971
2026-01-13,SKU0080,WH04,16.580439
2026-01-13,SKU0080,WH05,14.860587
2026-01-14,SKU0001,WH01,19.47525
2026-01-14,SKU0001,WH02,17.910324
2026-01-14,SKU0001,WH03,16.302633
2026-01-14,SKU0001,WH04,17.020744
2026-01-14,SKU0001,WH05,17.620861
2026-01-14,SKU0002,WH01,3.7773356
2026-01-14,SKU0002,WH02,3.2921262
2026-01-14,SKU0002,WH03,4.6909623
2026-01-14,SKU0002,WH04,4.1280575
2026-01-14,SKU0002,WH05,4.3333216
2026-01-14,SKU0003,WH01,46.654724
2026-01-14,SKU0003,WH02,45.20468
2026-01-14,SKU0003,WH03,44.43837
2026-01-14,SKU0003,WH04,44.075085
2026-01-14,SKU0003,WH05,42.321507
2026-01-14,SKU0004,WH01,74.04141
2026-01-14,SKU0004,WH02,77.37489
2026-01-14,SKU0004,WH03,84.71522
2026-01-14,SKU0004,WH04,77.43999
2026-01-14,SKU0004,WH05,87.42457
2026-01-14,SKU0005,WH01,17.071444
2026-01-14,SKU0005,WH02,17.714863
2026-01-14,SKU0005,WH03,17.671944
2026-01-14,SKU0005,WH04,19.26963
2026-01-14,SKU0005,WH05,15.795324
2026-01-14,SKU0006,WH01,0.55211794
2026-01-14,SKU0006,WH02,0.55211794
2026-01-14,SKU0006,WH03,0.55211794
2026-01-14,SKU0006,WH04,0.55211794
2026-01-14,SKU0006,WH05,0.55211794
2026-01-14,SKU0007,WH01,14.210824
2026-01-14,SKU0007,WH02,14.770231
2026-01-14,SKU0007,WH03,14.060011
2026-01-14,SKU0007,WH04,17.410542
2026-01-14,SKU0007,WH05,12.815786
2026-01-14,SKU0008,WH01,28.799723
2026-01-14,SKU0008,WH02,27.54782
2026-01-14,SKU0008,WH03,27.353636
2026-01-14,SKU0008,WH04,27.142542
2026-01-14,SKU0008,WH05,28.76979
2026-01-14,SKU0009,WH01,33.022873
2026-01-14,SKU0009,WH02,36.452408
2026-01-14,SKU0009,WH03,37.456295
2026-01-14,SKU0009,WH04,34.913677
2026-01-14,SKU0009,WH05,32.869583
2026-01-14,SKU0010,WH01,6.197263
2026-01-14,SKU0010,WH02,6.9457045
2026-01-14,SKU0010,WH03,5.564083
2026-01-14,SKU0010,WH04,7.8934426
2026-01-14,SKU0010,WH05,6.8947697
2026-01-14,SKU0011,WH01,23.219513
2026-01-14,SKU0011,WH02,20.592726
2026-01-14,SKU0011,WH03,23.356005
2026-01-14,SKU0011,WH04,20.605947
2026-01-14,SKU0011,WH05,23.182352
2026-01-14,SKU0012,WH01,10.2370405
2026-01-14,SKU0012,WH02,9.575407
2026-01-14,SKU0012,WH03,9.436419
2026-01-14,SKU0012,WH04,10.29721
2026-01-14,SKU0012,WH05,10.140169
2026-01-14,SKU0013,WH01,7.6488256
2026-01-14,SKU0013,WH02,7.78291
2026-01-14,SKU0013,WH03,5.814825
2026-01-14,SKU0013,WH04,8.306123
2026-01-14,SKU0013,WH05,6.5977974
2026-01-14,SKU0014,WH01,3.4545639
2026-01-14,SKU0014,WH02,3.5417914
2026-01-14,SKU0014,WH03,3.445548
2026-01-14,SKU0014,WH04,3.1384466
2026-01-14,SKU0014,WH05,3.291869
2026-01-14,SKU0015,WH01,2.617806
2026-01-14,SKU0015,WH02,2.3230991
2026-01-14,SKU0015,WH03,2.4653437
2026-01-14,SKU0015,WH04,2.3230991
2026-01-14,SKU0015,WH05,2.4653437
2026-01-14,SKU0016,WH01,56.5719
2026-01-14,SKU0016,WH02,58.77129
2026-01-14,SKU0016,WH03,59.032486
2026-01-14,SKU0016,WH04,62.50168
2026-01-14,SKU0016,WH05,62.70759
2026-01-14,SKU0017,WH01,7.538647
2026-01-14,SKU0017,WH02,9.277865
2026-01-14,SKU0017,WH03,8.158955
2026-01-14,SKU0017,WH04,9.037599
2026-01-14,SKU0017,WH05,9.355922
2026-01-14,SKU0018,WH01,19.69754
2026-01-14,SKU0018,WH02,18.414259
2026-01-14,SKU0018,WH03,19.820093
2026-01-14,SKU0018,WH04,19.93653
2026-01-14,SKU0018,WH05,20.0499
2026-01-14,SKU0019,WH01,22.493639
2026-01-14,SKU0019,WH02,25.6349
2026-01-14,SKU0019,WH03,21.117334
2026-01-14,SKU0019,WH04,24.145752
2026-01-14,SKU0019,WH05,25.417488
2026-01-14,SKU0020,WH01,14.801036
2026-01-14,SKU0020,WH02,12.475316
2026-01-14,SKU0020,WH03,15.246504
2026-01-14,SKU0020,WH04,12.584408
2026-01-14,SKU0020,WH05,15.027705
2026-01-14,SKU0021,WH01,5.001811
2026-01-14,SKU0021,WH02,2.919986
2026-01-14,SKU0021,WH03,4.137073
2026-01-14,SKU0021,WH04,3.6996
2026-01-14,SKU0021,WH05,4.3477
2026-01-14,SKU0022,WH01,5.043789
2026-01-14,SKU0022,WH02,5.606543
2026-01-14,SKU0022,WH03,4.8872056
2026-01-14,SKU0022,WH04,5.4911118
2026-01-14,SKU0022,WH05,4.5582194
2026-01-14,SKU0023,WH01,9.640157
2026-01-14,SKU0023,WH02,9.39353
2026-01-14,SKU0023,WH03,9.492113
2026-01-14,SKU0023,WH04,10.53916
2026-01-14,SKU0023,WH05,9.456073
2026-01-14,SKU0024,WH01,24.7282
2026-01-14,SKU0024,WH02,24.78869
2026-01-14,SKU0024,WH03,21.03502
2026-01-14,SKU0024,WH04,24.133142
2026-01-14,SKU0024,WH05,24.437485
2026-01-14,SKU0025,WH01,20.65583
2026-01-14,SKU0025,WH02,19.382835
2026-01-14,SKU0025,WH03,20.865501
2026-01-14,SKU0025,WH04,23.444487
2026-01-14,SKU0025,WH05,22.546503
2026-01-14,SKU0026,WH01,46.220615
2026-01-14,SKU0026,WH02,42.223373
2026-01-14,SKU0026,WH03,41.187656
2026-01-14,SKU0026,WH04,43.803936
2026-01-14,SKU0026,WH05,44.83332
2026-01-14,SKU0027,WH01,15.199518
2026-01-14,SKU0027,WH02,15.830808
2026-01-14,SKU0027,WH03,16.251259
2026-01-14,SKU0027,WH04,15.620111
2026-01-14,SKU0027,WH05,13.937593
2026-01-14,SKU0028,WH01,7.389429
2026-01-14,SKU0028,WH02,7.394266
2026-01-14,SKU0028,WH03,7.8237557
2026-01-14,SKU0028,WH04,8.270058
2026-01-14,SKU0028,WH05,7.508412
2026-01-14,SKU0029,WH01,9.679007
2026-01-14,SKU0029,WH02,9.52357
2026-01-14,SKU0029,WH03,8.694742
2026-01-14,SKU0029,WH04,9.747474
2026-01-14,SKU0029,WH05,9.4139385
2026-01-14,SKU0030,WH01,16.820604
2026-01-14,SKU0030,WH02,16.767336
2026-01-14,SKU0030,WH03,17.08726
2026-01-14,SKU0030,WH04,16.737612
2026-01-14,SKU0030,WH05,16.761538
2026-01-14,SKU0031,WH01,7.394831
2026-01-14,SKU0031,WH02,9.871223
2026-01-14,SKU0031,WH03,8.683402
2026-01-14,SKU0031,WH04,9.123189
2026-01-14,SKU0031,WH05,8.117299
2026-01-14,SKU0032,WH01,9.219677
2026-01-14,SKU0032,WH02,9.52431
2026-01-14,SKU0032,WH03,9.594093
2026-01-14,SKU0032,WH04,9.720037
2026-01-14,SKU0032,WH05,9.174055
2026-01-14,SKU0033,WH01,3.4108636
2026-01-14,SKU0033,WH02,4.396492
2026-01-14,SKU0033,WH03,4.458169
2026-01-14,SKU0033,WH04,4.4483194
2026-01-14,SKU0033,WH05,4.396492
2026-01-14,SKU0034,WH01,4.862495
2026-01-14,SKU0034,WH02,4.957646
2026-01-14,SKU0034,WH03,5.004189
2026-01-14,SKU0034,WH04,5.009194
2026-01-14,SKU0034,WH05,5.004189
2026-01-14,SKU0035,WH01,4.09398
2026-01-14,SKU0035,WH02,4.1233263
2026-01-14,SKU0035,WH03,4.37019
2026-01-14,SKU0035,WH04,3.9865055
2026-01-14,SKU0035,WH05,3.9677336
2026-01-14,SKU0036,WH01,4.5917883
2026-01-14,SKU0036,WH02,3.95323
2026-01-14,SKU0036,WH03,4.1037974
2026-01-14,SKU0036,WH04,4.254398
2026-01-14,SKU0036,WH05,4.5228677
2026-01-14,SKU0037,WH01,0.56256866
2026-01-14,SKU0037,WH02,0.55211794
2026-01-14,SKU0037,WH03,0.55211794
2026-01-14,SKU0037,WH04,0.55211794
2026-01-14,SKU0037,WH05,0.5452858
2026-01-14,SKU0038,WH01,14.386238
2026-01-14,SKU0038,WH02,16.251259
2026-01-14,SKU0038,WH03,14.819656
2026-01-14,SKU0038,WH04,15.382304
2026-01-14,SKU0038,WH05,15.449913
2026-01-14,SKU0039,WH01,7.9281435
2026-01-14,SKU0039,WH02,7.2085757
2026-01-14,SKU0039,WH03,7.298172
2026-01-14,SKU0039,WH04,6.924058
2026-01-14,SKU0039,WH05,7.0503974
2026-01-14,SKU0040,WH01,4.478073
2026-01-14,SKU0040,WH02,5.09588
2026-01-14,SKU0040,WH03,5.082828
2026-01-14,SKU0040,WH04,5.406862
2026-01-14,SKU0040,WH05,5.004189
2026-01-14,SKU0041,WH01,0.5692899
2026-01-14,SKU0041,WH02,0.5692899
2026-01-14,SKU0041,WH03,0.5692899
2026-01-14,SKU0041,WH04,0.5855558
2026-01-14,SKU0041,WH05,0.57296556
2026-01-14,SKU0042,WH01,20.447042
2026-01-14,SKU0042,WH02,22.013844
2026-01-14,SKU0042,WH03,18.357445
2026-01-14,SKU0042,WH04,21.853794
2026-01-14,SKU0042,WH05,19.290192
2026-01-14,SKU0043,WH01,2.4722545
2026-01-14,SKU0043,WH02,1.9977428
2026-01-14,SKU0043,WH03,2.6783183
2026-01-14,SKU0043,WH04,2.317053
2026-01-14,SKU0043,WH05,1.7918723
2026-01-14,SKU0044,WH01,2.5905097
2026-01-14,SKU0044,WH02,2.3230991
2026-01-14,SKU0044,WH03,2.517221
2026-01-14,SKU0044,WH04,2.4653437
2026-01-14,SKU0044,WH05,2.3230991
2026-01-14,SKU0045,WH01,45.693504
2026-01-14,SKU0045,WH02,47.09851
2026-01-14,SKU0045,WH03,45.863842
2026-01-14,SKU0045,WH04,45.562424
2026-01-14,SKU0045,WH05,47.97322
2026-01-14,SKU0046,WH01,42.24556
2026-01-14,SKU0046,WH02,44.059845
2026-01-14,SKU0046,WH03,42.751266
2026-01-14,SKU0046,WH04,43.928738
2026-01-14,SKU0046,WH05,46.703156
2026-01-14,SKU0047,WH01,2.3495345
2026-01-14,SKU0047,WH02,2.3495345
2026-01-14,SKU0047,WH03,2.3495345
2026-01-14,SKU0047,WH04,2.598021
2026-01-14,SKU0047,WH05,2.6168866
2026-01-14,SKU0048,WH01,0.56256866
2026-01-14,SKU0048,WH02,0.5452858
2026-01-14,SKU0048,WH03,0.5452858
2026-01-14,SKU0048,WH04,0.55211794
2026-01-14,SKU0048,WH05,0.55211794
2026-01-14,SKU0049,WH01,8.376895
2026-01-14,SKU0049,WH02,9.749613
2026-01-14,SKU0049,WH03,8.539776
2026-01-14,SKU0049,WH04,9.903497
2026-01-14,SKU0049,WH05,9.826813
2026-01-14,SKU0050,WH01,16.100712
2026-01-14,SKU0050,WH02,16.54344
2026-01-14,SKU0050,WH03,15.160582
2026-01-14,SKU0050,WH04,14.236958
2026-01-14,SKU0050,WH05,14.914489
2026-01-14,SKU0051,WH01,0.5452858
2026-01-14,SKU0051,WH02,0.56256866
2026-01-14,SKU0051,WH03,0.5452858
2026-01-14,SKU0051,WH04,0.56256866
2026-01-14,SKU0051,WH05,0.55211794
2026-01-14,SKU0052,WH01,25.229109
2026-01-14,SKU0052,WH02,23.535658
2026-01-14,SKU0052,WH03,23.06148
2026-01-14,SKU0052,WH04,25.13814
2026-01-14,SKU0052,WH05,25.828636
2026-01-14,SKU0053,WH01,2.517221
2026-01-14,SKU0053,WH02,2.607037
2026-01-14,SKU0053,WH03,2.3590777
2026-01-14,SKU0053,WH04,2.5659282
2026-01-14,SKU0053,WH05,2.4109554
2026-01-14,SKU0054,WH01,13.838711
2026-01-14,SKU0054,WH02,11.974678
2026-01-14,SKU0054,WH03,14.872666
2026-01-14,SKU0054,WH04,13.307084
2026-01-14,SKU0054,WH05,10.769912
2026-01-14,SKU0055,WH01,19.214714
2026-01-14,SKU0055,WH02,18.300083
2026-01-14,SKU0055,WH03,18.031162
2026-01-14,SKU0055,WH04,16.912392
2026-01-14,SKU0055,WH05,21.000776
2026-01-14,SKU0056,WH01,0.5520071
2026-01-14,SKU0056,WH02,0.57727885
2026-01-14,SKU0056,WH03,0.58923143
2026-01-14,SKU0056,WH04,0.5692899
2026-01-14,SKU0056,WH05,0.7019486
2026-01-14,SKU0057,WH01,5.409685
2026-01-14,SKU0057,WH02,5.2780924
2026-01-14,SKU0057,WH03,4.940504
2026-01-14,SKU0057,WH04,5.221327
2026-01-14,SKU0057,WH05,4.839669
2026-01-14,SKU0058,WH01,26.406775
2026-01-14,SKU0058,WH02,25.75075
2026-01-14,SKU0058,WH03,27.932537
2026-01-14,SKU0058,WH04,28.726067
2026-01-14,SKU0058,WH05,29.462326
2026-01-14,SKU0059,WH01,21.397512
2026-01-14,SKU0059,WH02,23.496937
2026-01-14,SKU0059,WH03,19.448715
2026-01-14,SKU0059,WH04,22.049707
2026-01-14,SKU0059,WH05,23.558113
2026-01-14,SKU0060,WH01,10.402946
2026-01-14,SKU0060,WH02,9.19687
2026-01-14,SKU0060,WH03,9.369679
2026-01-14,SKU0060,WH04,9.518776
2026-01-14,SKU0060,WH05,9.230794
2026-01-14,SKU0061,WH01,13.547661
2026-01-14,SKU0061,WH02,16.73189
2026-01-14,SKU0061,WH03,16.9496
2026-01-14,SKU0061,WH04,16.836203
2026-01-14,SKU0061,WH05,16.862371
2026-01-14,SKU0062,WH01,29.7513
2026-01-14,SKU0062,WH02,36.583477
2026-01-14,SKU0062,WH03,34.177254
2026-01-14,SKU0062,WH04,33.514137
2026-01-14,SKU0062,WH05,33.648846
2026-01-14,SKU0063,WH01,10.008821
2026-01-14,SKU0063,WH02,11.288483
2026-01-14,SKU0063,WH03,10.213819
2026-01-14,SKU0063,WH04,10.469075
2026-01-14,SKU0063,WH05,10.512231
2026-01-14,SKU0064,WH01,8.093896
2026-01-14,SKU0064,WH02,9.03389
2026-01-14,SKU0064,WH03,7.956315
2026-01-14,SKU0064,WH04,9.369679
2026-01-14,SKU0064,WH05,8.58981
2026-01-14,SKU0065,WH01,43.96625
2026-01-14,SKU0065,WH02,41.780716
2026-01-14,SKU0065,WH03,42.579723
2026-01-14,SKU0065,WH04,41.609688
2026-01-14,SKU0065,WH05,43.84068
2026-01-14,SKU0066,WH01,7.8723507
2026-01-14,SKU0066,WH02,8.647858
2026-01-14,SKU0066,WH03,8.087635
2026-01-14,SKU0066,WH04,8.952093
2026-01-14,SKU0066,WH05,9.317864
2026-01-14,SKU0067,WH01,37.69642
2026-01-14,SKU0067,WH02,38.389847
2026-01-14,SKU0067,WH03,40.126255
2026-01-14,SKU0067,WH04,41.090378
2026-01-14,SKU0067,WH05,39.269318
2026-01-14,SKU0068,WH01,0.94764775
2026-01-14,SKU0068,WH02,1.0351562
2026-01-14,SKU0068,WH03,0.997296
2026-01-14,SKU0068,WH04,1.4990964
2026-01-14,SKU0068,WH05,1.6077276
2026-01-14,SKU0069,WH01,16.915636
2026-01-14,SKU0069,WH02,15.347826
2026-01-14,SKU0069,WH03,16.575607
2026-01-14,SKU0069,WH04,16.724068
2026-01-14,SKU0069,WH05,16.82286
2026-01-14,SKU0070,WH01,15.445505
2026-01-14,SKU0070,WH02,15.340845
2026-01-14,SKU0070,WH03,15.28614
2026-01-14,SKU0070,WH04,15.377926
2026-01-14,SKU0070,WH05,15.382403
2026-01-14,SKU0071,WH01,10.508564
2026-01-14,SKU0071,WH02,10.382181
2026-01-14,SKU0071,WH03,10.597101
2026-01-14,SKU0071,WH04,10.304222
2026-01-14,SKU0071,WH05,9.64247
2026-01-14,SKU0072,WH01,8.954812
2026-01-14,SKU0072,WH02,7.3252935
2026-01-14,SKU0072,WH03,6.979701
2026-01-14,SKU0072,WH04,6.0913396
2026-01-14,SKU0072,WH05,7.4975934
2026-01-14,SKU0073,WH01,25.407282
2026-01-14,SKU0073,WH02,24.585209
2026-01-14,SKU0073,WH03,27.682665
2026-01-14,SKU0073,WH04,23.241106
2026-01-14,SKU0073,WH05,24.037006
2026-01-14,SKU0074,WH01,18.85928
2026-01-14,SKU0074,WH02,17.129774
2026-01-14,SKU0074,WH03,17.520733
2026-01-14,SKU0074,WH04,18.996332
2026-01-14,SKU0074,WH05,17.404871
2026-01-14,SKU0075,WH01,3.3499842
2026-01-14,SKU0075,WH02,4.385638
2026-01-14,SKU0075,WH03,3.8120997
2026-01-14,SKU0075,WH04,4.7130704
2026-01-14,SKU0075,WH05,4.132512
2026-01-14,SKU0076,WH01,14.905271
2026-01-14,SKU0076,WH02,14.924296
2026-01-14,SKU0076,WH03,11.4019165
2026-01-14,SKU0076,WH04,11.000522
2026-01-14,SKU0076,WH05,16.97282
2026-01-14,SKU0077,WH01,9.003875
2026-01-14,SKU0077,WH02,10.179425
2026-01-14,SKU0077,WH03,10.37288
2026-01-14,SKU0077,WH04,9.222101
2026-01-14,SKU0077,WH05,9.816021
2026-01-14,SKU0078,WH01,9.185753
2026-01-14,SKU0078,WH02,9.787165
2026-01-14,SKU0078,WH03,8.414631
2026-01-14,SKU0078,WH04,9.355922
2026-01-14,SKU0078,WH05,9.691194
2026-01-14,SKU0079,WH01,0.70188063
2026-01-14,SKU0079,WH02,1.0291581
2026-01-14,SKU0079,WH03,1.0264987
2026-01-14,SKU0079,WH04,1.0643588
2026-01-14,SKU0079,WH05,0.685615
2026-01-14,SKU0080,WH01,15.052582
2026-01-14,SKU0080,WH02,13.639792
2026-01-14,SKU0080,WH03,14.951447
2026-01-14,SKU0080,WH04,16.488651
2026-01-14,SKU0080,WH05,15.141372
2026-01-15,SKU0001,WH01,19.763758
2026-01-15,SKU0001,WH02,17.889801
2026-01-15,SKU0001,WH03,16.203415
2026-01-15,SKU0001,WH04,17.018818
2026-01-15,SKU0001,WH05,17.55417
2026-01-15,SKU0002,WH01,3.952029
2026-01-15,SKU0002,WH02,3.4545639
2026-01-15,SKU0002,WH03,4.5031285
2026-01-15,SKU0002,WH04,4.1234965
2026-01-15,SKU0002,WH05,4.1949944
2026-01-15,SKU0003,WH01,46.277283
2026-01-15,SKU0003,WH02,45.240353
2026-01-15,SKU0003,WH03,43.794704
2026-01-15,SKU0003,WH04,43.39421
2026-01-15,SKU0003,WH05,42.06665
2026-01-15,SKU0004,WH01,73.81874
2026-01-15,SKU0004,WH02,77.256096
2026-01-15,SKU0004,WH03,88.13352
2026-01-15,SKU0004,WH04,78.45652
2026-01-15,SKU0004,WH05,87.28111
2026-01-15,SKU0005,WH01,16.959381
2026-01-15,SKU0005,WH02,17.519218
2026-01-15,SKU0005,WH03,17.731428
2026-01-15,SKU0005,WH04,18.111774
2026-01-15,SKU0005,WH05,15.998808
2026-01-15,SKU0006,WH01,0.55211794
2026-01-15,SKU0006,WH02,0.7517253
2026-01-15,SKU0006,WH03,0.55211794
2026-01-15,SKU0006,WH04,0.55211794
2026-01-15,SKU0006,WH05,0.55211794
2026-01-15,SKU0007,WH01,14.492272
2026-01-15,SKU0007,WH02,15.170255
2026-01-15,SKU0007,WH03,13.519337
2026-01-15,SKU0007,WH04,17.06568
2026-01-15,SKU0007,WH05,13.216711
2026-01-15,SKU0008,WH01,29.100834
2026-01-15,SKU0008,WH02,27.575632
2026-01-15,SKU0008,WH03,28.010761
2026-01-15,SKU0008,WH04,27.164768
2026-01-15,SKU0008,WH05,28.677748
2026-01-15,SKU0009,WH01,33.096313
2026-01-15,SKU0009,WH02,36.456398
2026-01-15,SKU0009,WH03,37.52229
2026-01-15,SKU0009,WH04,34.438408
2026-01-15,SKU0009,WH05,32.909035
2026-01-15,SKU0010,WH01,6.24909
2026-01-15,SKU0010,WH02,6.917215
2026-01-15,SKU0010,WH03,5.38482
2026-01-15,SKU0010,WH04,7.875929
2026-01-15,SKU0010,WH05,6.8364143
2026-01-15,SKU0011,WH01,22.697289
2026-01-15,SKU0011,WH02,20.050987
2026-01-15,SKU0011,WH03,22.839937
2026-01-15,SKU0011,WH04,20.250805
2026-01-15,SKU0011,WH05,22.939594
2026-01-15,SKU0012,WH01,10.235333
2026-01-15,SKU0012,WH02,9.529785
2026-01-15,SKU0012,WH03,9.4933605
2026-01-15,SKU0012,WH04,10.326044
2026-01-15,SKU0012,WH05,10.087329
2026-01-15,SKU0013,WH01,7.285138
2026-01-15,SKU0013,WH02,7.388558
2026-01-15,SKU0013,WH03,5.698155
2026-01-15,SKU0013,WH04,7.7152615
2026-01-15,SKU0013,WH05,6.4436245
2026-01-15,SKU0014,WH01,3.2921262
2026-01-15,SKU0014,WH02,3.489914
2026-01-15,SKU0014,WH03,3.3647482
2026-01-15,SKU0014,WH04,3.2490072
2026-01-15,SKU0014,WH05,3.2843573
2026-01-15,SKU0015,WH01,2.4653437
2026-01-15,SKU0015,WH02,2.5366
2026-01-15,SKU0015,WH03,2.4558
2026-01-15,SKU0015,WH04,2.3495345
2026-01-15,SKU0015,WH05,2.632793
2026-01-15,SKU0016,WH01,56.9915
2026-01-15,SKU0016,WH02,56.91585
2026-01-15,SKU0016,WH03,62.05227
2026-01-15,SKU0016,WH04,61.724697
2026-01-15,SKU0016,WH05,59.489727
2026-01-15,SKU0017,WH01,7.676545
2026-01-15,SKU0017,WH02,9.277865
2026-01-15,SKU0017,WH03,8.158955
2026-01-15,SKU0017,WH04,8.764484
2026-01-15,SKU0017,WH05,9.334177
2026-01-15,SKU0018,WH01,20.141157
2026-01-15,SKU0018,WH02,18.821608
2026-01-15,SKU0018,WH03,20.34817
2026-01-15,SKU0018,WH04,19.93653
2026-01-15,SKU0018,WH05,20.0499
2026-01-15,SKU0019,WH01,22.23265
2026-01-15,SKU0019,WH02,25.436897
2026-01-15,SKU0019,WH03,21.394012
2026-01-15,SKU0019,WH04,24.029963
2026-01-15,SKU0019,WH05,25.820791
2026-01-15,SKU0020,WH01,14.273275
2026-01-15,SKU0020,WH02,12.713216
2026-01-15,SKU0020,WH03,14.909747
2026-01-15,SKU0020,WH04,12.533279
2026-01-15,SKU0020,WH05,15.079516
2026-01-15,SKU0021,WH01,4.805256
2026-01-15,SKU0021,WH02,2.824422
2026-01-15,SKU0021,WH03,3.9953787
2026-01-15,SKU0021,WH04,3.5274658
2026-01-15,SKU0021,WH05,4.488451
2026-01-15,SKU0022,WH01,4.894459
2026-01-15,SKU0022,WH02,5.433718
2026-01-15,SKU0022,WH03,5.0056753
2026-01-15,SKU0022,WH04,5.4114065
2026-01-15,SKU0022,WH05,4.9458294
2026-01-15,SKU0023,WH01,9.505724
2026-01-15,SKU0023,WH02,9.069606
2026-01-15,SKU0023,WH03,9.153272
2026-01-15,SKU0023,WH04,10.327119
2026-01-15,SKU0023,WH05,8.730564
2026-01-15,SKU0024,WH01,24.800196
2026-01-15,SKU0024,WH02,25.558771
2026-01-15,SKU0024,WH03,21.561707
2026-01-15,SKU0024,WH04,24.71838
2026-01-15,SKU0024,WH05,25.376587
2026-01-15,SKU0025,WH01,19.900679
2026-01-15,SKU0025,WH02,18.982897
2026-01-15,SKU0025,WH03,20.052715
2026-01-15,SKU0025,WH04,22.800863
2026-01-15,SKU0025,WH05,21.995989
2026-01-15,SKU0026,WH01,46.40185
2026-01-15,SKU0026,WH02,42.928207
2026-01-15,SKU0026,WH03,41.484703
2026-01-15,SKU0026,WH04,43.98103
2026-01-15,SKU0026,WH05,45.985672
2026-01-15,SKU0027,WH01,15.357994
2026-01-15,SKU0027,WH02,15.414443
2026-01-15,SKU0027,WH03,16.31795
2026-01-15,SKU0027,WH04,16.130304
2026-01-15,SKU0027,WH05,14.224015
2026-01-15,SKU0028,WH01,7.304553
2026-01-15,SKU0028,WH02,7.454779
2026-01-15,SKU0028,WH03,7.8368077
2026-01-15,SKU0028,WH04,8.37513
2026-01-15,SKU0028,WH05,7.401657
2026-01-15,SKU0029,WH01,9.56316
2026-01-15,SKU0029,WH02,9.201163
2026-01-15,SKU0029,WH03,8.955142
2026-01-15,SKU0029,WH04,9.878018
2026-01-15,SKU0029,WH05,9.066275
2026-01-15,SKU0030,WH01,16.789911
2026-01-15,SKU0030,WH02,16.670723
2026-01-15,SKU0030,WH03,17.509104
2026-01-15,SKU0030,WH04,17.11757
2026-01-15,SKU0030,WH05,16.773716
2026-01-15,SKU0031,WH01,7.4787364
2026-01-15,SKU0031,WH02,9.627195
2026-01-15,SKU0031,WH03,8.7482815
2026-01-15,SKU0031,WH04,9.101444
2026-01-15,SKU0031,WH05,8.158955
2026-01-15,SKU0032,WH01,9.012145
2026-01-15,SKU0032,WH02,9.055805
2026-01-15,SKU0032,WH03,9.264108
2026-01-15,SKU0032,WH04,9.501851
2026-01-15,SKU0032,WH05,8.953221
2026-01-15,SKU0033,WH01,3.2691705
2026-01-15,SKU0033,WH02,4.345557
2026-01-15,SKU0033,WH03,4.345557
2026-01-15,SKU0033,WH04,4.354512
2026-01-15,SKU0033,WH05,4.3035774
2026-01-15,SKU0034,WH01,5.2624526
2026-01-15,SKU0034,WH02,5.1962295
2026-01-15,SKU0034,WH03,5.106951
2026-01-15,SKU0034,WH04,5.061072
2026-01-15,SKU0034,WH05,5.106951
2026-01-15,SKU0035,WH01,3.95323
2026-01-15,SKU0035,WH02,4.0005465
2026-01-15,SKU0035,WH03,4.5684676
2026-01-15,SKU0035,WH04,4.1936135
2026-01-15,SKU0035,WH05,4.0340295
2026-01-15,SKU0036,WH01,4.2348704
2026-01-15,SKU0036,WH02,4.043045
2026-01-15,SKU0036,WH03,4.0564804
2026-01-15,SKU0036,WH04,4.1037974
2026-01-15,SKU0036,WH05,4.612684
2026-01-15,SKU0037,WH01,0.5662443
2026-01-15,SKU0037,WH02,0.55211794
2026-01-15,SKU0037,WH03,0.5452858
2026-01-15,SKU0037,WH04,0.55211794
2026-01-15,SKU0037,WH05,0.5452858
2026-01-15,SKU0038,WH01,14.093361
2026-01-15,SKU0038,WH02,16.160343
2026-01-15,SKU0038,WH03,14.699655
2026-01-15,SKU0038,WH04,15.267097
2026-01-15,SKU0038,WH05,15.24694
2026-01-15,SKU0039,WH01,7.8878922
2026-01-15,SKU0039,WH02,7.5086026
2026-01-15,SKU0039,WH03,7.2621965
2026-01-15,SKU0039,WH04,6.4293356
2026-01-15,SKU0039,WH05,6.811992
2026-01-15,SKU0040,WH01,4.6437583
2026-01-15,SKU0040,WH02,4.914373
2026-01-15,SKU0040,WH03,4.914373
2026-01-15,SKU0040,WH04,5.591895
2026-01-15,SKU0040,WH05,5.055124
2026-01-15,SKU0041,WH01,0.772573
2026-01-15,SKU0041,WH02,0.5692899
2026-01-15,SKU0041,WH03,0.5692899
2026-01-15,SKU0041,WH04,0.69827294
2026-01-15,SKU0041,WH05,0.5692899
2026-01-15,SKU0042,WH01,20.42697
2026-01-15,SKU0042,WH02,22.003939
2026-01-15,SKU0042,WH03,18.193562
2026-01-15,SKU0042,WH04,21.870552
2026-01-15,SKU0042,WH05,19.596598
2026-01-15,SKU0043,WH01,2.5530546
2026-01-15,SKU0043,WH02,2.1747339
2026-01-15,SKU0043,WH03,2.6049554
2026-01-15,SKU0043,WH04,2.4225101
2026-01-15,SKU0043,WH05,1.7918723
2026-01-15,SKU0044,WH01,2.5366
2026-01-15,SKU0044,WH02,2.4038992
2026-01-15,SKU0044,WH03,2.4558
2026-01-15,SKU0044,WH04,2.5366
2026-01-15,SKU0044,WH05,2.3495345
2026-01-15,SKU0045,WH01,47.180492
2026-01-15,SKU0045,WH02,46.852844
2026-01-15,SKU0045,WH03,45.991344
2026-01-15,SKU0045,WH04,46.23241
2026-01-15,SKU0045,WH05,49.342518
2026-01-15,SKU0046,WH01,42.37051
2026-01-15,SKU0046,WH02,43.959976
2026-01-15,SKU0046,WH03,42.20983
2026-01-15,SKU0046,WH04,44.30162
2026-01-15,SKU0046,WH05,46.74157
2026-01-15,SKU0047,WH01,2.4303346
2026-01-15,SKU0047,WH02,2.4747005
2026-01-15,SKU0047,WH03,2.3495345
2026-01-15,SKU0047,WH04,2.4558
2026-01-15,SKU0047,WH05,2.3230991
2026-01-15,SKU0048,WH01,0.56256866
2026-01-15,SKU0048,WH02,0.5452858
2026-01-15,SKU0048,WH03,0.5452858
2026-01-15,SKU0048,WH04,0.55211794
2026-01-15,SKU0048,WH05,0.55211794
2026-01-15,SKU0049,WH01,7.790254
2026-01-15,SKU0049,WH02,9.473768
2026-01-15,SKU0049,WH03,8.482134
2026-01-15,SKU0049,WH04,9.454007
2026-01-15,SKU0049,WH05,9.427148
2026-01-15,SKU0050,WH01,16.478462
2026-01-15,SKU0050,WH02,16.700645
2026-01-15,SKU0050,WH03,15.425573
2026-01-15,SKU0050,WH04,14.236958
2026-01-15,SKU0050,WH05,14.703162
2026-01-15,SKU0051,WH01,0.5452858
2026-01-15,SKU0051,WH02,0.56256866
2026-01-15,SKU0051,WH03,0.5452858
2026-01-15,SKU0051,WH04,0.56256866
2026-01-15,SKU0051,WH05,0.55211794
2026-01-15,SKU0052,WH01,25.387949
2026-01-15,SKU0052,WH02,23.769629
2026-01-15,SKU0052,WH03,22.892336
2026-01-15,SKU0052,WH04,25.288708
2026-01-15,SKU0052,WH05,25.165052
2026-01-15,SKU0053,WH01,2.5456161
2026-01-15,SKU0053,WH02,2.4558
2026-01-15,SKU0053,WH03,2.3495345
2026-01-15,SKU0053,WH04,2.5659282
2026-01-15,SKU0053,WH05,2.3495345
2026-01-15,SKU0054,WH01,13.676774
2026-01-15,SKU0054,WH02,11.9748335
2026-01-15,SKU0054,WH03,15.14944
2026-01-15,SKU0054,WH04,13.320321
2026-01-15,SKU0054,WH05,10.866243
2026-01-15,SKU0055,WH01,19.162458
2026-01-15,SKU0055,WH02,18.031162
2026-01-15,SKU0055,WH03,18.010298
2026-01-15,SKU0055,WH04,16.995277
2026-01-15,SKU0055,WH05,21.032887
2026-01-15,SKU0056,WH01,0.5520071
2026-01-15,SKU0056,WH02,0.5588392
2026-01-15,SKU0056,WH03,0.58923143
2026-01-15,SKU0056,WH04,0.5692899
2026-01-15,SKU0056,WH05,0.7019486
2026-01-15,SKU0057,WH01,5.275921
2026-01-15,SKU0057,WH02,5.2402115
2026-01-15,SKU0057,WH03,5.0951443
2026-01-15,SKU0057,WH04,5.1902742
2026-01-15,SKU0057,WH05,5.204691
2026-01-15,SKU0058,WH01,26.015682
2026-01-15,SKU0058,WH02,25.875257
2026-01-15,SKU0058,WH03,27.870642
2026-01-15,SKU0058,WH04,28.330551
2026-01-15,SKU0058,WH05,29.37987
2026-01-15,SKU0059,WH01,21.617363
2026-01-15,SKU0059,WH02,23.728895
2026-01-15,SKU0059,WH03,19.917059
2026-01-15,SKU0059,WH04,22.122326
2026-01-15,SKU0059,WH05,23.2122
2026-01-15,SKU0060,WH01,10.351135
2026-01-15,SKU0060,WH02,9.175125
2026-01-15,SKU0060,WH03,9.324058
2026-01-15,SKU0060,WH04,9.0554495
2026-01-15,SKU0060,WH05,9.069563
2026-01-15,SKU0061,WH01,13.883204
2026-01-15,SKU0061,WH02,16.24147
2026-01-15,SKU0061,WH03,17.519436
2026-01-15,SKU0061,WH04,16.677725
2026-01-15,SKU0061,WH05,16.854404
2026-01-15,SKU0062,WH01,29.84171
2026-01-15,SKU0062,WH02,36.557556
2026-01-15,SKU0062,WH03,33.41277
2026-01-15,SKU0062,WH04,33.717922
2026-01-15,SKU0062,WH05,33.477116
2026-01-15,SKU0063,WH01,10.111742
2026-01-15,SKU0063,WH02,11.522506
2026-01-15,SKU0063,WH03,10.237448
2026-01-15,SKU0063,WH04,10.402946
2026-01-15,SKU0063,WH05,10.173436
2026-01-15,SKU0064,WH01,8.375706
2026-01-15,SKU0064,WH02,9.184344
2026-01-15,SKU0064,WH03,8.29924
2026-01-15,SKU0064,WH04,9.713765
2026-01-15,SKU0064,WH05,8.673434
2026-01-15,SKU0065,WH01,44.05273
2026-01-15,SKU0065,WH02,41.915936
2026-01-15,SKU0065,WH03,42.100273
2026-01-15,SKU0065,WH04,41.251286
2026-01-15,SKU0065,WH05,42.500904
2026-01-15,SKU0066,WH01,8.048335
2026-01-15,SKU0066,WH02,8.167536
2026-01-15,SKU0066,WH03,8.128048
2026-01-15,SKU0066,WH04,8.896656
2026-01-15,SKU0066,WH05,9.580538
2026-01-15,SKU0067,WH01,37.22047
2026-01-15,SKU0067,WH02,37.593998
2026-01-15,SKU0067,WH03,39.919144
2026-01-15,SKU0067,WH04,41.012012
2026-01-15,SKU0067,WH05,39.804905
2026-01-15,SKU0068,WH01,0.96794635
2026-01-15,SKU0068,WH02,1.09476
2026-01-15,SKU0068,WH03,1.0404097
2026-01-15,SKU0068,WH04,1.5257212
2026-01-15,SKU0068,WH05,1.8726724
2026-01-15,SKU0069,WH01,16.666344
2026-01-15,SKU0069,WH02,15.199518
2026-01-15,SKU0069,WH03,16.519703
2026-01-15,SKU0069,WH04,16.584932
2026-01-15,SKU0069,WH05,16.885578
2026-01-15,SKU0070,WH01,15.392194
2026-01-15,SKU0070,WH02,15.340845
2026-01-15,SKU0070,WH03,15.317621
2026-01-15,SKU0070,WH04,15.28614
2026-01-15,SKU0070,WH05,15.252497
2026-01-15,SKU0071,WH01,10.946668
2026-01-15,SKU0071,WH02,10.560661
2026-01-15,SKU0071,WH03,10.732336
2026-01-15,SKU0071,WH04,10.19542
2026-01-15,SKU0071,WH05,9.795826
2026-01-15,SKU0072,WH01,8.807796
2026-01-15,SKU0072,WH02,7.5225077
2026-01-15,SKU0072,WH03,7.0289927
2026-01-15,SKU0072,WH04,6.388051
2026-01-15,SKU0072,WH05,7.4787364
2026-01-15,SKU0073,WH01,25.160933
2026-01-15,SKU0073,WH02,23.582767
2026-01-15,SKU0073,WH03,27.380415
2026-01-15,SKU0073,WH04,22.907593
2026-01-15,SKU0073,WH05,23.489292
2026-01-15,SKU0074,WH01,19.004932
2026-01-15,SKU0074,WH02,16.924925
2026-01-15,SKU0074,WH03,17.74114
2026-01-15,SKU0074,WH04,18.953064
2026-01-15,SKU0074,WH05,17.496658
2026-01-15,SKU0075,WH01,3.3647482
2026-01-15,SKU0075,WH02,4.4285007
2026-01-15,SKU0075,WH03,4.085195
2026-01-15,SKU0075,WH04,4.6344314
2026-01-15,SKU0075,WH05,4.1234965
2026-01-15,SKU0076,WH01,15.137154
2026-01-15,SKU0076,WH02,15.429354
2026-01-15,SKU0076,WH03,11.129559
2026-01-15,SKU0076,WH04,11.038634
2026-01-15,SKU0076,WH05,16.853325
2026-01-15,SKU0077,WH01,9.006822
2026-01-15,SKU0077,WH02,10.381044
2026-01-15,SKU0077,WH03,10.377855
2026-01-15,SKU0077,WH04,9.209049
2026-01-15,SKU0077,WH05,9.891724
2026-01-15,SKU0078,WH01,9.205848
2026-01-15,SKU0078,WH02,9.684758
2026-01-15,SKU0078,WH03,8.340221
2026-01-15,SKU0078,WH04,9.553662
2026-01-15,SKU0078,WH05,9.691194
2026-01-15,SKU0079,WH01,0.70188063
2026-01-15,SKU0079,WH02,0.9088568
2026-01-15,SKU0079,WH03,1.0264987
2026-01-15,SKU0079,WH04,1.0989611
2026-01-15,SKU0079,WH05,0.685615
2026-01-15,SKU0080,WH01,14.873515
2026-01-15,SKU0080,WH02,13.68182
2026-01-15,SKU0080,WH03,14.942251
2026-01-15,SKU0080,WH04,16.697826
2026-01-15,SKU0080,WH05,15.073634
2026-01-16,SKU0001,WH01,19.779974
2026-01-16,SKU0001,WH02,17.937237
2026-01-16,SKU0001,WH03,16.193247
2026-01-16,SKU0001,WH04,17.306452
2026-01-16,SKU0001,WH05,17.69266
2026-01-16,SKU0002,WH01,3.952029
2026-01-16,SKU0002,WH02,3.2921262
2026-01-16,SKU0002,WH03,4.553401
2026-01-16,SKU0002,WH04,4.1280575
2026-01-16,SKU0002,WH05,4.166072
2026-01-16,SKU0003,WH01,46.29071
2026-01-16,SKU0003,WH02,45.203625
2026-01-16,SKU0003,WH03,45.06307
2026-01-16,SKU0003,WH04,42.846283
2026-01-16,SKU0003,WH05,42.59374
2026-01-16,SKU0004,WH01,72.754616
2026-01-16,SKU0004,WH02,81.53398
2026-01-16,SKU0004,WH03,85.76805
2026-01-16,SKU0004,WH04,79.859985
2026-01-16,SKU0004,WH05,87.111595
2026-01-16,SKU0005,WH01,17.074715
2026-01-16,SKU0005,WH02,17.259249
2026-01-16,SKU0005,WH03,17.542986
2026-01-16,SKU0005,WH04,18.004915
2026-01-16,SKU0005,WH05,15.986759
2026-01-16,SKU0006,WH01,0.55211794
2026-01-16,SKU0006,WH02,0.5452858
2026-01-16,SKU0006,WH03,0.5452858
2026-01-16,SKU0006,WH04,0.55211794
2026-01-16,SKU0006,WH05,0.55211794
2026-01-16,SKU0007,WH01,14.873685
2026-01-16,SKU0007,WH02,15.149202
2026-01-16,SKU0007,WH03,13.958926
2026-01-16,SKU0007,WH04,17.35046
2026-01-16,SKU0007,WH05,13.1417
2026-01-16,SKU0008,WH01,28.90643
2026-01-16,SKU0008,WH02,27.330107
2026-01-16,SKU0008,WH03,27.655996
2026-01-16,SKU0008,WH04,27.72227
2026-01-16,SKU0008,WH05,28.976852
2026-01-16,SKU0009,WH01,33.01864
2026-01-16,SKU0009,WH02,36.49082
2026-01-16,SKU0009,WH03,38.8117
2026-01-16,SKU0009,WH04,34.452915
2026-01-16,SKU0009,WH05,33.08286
2026-01-16,SKU0010,WH01,6.1373124
2026-01-16,SKU0010,WH02,6.8364143
2026-01-16,SKU0010,WH03,5.1991777
2026-01-16,SKU0010,WH04,7.9862065
2026-01-16,SKU0010,WH05,6.977165
2026-01-16,SKU0011,WH01,23.41834
2026-01-16,SKU0011,WH02,20.25078
2026-01-16,SKU0011,WH03,22.660704
2026-01-16,SKU0011,WH04,20.090185
2026-01-16,SKU0011,WH05,23.239761
2026-01-16,SKU0012,WH01,10.235333
2026-01-16,SKU0012,WH02,9.505724
2026-01-16,SKU0012,WH03,9.396551
2026-01-16,SKU0012,WH04,10.377855
2026-01-16,SKU0012,WH05,10.377855
2026-01-16,SKU0013,WH01,7.3369656
2026-01-16,SKU0013,WH02,7.3286076
2026-01-16,SKU0013,WH03,5.6463275
2026-01-16,SKU0013,WH04,7.7508197
2026-01-16,SKU0013,WH05,6.4565067
2026-01-16,SKU0014,WH01,3.3647482
2026-01-16,SKU0014,WH02,3.3729262
2026-01-16,SKU0014,WH03,3.3647482
2026-01-16,SKU0014,WH04,3.071805
2026-01-16,SKU0014,WH05,3.353123
2026-01-16,SKU0015,WH01,2.4653437
2026-01-16,SKU0015,WH02,2.3230991
2026-01-16,SKU0015,WH03,2.4558
2026-01-16,SKU0015,WH04,2.3495345
2026-01-16,SKU0015,WH05,2.4558
2026-01-16,SKU0016,WH01,57.170177
2026-01-16,SKU0016,WH02,56.26209
2026-01-16,SKU0016,WH03,56.215946
2026-01-16,SKU0016,WH04,63.527725
2026-01-16,SKU0016,WH05,64.51967
2026-01-16,SKU0017,WH01,7.7793064
2026-01-16,SKU0017,WH02,9.277865
2026-01-16,SKU0017,WH03,8.224671
2026-01-16,SKU0017,WH04,8.950961
2026-01-16,SKU0017,WH05,9.529601
2026-01-16,SKU0018,WH01,20.141157
2026-01-16,SKU0018,WH02,18.821608
2026-01-16,SKU0018,WH03,20.524855
2026-01-16,SKU0018,WH04,20.084173
2026-01-16,SKU0018,WH05,20.053333
2026-01-16,SKU0019,WH01,22.030167
2026-01-16,SKU0019,WH02,25.436897
2026-01-16,SKU0019,WH03,21.484684
2026-01-16,SKU0019,WH04,24.187466
2026-01-16,SKU0019,WH05,26.104742
2026-01-16,SKU0020,WH01,14.221464
2026-01-16,SKU0020,WH02,12.765027
2026-01-16,SKU0020,WH03,14.76615
2026-01-16,SKU0020,WH04,12.778621
2026-01-16,SKU0020,WH05,15.206772
2026-01-16,SKU0021,WH01,5.0871124
2026-01-16,SKU0021,WH02,2.824422
2026-01-16,SKU0021,WH03,3.9953787
2026-01-16,SKU0021,WH04,3.5579062
2026-01-16,SKU0021,WH05,4.488451
2026-01-16,SKU0022,WH01,5.094878
2026-01-16,SKU0022,WH02,5.224106
2026-01-16,SKU0022,WH03,4.7994795
2026-01-16,SKU0022,WH04,5.273042
2026-01-16,SKU0022,WH05,4.785761
2026-01-16,SKU0023,WH01,9.1952915
2026-01-16,SKU0023,WH02,8.99377
2026-01-16,SKU0023,WH03,9.152566
2026-01-16,SKU0023,WH04,10.144602
2026-01-16,SKU0023,WH05,8.730564
2026-01-16,SKU0024,WH01,24.033201
2026-01-16,SKU0024,WH02,25.560785
2026-01-16,SKU0024,WH03,20.803736
2026-01-16,SKU0024,WH04,23.761013
2026-01-16,SKU0024,WH05,24.222633
2026-01-16,SKU0025,WH01,20.165874
2026-01-16,SKU0025,WH02,18.286064
2026-01-16,SKU0025,WH03,20.168554
2026-01-16,SKU0025,WH04,22.891535
2026-01-16,SKU0025,WH05,22.325436
2026-01-16,SKU0026,WH01,45.341614
2026-01-16,SKU0026,WH02,43.219658
2026-01-16,SKU0026,WH03,41.883705
2026-01-16,SKU0026,WH04,44.226547
2026-01-16,SKU0026,WH05,45.142296
2026-01-16,SKU0027,WH01,15.39459
2026-01-16,SKU0027,WH02,15.809755
2026-01-16,SKU0027,WH03,16.290773
2026-01-16,SKU0027,WH04,15.794101
2026-01-16,SKU0027,WH05,14.460195
2026-01-16,SKU0028,WH01,7.416331
2026-01-16,SKU0028,WH02,7.4038444
2026-01-16,SKU0028,WH03,8.116727
2026-01-16,SKU0028,WH04,8.040314
2026-01-16,SKU0028,WH05,7.401657
2026-01-16,SKU0029,WH01,9.511349
2026-01-16,SKU0029,WH02,9.287985
2026-01-16,SKU0029,WH03,8.903315
2026-01-16,SKU0029,WH04,9.571349
2026-01-16,SKU0029,WH05,9.362127
2026-01-16,SKU0030,WH01,17.504284
2026-01-16,SKU0030,WH02,16.821907
2026-01-16,SKU0030,WH03,17.369968
2026-01-16,SKU0030,WH04,17.027285
2026-01-16,SKU0030,WH05,17.126827
2026-01-16,SKU0031,WH01,7.530564
2026-01-16,SKU0031,WH02,9.679007
2026-01-16,SKU0031,WH03,8.813998
2026-01-16,SKU0031,WH04,9.233951
2026-01-16,SKU0031,WH05,8.224671
2026-01-16,SKU0032,WH01,9.277865
2026-01-16,SKU0032,WH02,9.302041
2026-01-16,SKU0032,WH03,9.264108
2026-01-16,SKU0032,WH04,9.501851
2026-01-16,SKU0032,WH05,9.056155
2026-01-16,SKU0033,WH01,3.3499703
2026-01-16,SKU0033,WH02,4.345557
2026-01-16,SKU0033,WH03,4.3352203
2026-01-16,SKU0033,WH04,4.1618834
2026-01-16,SKU0033,WH05,4.294562
2026-01-16,SKU0034,WH01,5.055124
2026-01-16,SKU0034,WH02,5.0903244
2026-01-16,SKU0034,WH03,5.106951
2026-01-16,SKU0034,WH04,4.833744
2026-01-16,SKU0034,WH05,4.914373
2026-01-16,SKU0035,WH01,4.09398
2026-01-16,SKU0035,WH02,4.1516337
2026-01-16,SKU0035,WH03,4.451683
2026-01-16,SKU0035,WH04,4.142618
2026-01-16,SKU0035,WH05,4.043045
2026-01-16,SKU0036,WH01,4.2348704
2026-01-16,SKU0036,WH02,3.95323
2026-01-16,SKU0036,WH03,4.0145006
2026-01-16,SKU0036,WH04,4.2445483
2026-01-16,SKU0036,WH05,4.612684
2026-01-16,SKU0037,WH01,0.56256866
2026-01-16,SKU0037,WH02,0.55211794
2026-01-16,SKU0037,WH03,0.5452858
2026-01-16,SKU0037,WH04,0.55211794
2026-01-16,SKU0037,WH05,0.55211794
2026-01-16,SKU0038,WH01,14.345045
2026-01-16,SKU0038,WH02,16.52176
2026-01-16,SKU0038,WH03,14.607869
2026-01-16,SKU0038,WH04,15.415405
2026-01-16,SKU0038,WH05,15.298751
2026-01-16,SKU0039,WH01,7.822177
2026-01-16,SKU0039,WH02,6.981285
2026-01-16,SKU0039,WH03,6.798744
2026-01-16,SKU0039,WH04,6.202562
2026-01-16,SKU0039,WH05,6.7332625
2026-01-16,SKU0040,WH01,4.6453133
2026-01-16,SKU0040,WH02,5.1180205
2026-01-16,SKU0040,WH03,5.1317344
2026-01-16,SKU0040,WH04,5.7069874
2026-01-16,SKU0040,WH05,5.106951
2026-01-16,SKU0041,WH01,0.5692899
2026-01-16,SKU0041,WH02,0.5692899
2026-01-16,SKU0041,WH03,0.5692899
2026-01-16,SKU0041,WH04,0.5855558
2026-01-16,SKU0041,WH05,0.5692899
2026-01-16,SKU0042,WH01,20.668118
2026-01-16,SKU0042,WH02,22.045338
2026-01-16,SKU0042,WH03,18.078352
2026-01-16,SKU0042,WH04,21.785503
2026-01-16,SKU0042,WH05,19.73102
2026-01-16,SKU0043,WH01,2.5974205
2026-01-16,SKU0043,WH02,1.9977428
2026-01-16,SKU0043,WH03,2.6947713
2026-01-16,SKU0043,WH04,2.4225101
2026-01-16,SKU0043,WH05,1.7918723
2026-01-16,SKU0044,WH01,2.5456161
2026-01-16,SKU0044,WH02,2.3230991
2026-01-16,SKU0044,WH03,2.5456161
2026-01-16,SKU0044,WH04,2.4558
2026-01-16,SKU0044,WH05,2.4303346
2026-01-16,SKU0045,WH01,47.478294
2026-01-16,SKU0045,WH02,46.78395
2026-01-16,SKU0045,WH03,46.304188
2026-01-16,SKU0045,WH04,46.931023
2026-01-16,SKU0045,WH05,49.01028
2026-01-16,SKU0046,WH01,43.194218
2026-01-16,SKU0046,WH02,44.23475
2026-01-16,SKU0046,WH03,43.611694
2026-01-16,SKU0046,WH04,44.232952
2026-01-16,SKU0046,WH05,46.791477
2026-01-16,SKU0047,WH01,2.29979
2026-01-16,SKU0047,WH02,2.4393501
2026-01-16,SKU0047,WH03,2.3495345
2026-01-16,SKU0047,WH04,2.4558
2026-01-16,SKU0047,WH05,2.3230991
2026-01-16,SKU0048,WH01,0.56256866
2026-01-16,SKU0048,WH02,0.55211794
2026-01-16,SKU0048,WH03,0.55211794
2026-01-16,SKU0048,WH04,0.55211794
2026-01-16,SKU0048,WH05,0.55211794
2026-01-16,SKU0049,WH01,7.957223
2026-01-16,SKU0049,WH02,9.374923
2026-01-16,SKU0049,WH03,8.482134
2026-01-16,SKU0049,WH04,9.6597185
2026-01-16,SKU0049,WH05,9.505835
2026-01-16,SKU0050,WH01,16.442991
2026-01-16,SKU0050,WH02,16.700645
2026-01-16,SKU0050,WH03,15.339648
2026-01-16,SKU0050,WH04,14.0498495
2026-01-16,SKU0050,WH05,15.147096
2026-01-16,SKU0051,WH01,0.5452858
2026-01-16,SKU0051,WH02,0.56256866
2026-01-16,SKU0051,WH03,0.5452858
2026-01-16,SKU0051,WH04,0.76217604
2026-01-16,SKU0051,WH05,0.55211794
2026-01-16,SKU0052,WH01,25.420034
2026-01-16,SKU0052,WH02,23.280697
2026-01-16,SKU0052,WH03,23.202408
2026-01-16,SKU0052,WH04,25.642847
2026-01-16,SKU0052,WH05,25.56893
2026-01-16,SKU0053,WH01,2.580966
2026-01-16,SKU0053,WH02,2.4558
2026-01-16,SKU0053,WH03,2.526527
2026-01-16,SKU0053,WH04,2.6910942
2026-01-16,SKU0053,WH05,2.4747005
2026-01-16,SKU0054,WH01,14.222778
2026-01-16,SKU0054,WH02,12.630609
2026-01-16,SKU0054,WH03,15.180423
2026-01-16,SKU0054,WH04,13.530608
2026-01-16,SKU0054,WH05,10.9917755
2026-01-16,SKU0055,WH01,19.131239
2026-01-16,SKU0055,WH02,17.953775
2026-01-16,SKU0055,WH03,18.031162
2026-01-16,SKU0055,WH04,16.935814
2026-01-16,SKU0055,WH05,20.964054
2026-01-16,SKU0056,WH01,0.5520071
2026-01-16,SKU0056,WH02,0.5588392
2026-01-16,SKU0056,WH03,0.7019486
2026-01-16,SKU0056,WH04,0.5692899
2026-01-16,SKU0056,WH05,0.7154072
2026-01-16,SKU0057,WH01,5.2471504
2026-01-16,SKU0057,WH02,4.961177
2026-01-16,SKU0057,WH03,5.1210823
2026-01-16,SKU0057,WH04,5.2686367
2026-01-16,SKU0057,WH05,4.9204698
2026-01-16,SKU0058,WH01,25.527636
2026-01-16,SKU0058,WH02,26.08354
2026-01-16,SKU0058,WH03,27.84579
2026-01-16,SKU0058,WH04,28.192455
2026-01-16,SKU0058,WH05,29.341818
2026-01-16,SKU0059,WH01,21.425005
2026-01-16,SKU0059,WH02,23.221987
2026-01-16,SKU0059,WH03,20.352282
2026-01-16,SKU0059,WH04,22.377155
2026-01-16,SKU0059,WH05,23.777004
2026-01-16,SKU0060,WH01,10.494732
2026-01-16,SKU0060,WH02,9.175125
2026-01-16,SKU0060,WH03,9.491732
2026-01-16,SKU0060,WH04,9.362127
2026-01-16,SKU0060,WH05,9.1433325
2026-01-16,SKU0061,WH01,14.193866
2026-01-16,SKU0061,WH02,16.606222
2026-01-16,SKU0061,WH03,16.978354
2026-01-16,SKU0061,WH04,16.836401
2026-01-16,SKU0061,WH05,16.876495
2026-01-16,SKU0062,WH01,29.583635
2026-01-16,SKU0062,WH02,36.59198
2026-01-16,SKU0062,WH03,33.455418
2026-01-16,SKU0062,WH04,33.700207
2026-01-16,SKU0062,WH05,33.497032
2026-01-16,SKU0063,WH01,10.163553
2026-01-16,SKU0063,WH02,11.690016
2026-01-16,SKU0063,WH03,10.237448
2026-01-16,SKU0063,WH04,10.351135
2026-01-16,SKU0063,WH05,10.275109
2026-01-16,SKU0064,WH01,7.9685435
2026-01-16,SKU0064,WH02,9.031806
2026-01-16,SKU0064,WH03,7.946457
2026-01-16,SKU0064,WH04,9.129575
2026-01-16,SKU0064,WH05,8.288394
2026-01-16,SKU0065,WH01,44.06616
2026-01-16,SKU0065,WH02,42.0251
2026-01-16,SKU0065,WH03,42.0251
2026-01-16,SKU0065,WH04,42.87967
2026-01-16,SKU0065,WH05,42.824818
2026-01-16,SKU0066,WH01,8.190519
2026-01-16,SKU0066,WH02,8.167536
2026-01-16,SKU0066,WH03,8.128048
2026-01-16,SKU0066,WH04,9.337915
2026-01-16,SKU0066,WH05,9.580538
2026-01-16,SKU0067,WH01,37.656258
2026-01-16,SKU0067,WH02,37.358604
2026-01-16,SKU0067,WH03,40.285316
2026-01-16,SKU0067,WH04,41.10085
2026-01-16,SKU0067,WH05,39.835148
2026-01-16,SKU0068,WH01,0.7760277
2026-01-16,SKU0068,WH02,1.1755602
2026-01-16,SKU0068,WH03,1.0058072
2026-01-16,SKU0068,WH04,1.4990964
2026-01-16,SKU0068,WH05,1.6077276
2026-01-16,SKU0069,WH01,16.912392
2026-01-16,SKU0069,WH02,15.357994
2026-01-16,SKU0069,WH03,16.764929
2026-01-16,SKU0069,WH04,16.608858
2026-01-16,SKU0069,WH05,16.942738
2026-01-16,SKU0070,WH01,15.123193
2026-01-16,SKU0070,WH02,15.340845
2026-01-16,SKU0070,WH03,15.3410425
2026-01-16,SKU0070,WH04,15.23032
2026-01-16,SKU0070,WH05,15.487705
2026-01-16,SKU0071,WH01,10.894856
2026-01-16,SKU0071,WH02,10.50885
2026-01-16,SKU0071,WH03,10.398486
2026-01-16,SKU0071,WH04,10.460372
2026-01-16,SKU0071,WH05,9.533142
2026-01-16,SKU0072,WH01,9.084274
2026-01-16,SKU0072,WH02,7.4026794
2026-01-16,SKU0072,WH03,7.055895
2026-01-16,SKU0072,WH04,6.109292
2026-01-16,SKU0072,WH05,7.530564
2026-01-16,SKU0073,WH01,25.338814
2026-01-16,SKU0073,WH02,23.464958
2026-01-16,SKU0073,WH03,27.222912
2026-01-16,SKU0073,WH04,23.086826
2026-01-16,SKU0073,WH05,23.30842
2026-01-16,SKU0074,WH01,19.088257
2026-01-16,SKU0074,WH02,16.960396
2026-01-16,SKU0074,WH03,17.536678
2026-01-16,SKU0074,WH04,19.249044
2026-01-16,SKU0074,WH05,17.555712
2026-01-16,SKU0075,WH01,3.3647482
2026-01-16,SKU0075,WH02,4.437516
2026-01-16,SKU0075,WH03,3.9953787
2026-01-16,SKU0075,WH04,4.5446153
2026-01-16,SKU0075,WH05,4.042694
2026-01-16,SKU0076,WH01,15.113732
2026-01-16,SKU0076,WH02,15.314147
2026-01-16,SKU0076,WH03,11.335121
2026-01-16,SKU0076,WH04,10.863878
2026-01-16,SKU0076,WH05,16.853325
2026-01-16,SKU0077,WH01,9.059486
2026-01-16,SKU0077,WH02,10.18562
2026-01-16,SKU0077,WH03,10.402946
2026-01-16,SKU0077,WH04,9.1433325
2026-01-16,SKU0077,WH05,10.193163
2026-01-16,SKU0078,WH01,9.052954
2026-01-16,SKU0078,WH02,9.736586
2026-01-16,SKU0078,WH03,8.318249
2026-01-16,SKU0078,WH04,9.529601
2026-01-16,SKU0078,WH05,9.83479
2026-01-16,SKU0079,WH01,0.70188063
2026-01-16,SKU0079,WH02,0.70188063
2026-01-16,SKU0079,WH03,0.825397
2026-01-16,SKU0079,WH04,1.0643588
2026-01-16,SKU0079,WH05,0.68193936
2026-01-16,SKU0080,WH01,15.017112
2026-01-16,SKU0080,WH02,13.554564
2026-01-16,SKU0080,WH03,15.034037
2026-01-16,SKU0080,WH04,16.737602
2026-01-16,SKU0080,WH05,14.925326
2026-01-17,SKU0001,WH01,20.738272
2026-01-17,SKU0001,WH02,19.103374
2026-01-17,SKU0001,WH03,16.80343
2026-01-17,SKU0001,WH04,17.875402
2026-01-17,SKU0001,WH05,18.943674
2026-01-17,SKU0002,WH01,3.7759662
2026-01-17,SKU0002,WH02,3.4295237
2026-01-17,SKU0002,WH03,5.01365
2026-01-17,SKU0002,WH04,4.1593485
2026-01-17,SKU0002,WH05,4.150046
2026-01-17,SKU0003,WH01,48.873714
2026-01-17,SKU0003,WH02,47.21565
2026-01-17,SKU0003,WH03,46.83365
2026-01-17,SKU0003,WH04,46.994728
2026-01-17,SKU0003,WH05,45.10948
2026-01-17,SKU0004,WH01,80.09221
2026-01-17,SKU0004,WH02,79.271095
2026-01-17,SKU0004,WH03,90.71625
2026-01-17,SKU0004,WH04,83.209366
2026-01-17,SKU0004,WH05,92.05763
2026-01-17,SKU0005,WH01,19.19206
2026-01-17,SKU0005,WH02,18.28653
2026-01-17,SKU0005,WH03,18.885437
2026-01-17,SKU0005,WH04,19.160448
2026-01-17,SKU0005,WH05,16.96559
2026-01-17,SKU0006,WH01,0.4918116
2026-01-17,SKU0006,WH02,0.4918116
2026-01-17,SKU0006,WH03,0.4918116
2026-01-17,SKU0006,WH04,0.4918116
2026-01-17,SKU0006,WH05,0.4918116
2026-01-17,SKU0007,WH01,15.323544
2026-01-17,SKU0007,WH02,16.059368
2026-01-17,SKU0007,WH03,15.042844
2026-01-17,SKU0007,WH04,18.455341
2026-01-17,SKU0007,WH05,14.3299675
2026-01-17,SKU0008,WH01,30.359974
2026-01-17,SKU0008,WH02,29.177584
2026-01-17,SKU0008,WH03,29.611292
2026-01-17,SKU0008,WH04,28.704136
2026-01-17,SKU0008,WH05,30.631062
2026-01-17,SKU0009,WH01,35.272793
2026-01-17,SKU0009,WH02,38.21766
2026-01-17,SKU0009,WH03,39.693928
2026-01-17,SKU0009,WH04,35.92259
2026-01-17,SKU0009,WH05,35.049755
2026-01-17,SKU0010,WH01,6.292847
2026-01-17,SKU0010,WH02,7.210815
2026-01-17,SKU0010,WH03,5.175992
2026-01-17,SKU0010,WH04,8.3282385
2026-01-17,SKU0010,WH05,7.261719
2026-01-17,SKU0011,WH01,24.536398
2026-01-17,SKU0011,WH02,21.54663
2026-01-17,SKU0011,WH03,23.839252
2026-01-17,SKU0011,WH04,21.942757
2026-01-17,SKU0011,WH05,24.508879
2026-01-17,SKU0012,WH01,10.562399
2026-01-17,SKU0012,WH02,9.849408
2026-01-17,SKU0012,WH03,10.187818
2026-01-17,SKU0012,WH04,10.72174
2026-01-17,SKU0012,WH05,10.719085
2026-01-17,SKU0013,WH01,7.4010777
2026-01-17,SKU0013,WH02,7.855276
2026-01-17,SKU0013,WH03,5.659471
2026-01-17,SKU0013,WH04,8.108307
2026-01-17,SKU0013,WH05,6.907645
2026-01-17,SKU0014,WH01,3.4295237
2026-01-17,SKU0014,WH02,3.2761018
2026-01-17,SKU0014,WH03,3.4295237
2026-01-17,SKU0014,WH04,3.1891992
2026-01-17,SKU0014,WH05,3.1682837
2026-01-17,SKU0015,WH01,2.4493191
2026-01-17,SKU0015,WH02,2.3215594
2026-01-17,SKU0015,WH03,2.6387265
2026-01-17,SKU0015,WH04,2.3215594
2026-01-17,SKU0015,WH05,2.4278255
2026-01-17,SKU0016,WH01,66.24636
2026-01-17,SKU0016,WH02,64.35862
2026-01-17,SKU0016,WH03,64.16227
2026-01-17,SKU0016,WH04,69.93873
2026-01-17,SKU0016,WH05,67.20683
2026-01-17,SKU0017,WH01,8.158225
2026-01-17,SKU0017,WH02,9.7979765
2026-01-17,SKU0017,WH03,8.481004
2026-01-17,SKU0017,WH04,9.372322
2026-01-17,SKU0017,WH05,9.817476
2026-01-17,SKU0018,WH01,21.219463
2026-01-17,SKU0018,WH02,19.468166
2026-01-17,SKU0018,WH03,21.94973
2026-01-17,SKU0018,WH04,20.934393
2026-01-17,SKU0018,WH05,21.270899
2026-01-17,SKU0019,WH01,24.244013
2026-01-17,SKU0019,WH02,26.801792
2026-01-17,SKU0019,WH03,22.551413
2026-01-17,SKU0019,WH04,25.201725
2026-01-17,SKU0019,WH05,27.457417
2026-01-17,SKU0020,WH01,15.255171
2026-01-17,SKU0020,WH02,13.684415
2026-01-17,SKU0020,WH03,16.0018
2026-01-17,SKU0020,WH04,13.327308
2026-01-17,SKU0020,WH05,16.059368
2026-01-17,SKU0021,WH01,5.0372667
2026-01-17,SKU0021,WH02,2.796447
2026-01-17,SKU0021,WH03,4.1498857
2026-01-17,SKU0021,WH04,3.5418818
2026-01-17,SKU0021,WH05,4.331674
2026-01-17,SKU0022,WH01,5.0681853
2026-01-17,SKU0022,WH02,5.2736645
2026-01-17,SKU0022,WH03,4.7869477
2026-01-17,SKU0022,WH04,5.4928527
2026-01-17,SKU0022,WH05,4.7789297
2026-01-17,SKU0023,WH01,9.445785
2026-01-17,SKU0023,WH02,9.508056
2026-01-17,SKU0023,WH03,9.732309
2026-01-17,SKU0023,WH04,10.639152
2026-01-17,SKU0023,WH05,9.254333
2026-01-17,SKU0024,WH01,25.19425
2026-01-17,SKU0024,WH02,27.551882
2026-01-17,SKU0024,WH03,21.96598
2026-01-17,SKU0024,WH04,25.50058
2026-01-17,SKU0024,WH05,26.412323
2026-01-17,SKU0025,WH01,21.548414
2026-01-17,SKU0025,WH02,19.98966
2026-01-17,SKU0025,WH03,21.550852
2026-01-17,SKU0025,WH04,23.865664
2026-01-17,SKU0025,WH05,23.836416
2026-01-17,SKU0026,WH01,48.797787
2026-01-17,SKU0026,WH02,46.933853
2026-01-17,SKU0026,WH03,44.692047
2026-01-17,SKU0026,WH04,47.06719
2026-01-17,SKU0026,WH05,47.209248
2026-01-17,SKU0027,WH01,16.382898
2026-01-17,SKU0027,WH02,16.408384
2026-01-17,SKU0027,WH03,17.093103
2026-01-17,SKU0027,WH04,16.717077
2026-01-17,SKU0027,WH05,15.449811
2026-01-17,SKU0028,WH01,7.728886
2026-01-17,SKU0028,WH02,8.082261
2026-01-17,SKU0028,WH03,8.426251
2026-01-17,SKU0028,WH04,8.81997
2026-01-17,SKU0028,WH05,7.504839
2026-01-17,SKU0029,WH01,10.051975
2026-01-17,SKU0029,WH02,9.883427
2026-01-17,SKU0029,WH03,9.490192
2026-01-17,SKU0029,WH04,10.067018
2026-01-17,SKU0029,WH05,9.790629
2026-01-17,SKU0030,WH01,18.167171
2026-01-17,SKU0030,WH02,17.755306
2026-01-17,SKU0030,WH03,18.960787
2026-01-17,SKU0030,WH04,18.03205
2026-01-17,SKU0030,WH05,18.11742
2026-01-17,SKU0031,WH01,7.830816
2026-01-17,SKU0031,WH02,10.244696
2026-01-17,SKU0031,WH03,9.018416
2026-01-17,SKU0031,WH04,9.743133
2026-01-17,SKU0031,WH05,8.459558
2026-01-17,SKU0032,WH01,9.739164
2026-01-17,SKU0032,WH02,9.608867
2026-01-17,SKU0032,WH03,9.725407
2026-01-17,SKU0032,WH04,9.878648
2026-01-17,SKU0032,WH05,9.804387
2026-01-17,SKU0033,WH01,3.2531462
2026-01-17,SKU0033,WH02,4.4447083
2026-01-17,SKU0033,WH03,4.1784434
2026-01-17,SKU0033,WH04,4.393804
2026-01-17,SKU0033,WH05,4.278536
2026-01-17,SKU0034,WH01,5.0629435
2026-01-17,SKU0034,WH02,5.193323
2026-01-17,SKU0034,WH03,4.9929485
2026-01-17,SKU0034,WH04,5.065022
2026-01-17,SKU0034,WH05,5.0098863
2026-01-17,SKU0035,WH01,3.9396286
2026-01-17,SKU0035,WH02,4.0653205
2026-01-17,SKU0035,WH03,4.3459897
2026-01-17,SKU0035,WH04,4.250785
2026-01-17,SKU0035,WH05,3.858828
2026-01-17,SKU0036,WH01,4.237055
2026-01-17,SKU0036,WH02,4.0974855
2026-01-17,SKU0036,WH03,3.9984765
2026-01-17,SKU0036,WH04,3.9845219
2026-01-17,SKU0036,WH05,4.6058526
2026-01-17,SKU0037,WH01,0.5022623
2026-01-17,SKU0037,WH02,0.4918116
2026-01-17,SKU0037,WH03,0.48497948
2026-01-17,SKU0037,WH04,0.4918116
2026-01-17,SKU0037,WH05,0.4918116
2026-01-17,SKU0038,WH01,15.210099
2026-01-17,SKU0038,WH02,17.451315
2026-01-17,SKU0038,WH03,15.833933
2026-01-17,SKU0038,WH04,16.416
2026-01-17,SKU0038,WH05,16.770847
2026-01-17,SKU0039,WH01,8.119281
2026-01-17,SKU0039,WH02,7.592023
2026-01-17,SKU0039,WH03,7.286819
2026-01-17,SKU0039,WH04,6.7588286
2026-01-17,SKU0039,WH05,6.927949
2026-01-17,SKU0040,WH01,4.641702
2026-01-17,SKU0040,WH02,5.168926
2026-01-17,SKU0040,WH03,5.0590835
2026-01-17,SKU0040,WH04,5.890113
2026-01-17,SKU0040,WH05,5.264728
2026-01-17,SKU0041,WH01,0.50898355
2026-01-17,SKU0041,WH02,0.50898355
2026-01-17,SKU0041,WH03,0.50898355
2026-01-17,SKU0041,WH04,0.5252493
2026-01-17,SKU0041,WH05,0.50898355
2026-01-17,SKU0042,WH01,21.66102
2026-01-17,SKU0042,WH02,23.470362
2026-01-17,SKU0042,WH03,19.23208
2026-01-17,SKU0042,WH04,23.364782
2026-01-17,SKU0042,WH05,20.65897
2026-01-17,SKU0043,WH01,2.4442797
2026-01-17,SKU0043,WH02,2.040477
2026-01-17,SKU0043,WH03,2.7246993
2026-01-17,SKU0043,WH04,2.3945353
2026-01-17,SKU0043,WH05,1.7538064
2026-01-17,SKU0044,WH01,2.295124
2026-01-17,SKU0044,WH02,2.3941345
2026-01-17,SKU0044,WH03,2.4278255
2026-01-17,SKU0044,WH04,2.5086255
2026-01-17,SKU0044,WH05,2.2718148
2026-01-17,SKU0045,WH01,51.76715
2026-01-17,SKU0045,WH02,49.20737
2026-01-17,SKU0045,WH03,48.58177
2026-01-17,SKU0045,WH04,48.72318
2026-01-17,SKU0045,WH05,53.995457
2026-01-17,SKU0046,WH01,46.194042
2026-01-17,SKU0046,WH02,46.610188
2026-01-17,SKU0046,WH03,46.34809
2026-01-17,SKU0046,WH04,46.942585
2026-01-17,SKU0046,WH05,49.055397
2026-01-17,SKU0047,WH01,2.3215594
2026-01-17,SKU0047,WH02,2.3215594
2026-01-17,SKU0047,WH03,2.42057
2026-01-17,SKU0047,WH04,2.4278255
2026-01-17,SKU0047,WH05,2.295124
2026-01-17,SKU0048,WH01,0.5022623
2026-01-17,SKU0048,WH02,0.48497948
2026-01-17,SKU0048,WH03,0.4918116
2026-01-17,SKU0048,WH04,0.48497948
2026-01-17,SKU0048,WH05,0.4918116
2026-01-17,SKU0049,WH01,8.218137
2026-01-17,SKU0049,WH02,9.773729
2026-01-17,SKU0049,WH03,8.824386
2026-01-17,SKU0049,WH04,10.113114
2026-01-17,SKU0049,WH05,9.882631
2026-01-17,SKU0050,WH01,17.58381
2026-01-17,SKU0050,WH02,17.740881
2026-01-17,SKU0050,WH03,16.14156
2026-01-17,SKU0050,WH04,15.408999
2026-01-17,SKU0050,WH05,16.332964
2026-01-17,SKU0051,WH01,0.3406362
2026-01-17,SKU0051,WH02,0.4918116
2026-01-17,SKU0051,WH03,0.48497948
2026-01-17,SKU0051,WH04,0.4918116
2026-01-17,SKU0051,WH05,0.70186967
2026-01-17,SKU0052,WH01,26.526968
2026-01-17,SKU0052,WH02,24.545507
2026-01-17,SKU0052,WH03,24.113958
2026-01-17,SKU0052,WH04,27.052214
2026-01-17,SKU0052,WH05,27.751596
2026-01-17,SKU0053,WH01,2.526836
2026-01-17,SKU0053,WH02,2.526836
2026-01-17,SKU0053,WH03,2.2718148
2026-01-17,SKU0053,WH04,2.4278255
2026-01-17,SKU0053,WH05,2.3215594
2026-01-17,SKU0054,WH01,15.097227
2026-01-17,SKU0054,WH02,12.669882
2026-01-17,SKU0054,WH03,16.102423
2026-01-17,SKU0054,WH04,14.260427
2026-01-17,SKU0054,WH05,11.225036
2026-01-17,SKU0055,WH01,20.461405
2026-01-17,SKU0055,WH02,19.668423
2026-01-17,SKU0055,WH03,18.84411
2026-01-17,SKU0055,WH04,18.059402
2026-01-17,SKU0055,WH05,22.225685
2026-01-17,SKU0056,WH01,0.49170074
2026-01-17,SKU0056,WH02,0.49853286
2026-01-17,SKU0056,WH03,0.5252493
2026-01-17,SKU0056,WH04,0.50898355
2026-01-17,SKU0056,WH05,0.856202
2026-01-17,SKU0057,WH01,5.0873423
2026-01-17,SKU0057,WH02,5.1888094
2026-01-17,SKU0057,WH03,4.784005
2026-01-17,SKU0057,WH04,5.1150813
2026-01-17,SKU0057,WH05,5.157118
2026-01-17,SKU0058,WH01,27.227554
2026-01-17,SKU0058,WH02,26.558233
2026-01-17,SKU0058,WH03,29.02182
2026-01-17,SKU0058,WH04,29.755785
2026-01-17,SKU0058,WH05,30.380186
2026-01-17,SKU0059,WH01,22.519392
2026-01-17,SKU0059,WH02,24.808195
2026-01-17,SKU0059,WH03,21.09761
2026-01-17,SKU0059,WH04,23.770807
2026-01-17,SKU0059,WH05,24.682787
2026-01-17,SKU0060,WH01,10.989538
2026-01-17,SKU0060,WH02,9.786434
2026-01-17,SKU0060,WH03,10.087772
2026-01-17,SKU0060,WH04,10.116922
2026-01-17,SKU0060,WH05,9.8077965
2026-01-17,SKU0061,WH01,15.179286
2026-01-17,SKU0061,WH02,17.501484
2026-01-17,SKU0061,WH03,17.841862
2026-01-17,SKU0061,WH04,17.91394
2026-01-17,SKU0061,WH05,18.499092
2026-01-17,SKU0062,WH01,30.834173
2026-01-17,SKU0062,WH02,38.107006
2026-01-17,SKU0062,WH03,35.838753
2026-01-17,SKU0062,WH04,35.7926
2026-01-17,SKU0062,WH05,35.638206
2026-01-17,SKU0063,WH01,10.604302
2026-01-17,SKU0063,WH02,12.636114
2026-01-17,SKU0063,WH03,10.685397
2026-01-17,SKU0063,WH04,10.7698345
2026-01-17,SKU0063,WH05,11.004488
2026-01-17,SKU0064,WH01,8.236565
2026-01-17,SKU0064,WH02,9.453732
2026-01-17,SKU0064,WH03,8.139193
2026-01-17,SKU0064,WH04,9.403645
2026-01-17,SKU0064,WH05,8.780717
2026-01-17,SKU0065,WH01,46.830067
2026-01-17,SKU0065,WH02,44.126045
2026-01-17,SKU0065,WH03,44.220596
2026-01-17,SKU0065,WH04,45.076782
2026-01-17,SKU0065,WH05,44.970978
2026-01-17,SKU0066,WH01,8.3892145
2026-01-17,SKU0066,WH02,8.44151
2026-01-17,SKU0066,WH03,8.459558
2026-01-17,SKU0066,WH04,9.41971
2026-01-17,SKU0066,WH05,10.014084
2026-01-17,SKU0067,WH01,39.666954
2026-01-17,SKU0067,WH02,41.7757
2026-01-17,SKU0067,WH03,42.336193
2026-01-17,SKU0067,WH04,43.684647
2026-01-17,SKU0067,WH05,41.481792
2026-01-17,SKU0068,WH01,0.5222037
2026-01-17,SKU0068,WH02,0.974849
2026-01-17,SKU0068,WH03,0.9455
2026-01-17,SKU0068,WH04,1.4610307
2026-01-17,SKU0068,WH05,1.569662
2026-01-17,SKU0069,WH01,18.077393
2026-01-17,SKU0069,WH02,16.261429
2026-01-17,SKU0069,WH03,17.729755
2026-01-17,SKU0069,WH04,17.834377
2026-01-17,SKU0069,WH05,18.06852
2026-01-17,SKU0070,WH01,16.39764
2026-01-17,SKU0070,WH02,16.494081
2026-01-17,SKU0070,WH03,16.070564
2026-01-17,SKU0070,WH04,16.513494
2026-01-17,SKU0070,WH05,16.275938
2026-01-17,SKU0071,WH01,11.701955
2026-01-17,SKU0071,WH02,10.807063
2026-01-17,SKU0071,WH03,10.915311
2026-01-17,SKU0071,WH04,10.530091
2026-01-17,SKU0071,WH05,10.250765
2026-01-17,SKU0072,WH01,9.239093
2026-01-17,SKU0072,WH02,7.3560963
2026-01-17,SKU0072,WH03,7.3084707
2026-01-17,SKU0072,WH04,6.228981
2026-01-17,SKU0072,WH05,7.8863573
2026-01-17,SKU0073,WH01,26.80384
2026-01-17,SKU0073,WH02,25.035255
2026-01-17,SKU0073,WH03,29.189547
2026-01-17,SKU0073,WH04,24.358484
2026-01-17,SKU0073,WH05,25.053522
2026-01-17,SKU0074,WH01,20.401617
2026-01-17,SKU0074,WH02,17.96516
2026-01-17,SKU0074,WH03,19.413057
2026-01-17,SKU0074,WH04,20.606417
2026-01-17,SKU0074,WH05,18.82011
2026-01-17,SKU0075,WH01,3.348724
2026-01-17,SKU0075,WH02,4.4124746
2026-01-17,SKU0075,WH03,4.031231
2026-01-17,SKU0075,WH04,4.6276
2026-01-17,SKU0075,WH05,4.0266705
2026-01-17,SKU0076,WH01,16.059368
2026-01-17,SKU0076,WH02,16.468006
2026-01-17,SKU0076,WH03,12.144314
2026-01-17,SKU0076,WH04,11.002109
2026-01-17,SKU0076,WH05,17.935623
2026-01-17,SKU0077,WH01,9.508056
2026-01-17,SKU0077,WH02,10.685397
2026-01-17,SKU0077,WH03,10.878892
2026-01-17,SKU0077,WH04,9.494536
2026-01-17,SKU0077,WH05,10.703875
2026-01-17,SKU0078,WH01,9.739164
2026-01-17,SKU0078,WH02,10.374897
2026-01-17,SKU0078,WH03,8.815928
2026-01-17,SKU0078,WH04,10.184905
2026-01-17,SKU0078,WH05,10.243717
2026-01-17,SKU0079,WH01,0.6285837
2026-01-17,SKU0079,WH02,0.7612424
2026-01-17,SKU0079,WH03,0.7694475
2026-01-17,SKU0079,WH04,1.0918032
2026-01-17,SKU0079,WH05,0.6285837
2026-01-17,SKU0080,WH01,15.859355
2026-01-17,SKU0080,WH02,14.618522
2026-01-17,SKU0080,WH03,16.012224
2026-01-17,SKU0080,WH04,17.637085
2026-01-17,SKU0080,WH05,15.941414
2026-01-18,SKU0001,WH01,21.172583
2026-01-18,SKU0001,WH02,18.981895
2026-01-18,SKU0001,WH03,17.070097
2026-01-18,SKU0001,WH04,17.71184
2026-01-18,SKU0001,WH05,19.126923
2026-01-18,SKU0002,WH01,3.6432886
2026-01-18,SKU0002,WH02,3.3947563
2026-01-18,SKU0002,WH03,4.4731646
2026-01-18,SKU0002,WH04,4.177559
2026-01-18,SKU0002,WH05,4.1765447
2026-01-18,SKU0003,WH01,49.720974
2026-01-18,SKU0003,WH02,47.736736
2026-01-18,SKU0003,WH03,47.240955
2026-01-18,SKU0003,WH04,46.238663
2026-01-18,SKU0003,WH05,45.008686
2026-01-18,SKU0004,WH01,81.111275
2026-01-18,SKU0004,WH02,79.36849
2026-01-18,SKU0004,WH03,97.27198
2026-01-18,SKU0004,WH04,82.00077
2026-01-18,SKU0004,WH05,92.85566
2026-01-18,SKU0005,WH01,18.73132
2026-01-18,SKU0005,WH02,18.617403
2026-01-18,SKU0005,WH03,18.976751
2026-01-18,SKU0005,WH04,19.835365
2026-01-18,SKU0005,WH05,16.587137
2026-01-18,SKU0006,WH01,0.4918116
2026-01-18,SKU0006,WH02,0.4918116
2026-01-18,SKU0006,WH03,0.4918116
2026-01-18,SKU0006,WH04,0.4918116
2026-01-18,SKU0006,WH05,0.4918116
2026-01-18,SKU0007,WH01,15.087431
2026-01-18,SKU0007,WH02,16.14143
2026-01-18,SKU0007,WH03,15.172729
2026-01-18,SKU0007,WH04,18.731405
2026-01-18,SKU0007,WH05,14.2232275
2026-01-18,SKU0008,WH01,31.58035
2026-01-18,SKU0008,WH02,29.270649
2026-01-18,SKU0008,WH03,30.28735
2026-01-18,SKU0008,WH04,29.551414
2026-01-18,SKU0008,WH05,30.29485
2026-01-18,SKU0009,WH01,35.52905
2026-01-18,SKU0009,WH02,38.08447
2026-01-18,SKU0009,WH03,41.03907
2026-01-18,SKU0009,WH04,36.210228
2026-01-18,SKU0009,WH05,34.34498
2026-01-18,SKU0010,WH01,6.1586075
2026-01-18,SKU0010,WH02,7.392735
2026-01-18,SKU0010,WH03,5.4941096
2026-01-18,SKU0010,WH04,8.232593
2026-01-18,SKU0010,WH05,7.237717
2026-01-18,SKU0011,WH01,24.241844
2026-01-18,SKU0011,WH02,21.137625
2026-01-18,SKU0011,WH03,24.459013
2026-01-18,SKU0011,WH04,21.760893
2026-01-18,SKU0011,WH05,24.293873
2026-01-18,SKU0012,WH01,10.963064
2026-01-18,SKU0012,WH02,10.078802
2026-01-18,SKU0012,WH03,10.684203
2026-01-18,SKU0012,WH04,11.152495
2026-01-18,SKU0012,WH05,11.037092
2026-01-18,SKU0013,WH01,7.4912643
2026-01-18,SKU0013,WH02,7.7006664
2026-01-18,SKU0013,WH03,5.9602666
2026-01-18,SKU0013,WH04,8.417623
2026-01-18,SKU0013,WH05,6.512687
2026-01-18,SKU0014,WH01,3.348724
2026-01-18,SKU0014,WH02,3.4295237
2026-01-18,SKU0014,WH03,3.4673781
2026-01-18,SKU0014,WH04,3.0874836
2026-01-18,SKU0014,WH05,3.2061381
2026-01-18,SKU0015,WH01,2.4493191
2026-01-18,SKU0015,WH02,2.3215594
2026-01-18,SKU0015,WH03,2.295124
2026-01-18,SKU0015,WH04,2.3215594
2026-01-18,SKU0015,WH05,2.4278255
2026-01-18,SKU0016,WH01,62.138668
2026-01-18,SKU0016,WH02,64.74679
2026-01-18,SKU0016,WH03,64.22523
2026-01-18,SKU0016,WH04,69.16006
2026-01-18,SKU0016,WH05,64.840866
2026-01-18,SKU0017,WH01,8.2580385
2026-01-18,SKU0017,WH02,9.870661
2026-01-18,SKU0017,WH03,8.481004
2026-01-18,SKU0017,WH04,9.423226
2026-01-18,SKU0017,WH05,9.766572
2026-01-18,SKU0018,WH01,21.14181
2026-01-18,SKU0018,WH02,19.62348
2026-01-18,SKU0018,WH03,21.95245
2026-01-18,SKU0018,WH04,20.9952
2026-01-18,SKU0018,WH05,21.200832
2026-01-18,SKU0019,WH01,24.228456
2026-01-18,SKU0019,WH02,27.270555
2026-01-18,SKU0019,WH03,22.569849
2026-01-18,SKU0019,WH04,25.862867
2026-01-18,SKU0019,WH05,27.42188
2026-01-18,SKU0020,WH01,15.7396145
2026-01-18,SKU0020,WH02,14.093868
2026-01-18,SKU0020,WH03,16.319494
2026-01-18,SKU0020,WH04,14.077045
2026-01-18,SKU0020,WH05,16.47715
2026-01-18,SKU0021,WH01,5.002038
2026-01-18,SKU0021,WH02,2.796447
2026-01-18,SKU0021,WH03,4.0601535
2026-01-18,SKU0021,WH04,3.8603222
2026-01-18,SKU0021,WH05,4.430685
2026-01-18,SKU0022,WH01,4.9339457
2026-01-18,SKU0022,WH02,5.275003
2026-01-18,SKU0022,WH03,4.687937
2026-01-18,SKU0022,WH04,5.358613
2026-01-18,SKU0022,WH05,4.7607193
2026-01-18,SKU0023,WH01,9.571177
2026-01-18,SKU0023,WH02,9.344974
2026-01-18,SKU0023,WH03,9.732309
2026-01-18,SKU0023,WH04,10.957485
2026-01-18,SKU0023,WH05,9.039244
2026-01-18,SKU0024,WH01,25.75554
2026-01-18,SKU0024,WH02,27.853542
2026-01-18,SKU0024,WH03,22.327578
2026-01-18,SKU0024,WH04,25.869825
2026-01-18,SKU0024,WH05,27.002201
2026-01-18,SKU0025,WH01,21.785034
2026-01-18,SKU0025,WH02,20.026627
2026-01-18,SKU0025,WH03,22.04735
2026-01-18,SKU0025,WH04,24.586288
2026-01-18,SKU0025,WH05,24.038733
2026-01-18,SKU0026,WH01,48.99741
2026-01-18,SKU0026,WH02,46.804577
2026-01-18,SKU0026,WH03,45.546684
2026-01-18,SKU0026,WH04,47.172756
2026-01-18,SKU0026,WH05,47.9928
2026-01-18,SKU0027,WH01,16.416
2026-01-18,SKU0027,WH02,16.187515
2026-01-18,SKU0027,WH03,17.346344
2026-01-18,SKU0027,WH04,16.912962
2026-01-18,SKU0027,WH05,15.594625
2026-01-18,SKU0028,WH01,7.728886
2026-01-18,SKU0028,WH02,8.040958
2026-01-18,SKU0028,WH03,8.620257
2026-01-18,SKU0028,WH04,8.943559
2026-01-18,SKU0028,WH05,7.708649
2026-01-18,SKU0029,WH01,10.237107
2026-01-18,SKU0029,WH02,9.883427
2026-01-18,SKU0029,WH03,9.490192
2026-01-18,SKU0029,WH04,10.021202
2026-01-18,SKU0029,WH05,9.739725
2026-01-18,SKU0030,WH01,18.138668
2026-01-18,SKU0030,WH02,17.930864
2026-01-18,SKU0030,WH03,18.982035
2026-01-18,SKU0030,WH04,18.2634
2026-01-18,SKU0030,WH05,18.155243
2026-01-18,SKU0031,WH01,7.7264724
2026-01-18,SKU0031,WH02,10.045089
2026-01-18,SKU0031,WH03,8.967512
2026-01-18,SKU0031,WH04,9.815817
2026-01-18,SKU0031,WH05,8.421703
2026-01-18,SKU0032,WH01,9.739164
2026-01-18,SKU0032,WH02,9.370709
2026-01-18,SKU0032,WH03,9.557875
2026-01-18,SKU0032,WH04,9.811837
2026-01-18,SKU0032,WH05,9.99838
2026-01-18,SKU0033,WH01,3.3521564
2026-01-18,SKU0033,WH02,4.3205156
2026-01-18,SKU0033,WH03,4.2774544
2026-01-18,SKU0033,WH04,4.239715
2026-01-18,SKU0033,WH05,4.1977353
2026-01-18,SKU0034,WH01,5.098172
2026-01-18,SKU0034,WH02,5.1580944
2026-01-18,SKU0034,WH03,4.898764
2026-01-18,SKU0034,WH04,4.8985186
2026-01-18,SKU0034,WH05,5.1490765
2026-01-18,SKU0035,WH01,4.0129156
2026-01-18,SKU0035,WH02,3.9845219
2026-01-18,SKU0035,WH03,4.168572
2026-01-18,SKU0035,WH04,4.203468
2026-01-18,SKU0035,WH05,3.9372048
2026-01-18,SKU0036,WH01,4.237055
2026-01-18,SKU0036,WH02,4.079275
2026-01-18,SKU0036,WH03,4.079275
2026-01-18,SKU0036,WH04,4.1998806
2026-01-18,SKU0036,WH05,4.587642
2026-01-18,SKU0037,WH01,0.5022623
2026-01-18,SKU0037,WH02,0.4918116
2026-01-18,SKU0037,WH03,0.4918116
2026-01-18,SKU0037,WH04,0.4918116
2026-01-18,SKU0037,WH05,0.4918116
2026-01-18,SKU0038,WH01,15.326941
2026-01-18,SKU0038,WH02,17.690712
2026-01-18,SKU0038,WH03,15.887826
2026-01-18,SKU0038,WH04,16.24695
2026-01-18,SKU0038,WH05,16.278603
2026-01-18,SKU0039,WH01,8.161392
2026-01-18,SKU0039,WH02,7.3919196
2026-01-18,SKU0039,WH03,7.4058595
2026-01-18,SKU0039,WH04,6.9632044
2026-01-18,SKU0039,WH05,7.0746555
2026-01-18,SKU0040,WH01,4.436709
2026-01-18,SKU0040,WH02,4.9639325
2026-01-18,SKU0040,WH03,5.139884
2026-01-18,SKU0040,WH04,5.619598
2026-01-18,SKU0040,WH05,5.0590835
2026-01-18,SKU0041,WH01,0.50898355
2026-01-18,SKU0041,WH02,0.50898355
2026-01-18,SKU0041,WH03,0.36464033
2026-01-18,SKU0041,WH04,0.50898355
2026-01-18,SKU0041,WH05,0.50898355
2026-01-18,SKU0042,WH01,21.378437
2026-01-18,SKU0042,WH02,23.827833
2026-01-18,SKU0042,WH03,19.776014
2026-01-18,SKU0042,WH04,23.788166
2026-01-18,SKU0042,WH05,20.159876
2026-01-18,SKU0043,WH01,2.4442797
2026-01-18,SKU0043,WH02,1.8131403
2026-01-18,SKU0043,WH03,2.5861955
2026-01-18,SKU0043,WH04,2.4753354
2026-01-18,SKU0043,WH05,1.7538064
2026-01-18,SKU0044,WH01,2.375924
2026-01-18,SKU0044,WH02,2.295124
2026-01-18,SKU0044,WH03,2.4278255
2026-01-18,SKU0044,WH04,2.4278255
2026-01-18,SKU0044,WH05,2.3215594
2026-01-18,SKU0045,WH01,51.614464
2026-01-18,SKU0045,WH02,49.228962
2026-01-18,SKU0045,WH03,49.025436
2026-01-18,SKU0045,WH04,48.82507
2026-01-18,SKU0045,WH05,53.455284
2026-01-18,SKU0046,WH01,47.198204
2026-01-18,SKU0046,WH02,47.030563
2026-01-18,SKU0046,WH03,45.468517
2026-01-18,SKU0046,WH04,47.474407
2026-01-18,SKU0046,WH05,48.75916
2026-01-18,SKU0047,WH01,2.3215594
2026-01-18,SKU0047,WH02,2.4023595
2026-01-18,SKU0047,WH03,2.42057
2026-01-18,SKU0047,WH04,2.295124
2026-01-18,SKU0047,WH05,2.295124
2026-01-18,SKU0048,WH01,0.4918116
2026-01-18,SKU0048,WH02,0.48497948
2026-01-18,SKU0048,WH03,0.4918116
2026-01-18,SKU0048,WH04,0.34746835
2026-01-18,SKU0048,WH05,0.4918116
2026-01-18,SKU0049,WH01,8.507155
2026-01-18,SKU0049,WH02,10.005716
2026-01-18,SKU0049,WH03,9.047627
2026-01-18,SKU0049,WH04,10.329259
2026-01-18,SKU0049,WH05,10.339923
2026-01-18,SKU0050,WH01,17.438509
2026-01-18,SKU0050,WH02,17.800589
2026-01-18,SKU0050,WH03,16.041397
2026-01-18,SKU0050,WH04,15.474941
2026-01-18,SKU0050,WH05,16.126947
2026-01-18,SKU0051,WH01,0.3406362
2026-01-18,SKU0051,WH02,0.4918116
2026-01-18,SKU0051,WH03,0.3406362
2026-01-18,SKU0051,WH04,0.4918116
2026-01-18,SKU0051,WH05,0.4918116
2026-01-18,SKU0052,WH01,26.295662
2026-01-18,SKU0052,WH02,24.914753
2026-01-18,SKU0052,WH03,24.537922
2026-01-18,SKU0052,WH04,27.280157
2026-01-18,SKU0052,WH05,27.90675
2026-01-18,SKU0053,WH01,2.4278255
2026-01-18,SKU0053,WH02,2.4278255
2026-01-18,SKU0053,WH03,2.2718148
2026-01-18,SKU0053,WH04,2.4493191
2026-01-18,SKU0053,WH05,2.3215594
2026-01-18,SKU0054,WH01,15.362929
2026-01-18,SKU0054,WH02,12.79185
2026-01-18,SKU0054,WH03,16.219679
2026-01-18,SKU0054,WH04,14.616356
2026-01-18,SKU0054,WH05,11.3617325
2026-01-18,SKU0055,WH01,19.486855
2026-01-18,SKU0055,WH02,19.13384
2026-01-18,SKU0055,WH03,19.63992
2026-01-18,SKU0055,WH04,18.041994
2026-01-18,SKU0055,WH05,23.164322
2026-01-18,SKU0056,WH01,0.3473574
2026-01-18,SKU0056,WH02,0.49853286
2026-01-18,SKU0056,WH03,0.5252493
2026-01-18,SKU0056,WH04,0.50898355
2026-01-18,SKU0056,WH05,0.65142506
2026-01-18,SKU0057,WH01,5.0643263
2026-01-18,SKU0057,WH02,5.1259127
2026-01-18,SKU0057,WH03,4.914011
2026-01-18,SKU0057,WH04,5.1384687
2026-01-18,SKU0057,WH05,4.98824
2026-01-18,SKU0058,WH01,27.220896
2026-01-18,SKU0058,WH02,26.661953
2026-01-18,SKU0058,WH03,29.180586
2026-01-18,SKU0058,WH04,30.237623
2026-01-18,SKU0058,WH05,30.706335
2026-01-18,SKU0059,WH01,22.638437
2026-01-18,SKU0059,WH02,25.136944
2026-01-18,SKU0059,WH03,20.489672
2026-01-18,SKU0059,WH04,24.033363
2026-01-18,SKU0059,WH05,25.203726
2026-01-18,SKU0060,WH01,10.578949
2026-01-18,SKU0060,WH02,9.712078
2026-01-18,SKU0060,WH03,9.91711
2026-01-18,SKU0060,WH04,10.0951
2026-01-18,SKU0060,WH05,9.326763
2026-01-18,SKU0061,WH01,15.180063
2026-01-18,SKU0061,WH02,17.837555
2026-01-18,SKU0061,WH03,18.231386
2026-01-18,SKU0061,WH04,18.060469
2026-01-18,SKU0061,WH05,18.52034
2026-01-18,SKU0062,WH01,30.915287
2026-01-18,SKU0062,WH02,37.86188
2026-01-18,SKU0062,WH03,35.698887
2026-01-18,SKU0062,WH04,35.698887
2026-01-18,SKU0062,WH05,35.76145
2026-01-18,SKU0063,WH01,10.424796
2026-01-18,SKU0063,WH02,11.928598
2026-01-18,SKU0063,WH03,11.104941
2026-01-18,SKU0063,WH04,11.084797
2026-01-18,SKU0063,WH05,11.004488
2026-01-18,SKU0064,WH01,8.146973
2026-01-18,SKU0064,WH02,9.782867
2026-01-18,SKU0064,WH03,8.362891
2026-01-18,SKU0064,WH04,9.849408
2026-01-18,SKU0064,WH05,8.709961
2026-01-18,SKU0065,WH01,47.22577
2026-01-18,SKU0065,WH02,44.9435
2026-01-18,SKU0065,WH03,45.695065
2026-01-18,SKU0065,WH04,45.089993
2026-01-18,SKU0065,WH05,46.443466
2026-01-18,SKU0066,WH01,8.400745
2026-01-18,SKU0066,WH02,8.725343
2026-01-18,SKU0066,WH03,8.510462
2026-01-18,SKU0066,WH04,9.492394
2026-01-18,SKU0066,WH05,10.384112
2026-01-18,SKU0067,WH01,39.52361
2026-01-18,SKU0067,WH02,39.32433
2026-01-18,SKU0067,WH03,42.64878
2026-01-18,SKU0067,WH04,43.520252
2026-01-18,SKU0067,WH05,42.782986
2026-01-18,SKU0068,WH01,0.50593793
2026-01-18,SKU0068,WH02,0.94024664
2026-01-18,SKU0068,WH03,0.8873409
2026-01-18,SKU0068,WH04,1.5600412
2026-01-18,SKU0068,WH05,1.569662
2026-01-18,SKU0069,WH01,18.038933
2026-01-18,SKU0069,WH02,16.07921
2026-01-18,SKU0069,WH03,18.355875
2026-01-18,SKU0069,WH04,17.725708
2026-01-18,SKU0069,WH05,18.287115
2026-01-18,SKU0070,WH01,16.442585
2026-01-18,SKU0070,WH02,16.525734
2026-01-18,SKU0070,WH03,16.565014
2026-01-18,SKU0070,WH04,16.426506
2026-01-18,SKU0070,WH05,16.244286
2026-01-18,SKU0071,WH01,11.629949
2026-01-18,SKU0071,WH02,11.01145
2026-01-18,SKU0071,WH03,10.838325
2026-01-18,SKU0071,WH04,10.691957
2026-01-18,SKU0071,WH05,10.097716
2026-01-18,SKU0072,WH01,9.596956
2026-01-18,SKU0072,WH02,7.502803
2026-01-18,SKU0072,WH03,7.0879755
2026-01-18,SKU0072,WH04,6.1229987
2026-01-18,SKU0072,WH05,7.9158025
2026-01-18,SKU0073,WH01,27.712605
2026-01-18,SKU0073,WH02,25.410295
2026-01-18,SKU0073,WH03,28.967493
2026-01-18,SKU0073,WH04,24.725845
2026-01-18,SKU0073,WH05,25.460827
2026-01-18,SKU0074,WH01,19.387362
2026-01-18,SKU0074,WH02,17.96516
2026-01-18,SKU0074,WH03,18.987934
2026-01-18,SKU0074,WH04,20.804655
2026-01-18,SKU0074,WH05,18.918734
2026-01-18,SKU0075,WH01,3.4781744
2026-01-18,SKU0075,WH02,4.331674
2026-01-18,SKU0075,WH03,4.1835294
2026-01-18,SKU0075,WH04,4.4869814
2026-01-18,SKU0075,WH05,4.150046
2026-01-18,SKU0076,WH01,16.14143
2026-01-18,SKU0076,WH02,16.67084
2026-01-18,SKU0076,WH03,11.638414
2026-01-18,SKU0076,WH04,11.371796
2026-01-18,SKU0076,WH05,18.036657
2026-01-18,SKU0077,WH01,9.326763
2026-01-18,SKU0077,WH02,10.878892
2026-01-18,SKU0077,WH03,10.799085
2026-01-18,SKU0077,WH04,9.804387
2026-01-18,SKU0077,WH05,10.554698
2026-01-18,SKU0078,WH01,9.68826
2026-01-18,SKU0078,WH02,9.962597
2026-01-18,SKU0078,WH03,8.43359
2026-01-18,SKU0078,WH04,9.846766
2026-01-18,SKU0078,WH05,10.265869
2026-01-18,SKU0079,WH01,0.6448495
2026-01-18,SKU0079,WH02,0.75756675
2026-01-18,SKU0079,WH03,0.7612424
2026-01-18,SKU0079,WH04,0.9705488
2026-01-18,SKU0079,WH05,0.6285837
2026-01-18,SKU0080,WH01,15.941414
2026-01-18,SKU0080,WH02,14.618522
2026-01-18,SKU0080,WH03,15.87628
2026-01-18,SKU0080,WH04,17.598429
2026-01-18,SKU0080,WH05,15.859355
2026-01-19,SKU0001,WH01,19.434555
2026-01-19,SKU0001,WH02,17.604296
2026-01-19,SKU0001,WH03,16.084766
2026-01-19,SKU0001,WH04,17.030441
2026-01-19,SKU0001,WH05,17.947176
2026-01-19,SKU0002,WH01,3.7097733
2026-01-19,SKU0002,WH02,3.354177
2026-01-19,SKU0002,WH03,4.6350937
2026-01-19,SKU0002,WH04,4.05743
2026-01-19,SKU0002,WH05,4.3851995
2026-01-19,SKU0003,WH01,46.791378
2026-01-19,SKU0003,WH02,45.652824
2026-01-19,SKU0003,WH03,45.077694
2026-01-19,SKU0003,WH04,43.363953
2026-01-19,SKU0003,WH05,42.395576
2026-01-19,SKU0004,WH01,70.18182
2026-01-19,SKU0004,WH02,71.08897
2026-01-19,SKU0004,WH03,86.61054
2026-01-19,SKU0004,WH04,72.324684
2026-01-19,SKU0004,WH05,87.372604
2026-01-19,SKU0005,WH01,17.562054
2026-01-19,SKU0005,WH02,17.550524
2026-01-19,SKU0005,WH03,17.57648
2026-01-19,SKU0005,WH04,18.121075
2026-01-19,SKU0005,WH05,15.501406
2026-01-19,SKU0006,WH01,0.71865594
2026-01-19,SKU0006,WH02,0.71865594
2026-01-19,SKU0006,WH03,0.71865594
2026-01-19,SKU0006,WH04,0.71865594
2026-01-19,SKU0006,WH05,0.71865594
2026-01-19,SKU0007,WH01,14.544084
2026-01-19,SKU0007,WH02,15.347826
2026-01-19,SKU0007,WH03,14.095523
2026-01-19,SKU0007,WH04,17.069984
2026-01-19,SKU0007,WH05,13.283121
2026-01-19,SKU0008,WH01,29.602154
2026-01-19,SKU0008,WH02,28.8436
2026-01-19,SKU0008,WH03,28.156668
2026-01-19,SKU0008,WH04,27.402626
2026-01-19,SKU0008,WH05,28.148241
2026-01-19,SKU0009,WH01,33.299553
2026-01-19,SKU0009,WH02,36.539032
2026-01-19,SKU0009,WH03,39.019276
2026-01-19,SKU0009,WH04,34.064106
2026-01-19,SKU0009,WH05,32.936966
2026-01-19,SKU0010,WH01,6.5387745
2026-01-19,SKU0010,WH02,7.1634874
2026-01-19,SKU0010,WH03,5.245064
2026-01-19,SKU0010,WH04,8.031768
2026-01-19,SKU0010,WH05,6.9531326
2026-01-19,SKU0011,WH01,22.765347
2026-01-19,SKU0011,WH02,20.203344
2026-01-19,SKU0011,WH03,23.091112
2026-01-19,SKU0011,WH04,20.549616
2026-01-19,SKU0011,WH05,23.196856
2026-01-19,SKU0012,WH01,10.183522
2026-01-19,SKU0012,WH02,8.704265
2026-01-19,SKU0012,WH03,9.690283
2026-01-19,SKU0012,WH04,10.090714
2026-01-19,SKU0012,WH05,10.075989
2026-01-19,SKU0013,WH01,7.365437
2026-01-19,SKU0013,WH02,7.4172645
2026-01-19,SKU0013,WH03,5.549941
2026-01-19,SKU0013,WH04,8.015359
2026-01-19,SKU0013,WH05,6.136101
2026-01-19,SKU0014,WH01,3.426799
2026-01-19,SKU0014,WH02,3.434977
2026-01-19,SKU0014,WH03,3.5075989
2026-01-19,SKU0014,WH04,3.2384357
2026-01-19,SKU0014,WH05,3.1931043
2026-01-19,SKU0015,WH01,2.5273945
2026-01-19,SKU0015,WH02,2.4923854
2026-01-19,SKU0015,WH03,2.38515
2026-01-19,SKU0015,WH04,2.4115853
2026-01-19,SKU0015,WH05,2.38515
2026-01-19,SKU0016,WH01,56.08693
2026-01-19,SKU0016,WH02,55.87614
2026-01-19,SKU0016,WH03,56.19238
2026-01-19,SKU0016,WH04,60.128464
2026-01-19,SKU0016,WH05,56.732353
2026-01-19,SKU0017,WH01,7.8039455
2026-01-19,SKU0017,WH02,9.27716
2026-01-19,SKU0017,WH03,8.28508
2026-01-19,SKU0017,WH04,9.065913
2026-01-19,SKU0017,WH05,9.298827
2026-01-19,SKU0018,WH01,20.278185
2026-01-19,SKU0018,WH02,18.333784
2026-01-19,SKU0018,WH03,20.140974
2026-01-19,SKU0018,WH04,19.893261
2026-01-19,SKU0018,WH05,20.248426
2026-01-19,SKU0019,WH01,23.385477
2026-01-19,SKU0019,WH02,25.762428
2026-01-19,SKU0019,WH03,21.287107
2026-01-19,SKU0019,WH04,24.078005
2026-01-19,SKU0019,WH05,25.838202
2026-01-19,SKU0020,WH01,14.468598
2026-01-19,SKU0020,WH02,12.771254
2026-01-19,SKU0020,WH03,14.890283
2026-01-19,SKU0020,WH04,12.700199
2026-01-19,SKU0020,WH05,15.267097
2026-01-19,SKU0021,WH01,5.092985
2026-01-19,SKU0021,WH02,3.044997
2026-01-19,SKU0021,WH03,4.1825957
2026-01-19,SKU0021,WH04,3.7451231
2026-01-19,SKU0021,WH05,4.629113
2026-01-19,SKU0022,WH01,5.087267
2026-01-19,SKU0022,WH02,5.133286
2026-01-19,SKU0022,WH03,4.885879
2026-01-19,SKU0022,WH04,5.3545303
2026-01-19,SKU0022,WH05,4.888523
2026-01-19,SKU0023,WH01,9.129575
2026-01-19,SKU0023,WH02,8.906592
2026-01-19,SKU0023,WH03,8.966089
2026-01-19,SKU0023,WH04,10.246275
2026-01-19,SKU0023,WH05,8.79564
2026-01-19,SKU0024,WH01,23.697784
2026-01-19,SKU0024,WH02,26.309906
2026-01-19,SKU0024,WH03,20.540625
2026-01-19,SKU0024,WH04,24.2666
2026-01-19,SKU0024,WH05,25.326574
2026-01-19,SKU0025,WH01,20.298275
2026-01-19,SKU0025,WH02,18.888655
2026-01-19,SKU0025,WH03,20.281128
2026-01-19,SKU0025,WH04,23.469107
2026-01-19,SKU0025,WH05,21.799099
2026-01-19,SKU0026,WH01,47.485405
2026-01-19,SKU0026,WH02,44.87035
2026-01-19,SKU0026,WH03,41.756386
2026-01-19,SKU0026,WH04,44.507545
2026-01-19,SKU0026,WH05,44.93492
2026-01-19,SKU0027,WH01,15.358883
2026-01-19,SKU0027,WH02,15.8563
2026-01-19,SKU0027,WH03,16.366503
2026-01-19,SKU0027,WH04,15.726027
2026-01-19,SKU0027,WH05,14.432556
2026-01-19,SKU0028,WH01,7.2667584
2026-01-19,SKU0028,WH02,7.4640903
2026-01-19,SKU0028,WH03,8.162286
2026-01-19,SKU0028,WH04,8.548554
2026-01-19,SKU0028,WH05,7.416331
2026-01-19,SKU0029,WH01,9.606709
2026-01-19,SKU0029,WH02,9.572349
2026-01-19,SKU0029,WH03,9.0283375
2026-01-19,SKU0029,WH04,9.550862
2026-01-19,SKU0029,WH05,9.362127
2026-01-19,SKU0030,WH01,17.015553
2026-01-19,SKU0030,WH02,16.853325
2026-01-19,SKU0030,WH03,17.756935
2026-01-19,SKU0030,WH04,17.081324
2026-01-19,SKU0030,WH05,16.90719
2026-01-19,SKU0031,WH01,7.7030287
2026-01-19,SKU0031,WH02,9.710347
2026-01-19,SKU0031,WH03,8.696454
2026-01-19,SKU0031,WH04,9.255923
2026-01-19,SKU0031,WH05,8.158955
2026-01-19,SKU0032,WH01,9.510418
2026-01-19,SKU0032,WH02,9.108338
2026-01-19,SKU0032,WH03,9.548471
2026-01-19,SKU0032,WH04,9.786233
2026-01-19,SKU0032,WH05,9.277865
2026-01-19,SKU0033,WH01,3.4120212
2026-01-19,SKU0033,WH02,4.396492
2026-01-19,SKU0033,WH03,4.3352203
2026-01-19,SKU0033,WH04,4.537154
2026-01-19,SKU0033,WH05,4.354512
2026-01-19,SKU0034,WH01,4.9951735
2026-01-19,SKU0034,WH02,5.1502748
2026-01-19,SKU0034,WH03,4.7688403
2026-01-19,SKU0034,WH04,4.959779
2026-01-19,SKU0034,WH05,5.004189
2026-01-19,SKU0035,WH01,3.8841558
2026-01-19,SKU0035,WH02,4.095301
2026-01-19,SKU0035,WH03,4.2963758
2026-01-19,SKU0035,WH04,4.0618176
2026-01-19,SKU0035,WH05,3.95323
2026-01-19,SKU0036,WH01,4.294821
2026-01-19,SKU0036,WH02,4.1552515
2026-01-19,SKU0036,WH03,4.0145006
2026-01-19,SKU0036,WH04,4.0618176
2026-01-19,SKU0036,WH05,4.6220107
2026-01-19,SKU0037,WH01,0.72910666
2026-01-19,SKU0037,WH02,0.71865594
2026-01-19,SKU0037,WH03,0.71865594
2026-01-19,SKU0037,WH04,0.62604773
2026-01-19,SKU0037,WH05,0.71865594
2026-01-19,SKU0038,WH01,14.560384
2026-01-19,SKU0038,WH02,16.73879
2026-01-19,SKU0038,WH03,14.770892
2026-01-19,SKU0038,WH04,15.382304
2026-01-19,SKU0038,WH05,15.658593
2026-01-19,SKU0039,WH01,7.898641
2026-01-19,SKU0039,WH02,7.1587768
2026-01-19,SKU0039,WH03,7.2101374
2026-01-19,SKU0039,WH04,6.5420904
2026-01-19,SKU0039,WH05,6.900827
2026-01-19,SKU0040,WH01,4.6286864
2026-01-19,SKU0040,WH02,5.0724206
2026-01-19,SKU0040,WH03,5.1502748
2026-01-19,SKU0040,WH04,5.384771
2026-01-19,SKU0040,WH05,5.009524
2026-01-19,SKU0041,WH01,0.7358279
2026-01-19,SKU0041,WH02,0.7358279
2026-01-19,SKU0041,WH03,0.65005183
2026-01-19,SKU0041,WH04,0.7358279
2026-01-19,SKU0041,WH05,0.7358279
2026-01-19,SKU0042,WH01,20.278873
2026-01-19,SKU0042,WH02,22.014488
2026-01-19,SKU0042,WH03,19.393509
2026-01-19,SKU0042,WH04,21.866844
2026-01-19,SKU0042,WH05,18.414259
2026-01-19,SKU0043,WH01,2.5343053
2026-01-19,SKU0043,WH02,1.9031672
2026-01-19,SKU0043,WH03,2.6762211
2026-01-19,SKU0043,WH04,2.484561
2026-01-19,SKU0043,WH05,1.8539231
2026-01-19,SKU0044,WH01,2.4749656
2026-01-19,SKU0044,WH02,2.38515
2026-01-19,SKU0044,WH03,2.5178509
2026-01-19,SKU0044,WH04,2.5178509
2026-01-19,SKU0044,WH05,2.4115853
2026-01-19,SKU0045,WH01,50.34877
2026-01-19,SKU0045,WH02,47.174824
2026-01-19,SKU0045,WH03,46.582153
2026-01-19,SKU0045,WH04,47.22839
2026-01-19,SKU0045,WH05,50.42343
2026-01-19,SKU0046,WH01,43.42829
2026-01-19,SKU0046,WH02,44.791355
2026-01-19,SKU0046,WH03,43.569706
2026-01-19,SKU0046,WH04,45.94066
2026-01-19,SKU0046,WH05,45.709064
2026-01-19,SKU0047,WH01,2.3618407
2026-01-19,SKU0047,WH02,2.501401
2026-01-19,SKU0047,WH03,2.4115853
2026-01-19,SKU0047,WH04,2.38515
2026-01-19,SKU0047,WH05,2.4115853
2026-01-19,SKU0048,WH01,0.72910666
2026-01-19,SKU0048,WH02,0.7118238
2026-01-19,SKU0048,WH03,0.71865594
2026-01-19,SKU0048,WH04,0.63287985
2026-01-19,SKU0048,WH05,0.71865594
2026-01-19,SKU0049,WH01,7.921061
2026-01-19,SKU0049,WH02,9.059012
2026-01-19,SKU0049,WH03,8.459497
2026-01-19,SKU0049,WH04,9.507952
2026-01-19,SKU0049,WH05,9.013723
2026-01-19,SKU0050,WH01,16.342648
2026-01-19,SKU0050,WH02,16.736116
2026-01-19,SKU0050,WH03,15.394353
2026-01-19,SKU0050,WH04,14.627074
2026-01-19,SKU0050,WH05,15.095284
2026-01-19,SKU0051,WH01,0.62604773
2026-01-19,SKU0051,WH02,0.71865594
2026-01-19,SKU0051,WH03,0.62604773
2026-01-19,SKU0051,WH04,0.71865594
2026-01-19,SKU0051,WH05,0.71865594
2026-01-19,SKU0052,WH01,24.732079
2026-01-19,SKU0052,WH02,23.285849
2026-01-19,SKU0052,WH03,23.239899
2026-01-19,SKU0052,WH04,25.732323
2026-01-19,SKU0052,WH05,26.068895
2026-01-19,SKU0053,WH01,2.5178509
2026-01-19,SKU0053,WH02,2.5178509
2026-01-19,SKU0053,WH03,2.3618407
2026-01-19,SKU0053,WH04,2.5178509
2026-01-19,SKU0053,WH05,2.4115853
2026-01-19,SKU0054,WH01,14.249984
2026-01-19,SKU0054,WH02,11.734194
2026-01-19,SKU0054,WH03,14.675448
2026-01-19,SKU0054,WH04,13.309879
2026-01-19,SKU0054,WH05,10.633591
2026-01-19,SKU0055,WH01,19.647917
2026-01-19,SKU0055,WH02,18.483253
2026-01-19,SKU0055,WH03,18.483253
2026-01-19,SKU0055,WH04,16.867243
2026-01-19,SKU0055,WH05,21.683645
2026-01-19,SKU0056,WH01,0.632769
2026-01-19,SKU0056,WH02,0.7253772
2026-01-19,SKU0056,WH03,0.7358279
2026-01-19,SKU0056,WH04,0.7358279
2026-01-19,SKU0056,WH05,0.95907044
2026-01-19,SKU0057,WH01,5.221327
2026-01-19,SKU0057,WH02,4.839669
2026-01-19,SKU0057,WH03,4.8650656
2026-01-19,SKU0057,WH04,5.0156207
2026-01-19,SKU0057,WH05,5.043317
2026-01-19,SKU0058,WH01,26.357475
2026-01-19,SKU0058,WH02,25.932507
2026-01-19,SKU0058,WH03,28.005081
2026-01-19,SKU0058,WH04,28.606094
2026-01-19,SKU0058,WH05,29.303402
2026-01-19,SKU0059,WH01,21.184671
2026-01-19,SKU0059,WH02,23.602514
2026-01-19,SKU0059,WH03,19.369856
2026-01-19,SKU0059,WH04,22.258427
2026-01-19,SKU0059,WH05,23.808323
2026-01-19,SKU0060,WH01,9.91472
2026-01-19,SKU0060,WH02,9.20374
2026-01-19,SKU0060,WH03,9.329824
2026-01-19,SKU0060,WH04,9.185543
2026-01-19,SKU0060,WH05,9.108338
2026-01-19,SKU0061,WH01,14.290274
2026-01-19,SKU0061,WH02,16.423819
2026-01-19,SKU0061,WH03,16.982576
2026-01-19,SKU0061,WH04,16.961382
2026-01-19,SKU0061,WH05,16.939337
2026-01-19,SKU0062,WH01,30.100092
2026-01-19,SKU0062,WH02,36.81126
2026-01-19,SKU0062,WH03,33.65959
2026-01-19,SKU0062,WH04,33.67951
2026-01-19,SKU0062,WH05,33.72688
2026-01-19,SKU0063,WH01,9.9126215
2026-01-19,SKU0063,WH02,11.232369
2026-01-19,SKU0063,WH03,10.004887
2026-01-19,SKU0063,WH04,10.72956
2026-01-19,SKU0063,WH05,10.3269205
2026-01-19,SKU0064,WH01,8.107127
2026-01-19,SKU0064,WH02,9.1433325
2026-01-19,SKU0064,WH03,8.158955
2026-01-19,SKU0064,WH04,9.0423975
2026-01-19,SKU0064,WH05,8.492586
2026-01-19,SKU0065,WH01,44.766678
2026-01-19,SKU0065,WH02,42.813126
2026-01-19,SKU0065,WH03,44.153206
2026-01-19,SKU0065,WH04,43.01235
2026-01-19,SKU0065,WH05,44.028664
2026-01-19,SKU0066,WH01,8.107127
2026-01-19,SKU0066,WH02,8.344713
2026-01-19,SKU0066,WH03,8.128048
2026-01-19,SKU0066,WH04,8.957358
2026-01-19,SKU0066,WH05,9.506496
2026-01-19,SKU0067,WH01,39.075096
2026-01-19,SKU0067,WH02,39.812126
2026-01-19,SKU0067,WH03,40.59803
2026-01-19,SKU0067,WH04,40.848335
2026-01-19,SKU0067,WH05,40.621586
2026-01-19,SKU0068,WH01,0.74904805
2026-01-19,SKU0068,WH02,1.1089329
2026-01-19,SKU0068,WH03,1.1089329
2026-01-19,SKU0068,WH04,1.5277507
2026-01-19,SKU0068,WH05,1.58551
2026-01-19,SKU0069,WH01,16.843317
2026-01-19,SKU0069,WH02,15.357994
2026-01-19,SKU0069,WH03,17.096123
2026-01-19,SKU0069,WH04,16.964058
2026-01-19,SKU0069,WH05,17.065977
2026-01-19,SKU0070,WH01,15.35372
2026-01-19,SKU0070,WH02,15.440078
2026-01-19,SKU0070,WH03,15.50021
2026-01-19,SKU0070,WH04,15.489153
2026-01-19,SKU0070,WH05,15.827943
2026-01-19,SKU0071,WH01,10.649995
2026-01-19,SKU0071,WH02,10.492203
2026-01-19,SKU0071,WH03,10.61217
2026-01-19,SKU0071,WH04,10.112051
2026-01-19,SKU0071,WH05,9.534177
2026-01-19,SKU0072,WH01,8.969706
2026-01-19,SKU0072,WH02,7.0569963
2026-01-19,SKU0072,WH03,7.0040674
2026-01-19,SKU0072,WH04,5.9469986
2026-01-19,SKU0072,WH05,7.417821
2026-01-19,SKU0073,WH01,25.688332
2026-01-19,SKU0073,WH02,23.615635
2026-01-19,SKU0073,WH03,27.291368
2026-01-19,SKU0073,WH04,22.988316
2026-01-19,SKU0073,WH05,24.005148
2026-01-19,SKU0074,WH01,18.009895
2026-01-19,SKU0074,WH02,17.058504
2026-01-19,SKU0074,WH03,18.266943
2026-01-19,SKU0074,WH04,19.575905
2026-01-19,SKU0074,WH05,17.594742
2026-01-19,SKU0075,WH01,3.426799
2026-01-19,SKU0075,WH02,4.4285007
2026-01-19,SKU0075,WH03,4.1289277
2026-01-19,SKU0075,WH04,4.5030074
2026-01-19,SKU0075,WH05,4.3851995
2026-01-19,SKU0076,WH01,14.968991
2026-01-19,SKU0076,WH02,15.583504
2026-01-19,SKU0076,WH03,11.216049
2026-01-19,SKU0076,WH04,11.007788
2026-01-19,SKU0076,WH05,16.95903
2026-01-19,SKU0077,WH01,8.906592
2026-01-19,SKU0077,WH02,10.237448
2026-01-19,SKU0077,WH03,10.469641
2026-01-19,SKU0077,WH04,9.324058
2026-01-19,SKU0077,WH05,10.575339
2026-01-19,SKU0078,WH01,9.654015
2026-01-19,SKU0078,WH02,9.911577
2026-01-19,SKU0078,WH03,8.023118
2026-01-19,SKU0078,WH04,9.287985
2026-01-19,SKU0078,WH05,9.366665
2026-01-19,SKU0079,WH01,0.864743
2026-01-19,SKU0079,WH02,0.864743
2026-01-19,SKU0079,WH03,0.9811359
2026-01-19,SKU0079,WH04,1.1904427
2026-01-19,SKU0079,WH05,0.8484771
2026-01-19,SKU0080,WH01,15.398942
2026-01-19,SKU0080,WH02,13.61418
2026-01-19,SKU0080,WH03,15.158297
2026-01-19,SKU0080,WH04,16.737602
2026-01-19,SKU0080,WH05,14.925326
2026-01-20,SKU0001,WH01,19.348291
2026-01-20,SKU0001,WH02,17.848677
2026-01-20,SKU0001,WH03,16.229237
2026-01-20,SKU0001,WH04,16.711731
2026-01-20,SKU0001,WH05,17.72829
2026-01-20,SKU0002,WH01,3.5579062
2026-01-20,SKU0002,WH02,3.2921262
2026-01-20,SKU0002,WH03,4.494343
2026-01-20,SKU0002,WH04,4.066877
2026-01-20,SKU0002,WH05,4.3851995
2026-01-20,SKU0003,WH01,46.51527
2026-01-20,SKU0003,WH02,45.719776
2026-01-20,SKU0003,WH03,45.130196
2026-01-20,SKU0003,WH04,43.16696
2026-01-20,SKU0003,WH05,42.3309
2026-01-20,SKU0004,WH01,72.54427
2026-01-20,SKU0004,WH02,72.41532
2026-01-20,SKU0004,WH03,83.67264
2026-01-20,SKU0004,WH04,80.05714
2026-01-20,SKU0004,WH05,85.96281
2026-01-20,SKU0005,WH01,17.658869
2026-01-20,SKU0005,WH02,17.380945
2026-01-20,SKU0005,WH03,17.553602
2026-01-20,SKU0005,WH04,18.168373
2026-01-20,SKU0005,WH05,15.886053
2026-01-20,SKU0006,WH01,0.55211794
2026-01-20,SKU0006,WH02,0.40094262
2026-01-20,SKU0006,WH03,0.55211794
2026-01-20,SKU0006,WH04,0.55211794
2026-01-20,SKU0006,WH05,0.55211794
2026-01-20,SKU0007,WH01,14.8945
2026-01-20,SKU0007,WH02,15.291304
2026-01-20,SKU0007,WH03,14.050269
2026-01-20,SKU0007,WH04,17.208462
2026-01-20,SKU0007,WH05,13.375543
2026-01-20,SKU0008,WH01,29.617094
2026-01-20,SKU0008,WH02,28.92557
2026-01-20,SKU0008,WH03,28.087727
2026-01-20,SKU0008,WH04,27.245123
2026-01-20,SKU0008,WH05,28.345219
2026-01-20,SKU0009,WH01,33.225246
2026-01-20,SKU0009,WH02,36.825348
2026-01-20,SKU0009,WH03,38.376312
2026-01-20,SKU0009,WH04,35.176857
2026-01-20,SKU0009,WH05,33.00591
2026-01-20,SKU0010,WH01,6.274532
2026-01-20,SKU0010,WH02,7.335143
2026-01-20,SKU0010,WH03,5.035697
2026-01-20,SKU0010,WH04,7.8501763
2026-01-20,SKU0010,WH05,6.917215
2026-01-20,SKU0011,WH01,22.957676
2026-01-20,SKU0011,WH02,20.62985
2026-01-20,SKU0011,WH03,22.983646
2026-01-20,SKU0011,WH04,20.388016
2026-01-20,SKU0011,WH05,23.087236
2026-01-20,SKU0012,WH01,10.183522
2026-01-20,SKU0012,WH02,8.725822
2026-01-20,SKU0012,WH03,9.520537
2026-01-20,SKU0012,WH04,9.993267
2026-01-20,SKU0012,WH05,10.098966
2026-01-20,SKU0013,WH01,7.365437
2026-01-20,SKU0013,WH02,7.3145022
2026-01-20,SKU0013,WH03,5.495727
2026-01-20,SKU0013,WH04,7.8782206
2026-01-20,SKU0013,WH05,5.933673
2026-01-20,SKU0014,WH01,3.3647482
2026-01-20,SKU0014,WH02,3.381942
2026-01-20,SKU0014,WH03,3.3647482
2026-01-20,SKU0014,WH04,3.1310534
2026-01-20,SKU0014,WH05,3.0316591
2026-01-20,SKU0015,WH01,2.4558
2026-01-20,SKU0015,WH02,2.4747005
2026-01-20,SKU0015,WH03,2.3230991
2026-01-20,SKU0015,WH04,2.4303346
2026-01-20,SKU0015,WH05,2.3230991
2026-01-20,SKU0016,WH01,55.5405
2026-01-20,SKU0016,WH02,55.62255
2026-01-20,SKU0016,WH03,55.529213
2026-01-20,SKU0016,WH04,60.775955
2026-01-20,SKU0016,WH05,60.661465
2026-01-20,SKU0017,WH01,7.7793064
2026-01-20,SKU0017,WH02,9.27716
2026-01-20,SKU0017,WH03,8.167536
2026-01-20,SKU0017,WH04,9.218807
2026-01-20,SKU0017,WH05,9.645448
2026-01-20,SKU0018,WH01,20.533405
2026-01-20,SKU0018,WH02,18.266956
2026-01-20,SKU0018,WH03,20.562468
2026-01-20,SKU0018,WH04,19.893261
2026-01-20,SKU0018,WH05,20.279646
2026-01-20,SKU0019,WH01,23.011063
2026-01-20,SKU0019,WH02,26.26209
2026-01-20,SKU0019,WH03,21.14629
2026-01-20,SKU0019,WH04,24.361742
2026-01-20,SKU0019,WH05,26.101755
2026-01-20,SKU0020,WH01,14.775218
2026-01-20,SKU0020,WH02,12.801401
2026-01-20,SKU0020,WH03,15.04058
2026-01-20,SKU0020,WH04,12.778621
2026-01-20,SKU0020,WH05,15.425573
2026-01-20,SKU0021,WH01,5.0411577
2026-01-20,SKU0021,WH02,2.855459
2026-01-20,SKU0021,WH03,3.827827
2026-01-20,SKU0021,WH04,3.5579062
2026-01-20,SKU0021,WH05,4.4285007
2026-01-20,SKU0022,WH01,5.079426
2026-01-20,SKU0022,WH02,5.327944
2026-01-20,SKU0022,WH03,4.8948946
2026-01-20,SKU0022,WH04,5.327944
2026-01-20,SKU0022,WH05,4.792456
2026-01-20,SKU0023,WH01,9.4139385
2026-01-20,SKU0023,WH02,8.953221
2026-01-20,SKU0023,WH03,9.101444
2026-01-20,SKU0023,WH04,10.1944475
2026-01-20,SKU0023,WH05,8.686395
2026-01-20,SKU0024,WH01,23.634542
2026-01-20,SKU0024,WH02,26.358038
2026-01-20,SKU0024,WH03,21.109823
2026-01-20,SKU0024,WH04,24.529444
2026-01-20,SKU0024,WH05,25.521896
2026-01-20,SKU0025,WH01,20.526031
2026-01-20,SKU0025,WH02,18.41018
2026-01-20,SKU0025,WH03,20.212296
2026-01-20,SKU0025,WH04,23.494217
2026-01-20,SKU0025,WH05,21.715614
2026-01-20,SKU0026,WH01,47.575024
2026-01-20,SKU0026,WH02,44.692825
2026-01-20,SKU0026,WH03,42.28347
2026-01-20,SKU0026,WH04,44.531612
2026-01-20,SKU0026,WH05,46.022575
2026-01-20,SKU0027,WH01,15.267097
2026-01-20,SKU0027,WH02,15.770846
2026-01-20,SKU0027,WH03,16.004255
2026-01-20,SKU0027,WH04,16.087252
2026-01-20,SKU0027,WH05,14.632429
2026-01-20,SKU0028,WH01,7.416331
2026-01-20,SKU0028,WH02,7.5092626
2026-01-20,SKU0028,WH03,8.0660925
2026-01-20,SKU0028,WH04,8.360063
2026-01-20,SKU0028,WH05,7.4394517
2026-01-20,SKU0029,WH01,9.715071
2026-01-20,SKU0029,WH02,9.353702
2026-01-20,SKU0029,WH03,9.153287
2026-01-20,SKU0029,WH04,9.396551
2026-01-20,SKU0029,WH05,9.3103
2026-01-20,SKU0030,WH01,16.979082
2026-01-20,SKU0030,WH02,16.979082
2026-01-20,SKU0030,WH03,17.69086
2026-01-20,SKU0030,WH04,17.11757
2026-01-20,SKU0030,WH05,16.920015
2026-01-20,SKU0031,WH01,7.4927692
2026-01-20,SKU0031,WH02,9.584557
2026-01-20,SKU0031,WH03,8.7482815
2026-01-20,SKU0031,WH04,9.255923
2026-01-20,SKU0031,WH05,8.158955
2026-01-20,SKU0032,WH01,9.4716425
2026-01-20,SKU0032,WH02,9.108338
2026-01-20,SKU0032,WH03,9.444833
2026-01-20,SKU0032,WH04,9.632349
2026-01-20,SKU0032,WH05,9.277865
2026-01-20,SKU0033,WH01,3.3499703
2026-01-20,SKU0033,WH02,4.345557
2026-01-20,SKU0033,WH03,4.27527
2026-01-20,SKU0033,WH04,4.1944695
2026-01-20,SKU0033,WH05,4.354512
2026-01-20,SKU0034,WH01,5.0501437
2026-01-20,SKU0034,WH02,5.0903244
2026-01-20,SKU0034,WH03,5.068913
2026-01-20,SKU0034,WH04,5.011606
2026-01-20,SKU0034,WH05,5.055124
2026-01-20,SKU0035,WH01,3.8841558
2026-01-20,SKU0035,WH02,4.095301
2026-01-20,SKU0035,WH03,4.2445483
2026-01-20,SKU0035,WH04,4.1043167
2026-01-20,SKU0035,WH05,4.0340295
2026-01-20,SKU0036,WH01,4.346648
2026-01-20,SKU0036,WH02,4.043045
2026-01-20,SKU0036,WH03,4.1043167
2026-01-20,SKU0036,WH04,4.0618176
2026-01-20,SKU0036,WH05,4.5620604
2026-01-20,SKU0037,WH01,0.55211794
2026-01-20,SKU0037,WH02,0.55211794
2026-01-20,SKU0037,WH03,0.40777472
2026-01-20,SKU0037,WH04,0.40777472
2026-01-20,SKU0037,WH05,0.55211794
2026-01-20,SKU0038,WH01,14.416787
2026-01-20,SKU0038,WH02,16.905825
2026-01-20,SKU0038,WH03,14.914287
2026-01-20,SKU0038,WH04,15.215286
2026-01-20,SKU0038,WH05,15.801173
2026-01-20,SKU0039,WH01,7.822177
2026-01-20,SKU0039,WH02,7.028793
2026-01-20,SKU0039,WH03,6.8253045
2026-01-20,SKU0039,WH04,6.3399067
2026-01-20,SKU0039,WH05,6.5636725
2026-01-20,SKU0040,WH01,4.5748296
2026-01-20,SKU0040,WH02,5.202102
2026-01-20,SKU0040,WH03,5.1502748
2026-01-20,SKU0040,WH04,5.384771
2026-01-20,SKU0040,WH05,5.009524
2026-01-20,SKU0041,WH01,0.5692899
2026-01-20,SKU0041,WH02,0.5692899
2026-01-20,SKU0041,WH03,0.4249467
2026-01-20,SKU0041,WH04,0.5692899
2026-01-20,SKU0041,WH05,0.5692899
2026-01-20,SKU0042,WH01,20.29509
2026-01-20,SKU0042,WH02,22.58248
2026-01-20,SKU0042,WH03,19.440945
2026-01-20,SKU0042,WH04,22.862535
2026-01-20,SKU0042,WH05,18.19911
2026-01-20,SKU0043,WH01,2.5620704
2026-01-20,SKU0043,WH02,1.9309323
2026-01-20,SKU0043,WH03,2.7393363
2026-01-20,SKU0043,WH04,2.4225101
2026-01-20,SKU0043,WH05,1.8726724
2026-01-20,SKU0044,WH01,2.3230991
2026-01-20,SKU0044,WH02,2.3495345
2026-01-20,SKU0044,WH03,2.3230991
2026-01-20,SKU0044,WH04,2.4129148
2026-01-20,SKU0044,WH05,2.3495345
2026-01-20,SKU0045,WH01,49.51507
2026-01-20,SKU0045,WH02,46.63874
2026-01-20,SKU0045,WH03,46.206524
2026-01-20,SKU0045,WH04,45.468197
2026-01-20,SKU0045,WH05,51.472034
2026-01-20,SKU0046,WH01,43.375736
2026-01-20,SKU0046,WH02,44.92143
2026-01-20,SKU0046,WH03,43.218624
2026-01-20,SKU0046,WH04,46.158127
2026-01-20,SKU0046,WH05,45.756012
2026-01-20,SKU0047,WH01,2.29979
2026-01-20,SKU0047,WH02,2.3495345
2026-01-20,SKU0047,WH03,2.4393501
2026-01-20,SKU0047,WH04,2.4129148
2026-01-20,SKU0047,WH05,2.3495345
2026-01-20,SKU0048,WH01,0.4182255
2026-01-20,SKU0048,WH02,0.5452858
2026-01-20,SKU0048,WH03,0.55211794
2026-01-20,SKU0048,WH04,0.40777472
2026-01-20,SKU0048,WH05,0.55211794
2026-01-20,SKU0049,WH01,7.741084
2026-01-20,SKU0049,WH02,9.1782875
2026-01-20,SKU0049,WH03,8.657169
2026-01-20,SKU0049,WH04,9.692179
2026-01-20,SKU0049,WH05,9.122322
2026-01-20,SKU0050,WH01,16.543638
2026-01-20,SKU0050,WH02,16.977095
2026-01-20,SKU0050,WH03,15.267097
2026-01-20,SKU0050,WH04,14.293234
2026-01-20,SKU0050,WH05,15.258373
2026-01-20,SKU0051,WH01,0.40094262
2026-01-20,SKU0051,WH02,0.55211794
2026-01-20,SKU0051,WH03,0.40094262
2026-01-20,SKU0051,WH04,0.55211794
2026-01-20,SKU0051,WH05,0.55211794
2026-01-20,SKU0052,WH01,25.5715
2026-01-20,SKU0052,WH02,23.330843
2026-01-20,SKU0052,WH03,23.193964
2026-01-20,SKU0052,WH04,26.33405
2026-01-20,SKU0052,WH05,25.847834
2026-01-20,SKU0053,WH01,2.4038992
2026-01-20,SKU0053,WH02,2.5461438
2026-01-20,SKU0053,WH03,2.4303346
2026-01-20,SKU0053,WH04,2.4653437
2026-01-20,SKU0053,WH05,2.3495345
2026-01-20,SKU0054,WH01,14.593453
2026-01-20,SKU0054,WH02,11.682383
2026-01-20,SKU0054,WH03,14.838471
2026-01-20,SKU0054,WH04,13.520166
2026-01-20,SKU0054,WH05,10.8389015
2026-01-20,SKU0055,WH01,19.647917
2026-01-20,SKU0055,WH02,18.020994
2026-01-20,SKU0055,WH03,17.872684
2026-01-20,SKU0055,WH04,17.04392
2026-01-20,SKU0055,WH05,21.908234
2026-01-20,SKU0056,WH01,0.40766382
2026-01-20,SKU0056,WH02,0.5588392
2026-01-20,SKU0056,WH03,0.5692899
2026-01-20,SKU0056,WH04,0.5692899
2026-01-20,SKU0056,WH05,0.5855558
2026-01-20,SKU0057,WH01,5.189636
2026-01-20,SKU0057,WH02,4.992382
2026-01-20,SKU0057,WH03,4.85605
2026-01-20,SKU0057,WH04,5.075571
2026-01-20,SKU0057,WH05,4.9204698
2026-01-20,SKU0058,WH01,26.173374
2026-01-20,SKU0058,WH02,25.88025
2026-01-20,SKU0058,WH03,27.73675
2026-01-20,SKU0058,WH04,29.31868
2026-01-20,SKU0058,WH05,29.104963
2026-01-20,SKU0059,WH01,21.67677
2026-01-20,SKU0059,WH02,23.496523
2026-01-20,SKU0059,WH03,20.008846
2026-01-20,SKU0059,WH04,21.998579
2026-01-20,SKU0059,WH05,23.440844
2026-01-20,SKU0060,WH01,9.976188
2026-01-20,SKU0060,WH02,9.4585905
2026-01-20,SKU0060,WH03,9.264108
2026-01-20,SKU0060,WH04,9.067198
2026-01-20,SKU0060,WH05,9.056511
2026-01-20,SKU0061,WH01,14.290274
2026-01-20,SKU0061,WH02,16.584932
2026-01-20,SKU0061,WH03,17.25611
2026-01-20,SKU0061,WH04,16.756792
2026-01-20,SKU0061,WH05,17.054392
2026-01-20,SKU0062,WH01,29.91185
2026-01-20,SKU0062,WH02,36.78295
2026-01-20,SKU0062,WH03,33.67951
2026-01-20,SKU0062,WH04,34.425816
2026-01-20,SKU0062,WH05,33.648922
2026-01-20,SKU0063,WH01,9.803292
2026-01-20,SKU0063,WH02,11.692723
2026-01-20,SKU0063,WH03,10.275109
2026-01-20,SKU0063,WH04,10.677749
2026-01-20,SKU0063,WH05,10.198527
2026-01-20,SKU0064,WH01,8.224671
2026-01-20,SKU0064,WH02,9.315799
2026-01-20,SKU0064,WH03,8.071779
2026-01-20,SKU0064,WH04,9.324058
2026-01-20,SKU0064,WH05,8.5239
2026-01-20,SKU0065,WH01,44.84613
2026-01-20,SKU0065,WH02,43.779728
2026-01-20,SKU0065,WH03,43.88704
2026-01-20,SKU0065,WH04,43.3572
2026-01-20,SKU0065,WH05,45.179646
2026-01-20,SKU0066,WH01,8.158955
2026-01-20,SKU0066,WH02,8.261979
2026-01-20,SKU0066,WH03,8.128048
2026-01-20,SKU0066,WH04,9.494777
2026-01-20,SKU0066,WH05,9.52871
2026-01-20,SKU0067,WH01,38.949436
2026-01-20,SKU0067,WH02,38.896008
2026-01-20,SKU0067,WH03,40.59803
2026-01-20,SKU0067,WH04,41.22351
2026-01-20,SKU0067,WH05,40.614887
2026-01-20,SKU0068,WH01,0.56256866
2026-01-20,SKU0068,WH02,0.9423944
2026-01-20,SKU0068,WH03,0.9423944
2026-01-20,SKU0068,WH04,1.4279752
2026-01-20,SKU0068,WH05,1.648625
2026-01-20,SKU0069,WH01,17.04392
2026-01-20,SKU0069,WH02,15.358883
2026-01-20,SKU0069,WH03,17.21399
2026-01-20,SKU0069,WH04,16.964058
2026-01-20,SKU0069,WH05,17.14107
2026-01-20,SKU0070,WH01,15.3019085
2026-01-20,SKU0070,WH02,15.356613
2026-01-20,SKU0070,WH03,15.408424
2026-01-20,SKU0070,WH04,15.489153
2026-01-20,SKU0070,WH05,15.792473
2026-01-20,SKU0071,WH01,10.923892
2026-01-20,SKU0071,WH02,10.045267
2026-01-20,SKU0071,WH03,10.711482
2026-01-20,SKU0071,WH04,9.896674
2026-01-20,SKU0071,WH05,9.383991
2026-01-20,SKU0072,WH01,8.852161
2026-01-20,SKU0072,WH02,7.197747
2026-01-20,SKU0072,WH03,7.0040674
2026-01-20,SKU0072,WH04,5.7500277
2026-01-20,SKU0072,WH05,7.440942
2026-01-20,SKU0073,WH01,25.79105
2026-01-20,SKU0073,WH02,23.368826
2026-01-20,SKU0073,WH03,27.311285
2026-01-20,SKU0073,WH04,23.170183
2026-01-20,SKU0073,WH05,23.966946
2026-01-20,SKU0074,WH01,18.738089
2026-01-20,SKU0074,WH02,16.991814
2026-01-20,SKU0074,WH03,17.771584
2026-01-20,SKU0074,WH04,19.586073
2026-01-20,SKU0074,WH05,18.077032
2026-01-20,SKU0075,WH01,3.5203543
2026-01-20,SKU0075,WH02,4.3477
2026-01-20,SKU0075,WH03,4.311333
2026-01-20,SKU0075,WH04,4.5562406
2026-01-20,SKU0075,WH05,4.306823
2026-01-20,SKU0076,WH01,15.199518
2026-01-20,SKU0076,WH02,15.618974
2026-01-20,SKU0076,WH03,10.977724
2026-01-20,SKU0076,WH04,10.636759
2026-01-20,SKU0076,WH05,17.067343
2026-01-20,SKU0077,WH01,9.108338
2026-01-20,SKU0077,WH02,10.289259
2026-01-20,SKU0077,WH03,10.141254
2026-01-20,SKU0077,WH04,9.427696
2026-01-20,SKU0077,WH05,10.369866
2026-01-20,SKU0078,WH01,9.226038
2026-01-20,SKU0078,WH02,9.757693
2026-01-20,SKU0078,WH03,8.238285
2026-01-20,SKU0078,WH04,9.460451
2026-01-20,SKU0078,WH05,9.301037
2026-01-20,SKU0079,WH01,0.698205
2026-01-20,SKU0079,WH02,0.698205
2026-01-20,SKU0079,WH03,0.8145979
2026-01-20,SKU0079,WH04,1.0239047
2026-01-20,SKU0079,WH05,0.68193936
2026-01-20,SKU0080,WH01,15.611429
2026-01-20,SKU0080,WH02,13.782234
2026-01-20,SKU0080,WH03,15.259661
2026-01-20,SKU0080,WH04,16.961191
2026-01-20,SKU0080,WH05,15.633417
2026-01-21,SKU0001,WH01,19.372131
2026-01-21,SKU0001,WH02,17.9111
2026-01-21,SKU0001,WH03,16.494492
2026-01-21,SKU0001,WH04,16.773428
2026-01-21,SKU0001,WH05,17.833826
2026-01-21,SKU0002,WH01,3.5579062
2026-01-21,SKU0002,WH02,3.489914
2026-01-21,SKU0002,WH03,4.639766
2026-01-21,SKU0002,WH04,4.066877
2026-01-21,SKU0002,WH05,4.306823
2026-01-21,SKU0003,WH01,46.473312
2026-01-21,SKU0003,WH02,46.39935
2026-01-21,SKU0003,WH03,45.099842
2026-01-21,SKU0003,WH04,43.864147
2026-01-21,SKU0003,WH05,42.630146
2026-01-21,SKU0004,WH01,75.90584
2026-01-21,SKU0004,WH02,76.10495
2026-01-21,SKU0004,WH03,85.55326
2026-01-21,SKU0004,WH04,78.41565
2026-01-21,SKU0004,WH05,86.47587
2026-01-21,SKU0005,WH01,17.690088
2026-01-21,SKU0005,WH02,17.966267
2026-01-21,SKU0005,WH03,18.077032
2026-01-21,SKU0005,WH04,18.101683
2026-01-21,SKU0005,WH05,15.93438
2026-01-21,SKU0006,WH01,0.55211794
2026-01-21,SKU0006,WH02,0.40777472
2026-01-21,SKU0006,WH03,0.55211794
2026-01-21,SKU0006,WH04,0.55211794
2026-01-21,SKU0006,WH05,0.55211794
2026-01-21,SKU0007,WH01,14.635869
2026-01-21,SKU0007,WH02,15.314725
2026-01-21,SKU0007,WH03,14.465222
2026-01-21,SKU0007,WH04,17.18504
2026-01-21,SKU0007,WH05,13.323731
2026-01-21,SKU0008,WH01,29.669086
2026-01-21,SKU0008,WH02,28.92557
2026-01-21,SKU0008,WH03,28.57273
2026-01-21,SKU0008,WH04,27.199413
2026-01-21,SKU0008,WH05,28.987795
2026-01-21,SKU0009,WH01,33.25252
2026-01-21,SKU0009,WH02,38.178894
2026-01-21,SKU0009,WH03,38.84005
2026-01-21,SKU0009,WH04,35.176857
2026-01-21,SKU0009,WH05,33.0579
2026-01-21,SKU0010,WH01,6.3254666
2026-01-21,SKU0010,WH02,7.232381
2026-01-21,SKU0010,WH03,5.31711
2026-01-21,SKU0010,WH04,7.839426
2026-01-21,SKU0010,WH05,7.1884127
2026-01-21,SKU0011,WH01,23.026508
2026-01-21,SKU0011,WH02,20.304014
2026-01-21,SKU0011,WH03,23.068695
2026-01-21,SKU0011,WH04,20.451052
2026-01-21,SKU0011,WH05,23.296995
2026-01-21,SKU0012,WH01,10.183522
2026-01-21,SKU0012,WH02,8.671337
2026-01-21,SKU0012,WH03,9.572349
2026-01-21,SKU0012,WH04,9.832127
2026-01-21,SKU0012,WH05,9.945082
2026-01-21,SKU0013,WH01,7.3504777
2026-01-21,SKU0013,WH02,7.45324
2026-01-21,SKU0013,WH03,5.5828795
2026-01-21,SKU0013,WH04,7.983344
2026-01-21,SKU0013,WH05,6.0469513
2026-01-21,SKU0014,WH01,3.3647482
2026-01-21,SKU0014,WH02,3.381942
2026-01-21,SKU0014,WH03,3.3647482
2026-01-21,SKU0014,WH04,3.0502534
2026-01-21,SKU0014,WH05,3.1754193
2026-01-21,SKU0015,WH01,2.5366
2026-01-21,SKU0015,WH02,2.4303346
2026-01-21,SKU0015,WH03,2.5889273
2026-01-21,SKU0015,WH04,2.4747005
2026-01-21,SKU0015,WH05,2.4129148
2026-01-21,SKU0016,WH01,55.825123
2026-01-21,SKU0016,WH02,58.00187
2026-01-21,SKU0016,WH03,58.51735
2026-01-21,SKU0016,WH04,62.86416
2026-01-21,SKU0016,WH05,64.026306
2026-01-21,SKU0017,WH01,7.845022
2026-01-21,SKU0017,WH02,9.21228
2026-01-21,SKU0017,WH03,8.224671
2026-01-21,SKU0017,WH04,9.218807
2026-01-21,SKU0017,WH05,9.298827
2026-01-21,SKU0018,WH01,20.840126
2026-01-21,SKU0018,WH02,18.266956
2026-01-21,SKU0018,WH03,20.928537
2026-01-21,SKU0018,WH04,19.960678
2026-01-21,SKU0018,WH05,20.295862
2026-01-21,SKU0019,WH01,23.185814
2026-01-21,SKU0019,WH02,26.057245
2026-01-21,SKU0019,WH03,20.961773
2026-01-21,SKU0019,WH04,24.041906
2026-01-21,SKU0019,WH05,26.101755
2026-01-21,SKU0020,WH01,14.775218
2026-01-21,SKU0020,WH02,12.728516
2026-01-21,SKU0020,WH03,15.092391
2026-01-21,SKU0020,WH04,12.635024
2026-01-21,SKU0020,WH05,15.267097
2026-01-21,SKU0021,WH01,5.079426
2026-01-21,SKU0021,WH02,2.9290018
2026-01-21,SKU0021,WH03,3.9953787
2026-01-21,SKU0021,WH04,3.6387067
2026-01-21,SKU0021,WH05,4.4285007
2026-01-21,SKU0022,WH01,4.9896097
2026-01-21,SKU0022,WH02,5.0524855
2026-01-21,SKU0022,WH03,4.8050785
2026-01-21,SKU0022,WH04,5.2883873
2026-01-21,SKU0022,WH05,4.746856
2026-01-21,SKU0023,WH01,9.069207
2026-01-21,SKU0023,WH02,9.4585905
2026-01-21,SKU0023,WH03,9.114496
2026-01-21,SKU0023,WH04,10.3468895
2026-01-21,SKU0023,WH05,8.989737
2026-01-21,SKU0024,WH01,23.813927
2026-01-21,SKU0024,WH02,26.358038
2026-01-21,SKU0024,WH03,20.850285
2026-01-21,SKU0024,WH04,24.498224
2026-01-21,SKU0024,WH05,25.521896
2026-01-21,SKU0025,WH01,20.249195
2026-01-21,SKU0025,WH02,18.279842
2026-01-21,SKU0025,WH03,20.477665
2026-01-21,SKU0025,WH04,23.206495
2026-01-21,SKU0025,WH05,21.76787
2026-01-21,SKU0026,WH01,47.657494
2026-01-21,SKU0026,WH02,44.781425
2026-01-21,SKU0026,WH03,42.29949
2026-01-21,SKU0026,WH04,44.531612
2026-01-21,SKU0026,WH05,45.770725
2026-01-21,SKU0027,WH01,15.425573
2026-01-21,SKU0027,WH02,16.159101
2026-01-21,SKU0027,WH03,16.444326
2026-01-21,SKU0027,WH04,16.235287
2026-01-21,SKU0027,WH05,14.724215
2026-01-21,SKU0028,WH01,7.416331
2026-01-21,SKU0028,WH02,7.6210403
2026-01-21,SKU0028,WH03,8.174999
2026-01-21,SKU0028,WH04,8.267957
2026-01-21,SKU0028,WH05,7.2468734
2026-01-21,SKU0029,WH01,9.766882
2026-01-21,SKU0029,WH02,9.252991
2026-01-21,SKU0029,WH03,9.270831
2026-01-21,SKU0029,WH04,9.878018
2026-01-21,SKU0029,WH05,9.477974
2026-01-21,SKU0030,WH01,16.796679
2026-01-21,SKU0030,WH02,16.920015
2026-01-21,SKU0030,WH03,17.532383
2026-01-21,SKU0030,WH04,17.11757
2026-01-21,SKU0030,WH05,16.786436
2026-01-21,SKU0031,WH01,7.456794
2026-01-21,SKU0031,WH02,9.663243
2026-01-21,SKU0031,WH03,8.571288
2026-01-21,SKU0031,WH04,9.242871
2026-01-21,SKU0031,WH05,8.224671
2026-01-21,SKU0032,WH01,9.436293
2026-01-21,SKU0032,WH02,9.069563
2026-01-21,SKU0032,WH03,9.548471
2026-01-21,SKU0032,WH04,9.632349
2026-01-21,SKU0032,WH05,9.277865
2026-01-21,SKU0033,WH01,3.3499703
2026-01-21,SKU0033,WH02,4.345557
2026-01-21,SKU0033,WH03,4.1944695
2026-01-21,SKU0033,WH04,4.4063396
2026-01-21,SKU0033,WH05,4.2423058
2026-01-21,SKU0034,WH01,5.004189
2026-01-21,SKU0034,WH02,5.1502748
2026-01-21,SKU0034,WH03,4.9145446
2026-01-21,SKU0034,WH04,4.7895045
2026-01-21,SKU0034,WH05,4.9951735
2026-01-21,SKU0035,WH01,3.8033543
2026-01-21,SKU0035,WH02,4.095301
2026-01-21,SKU0035,WH03,4.1037974
2026-01-21,SKU0035,WH04,4.0145006
2026-01-21,SKU0035,WH05,4.09398
2026-01-21,SKU0036,WH01,4.2445483
2026-01-21,SKU0036,WH02,3.9013522
2026-01-21,SKU0036,WH03,4.1552515
2026-01-21,SKU0036,WH04,4.1552515
2026-01-21,SKU0036,WH05,4.6220107
2026-01-21,SKU0037,WH01,0.55211794
2026-01-21,SKU0037,WH02,0.55211794
2026-01-21,SKU0037,WH03,0.40777472
2026-01-21,SKU0037,WH04,0.40777472
2026-01-21,SKU0037,WH05,0.40094262
2026-01-21,SKU0038,WH01,14.939846
2026-01-21,SKU0038,WH02,16.862556
2026-01-21,SKU0038,WH03,15.238881
2026-01-21,SKU0038,WH04,15.499573
2026-01-21,SKU0038,WH05,15.622107
2026-01-21,SKU0039,WH01,7.7194133
2026-01-21,SKU0039,WH02,6.893894
2026-01-21,SKU0039,WH03,7.1367645
2026-01-21,SKU0039,WH04,6.399857
2026-01-21,SKU0039,WH05,6.5127378
2026-01-21,SKU0040,WH01,4.494029
2026-01-21,SKU0040,WH02,5.009524
2026-01-21,SKU0040,WH03,5.09934
2026-01-21,SKU0040,WH04,5.193288
2026-01-21,SKU0040,WH05,5.1502748
2026-01-21,SKU0041,WH01,0.5692899
2026-01-21,SKU0041,WH02,0.5692899
2026-01-21,SKU0041,WH03,0.41449592
2026-01-21,SKU0041,WH04,0.5692899
2026-01-21,SKU0041,WH05,0.5692899
2026-01-21,SKU0042,WH01,20.235605
2026-01-21,SKU0042,WH02,22.353718
2026-01-21,SKU0042,WH03,19.424728
2026-01-21,SKU0042,WH04,22.55126
2026-01-21,SKU0042,WH05,19.283354
2026-01-21,SKU0043,WH01,2.4722545
2026-01-21,SKU0043,WH02,1.8411161
2026-01-21,SKU0043,WH03,2.6141703
2026-01-21,SKU0043,WH04,2.4225101
2026-01-21,SKU0043,WH05,1.7918723
2026-01-21,SKU0044,WH01,2.4129148
2026-01-21,SKU0044,WH02,2.3495345
2026-01-21,SKU0044,WH03,2.4129148
2026-01-21,SKU0044,WH04,2.4129148
2026-01-21,SKU0044,WH05,2.3495345
2026-01-21,SKU0045,WH01,51.433365
2026-01-21,SKU0045,WH02,47.311462
2026-01-21,SKU0045,WH03,46.65532
2026-01-21,SKU0045,WH04,47.817627
2026-01-21,SKU0045,WH05,50.90916
2026-01-21,SKU0046,WH01,43.392532
2026-01-21,SKU0046,WH02,45.158382
2026-01-21,SKU0046,WH03,44.472637
2026-01-21,SKU0046,WH04,46.139618
2026-01-21,SKU0046,WH05,45.95712
2026-01-21,SKU0047,WH01,2.3495345
2026-01-21,SKU0047,WH02,2.3495345
2026-01-21,SKU0047,WH03,2.3495345
2026-01-21,SKU0047,WH04,2.3230991
2026-01-21,SKU0047,WH05,2.4303346
2026-01-21,SKU0048,WH01,0.40777472
2026-01-21,SKU0048,WH02,0.55211794
2026-01-21,SKU0048,WH03,0.55211794
2026-01-21,SKU0048,WH04,0.40094262
2026-01-21,SKU0048,WH05,0.55211794
2026-01-21,SKU0049,WH01,7.689257
2026-01-21,SKU0049,WH02,9.09111
2026-01-21,SKU0049,WH03,8.829636
2026-01-21,SKU0049,WH04,9.58854
2026-01-21,SKU0049,WH05,9.504861
2026-01-21,SKU0050,WH01,16.395329
2026-01-21,SKU0050,WH02,16.763039
2026-01-21,SKU0050,WH03,15.215286
2026-01-21,SKU0050,WH04,14.376039
2026-01-21,SKU0050,WH05,15.530192
2026-01-21,SKU0051,WH01,0.40094262
2026-01-21,SKU0051,WH02,0.55211794
2026-01-21,SKU0051,WH03,0.40094262
2026-01-21,SKU0051,WH04,0.55211794
2026-01-21,SKU0051,WH05,0.55211794
2026-01-21,SKU0052,WH01,24.70086
2026-01-21,SKU0052,WH02,23.158806
2026-01-21,SKU0052,WH03,22.953922
2026-01-21,SKU0052,WH04,25.639246
2026-01-21,SKU0052,WH05,26.087698
2026-01-21,SKU0053,WH01,2.3230991
2026-01-21,SKU0053,WH02,2.3230991
2026-01-21,SKU0053,WH03,2.29979
2026-01-21,SKU0053,WH04,2.4558
2026-01-21,SKU0053,WH05,2.4393501
2026-01-21,SKU0054,WH01,14.565815
2026-01-21,SKU0054,WH02,11.734194
2026-01-21,SKU0054,WH03,14.981866
2026-01-21,SKU0054,WH04,13.731286
2026-01-21,SKU0054,WH05,10.790683
2026-01-21,SKU0055,WH01,18.389128
2026-01-21,SKU0055,WH02,18.292913
2026-01-21,SKU0055,WH03,19.279509
2026-01-21,SKU0055,WH04,17.32037
2026-01-21,SKU0055,WH05,21.475574
2026-01-21,SKU0056,WH01,0.40766382
2026-01-21,SKU0056,WH02,0.5588392
2026-01-21,SKU0056,WH03,0.5692899
2026-01-21,SKU0056,WH04,0.5692899
2026-01-21,SKU0056,WH05,0.5855558
2026-01-21,SKU0057,WH01,5.2474184
2026-01-21,SKU0057,WH02,4.992382
2026-01-21,SKU0057,WH03,4.8650656
2026-01-21,SKU0057,WH04,4.93482
2026-01-21,SKU0057,WH05,5.0951443
2026-01-21,SKU0058,WH01,26.595123
2026-01-21,SKU0058,WH02,26.097458
2026-01-21,SKU0058,WH03,27.953089
2026-01-21,SKU0058,WH04,28.873034
2026-01-21,SKU0058,WH05,29.60521
2026-01-21,SKU0059,WH01,21.67677
2026-01-21,SKU0059,WH02,23.506691
2026-01-21,SKU0059,WH03,20.008846
2026-01-21,SKU0059,WH04,22.712524
2026-01-21,SKU0059,WH05,23.660507
2026-01-21,SKU0060,WH01,9.951097
2026-01-21,SKU0060,WH02,9.510418
2026-01-21,SKU0060,WH03,9.264108
2026-01-21,SKU0060,WH04,9.252991
2026-01-21,SKU0060,WH05,9.209049
2026-01-21,SKU0061,WH01,14.356964
2026-01-21,SKU0061,WH02,16.761538
2026-01-21,SKU0061,WH03,17.100443
2026-01-21,SKU0061,WH04,17.067343
2026-01-21,SKU0061,WH05,17.06568
2026-01-21,SKU0062,WH01,30.487965
2026-01-21,SKU0062,WH02,37.568302
2026-01-21,SKU0062,WH03,34.300594
2026-01-21,SKU0062,WH04,33.67951
2026-01-21,SKU0062,WH05,33.661793
2026-01-21,SKU0063,WH01,10.224123
2026-01-21,SKU0063,WH02,11.232369
2026-01-21,SKU0063,WH03,10.3269205
2026-01-21,SKU0063,WH04,10.677749
2026-01-21,SKU0063,WH05,10.198527
2026-01-21,SKU0064,WH01,7.9510527
2026-01-21,SKU0064,WH02,9.069563
2026-01-21,SKU0064,WH03,8.107127
2026-01-21,SKU0064,WH04,9.439904
2026-01-21,SKU0064,WH05,8.501602
2026-01-21,SKU0065,WH01,45.838726
2026-01-21,SKU0065,WH02,43.77858
2026-01-21,SKU0065,WH03,44.16387
2026-01-21,SKU0065,WH04,42.993366
2026-01-21,SKU0065,WH05,45.179646
2026-01-21,SKU0066,WH01,8.0762205
2026-01-21,SKU0066,WH02,8.344713
2026-01-21,SKU0066,WH03,8.040871
2026-01-21,SKU0066,WH04,9.318877
2026-01-21,SKU0066,WH05,9.714387
2026-01-21,SKU0067,WH01,38.81432
2026-01-21,SKU0067,WH02,38.725853
2026-01-21,SKU0067,WH03,40.983917
2026-01-21,SKU0067,WH04,41.205677
2026-01-21,SKU0067,WH05,40.394215
2026-01-21,SKU0068,WH01,0.56256866
2026-01-21,SKU0068,WH02,0.90453386
2026-01-21,SKU0068,WH03,0.94764775
2026-01-21,SKU0068,WH04,1.4279752
2026-01-21,SKU0068,WH05,1.473339
2026-01-21,SKU0069,WH01,17.189419
2026-01-21,SKU0069,WH02,15.267097
2026-01-21,SKU0069,WH03,17.157467
2026-01-21,SKU0069,WH04,16.928587
2026-01-21,SKU0069,WH05,17.372715
2026-01-21,SKU0070,WH01,15.50021
2026-01-21,SKU0070,WH02,15.931899
2026-01-21,SKU0070,WH03,15.523631
2026-01-21,SKU0070,WH04,15.289034
2026-01-21,SKU0070,WH05,15.895809
2026-01-21,SKU0071,WH01,11.039099
2026-01-21,SKU0071,WH02,10.366081
2026-01-21,SKU0071,WH03,10.660214
2026-01-21,SKU0071,WH04,9.822695
2026-01-21,SKU0071,WH05,9.419341
2026-01-21,SKU0072,WH01,8.872871
2026-01-21,SKU0072,WH02,7.2110825
2026-01-21,SKU0072,WH03,6.8633165
2026-01-21,SKU0072,WH04,5.801855
2026-01-21,SKU0072,WH05,7.418786
2026-01-21,SKU0073,WH01,25.36334
2026-01-21,SKU0073,WH02,23.310162
2026-01-21,SKU0073,WH03,27.259293
2026-01-21,SKU0073,WH04,22.859194
2026-01-21,SKU0073,WH05,23.871122
2026-01-21,SKU0074,WH01,18.742874
2026-01-21,SKU0074,WH02,17.073948
2026-01-21,SKU0074,WH03,18.2365
2026-01-21,SKU0074,WH04,19.92459
2026-01-21,SKU0074,WH05,18.064207
2026-01-21,SKU0075,WH01,3.489914
2026-01-21,SKU0075,WH02,4.488451
2026-01-21,SKU0075,WH03,4.172423
2026-01-21,SKU0075,WH04,4.695631
2026-01-21,SKU0075,WH05,4.2468724
2026-01-21,SKU0076,WH01,15.651146
2026-01-21,SKU0076,WH02,15.638578
2026-01-21,SKU0076,WH03,10.957722
2026-01-21,SKU0076,WH04,10.64292
2026-01-21,SKU0076,WH05,17.067343
2026-01-21,SKU0077,WH01,8.974388
2026-01-21,SKU0077,WH02,10.212357
2026-01-21,SKU0077,WH03,10.402946
2026-01-21,SKU0077,WH04,9.191898
2026-01-21,SKU0077,WH05,10.318055
2026-01-21,SKU0078,WH01,9.23909
2026-01-21,SKU0078,WH02,9.618705
2026-01-21,SKU0078,WH03,8.286348
2026-01-21,SKU0078,WH04,9.201163
2026-01-21,SKU0078,WH05,9.287985
2026-01-21,SKU0079,WH01,0.5375961
2026-01-21,SKU0079,WH02,0.698205
2026-01-21,SKU0079,WH03,0.70188063
2026-01-21,SKU0079,WH04,0.822803
2026-01-21,SKU0079,WH05,0.68193936
2026-01-21,SKU0080,WH01,15.011924
2026-01-21,SKU0080,WH02,13.6941185
2026-01-21,SKU0080,WH03,15.182207
2026-01-21,SKU0080,WH04,16.408049
2026-01-21,SKU0080,WH05,15.352523
2026-01-22,SKU0001,WH01,19.88032
2026-01-22,SKU0001,WH02,17.987165
2026-01-22,SKU0001,WH03,16.417967
2026-01-22,SKU0001,WH04,16.773428
2026-01-22,SKU0001,WH05,18.22088
2026-01-22,SKU0002,WH01,3.5579062
2026-01-22,SKU0002,WH02,3.2921262
2026-01-22,SKU0002,WH03,4.780517
2026-01-22,SKU0002,WH04,4.277932
2026-01-22,SKU0002,WH05,4.042694
2026-01-22,SKU0003,WH01,46.511726
2026-01-22,SKU0003,WH02,46.153965
2026-01-22,SKU0003,WH03,45.351593
2026-01-22,SKU0003,WH04,43.898647
2026-01-22,SKU0003,WH05,44.26733
2026-01-22,SKU0004,WH01,78.352165
2026-01-22,SKU0004,WH02,77.89474
2026-01-22,SKU0004,WH03,84.948074
2026-01-22,SKU0004,WH04,78.0482
2026-01-22,SKU0004,WH05,86.28815
2026-01-22,SKU0005,WH01,17.67992
2026-01-22,SKU0005,WH02,17.70056
2026-01-22,SKU0005,WH03,18.123692
2026-01-22,SKU0005,WH04,18.168373
2026-01-22,SKU0005,WH05,15.794101
2026-01-22,SKU0006,WH01,0.40777472
2026-01-22,SKU0006,WH02,0.40777472
2026-01-22,SKU0006,WH03,0.40777472
2026-01-22,SKU0006,WH04,0.40094262
2026-01-22,SKU0006,WH05,0.55211794
2026-01-22,SKU0007,WH01,14.505328
2026-01-22,SKU0007,WH02,15.147707
2026-01-22,SKU0007,WH03,14.146677
2026-01-22,SKU0007,WH04,17.23976
2026-01-22,SKU0007,WH05,13.6786585
2026-01-22,SKU0008,WH01,29.033457
2026-01-22,SKU0008,WH02,28.712162
2026-01-22,SKU0008,WH03,28.678936
2026-01-22,SKU0008,WH04,27.420496
2026-01-22,SKU0008,WH05,29.103931
2026-01-22,SKU0009,WH01,33.303257
2026-01-22,SKU0009,WH02,38.37913
2026-01-22,SKU0009,WH03,38.906048
2026-01-22,SKU0009,WH04,35.16328
2026-01-22,SKU0009,WH05,33.078598
2026-01-22,SKU0010,WH01,6.1877904
2026-01-22,SKU0010,WH02,7.2833157
2026-01-22,SKU0010,WH03,5.182188
2026-01-22,SKU0010,WH04,7.581133
2026-01-22,SKU0010,WH05,7.0992174
2026-01-22,SKU0011,WH01,22.982874
2026-01-22,SKU0011,WH02,19.904772
2026-01-22,SKU0011,WH03,23.052479
2026-01-22,SKU0011,WH04,20.434835
2026-01-22,SKU0011,WH05,23.087236
2026-01-22,SKU0012,WH01,10.183522
2026-01-22,SKU0012,WH02,9.153272
2026-01-22,SKU0012,WH03,9.200808
2026-01-22,SKU0012,WH04,9.920558
2026-01-22,SKU0012,WH05,9.871119
2026-01-22,SKU0013,WH01,7.439207
2026-01-22,SKU0013,WH02,7.388558
2026-01-22,SKU0013,WH03,5.7933416
2026-01-22,SKU0013,WH04,7.8425946
2026-01-22,SKU0013,WH05,6.012844
2026-01-22,SKU0014,WH01,3.3647482
2026-01-22,SKU0014,WH02,3.2921262
2026-01-22,SKU0014,WH03,3.489914
2026-01-22,SKU0014,WH04,2.9865563
2026-01-22,SKU0014,WH05,3.0316591
2026-01-22,SKU0015,WH01,2.4558
2026-01-22,SKU0015,WH02,2.3495345
2026-01-22,SKU0015,WH03,2.3230991
2026-01-22,SKU0015,WH04,2.3495345
2026-01-22,SKU0015,WH05,2.3230991
2026-01-22,SKU0016,WH01,56.91585
2026-01-22,SKU0016,WH02,56.83007
2026-01-22,SKU0016,WH03,61.108196
2026-01-22,SKU0016,WH04,65.02802
2026-01-22,SKU0016,WH05,67.10032
2026-01-22,SKU0017,WH01,8.021016
2026-01-22,SKU0017,WH02,9.450332
2026-01-22,SKU0017,WH03,8.132186
2026-01-22,SKU0017,WH04,9.1942835
2026-01-22,SKU0017,WH05,9.450024
2026-01-22,SKU0018,WH01,20.576674
2026-01-22,SKU0018,WH02,18.487074
2026-01-22,SKU0018,WH03,20.570278
2026-01-22,SKU0018,WH04,20.302082
2026-01-22,SKU0018,WH05,20.269478
2026-01-22,SKU0019,WH01,23.39179
2026-01-22,SKU0019,WH02,26.142084
2026-01-22,SKU0019,WH03,21.626936
2026-01-22,SKU0019,WH04,23.832256
2026-01-22,SKU0019,WH05,26.117596
2026-01-22,SKU0020,WH01,14.683433
2026-01-22,SKU0020,WH02,12.74959
2026-01-22,SKU0020,WH03,15.305572
2026-01-22,SKU0020,WH04,12.635024
2026-01-22,SKU0020,WH05,15.358883
2026-01-22,SKU0021,WH01,4.9896097
2026-01-22,SKU0021,WH02,2.839186
2026-01-22,SKU0021,WH03,4.137073
2026-01-22,SKU0021,WH04,3.6387067
2026-01-22,SKU0021,WH05,4.3477
2026-01-22,SKU0022,WH01,5.087267
2026-01-22,SKU0022,WH02,5.2796264
2026-01-22,SKU0022,WH03,4.8050785
2026-01-22,SKU0022,WH04,5.271599
2026-01-22,SKU0022,WH05,4.983674
2026-01-22,SKU0023,WH01,9.676698
2026-01-22,SKU0023,WH02,9.4585905
2026-01-22,SKU0023,WH03,9.166324
2026-01-22,SKU0023,WH04,10.490486
2026-01-22,SKU0023,WH05,8.989737
2026-01-22,SKU0024,WH01,23.502241
2026-01-22,SKU0024,WH02,26.27552
2026-01-22,SKU0024,WH03,21.13117
2026-01-22,SKU0024,WH04,25.19159
2026-01-22,SKU0024,WH05,25.47446
2026-01-22,SKU0025,WH01,19.753838
2026-01-22,SKU0025,WH02,18.30609
2026-01-22,SKU0025,WH03,19.917603
2026-01-22,SKU0025,WH04,23.562605
2026-01-22,SKU0025,WH05,21.640018
2026-01-22,SKU0026,WH01,47.47224
2026-01-22,SKU0026,WH02,44.81984
2026-01-22,SKU0026,WH03,41.781677
2026-01-22,SKU0026,WH04,43.529995
2026-01-22,SKU0026,WH05,45.628365
2026-01-22,SKU0027,WH01,15.215286
2026-01-22,SKU0027,WH02,15.943656
2026-01-22,SKU0027,WH03,16.244207
2026-01-22,SKU0027,WH04,16.120083
2026-01-22,SKU0027,WH05,14.768449
2026-01-22,SKU0028,WH01,7.416331
2026-01-22,SKU0028,WH02,7.5092626
2026-01-22,SKU0028,WH03,8.162286
2026-01-22,SKU0028,WH04,8.217307
2026-01-22,SKU0028,WH05,7.3645034
2026-01-22,SKU0029,WH01,9.688195
2026-01-22,SKU0029,WH02,9.353702
2026-01-22,SKU0029,WH03,9.377581
2026-01-22,SKU0029,WH04,9.715071
2026-01-22,SKU0029,WH05,9.700007
2026-01-22,SKU0030,WH01,16.789911
2026-01-22,SKU0030,WH02,16.761538
2026-01-22,SKU0030,WH03,17.72572
2026-01-22,SKU0030,WH04,16.981447
2026-01-22,SKU0030,WH05,16.909847
2026-01-22,SKU0031,WH01,7.456794
2026-01-22,SKU0031,WH02,9.715071
2026-01-22,SKU0031,WH03,8.840387
2026-01-22,SKU0031,WH04,9.155694
2026-01-22,SKU0031,WH05,8.0762205
2026-01-22,SKU0032,WH01,9.560679
2026-01-22,SKU0032,WH02,9.091505
2026-01-22,SKU0032,WH03,9.520537
2026-01-22,SKU0032,WH04,9.632349
2026-01-22,SKU0032,WH05,9.181672
2026-01-22,SKU0033,WH01,3.2691705
2026-01-22,SKU0033,WH02,4.255741
2026-01-22,SKU0033,WH03,4.255741
2026-01-22,SKU0033,WH04,4.196893
2026-01-22,SKU0033,WH05,4.2932405
2026-01-22,SKU0034,WH01,5.106951
2026-01-22,SKU0034,WH02,5.09934
2026-01-22,SKU0034,WH03,5.017978
2026-01-22,SKU0034,WH04,4.959779
2026-01-22,SKU0034,WH05,5.0501437
2026-01-22,SKU0035,WH01,3.8748531
2026-01-22,SKU0035,WH02,4.1043167
2026-01-22,SKU0035,WH03,4.1037974
2026-01-22,SKU0035,WH04,4.207079
2026-01-22,SKU0035,WH05,4.1458073
2026-01-22,SKU0036,WH01,4.1037974
2026-01-22,SKU0036,WH02,4.09398
2026-01-22,SKU0036,WH03,4.207079
2026-01-22,SKU0036,WH04,4.095301
2026-01-22,SKU0036,WH05,4.3542557
2026-01-22,SKU0037,WH01,0.55211794
2026-01-22,SKU0037,WH02,0.55211794
2026-01-22,SKU0037,WH03,0.40777472
2026-01-22,SKU0037,WH04,0.40777472
2026-01-22,SKU0037,WH05,0.40777472
2026-01-22,SKU0038,WH01,15.058351
2026-01-22,SKU0038,WH02,17.085058
2026-01-22,SKU0038,WH03,15.2954035
2026-01-22,SKU0038,WH04,15.606925
2026-01-22,SKU0038,WH05,16.009815
2026-01-22,SKU0039,WH01,7.9475255
2026-01-22,SKU0039,WH02,6.8760076
2026-01-22,SKU0039,WH03,6.971412
2026-01-22,SKU0039,WH04,6.259106
2026-01-22,SKU0039,WH05,6.544637
2026-01-22,SKU0040,WH01,4.494029
2026-01-22,SKU0040,WH02,5.009524
2026-01-22,SKU0040,WH03,5.009524
2026-01-22,SKU0040,WH04,5.193288
2026-01-22,SKU0040,WH05,5.0903244
2026-01-22,SKU0041,WH01,0.5692899
2026-01-22,SKU0041,WH02,0.5588392
2026-01-22,SKU0041,WH03,0.41449592
2026-01-22,SKU0041,WH04,0.41449592
2026-01-22,SKU0041,WH05,0.5692899
2026-01-22,SKU0042,WH01,20.452581
2026-01-22,SKU0042,WH02,22.806738
2026-01-22,SKU0042,WH03,19.40865
2026-01-22,SKU0042,WH04,22.801226
2026-01-22,SKU0042,WH05,18.689186
2026-01-22,SKU0043,WH01,2.4722545
2026-01-22,SKU0043,WH02,1.8411161
2026-01-22,SKU0043,WH03,2.6141703
2026-01-22,SKU0043,WH04,2.4225101
2026-01-22,SKU0043,WH05,1.7918723
2026-01-22,SKU0044,WH01,2.3495345
2026-01-22,SKU0044,WH02,2.3495345
2026-01-22,SKU0044,WH03,2.3230991
2026-01-22,SKU0044,WH04,2.3230991
2026-01-22,SKU0044,WH05,2.4303346
2026-01-22,SKU0045,WH01,50.74245
2026-01-22,SKU0045,WH02,46.600388
2026-01-22,SKU0045,WH03,47.03836
2026-01-22,SKU0045,WH04,46.147533
2026-01-22,SKU0045,WH05,51.760326
2026-01-22,SKU0046,WH01,43.168114
2026-01-22,SKU0046,WH02,45.220863
2026-01-22,SKU0046,WH03,45.464066
2026-01-22,SKU0046,WH04,46.153965
2026-01-22,SKU0046,WH05,45.995533
2026-01-22,SKU0047,WH01,2.3495345
2026-01-22,SKU0047,WH02,2.3495345
2026-01-22,SKU0047,WH03,2.3495345
2026-01-22,SKU0047,WH04,2.3495345
2026-01-22,SKU0047,WH05,2.4303346
2026-01-22,SKU0048,WH01,0.40777472
2026-01-22,SKU0048,WH02,0.55211794
2026-01-22,SKU0048,WH03,0.55211794
2026-01-22,SKU0048,WH04,0.40094262
2026-01-22,SKU0048,WH05,0.40777472
2026-01-22,SKU0049,WH01,7.5485067
2026-01-22,SKU0049,WH02,9.203162
2026-01-22,SKU0049,WH03,8.446784
2026-01-22,SKU0049,WH04,9.846063
2026-01-22,SKU0049,WH05,9.635375
2026-01-22,SKU0050,WH01,16.562363
2026-01-22,SKU0050,WH02,16.80844
2026-01-22,SKU0050,WH03,15.266326
2026-01-22,SKU0050,WH04,15.026552
2026-01-22,SKU0050,WH05,15.3717165
2026-01-22,SKU0051,WH01,0.40094262
2026-01-22,SKU0051,WH02,0.55211794
2026-01-22,SKU0051,WH03,0.40094262
2026-01-22,SKU0051,WH04,0.55211794
2026-01-22,SKU0051,WH05,0.55211794
2026-01-22,SKU0052,WH01,25.33184
2026-01-22,SKU0052,WH02,23.521454
2026-01-22,SKU0052,WH03,22.953922
2026-01-22,SKU0052,WH04,26.060995
2026-01-22,SKU0052,WH05,25.876825
2026-01-22,SKU0053,WH01,2.3230991
2026-01-22,SKU0053,WH02,2.3230991
2026-01-22,SKU0053,WH03,2.29979
2026-01-22,SKU0053,WH04,2.4558
2026-01-22,SKU0053,WH05,2.29979
2026-01-22,SKU0054,WH01,14.653242
2026-01-22,SKU0054,WH02,11.734194
2026-01-22,SKU0054,WH03,15.417987
2026-01-22,SKU0054,WH04,13.819296
2026-01-22,SKU0054,WH05,10.728969
2026-01-22,SKU0055,WH01,18.841219
2026-01-22,SKU0055,WH02,18.31973
2026-01-22,SKU0055,WH03,18.306862
2026-01-22,SKU0055,WH04,17.102547
2026-01-22,SKU0055,WH05,21.48731
2026-01-22,SKU0056,WH01,0.41449592
2026-01-22,SKU0056,WH02,0.5588392
2026-01-22,SKU0056,WH03,0.5692899
2026-01-22,SKU0056,WH04,0.5588392
2026-01-22,SKU0056,WH05,0.5692899
2026-01-22,SKU0057,WH01,4.98042
2026-01-22,SKU0057,WH02,4.9833665
2026-01-22,SKU0057,WH03,4.967828
2026-01-22,SKU0057,WH04,5.138468
2026-01-22,SKU0057,WH05,4.839669
2026-01-22,SKU0058,WH01,27.31592
2026-01-22,SKU0058,WH02,25.896467
2026-01-22,SKU0058,WH03,27.720533
2026-01-22,SKU0058,WH04,28.873034
2026-01-22,SKU0058,WH05,29.320662
2026-01-22,SKU0059,WH01,21.64555
2026-01-22,SKU0059,WH02,24.138287
2026-01-22,SKU0059,WH03,20.032686
2026-01-22,SKU0059,WH04,22.875542
2026-01-22,SKU0059,WH05,23.221987
2026-01-22,SKU0060,WH01,10.094693
2026-01-22,SKU0060,WH02,9.561523
2026-01-22,SKU0060,WH03,9.108991
2026-01-22,SKU0060,WH04,9.141936
2026-01-22,SKU0060,WH05,8.953221
2026-01-22,SKU0061,WH01,14.332952
2026-01-22,SKU0061,WH02,16.820604
2026-01-22,SKU0061,WH03,17.110611
2026-01-22,SKU0061,WH04,16.928207
2026-01-22,SKU0061,WH05,17.298634
2026-01-22,SKU0062,WH01,30.405447
2026-01-22,SKU0062,WH02,38.639343
2026-01-22,SKU0062,WH03,33.64469
2026-01-22,SKU0062,WH04,33.700172
2026-01-22,SKU0062,WH05,33.717922
2026-01-22,SKU0063,WH01,10.461652
2026-01-22,SKU0063,WH02,11.692723
2026-01-22,SKU0063,WH03,10.173436
2026-01-22,SKU0063,WH04,10.821345
2026-01-22,SKU0063,WH05,10.352012
2026-01-22,SKU0064,WH01,8.148206
2026-01-22,SKU0064,WH02,9.060191
2026-01-22,SKU0064,WH03,8.0762205
2026-01-22,SKU0064,WH04,9.714015
2026-01-22,SKU0064,WH05,8.662374
2026-01-22,SKU0065,WH01,46.343803
2026-01-22,SKU0065,WH02,43.68346
2026-01-22,SKU0065,WH03,44.237362
2026-01-22,SKU0065,WH04,43.285767
2026-01-22,SKU0065,WH05,45.285534
2026-01-22,SKU0066,WH01,7.9510527
2026-01-22,SKU0066,WH02,8.313807
2026-01-22,SKU0066,WH03,8.107127
2026-01-22,SKU0066,WH04,9.390633
2026-01-22,SKU0066,WH05,9.868955
2026-01-22,SKU0067,WH01,38.845093
2026-01-22,SKU0067,WH02,39.34737
2026-01-22,SKU0067,WH03,41.00108
2026-01-22,SKU0067,WH04,40.917645
2026-01-22,SKU0067,WH05,40.656197
2026-01-22,SKU0068,WH01,0.56256866
2026-01-22,SKU0068,WH02,0.90453386
2026-01-22,SKU0068,WH03,0.94764775
2026-01-22,SKU0068,WH04,1.4780953
2026-01-22,SKU0068,WH05,1.5234591
2026-01-22,SKU0069,WH01,17.073706
2026-01-22,SKU0069,WH02,15.215286
2026-01-22,SKU0069,WH03,17.157467
2026-01-22,SKU0069,WH04,16.928587
2026-01-22,SKU0069,WH05,17.31586
2026-01-22,SKU0070,WH01,15.50021
2026-01-22,SKU0070,WH02,15.8917055
2026-01-22,SKU0070,WH03,15.408424
2026-01-22,SKU0070,WH04,15.297899
2026-01-22,SKU0070,WH05,15.626808
2026-01-22,SKU0071,WH01,10.691351
2026-01-22,SKU0071,WH02,10.212582
2026-01-22,SKU0071,WH03,10.681959
2026-01-22,SKU0071,WH04,9.969279
2026-01-22,SKU0071,WH05,9.625052
2026-01-22,SKU0072,WH01,8.90664
2026-01-22,SKU0072,WH02,7.3138447
2026-01-22,SKU0072,WH03,7.0289927
2026-01-22,SKU0072,WH04,5.4816933
2026-01-22,SKU0072,WH05,7.530564
2026-01-22,SKU0073,WH01,26.344065
2026-01-22,SKU0073,WH02,23.743277
2026-01-22,SKU0073,WH03,27.008644
2026-01-22,SKU0073,WH04,23.340923
2026-01-22,SKU0073,WH05,24.317999
2026-01-22,SKU0074,WH01,18.259563
2026-01-22,SKU0074,WH02,16.990843
2026-01-22,SKU0074,WH03,17.567122
2026-01-22,SKU0074,WH04,20.012814
2026-01-22,SKU0074,WH05,18.123692
2026-01-22,SKU0075,WH01,3.3647482
2026-01-22,SKU0075,WH02,4.437516
2026-01-22,SKU0075,WH03,4.047255
2026-01-22,SKU0075,WH04,4.8855653
2026-01-22,SKU0075,WH05,4.166072
2026-01-22,SKU0076,WH01,15.651146
2026-01-22,SKU0076,WH02,15.638578
2026-01-22,SKU0076,WH03,11.095284
2026-01-22,SKU0076,WH04,10.6942
2026-01-22,SKU0076,WH05,17.110611
2026-01-22,SKU0077,WH01,9.0668
2026-01-22,SKU0077,WH02,10.212357
2026-01-22,SKU0077,WH03,10.289169
2026-01-22,SKU0077,WH04,9.491732
2026-01-22,SKU0077,WH05,10.318055
2026-01-22,SKU0078,WH01,9.562229
2026-01-22,SKU0078,WH02,9.859766
2026-01-22,SKU0078,WH03,8.352477
2026-01-22,SKU0078,WH04,9.353702
2026-01-22,SKU0078,WH05,9.353702
2026-01-22,SKU0079,WH01,0.5375961
2026-01-22,SKU0079,WH02,0.68193936
2026-01-22,SKU0079,WH03,0.70188063
2026-01-22,SKU0079,WH04,0.822803
2026-01-22,SKU0079,WH05,0.68193936
2026-01-22,SKU0080,WH01,15.1704
2026-01-22,SKU0080,WH02,13.6941185
2026-01-22,SKU0080,WH03,15.015189
2026-01-22,SKU0080,WH04,16.604704
2026-01-22,SKU0080,WH05,15.395792
2026-01-23,SKU0001,WH01,19.989355
2026-01-23,SKU0001,WH02,17.954065
2026-01-23,SKU0001,WH03,16.428135
2026-01-23,SKU0001,WH04,16.911917
2026-01-23,SKU0001,WH05,17.757961
2026-01-23,SKU0002,WH01,3.7254581
2026-01-23,SKU0002,WH02,3.381942
2026-01-23,SKU0002,WH03,4.780517
2026-01-23,SKU0002,WH04,4.277932
2026-01-23,SKU0002,WH05,4.2468724
2026-01-23,SKU0003,WH01,45.974613
2026-01-23,SKU0003,WH02,46.258415
2026-01-23,SKU0003,WH03,46.31355
2026-01-23,SKU0003,WH04,43.124863
2026-01-23,SKU0003,WH05,44.78067
2026-01-23,SKU0004,WH01,78.6416
2026-01-23,SKU0004,WH02,76.3594
2026-01-23,SKU0004,WH03,90.64612
2026-01-23,SKU0004,WH04,74.94929
2026-01-23,SKU0004,WH05,87.48327
2026-01-23,SKU0005,WH01,17.690088
2026-01-23,SKU0005,WH02,17.555061
2026-01-23,SKU0005,WH03,18.076256
2026-01-23,SKU0005,WH04,18.009895
2026-01-23,SKU0005,WH05,15.750832
2026-01-23,SKU0006,WH01,0.40777472
2026-01-23,SKU0006,WH02,0.40777472
2026-01-23,SKU0006,WH03,0.40094262
2026-01-23,SKU0006,WH04,0.40777472
2026-01-23,SKU0006,WH05,0.40777472
2026-01-23,SKU0007,WH01,15.012796
2026-01-23,SKU0007,WH02,15.147707
2026-01-23,SKU0007,WH03,14.413322
2026-01-23,SKU0007,WH04,17.433868
2026-01-23,SKU0007,WH05,13.372132
2026-01-23,SKU0008,WH01,29.290018
2026-01-23,SKU0008,WH02,29.059437
2026-01-23,SKU0008,WH03,28.668232
2026-01-23,SKU0008,WH04,28.217422
2026-01-23,SKU0008,WH05,28.513542
2026-01-23,SKU0009,WH01,32.870365
2026-01-23,SKU0009,WH02,38.597862
2026-01-23,SKU0009,WH03,39.237274
2026-01-23,SKU0009,WH04,35.200996
2026-01-23,SKU0009,WH05,32.74872
2026-01-23,SKU0010,WH01,6.239618
2026-01-23,SKU0010,WH02,7.2683563
2026-01-23,SKU0010,WH03,4.9896097
2026-01-23,SKU0010,WH04,7.7218833
2026-01-23,SKU0010,WH05,7.0992174
2026-01-23,SKU0011,WH01,23.105438
2026-01-23,SKU0011,WH02,20.093483
2026-01-23,SKU0011,WH03,23.362701
2026-01-23,SKU0011,WH04,20.403616
2026-01-23,SKU0011,WH05,22.912207
2026-01-23,SKU0012,WH01,10.183522
2026-01-23,SKU0012,WH02,8.998155
2026-01-23,SKU0012,WH03,9.46871
2026-01-23,SKU0012,WH04,10.468334
2026-01-23,SKU0012,WH05,9.783941
2026-01-23,SKU0013,WH01,7.4910345
2026-01-23,SKU0013,WH02,7.4403853
2026-01-23,SKU0013,WH03,5.737981
2026-01-23,SKU0013,WH04,7.9324093
2026-01-23,SKU0013,WH05,6.063779
2026-01-23,SKU0014,WH01,3.5203543
2026-01-23,SKU0014,WH02,3.2921262
2026-01-23,SKU0014,WH03,3.445548
2026-01-23,SKU0014,WH04,2.8577802
2026-01-23,SKU0014,WH05,3.1124592
2026-01-23,SKU0015,WH01,2.448265
2026-01-23,SKU0015,WH02,2.3495345
2026-01-23,SKU0015,WH03,2.4038992
2026-01-23,SKU0015,WH04,2.3495345
2026-01-23,SKU0015,WH05,2.4303346
2026-01-23,SKU0016,WH01,56.448765
2026-01-23,SKU0016,WH02,56.41687
2026-01-23,SKU0016,WH03,56.41687
2026-01-23,SKU0016,WH04,65.03816
2026-01-23,SKU0016,WH05,65.48446
2026-01-23,SKU0017,WH01,7.8501763
2026-01-23,SKU0017,WH02,9.21228
2026-01-23,SKU0017,WH03,8.107127
2026-01-23,SKU0017,WH04,9.1942835
2026-01-23,SKU0017,WH05,9.4843445
2026-01-23,SKU0018,WH01,20.533405
2026-01-23,SKU0018,WH02,18.470858
2026-01-23,SKU0018,WH03,21.305246
2026-01-23,SKU0018,WH04,20.662066
2026-01-23,SKU0018,WH05,20.357576
2026-01-23,SKU0019,WH01,23.681946
2026-01-23,SKU0019,WH02,27.187325
2026-01-23,SKU0019,WH03,21.370604
2026-01-23,SKU0019,WH04,24.21414
2026-01-23,SKU0019,WH05,25.869421
2026-01-23,SKU0020,WH01,14.775218
2026-01-23,SKU0020,WH02,12.893187
2026-01-23,SKU0020,WH03,15.212393
2026-01-23,SKU0020,WH04,12.686835
2026-01-23,SKU0020,WH05,15.382304
2026-01-23,SKU0021,WH01,5.1382017
2026-01-23,SKU0021,WH02,2.824422
2026-01-23,SKU0021,WH03,3.9953787
2026-01-23,SKU0021,WH04,3.652632
2026-01-23,SKU0021,WH05,4.4285007
2026-01-23,SKU0022,WH01,5.1303606
2026-01-23,SKU0022,WH02,5.3661633
2026-01-23,SKU0022,WH03,5.0357704
2026-01-23,SKU0022,WH04,5.2116485
2026-01-23,SKU0022,WH05,4.8276567
2026-01-23,SKU0023,WH01,9.226038
2026-01-23,SKU0023,WH02,9.719902
2026-01-23,SKU0023,WH03,9.101444
2026-01-23,SKU0023,WH04,10.490486
2026-01-23,SKU0023,WH05,9.002789
2026-01-23,SKU0024,WH01,23.689325
2026-01-23,SKU0024,WH02,26.096287
2026-01-23,SKU0024,WH03,20.916813
2026-01-23,SKU0024,WH04,25.13912
2026-01-23,SKU0024,WH05,26.213465
2026-01-23,SKU0025,WH01,19.71057
2026-01-23,SKU0025,WH02,18.262821
2026-01-23,SKU0025,WH03,20.277586
2026-01-23,SKU0025,WH04,23.204475
2026-01-23,SKU0025,WH05,22.457573
2026-01-23,SKU0026,WH01,48.143032
2026-01-23,SKU0026,WH02,44.92219
2026-01-23,SKU0026,WH03,43.348064
2026-01-23,SKU0026,WH04,45.63458
2026-01-23,SKU0026,WH05,45.859882
2026-01-23,SKU0027,WH01,15.358883
2026-01-23,SKU0027,WH02,16.16927
2026-01-23,SKU0027,WH03,16.387804
2026-01-23,SKU0027,WH04,16.227192
2026-01-23,SKU0027,WH05,14.724215
2026-01-23,SKU0028,WH01,7.416331
2026-01-23,SKU0028,WH02,7.5092626
2026-01-23,SKU0028,WH03,8.162286
2026-01-23,SKU0028,WH04,8.283024
2026-01-23,SKU0028,WH05,7.3135686
2026-01-23,SKU0029,WH01,9.520537
2026-01-23,SKU0029,WH02,9.252991
2026-01-23,SKU0029,WH03,9.076739
2026-01-23,SKU0029,WH04,9.817127
2026-01-23,SKU0029,WH05,9.353702
2026-01-23,SKU0030,WH01,17.363379
2026-01-23,SKU0030,WH02,16.912392
2026-01-23,SKU0030,WH03,17.890123
2026-01-23,SKU0030,WH04,17.23979
2026-01-23,SKU0030,WH05,16.761538
2026-01-23,SKU0031,WH01,7.1443872
2026-01-23,SKU0031,WH02,9.715071
2026-01-23,SKU0031,WH03,8.840387
2026-01-23,SKU0031,WH04,9.23909
2026-01-23,SKU0031,WH05,8.040871
2026-01-23,SKU0032,WH01,9.691194
2026-01-23,SKU0032,WH02,9.209049
2026-01-23,SKU0032,WH03,9.520537
2026-01-23,SKU0032,WH04,9.580538
2026-01-23,SKU0032,WH05,9.4716425
2026-01-23,SKU0033,WH01,3.3943362
2026-01-23,SKU0033,WH02,4.345557
2026-01-23,SKU0033,WH03,4.396492
2026-01-23,SKU0033,WH04,4.1160927
2026-01-23,SKU0033,WH05,4.1524897
2026-01-23,SKU0034,WH01,5.1502748
2026-01-23,SKU0034,WH02,5.09934
2026-01-23,SKU0034,WH03,5.1128993
2026-01-23,SKU0034,WH04,4.9155393
2026-01-23,SKU0034,WH05,5.195786
2026-01-23,SKU0035,WH01,3.8229754
2026-01-23,SKU0035,WH02,4.0145006
2026-01-23,SKU0035,WH03,4.184598
2026-01-23,SKU0035,WH04,4.1552515
2026-01-23,SKU0035,WH05,3.8033543
2026-01-23,SKU0036,WH01,4.184598
2026-01-23,SKU0036,WH02,3.8748531
2026-01-23,SKU0036,WH03,4.1552515
2026-01-23,SKU0036,WH04,4.1043167
2026-01-23,SKU0036,WH05,4.475682
2026-01-23,SKU0037,WH01,0.55211794
2026-01-23,SKU0037,WH02,0.55211794
2026-01-23,SKU0037,WH03,0.40777472
2026-01-23,SKU0037,WH04,0.40094262
2026-01-23,SKU0037,WH05,0.40777472
2026-01-23,SKU0038,WH01,15.237655
2026-01-23,SKU0038,WH02,16.861784
2026-01-23,SKU0038,WH03,15.036571
2026-01-23,SKU0038,WH04,15.618974
2026-01-23,SKU0038,WH05,15.922445
2026-01-23,SKU0039,WH01,7.895698
2026-01-23,SKU0039,WH02,6.97877
2026-01-23,SKU0039,WH03,6.88024
2026-01-23,SKU0039,WH04,6.7164226
2026-01-23,SKU0039,WH05,6.352059
2026-01-23,SKU0040,WH01,4.5387235
2026-01-23,SKU0040,WH02,5.1502748
2026-01-23,SKU0040,WH03,5.09934
2026-01-23,SKU0040,WH04,5.129276
2026-01-23,SKU0040,WH05,5.1502748
2026-01-23,SKU0041,WH01,0.5692899
2026-01-23,SKU0041,WH02,0.5588392
2026-01-23,SKU0041,WH03,0.41449592
2026-01-23,SKU0041,WH04,0.41449592
2026-01-23,SKU0041,WH05,0.4249467
2026-01-23,SKU0042,WH01,20.235605
2026-01-23,SKU0042,WH02,22.995506
2026-01-23,SKU0042,WH03,19.495173
2026-01-23,SKU0042,WH04,22.710554
2026-01-23,SKU0042,WH05,18.645918
2026-01-23,SKU0043,WH01,2.4722545
2026-01-23,SKU0043,WH02,1.8411161
2026-01-23,SKU0043,WH03,2.6141703
2026-01-23,SKU0043,WH04,2.4722545
2026-01-23,SKU0043,WH05,1.6077276
2026-01-23,SKU0044,WH01,2.4303346
2026-01-23,SKU0044,WH02,2.3495345
2026-01-23,SKU0044,WH03,2.4393501
2026-01-23,SKU0044,WH04,2.3230991
2026-01-23,SKU0044,WH05,2.4303346
2026-01-23,SKU0045,WH01,50.287735
2026-01-23,SKU0045,WH02,46.101406
2026-01-23,SKU0045,WH03,45.889423
2026-01-23,SKU0045,WH04,45.648552
2026-01-23,SKU0045,WH05,50.954727
2026-01-23,SKU0046,WH01,45.29347
2026-01-23,SKU0046,WH02,44.98974
2026-01-23,SKU0046,WH03,45.39919
2026-01-23,SKU0046,WH04,46.450516
2026-01-23,SKU0046,WH05,45.48053
2026-01-23,SKU0047,WH01,2.3495345
2026-01-23,SKU0047,WH02,2.4303346
2026-01-23,SKU0047,WH03,2.4393501
2026-01-23,SKU0047,WH04,2.4303346
2026-01-23,SKU0047,WH05,2.3495345
2026-01-23,SKU0048,WH01,0.40777472
2026-01-23,SKU0048,WH02,0.55211794
2026-01-23,SKU0048,WH03,0.55211794
2026-01-23,SKU0048,WH04,0.40094262
2026-01-23,SKU0048,WH05,0.40777472
2026-01-23,SKU0049,WH01,7.6671004
2026-01-23,SKU0049,WH02,9.268879
2026-01-23,SKU0049,WH03,8.494847
2026-01-23,SKU0049,WH04,9.783964
2026-01-23,SKU0049,WH05,9.635375
2026-01-23,SKU0050,WH01,16.403885
2026-01-23,SKU0050,WH02,16.959623
2026-01-23,SKU0050,WH03,15.583504
2026-01-23,SKU0050,WH04,14.768449
2026-01-23,SKU0050,WH05,15.491718
2026-01-23,SKU0051,WH01,0.40094262
2026-01-23,SKU0051,WH02,0.55211794
2026-01-23,SKU0051,WH03,0.40094262
2026-01-23,SKU0051,WH04,0.40094262
2026-01-23,SKU0051,WH05,0.55211794
2026-01-23,SKU0052,WH01,25.33184
2026-01-23,SKU0052,WH02,23.769629
2026-01-23,SKU0052,WH03,22.948673
2026-01-23,SKU0052,WH04,26.293905
2026-01-23,SKU0052,WH05,25.928818
2026-01-23,SKU0053,WH01,2.3738132
2026-01-23,SKU0053,WH02,2.3230991
2026-01-23,SKU0053,WH03,2.29979
2026-01-23,SKU0053,WH04,2.5456161
2026-01-23,SKU0053,WH05,2.29979
2026-01-23,SKU0054,WH01,14.745028
2026-01-23,SKU0054,WH02,11.682383
2026-01-23,SKU0054,WH03,15.266698
2026-01-23,SKU0054,WH04,13.819296
2026-01-23,SKU0054,WH05,10.563627
2026-01-23,SKU0055,WH01,18.872438
2026-01-23,SKU0055,WH02,18.058182
2026-01-23,SKU0055,WH03,18.148384
2026-01-23,SKU0055,WH04,17.067076
2026-01-23,SKU0055,WH05,21.121277
2026-01-23,SKU0056,WH01,0.41449592
2026-01-23,SKU0056,WH02,0.5588392
2026-01-23,SKU0056,WH03,0.5855558
2026-01-23,SKU0056,WH04,0.5692899
2026-01-23,SKU0056,WH05,0.5692899
2026-01-23,SKU0057,WH01,5.0951443
2026-01-23,SKU0057,WH02,4.902566
2026-01-23,SKU0057,WH03,4.85605
2026-01-23,SKU0057,WH04,5.0246363
2026-01-23,SKU0057,WH05,5.0059414
2026-01-23,SKU0058,WH01,26.726969
2026-01-23,SKU0058,WH02,26.15579
2026-01-23,SKU0058,WH03,28.068348
2026-01-23,SKU0058,WH04,29.629284
2026-01-23,SKU0058,WH05,31.06548
2026-01-23,SKU0059,WH01,21.951439
2026-01-23,SKU0059,WH02,23.592346
2026-01-23,SKU0059,WH03,19.928223
2026-01-23,SKU0059,WH04,22.207054
2026-01-23,SKU0059,WH05,23.506691
2026-01-23,SKU0060,WH01,9.973916
2026-01-23,SKU0060,WH02,9.653309
2026-01-23,SKU0060,WH03,9.548471
2026-01-23,SKU0060,WH04,9.436574
2026-01-23,SKU0060,WH05,9.510418
2026-01-23,SKU0061,WH01,14.153885
2026-01-23,SKU0061,WH02,17.067076
2026-01-23,SKU0061,WH03,17.100443
2026-01-23,SKU0061,WH04,17.097631
2026-01-23,SKU0061,WH05,17.334105
2026-01-23,SKU0062,WH01,30.62608
2026-01-23,SKU0062,WH02,38.676464
2026-01-23,SKU0062,WH03,33.64469
2026-01-23,SKU0062,WH04,33.717922
2026-01-23,SKU0062,WH05,33.717922
2026-01-23,SKU0063,WH01,10.288198
2026-01-23,SKU0063,WH02,11.346147
2026-01-23,SKU0063,WH03,10.275109
2026-01-23,SKU0063,WH04,10.677749
2026-01-23,SKU0063,WH05,10.3002
2026-01-23,SKU0064,WH01,8.158955
2026-01-23,SKU0064,WH02,9.375885
2026-01-23,SKU0064,WH03,8.031855
2026-01-23,SKU0064,WH04,9.510418
2026-01-23,SKU0064,WH05,8.627024
2026-01-23,SKU0065,WH01,46.42222
2026-01-23,SKU0065,WH02,44.011997
2026-01-23,SKU0065,WH03,44.623215
2026-01-23,SKU0065,WH04,43.13381
2026-01-23,SKU0065,WH05,45.12331
2026-01-23,SKU0066,WH01,8.125105
2026-01-23,SKU0066,WH02,8.261979
2026-01-23,SKU0066,WH03,8.224671
2026-01-23,SKU0066,WH04,9.114496
2026-01-23,SKU0066,WH05,9.920766
2026-01-23,SKU0067,WH01,39.253036
2026-01-23,SKU0067,WH02,38.433044
2026-01-23,SKU0067,WH03,40.649956
2026-01-23,SKU0067,WH04,41.1662
2026-01-23,SKU0067,WH05,39.155773
2026-01-23,SKU0068,WH01,0.56256866
2026-01-23,SKU0068,WH02,0.70868593
2026-01-23,SKU0068,WH03,0.90978724
2026-01-23,SKU0068,WH04,1.4780953
2026-01-23,SKU0068,WH05,1.4990964
2026-01-23,SKU0069,WH01,17.29174
2026-01-23,SKU0069,WH02,15.718725
2026-01-23,SKU0069,WH03,17.10131
2026-01-23,SKU0069,WH04,16.995277
2026-01-23,SKU0069,WH05,18.016802
2026-01-23,SKU0070,WH01,15.556732
2026-01-23,SKU0070,WH02,15.815245
2026-01-23,SKU0070,WH03,15.860052
2026-01-23,SKU0070,WH04,15.9165745
2026-01-23,SKU0070,WH05,15.776565
2026-01-23,SKU0071,WH01,10.450046
2026-01-23,SKU0071,WH02,10.341339
2026-01-23,SKU0071,WH03,10.660214
2026-01-23,SKU0071,WH04,9.969279
2026-01-23,SKU0071,WH05,9.625052
2026-01-23,SKU0072,WH01,9.25316
2026-01-23,SKU0072,WH02,7.2495747
2026-01-23,SKU0072,WH03,6.944117
2026-01-23,SKU0072,WH04,5.6803303
2026-01-23,SKU0072,WH05,7.4787364
2026-01-23,SKU0073,WH01,26.300686
2026-01-23,SKU0073,WH02,23.903976
2026-01-23,SKU0073,WH03,27.706663
2026-01-23,SKU0073,WH04,23.439728
2026-01-23,SKU0073,WH05,24.42399
2026-01-23,SKU0074,WH01,18.727734
2026-01-23,SKU0074,WH02,16.990843
2026-01-23,SKU0074,WH03,18.75168
2026-01-23,SKU0074,WH04,20.532274
2026-01-23,SKU0074,WH05,17.948997
2026-01-23,SKU0075,WH01,3.445548
2026-01-23,SKU0075,WH02,4.4285007
2026-01-23,SKU0075,WH03,3.9953787
2026-01-23,SKU0075,WH04,4.9455156
2026-01-23,SKU0075,WH05,4.255888
2026-01-23,SKU0076,WH01,15.733161
2026-01-23,SKU0076,WH02,15.681848
2026-01-23,SKU0076,WH03,11.274333
2026-01-23,SKU0076,WH04,10.580422
2026-01-23,SKU0076,WH05,17.04392
2026-01-23,SKU0077,WH01,9.338128
2026-01-23,SKU0077,WH02,10.355953
2026-01-23,SKU0077,WH03,10.52638
2026-01-23,SKU0077,WH04,9.570418
2026-01-23,SKU0077,WH05,10.266228
2026-01-23,SKU0078,WH01,9.264108
2026-01-23,SKU0078,WH02,9.772589
2026-01-23,SKU0078,WH03,8.1820755
2026-01-23,SKU0078,WH04,9.201163
2026-01-23,SKU0078,WH05,9.252991
2026-01-23,SKU0079,WH01,0.5375961
2026-01-23,SKU0079,WH02,0.68193936
2026-01-23,SKU0079,WH03,0.8145979
2026-01-23,SKU0079,WH04,1.009072
2026-01-23,SKU0079,WH05,0.5375961
2026-01-23,SKU0080,WH01,15.3698015
2026-01-23,SKU0080,WH02,13.74593
2026-01-23,SKU0080,WH03,15.334094
2026-01-23,SKU0080,WH04,16.51826
2026-01-23,SKU0080,WH05,15.302209
2026-01-24,SKU0001,WH01,20.785166
2026-01-24,SKU0001,WH02,19.170748
2026-01-24,SKU0001,WH03,17.28702
2026-01-24,SKU0001,WH04,17.708904
2026-01-24,SKU0001,WH05,19.07573
2026-01-24,SKU0002,WH01,3.8280883
2026-01-24,SKU0002,WH02,3.3751123
2026-01-24,SKU0002,WH03,4.6660995
2026-01-24,SKU0002,WH04,4.2284226
2026-01-24,SKU0002,WH05,4.150046
2026-01-24,SKU0003,WH01,49.914494
2026-01-24,SKU0003,WH02,48.67971
2026-01-24,SKU0003,WH03,48.409237
2026-01-24,SKU0003,WH04,46.867462
2026-01-24,SKU0003,WH05,46.437767
2026-01-24,SKU0004,WH01,82.41019
2026-01-24,SKU0004,WH02,84.04841
2026-01-24,SKU0004,WH03,92.74407
2026-01-24,SKU0004,WH04,82.253174
2026-01-24,SKU0004,WH05,93.45348
2026-01-24,SKU0005,WH01,19.000908
2026-01-24,SKU0005,WH02,18.582102
2026-01-24,SKU0005,WH03,19.455837
2026-01-24,SKU0005,WH04,19.736883
2026-01-24,SKU0005,WH05,16.799137
2026-01-24,SKU0006,WH01,0.34746835
2026-01-24,SKU0006,WH02,0.34746835
2026-01-24,SKU0006,WH03,0.34746835
2026-01-24,SKU0006,WH04,0.34746835
2026-01-24,SKU0006,WH05,0.34746835
2026-01-24,SKU0007,WH01,16.125168
2026-01-24,SKU0007,WH02,16.768269
2026-01-24,SKU0007,WH03,15.985821
2026-01-24,SKU0007,WH04,19.066673
2026-01-24,SKU0007,WH05,14.566605
2026-01-24,SKU0008,WH01,31.042187
2026-01-24,SKU0008,WH02,30.297527
2026-01-24,SKU0008,WH03,29.814753
2026-01-24,SKU0008,WH04,28.810713
2026-01-24,SKU0008,WH05,30.467371
2026-01-24,SKU0009,WH01,35.153522
2026-01-24,SKU0009,WH02,41.05178
2026-01-24,SKU0009,WH03,41.688995
2026-01-24,SKU0009,WH04,36.969734
2026-01-24,SKU0009,WH05,34.627647
2026-01-24,SKU0010,WH01,6.325912
2026-01-24,SKU0010,WH02,7.663825
2026-01-24,SKU0010,WH03,5.184134
2026-01-24,SKU0010,WH04,8.015513
2026-01-24,SKU0010,WH05,7.3837714
2026-01-24,SKU0011,WH01,24.528566
2026-01-24,SKU0011,WH02,20.96519
2026-01-24,SKU0011,WH03,24.493353
2026-01-24,SKU0011,WH04,21.930351
2026-01-24,SKU0011,WH05,24.69349
2026-01-24,SKU0012,WH01,10.867693
2026-01-24,SKU0012,WH02,9.734817
2026-01-24,SKU0012,WH03,10.254711
2026-01-24,SKU0012,WH04,11.006481
2026-01-24,SKU0012,WH05,10.839879
2026-01-24,SKU0013,WH01,7.80359
2026-01-24,SKU0013,WH02,7.6203675
2026-01-24,SKU0013,WH03,6.0610843
2026-01-24,SKU0013,WH04,8.486772
2026-01-24,SKU0013,WH05,6.239779
2026-01-24,SKU0014,WH01,3.5182817
2026-01-24,SKU0014,WH02,3.3093066
2026-01-24,SKU0014,WH03,3.4673781
2026-01-24,SKU0014,WH04,2.8417559
2026-01-24,SKU0014,WH05,2.9986959
2026-01-24,SKU0015,WH01,2.295124
2026-01-24,SKU0015,WH02,2.42057
2026-01-24,SKU0015,WH03,2.3014727
2026-01-24,SKU0015,WH04,2.42057
2026-01-24,SKU0015,WH05,2.3215594
2026-01-24,SKU0016,WH01,65.06441
2026-01-24,SKU0016,WH02,65.15384
2026-01-24,SKU0016,WH03,63.784466
2026-01-24,SKU0016,WH04,68.2657
2026-01-24,SKU0016,WH05,70.81619
2026-01-24,SKU0017,WH01,8.101724
2026-01-24,SKU0017,WH02,9.856903
2026-01-24,SKU0017,WH03,8.495376
2026-01-24,SKU0017,WH04,9.549005
2026-01-24,SKU0017,WH05,10.20962
2026-01-24,SKU0018,WH01,21.908844
2026-01-24,SKU0018,WH02,19.585882
2026-01-24,SKU0018,WH03,22.027475
2026-01-24,SKU0018,WH04,21.94723
2026-01-24,SKU0018,WH05,21.365814
2026-01-24,SKU0019,WH01,24.772675
2026-01-24,SKU0019,WH02,28.649214
2026-01-24,SKU0019,WH03,22.917515
2026-01-24,SKU0019,WH04,25.658604
2026-01-24,SKU0019,WH05,27.363918
2026-01-24,SKU0020,WH01,15.687427
2026-01-24,SKU0020,WH02,13.60374
2026-01-24,SKU0020,WH03,16.041397
2026-01-24,SKU0020,WH04,13.327308
2026-01-24,SKU0020,WH05,16.452967
2026-01-24,SKU0021,WH01,5.2005644
2026-01-24,SKU0021,WH02,2.877247
2026-01-24,SKU0021,WH03,4.1498857
2026-01-24,SKU0021,WH04,3.5114415
2026-01-24,SKU0021,WH05,4.430685
2026-01-24,SKU0022,WH01,5.11997
2026-01-24,SKU0022,WH02,5.459639
2026-01-24,SKU0022,WH03,4.9850025
2026-01-24,SKU0022,WH04,5.3485065
2026-01-24,SKU0022,WH05,4.86507
2026-01-24,SKU0023,WH01,9.870661
2026-01-24,SKU0023,WH02,9.747072
2026-01-24,SKU0023,WH03,9.835667
2026-01-24,SKU0023,WH04,10.757202
2026-01-24,SKU0023,WH05,9.326562
2026-01-24,SKU0024,WH01,25.03576
2026-01-24,SKU0024,WH02,27.477512
2026-01-24,SKU0024,WH03,22.388163
2026-01-24,SKU0024,WH04,26.698206
2026-01-24,SKU0024,WH05,27.294859
2026-01-24,SKU0025,WH01,20.698015
2026-01-24,SKU0025,WH02,19.95574
2026-01-24,SKU0025,WH03,21.700989
2026-01-24,SKU0025,WH04,24.690083
2026-01-24,SKU0025,WH05,23.110163
2026-01-24,SKU0026,WH01,50.273678
2026-01-24,SKU0026,WH02,47.788574
2026-01-24,SKU0026,WH03,45.955563
2026-01-24,SKU0026,WH04,48.005127
2026-01-24,SKU0026,WH05,48.413067
2026-01-24,SKU0027,WH01,16.24695
2026-01-24,SKU0027,WH02,17.157797
2026-01-24,SKU0027,WH03,17.414894
2026-01-24,SKU0027,WH04,17.164879
2026-01-24,SKU0027,WH05,15.781119
2026-01-24,SKU0028,WH01,7.8246903
2026-01-24,SKU0028,WH02,8.072641
2026-01-24,SKU0028,WH03,8.666356
2026-01-24,SKU0028,WH04,8.847455
2026-01-24,SKU0028,WH05,8.067175
2026-01-24,SKU0029,WH01,10.10288
2026-01-24,SKU0029,WH02,9.749225
2026-01-24,SKU0029,WH03,9.4981
2026-01-24,SKU0029,WH04,10.6140585
2026-01-24,SKU0029,WH05,9.7333145
2026-01-24,SKU0030,WH01,18.622803
2026-01-24,SKU0030,WH02,18.261787
2026-01-24,SKU0030,WH03,19.135931
2026-01-24,SKU0030,WH04,18.019163
2026-01-24,SKU0030,WH05,18.114359
2026-01-24,SKU0031,WH01,7.955181
2026-01-24,SKU0031,WH02,10.51215
2026-01-24,SKU0031,WH03,9.287777
2026-01-24,SKU0031,WH04,9.850811
2026-01-24,SKU0031,WH05,8.583146
2026-01-24,SKU0032,WH01,10.253213
2026-01-24,SKU0032,WH02,9.476326
2026-01-24,SKU0032,WH03,10.10288
2026-01-24,SKU0032,WH04,9.9573345
2026-01-24,SKU0032,WH05,10.003672
2026-01-24,SKU0033,WH01,3.3571517
2026-01-24,SKU0033,WH02,4.239715
2026-01-24,SKU0033,WH03,4.239715
2026-01-24,SKU0033,WH04,4.1784434
2026-01-24,SKU0033,WH05,4.1364636
2026-01-24,SKU0034,WH01,5.193323
2026-01-24,SKU0034,WH02,5.193323
2026-01-24,SKU0034,WH03,4.931467
2026-01-24,SKU0034,WH04,4.730769
2026-01-24,SKU0034,WH05,5.2442274
2026-01-24,SKU0035,WH01,3.9628344
2026-01-24,SKU0035,WH02,3.9984765
2026-01-24,SKU0035,WH03,4.2418604
2026-01-24,SKU0035,WH04,4.018004
2026-01-24,SKU0035,WH05,3.7873302
2026-01-24,SKU0036,WH01,4.168572
2026-01-24,SKU0036,WH02,3.984338
2026-01-24,SKU0036,WH03,4.203468
2026-01-24,SKU0036,WH04,4.0974855
2026-01-24,SKU0036,WH05,4.343037
2026-01-24,SKU0037,WH01,0.4918116
2026-01-24,SKU0037,WH02,0.34746835
2026-01-24,SKU0037,WH03,0.34746835
2026-01-24,SKU0037,WH04,0.34746835
2026-01-24,SKU0037,WH05,0.34746835
2026-01-24,SKU0038,WH01,15.978222
2026-01-24,SKU0038,WH02,17.771412
2026-01-24,SKU0038,WH03,16.295998
2026-01-24,SKU0038,WH04,16.482616
2026-01-24,SKU0038,WH05,17.033981
2026-01-24,SKU0039,WH01,8.324657
2026-01-24,SKU0039,WH02,7.1804404
2026-01-24,SKU0039,WH03,7.132815
2026-01-24,SKU0039,WH04,6.844805
2026-01-24,SKU0039,WH05,7.061951
2026-01-24,SKU0040,WH01,4.485763
2026-01-24,SKU0040,WH02,5.2131724
2026-01-24,SKU0040,WH03,5.2131724
2026-01-24,SKU0040,WH04,5.380864
2026-01-24,SKU0040,WH05,5.2131724
2026-01-24,SKU0041,WH01,0.50898355
2026-01-24,SKU0041,WH02,0.35418954
2026-01-24,SKU0041,WH03,0.35418954
2026-01-24,SKU0041,WH04,0.36464033
2026-01-24,SKU0041,WH05,0.36464033
2026-01-24,SKU0042,WH01,21.56926
2026-01-24,SKU0042,WH02,24.15163
2026-01-24,SKU0042,WH03,20.621187
2026-01-24,SKU0042,WH04,24.16178
2026-01-24,SKU0042,WH05,19.869234
2026-01-24,SKU0043,WH01,2.4442797
2026-01-24,SKU0043,WH02,1.7829638
2026-01-24,SKU0043,WH03,2.5861955
2026-01-24,SKU0043,WH04,2.4442797
2026-01-24,SKU0043,WH05,1.569662
2026-01-24,SKU0044,WH01,2.4023595
2026-01-24,SKU0044,WH02,2.3215594
2026-01-24,SKU0044,WH03,2.3215594
2026-01-24,SKU0044,WH04,2.3215594
2026-01-24,SKU0044,WH05,2.3014727
2026-01-24,SKU0045,WH01,54.86272
2026-01-24,SKU0045,WH02,50.83575
2026-01-24,SKU0045,WH03,49.38993
2026-01-24,SKU0045,WH04,49.526436
2026-01-24,SKU0045,WH05,54.82492
2026-01-24,SKU0046,WH01,47.03184
2026-01-24,SKU0046,WH02,46.38619
2026-01-24,SKU0046,WH03,46.852238
2026-01-24,SKU0046,WH04,48.31507
2026-01-24,SKU0046,WH05,49.483727
2026-01-24,SKU0047,WH01,2.3014727
2026-01-24,SKU0047,WH02,2.3215594
2026-01-24,SKU0047,WH03,2.4023595
2026-01-24,SKU0047,WH04,2.3215594
2026-01-24,SKU0047,WH05,2.3215594
2026-01-24,SKU0048,WH01,0.34746835
2026-01-24,SKU0048,WH02,0.34746835
2026-01-24,SKU0048,WH03,0.4918116
2026-01-24,SKU0048,WH04,0.3406362
2026-01-24,SKU0048,WH05,0.34746835
2026-01-24,SKU0049,WH01,8.106891
2026-01-24,SKU0049,WH02,9.637375
2026-01-24,SKU0049,WH03,9.033755
2026-01-24,SKU0049,WH04,10.277718
2026-01-24,SKU0049,WH05,10.475089
2026-01-24,SKU0050,WH01,17.818708
2026-01-24,SKU0050,WH02,18.101955
2026-01-24,SKU0050,WH03,16.752502
2026-01-24,SKU0050,WH04,15.924474
2026-01-24,SKU0050,WH05,16.790842
2026-01-24,SKU0051,WH01,0.3406362
2026-01-24,SKU0051,WH02,0.4918116
2026-01-24,SKU0051,WH03,0.3406362
2026-01-24,SKU0051,WH04,0.34746835
2026-01-24,SKU0051,WH05,0.4918116
2026-01-24,SKU0052,WH01,26.581621
2026-01-24,SKU0052,WH02,24.685917
2026-01-24,SKU0052,WH03,24.080778
2026-01-24,SKU0052,WH04,27.536676
2026-01-24,SKU0052,WH05,26.881569
2026-01-24,SKU0053,WH01,2.3014727
2026-01-24,SKU0053,WH02,2.3215594
2026-01-24,SKU0053,WH03,2.3215594
2026-01-24,SKU0053,WH04,2.4278255
2026-01-24,SKU0053,WH05,2.3215594
2026-01-24,SKU0054,WH01,15.831652
2026-01-24,SKU0054,WH02,12.5201235
2026-01-24,SKU0054,WH03,16.685448
2026-01-24,SKU0054,WH04,14.951908
2026-01-24,SKU0054,WH05,11.211352
2026-01-24,SKU0055,WH01,19.997454
2026-01-24,SKU0055,WH02,19.375814
2026-01-24,SKU0055,WH03,19.70166
2026-01-24,SKU0055,WH04,18.255909
2026-01-24,SKU0055,WH05,22.629164
2026-01-24,SKU0056,WH01,0.3473574
2026-01-24,SKU0056,WH02,0.49853286
2026-01-24,SKU0056,WH03,0.50898355
2026-01-24,SKU0056,WH04,0.35418954
2026-01-24,SKU0056,WH05,0.5252493
2026-01-24,SKU0057,WH01,4.889229
2026-01-24,SKU0057,WH02,5.2666655
2026-01-24,SKU0057,WH03,4.9319587
2026-01-24,SKU0057,WH04,5.1384687
2026-01-24,SKU0057,WH05,5.1384687
2026-01-24,SKU0058,WH01,27.972013
2026-01-24,SKU0058,WH02,27.126238
2026-01-24,SKU0058,WH03,29.13255
2026-01-24,SKU0058,WH04,30.326027
2026-01-24,SKU0058,WH05,30.877497
2026-01-24,SKU0059,WH01,23.496988
2026-01-24,SKU0059,WH02,25.242867
2026-01-24,SKU0059,WH03,21.739777
2026-01-24,SKU0059,WH04,24.063864
2026-01-24,SKU0059,WH05,24.961773
2026-01-24,SKU0060,WH01,10.393311
2026-01-24,SKU0060,WH02,9.856903
2026-01-24,SKU0060,WH03,9.895063
2026-01-24,SKU0060,WH04,9.850152
2026-01-24,SKU0060,WH05,10.017429
2026-01-24,SKU0061,WH01,15.087431
2026-01-24,SKU0061,WH02,18.245213
2026-01-24,SKU0061,WH03,18.106724
2026-01-24,SKU0061,WH04,18.551271
2026-01-24,SKU0061,WH05,18.39697
2026-01-24,SKU0062,WH01,32.113182
2026-01-24,SKU0062,WH02,39.950817
2026-01-24,SKU0062,WH03,35.505196
2026-01-24,SKU0062,WH04,35.7926
2026-01-24,SKU0062,WH05,35.44263
2026-01-24,SKU0063,WH01,10.819544
2026-01-24,SKU0063,WH02,11.864163
2026-01-24,SKU0063,WH03,10.932708
2026-01-24,SKU0063,WH04,11.450209
2026-01-24,SKU0063,WH05,10.9708
2026-01-24,SKU0064,WH01,8.530312
2026-01-24,SKU0064,WH02,9.713989
2026-01-24,SKU0064,WH03,8.63388
2026-01-24,SKU0064,WH04,9.893955
2026-01-24,SKU0064,WH05,9.138897
2026-01-24,SKU0065,WH01,47.988842
2026-01-24,SKU0065,WH02,46.00806
2026-01-24,SKU0065,WH03,47.098324
2026-01-24,SKU0065,WH04,45.255463
2026-01-24,SKU0065,WH05,46.925022
2026-01-24,SKU0066,WH01,8.664934
2026-01-24,SKU0066,WH02,8.725343
2026-01-24,SKU0066,WH03,8.510462
2026-01-24,SKU0066,WH04,9.815817
2026-01-24,SKU0066,WH05,10.667914
2026-01-24,SKU0067,WH01,41.011776
2026-01-24,SKU0067,WH02,40.20518
2026-01-24,SKU0067,WH03,44.28846
2026-01-24,SKU0067,WH04,45.092865
2026-01-24,SKU0067,WH05,43.532642
2026-01-24,SKU0068,WH01,0.5022623
2026-01-24,SKU0068,WH02,0.64837945
2026-01-24,SKU0068,WH03,0.64837945
2026-01-24,SKU0068,WH04,1.5208298
2026-01-24,SKU0068,WH05,1.4610307
2026-01-24,SKU0069,WH01,18.363596
2026-01-24,SKU0069,WH02,16.46998
2026-01-24,SKU0069,WH03,18.840557
2026-01-24,SKU0069,WH04,18.106724
2026-01-24,SKU0069,WH05,19.375864
2026-01-24,SKU0070,WH01,16.34352
2026-01-24,SKU0070,WH02,16.884604
2026-01-24,SKU0070,WH03,16.972887
2026-01-24,SKU0070,WH04,16.93592
2026-01-24,SKU0070,WH05,16.71335
2026-01-24,SKU0071,WH01,11.943629
2026-01-24,SKU0071,WH02,10.785677
2026-01-24,SKU0071,WH03,11.119678
2026-01-24,SKU0071,WH04,10.275469
2026-01-24,SKU0071,WH05,10.288097
2026-01-24,SKU0072,WH01,9.784493
2026-01-24,SKU0072,WH02,7.4512453
2026-01-24,SKU0072,WH03,7.377371
2026-01-24,SKU0072,WH04,6.107879
2026-01-24,SKU0072,WH05,7.9158025
2026-01-24,SKU0073,WH01,27.506104
2026-01-24,SKU0073,WH02,25.491789
2026-01-24,SKU0073,WH03,29.19262
2026-01-24,SKU0073,WH04,24.862316
2026-01-24,SKU0073,WH05,26.106493
2026-01-24,SKU0074,WH01,19.915619
2026-01-24,SKU0074,WH02,17.926405
2026-01-24,SKU0074,WH03,19.965488
2026-01-24,SKU0074,WH04,21.698647
2026-01-24,SKU0074,WH05,19.543715
2026-01-24,SKU0075,WH01,3.348724
2026-01-24,SKU0075,WH02,4.465914
2026-01-24,SKU0075,WH03,4.1498857
2026-01-24,SKU0075,WH04,4.8138447
2026-01-24,SKU0075,WH05,4.254052
2026-01-24,SKU0076,WH01,16.502562
2026-01-24,SKU0076,WH02,16.62873
2026-01-24,SKU0076,WH03,11.978856
2026-01-24,SKU0076,WH04,11.340183
2026-01-24,SKU0076,WH05,18.353924
2026-01-24,SKU0077,WH01,9.804387
2026-01-24,SKU0077,WH02,10.459563
2026-01-24,SKU0077,WH03,10.975654
2026-01-24,SKU0077,WH04,9.930488
2026-01-24,SKU0077,WH05,11.17426
2026-01-24,SKU0078,WH01,9.953926
2026-01-24,SKU0078,WH02,10.464032
2026-01-24,SKU0078,WH03,9.083799
2026-01-24,SKU0078,WH04,9.883427
2026-01-24,SKU0078,WH05,9.832732
2026-01-24,SKU0079,WH01,0.48424065
2026-01-24,SKU0079,WH02,0.6084971
2026-01-24,SKU0079,WH03,0.6284385
2026-01-24,SKU0079,WH04,0.95571554
2026-01-24,SKU0079,WH05,0.48424065
2026-01-24,SKU0080,WH01,16.017982
2026-01-24,SKU0080,WH02,14.785095
2026-01-24,SKU0080,WH03,16.44414
2026-01-24,SKU0080,WH04,17.717321
2026-01-24,SKU0080,WH05,16.191765
2026-01-25,SKU0001,WH01,20.301022
2026-01-25,SKU0001,WH02,19.414806
2026-01-25,SKU0001,WH03,17.55869
2026-01-25,SKU0001,WH04,17.600235
2026-01-25,SKU0001,WH05,19.264463
2026-01-25,SKU0002,WH01,3.712414
2026-01-25,SKU0002,WH02,3.2761018
2026-01-25,SKU0002,WH03,4.6660995
2026-01-25,SKU0002,WH04,4.423934
2026-01-25,SKU0002,WH05,4.150046
2026-01-25,SKU0003,WH01,50.031567
2026-01-25,SKU0003,WH02,48.73865
2026-01-25,SKU0003,WH03,47.821148
2026-01-25,SKU0003,WH04,46.520103
2026-01-25,SKU0003,WH05,46.36899
2026-01-25,SKU0004,WH01,79.983734
2026-01-25,SKU0004,WH02,79.759834
2026-01-25,SKU0004,WH03,89.99701
2026-01-25,SKU0004,WH04,80.982925
2026-01-25,SKU0004,WH05,91.62247
2026-01-25,SKU0005,WH01,19.022156
2026-01-25,SKU0005,WH02,19.229473
2026-01-25,SKU0005,WH03,19.302202
2026-01-25,SKU0005,WH04,20.47
2026-01-25,SKU0005,WH05,16.717077
2026-01-25,SKU0006,WH01,0.3406362
2026-01-25,SKU0006,WH02,0.34746835
2026-01-25,SKU0006,WH03,0.34746835
2026-01-25,SKU0006,WH04,0.34746835
2026-01-25,SKU0006,WH05,0.34746835
2026-01-25,SKU0007,WH01,15.840666
2026-01-25,SKU0007,WH02,16.385387
2026-01-25,SKU0007,WH03,15.567843
2026-01-25,SKU0007,WH04,18.418633
2026-01-25,SKU0007,WH05,14.216916
2026-01-25,SKU0008,WH01,31.23151
2026-01-25,SKU0008,WH02,30.631504
2026-01-25,SKU0008,WH03,29.950861
2026-01-25,SKU0008,WH04,29.5939
2026-01-25,SKU0008,WH05,30.62599
2026-01-25,SKU0009,WH01,35.8377
2026-01-25,SKU0009,WH02,39.17059
2026-01-25,SKU0009,WH03,41.60497
2026-01-25,SKU0009,WH04,36.092464
2026-01-25,SKU0009,WH05,35.145134
2026-01-25,SKU0010,WH01,6.2533765
2026-01-25,SKU0010,WH02,7.663825
2026-01-25,SKU0010,WH03,5.11997
2026-01-25,SKU0010,WH04,8.343634
2026-01-25,SKU0010,WH05,7.332867
2026-01-25,SKU0011,WH01,24.895927
2026-01-25,SKU0011,WH02,21.260902
2026-01-25,SKU0011,WH03,24.712149
2026-01-25,SKU0011,WH04,21.755772
2026-01-25,SKU0011,WH05,24.80001
2026-01-25,SKU0012,WH01,10.889706
2026-01-25,SKU0012,WH02,9.86391
2026-01-25,SKU0012,WH03,10.529777
2026-01-25,SKU0012,WH04,10.947702
2026-01-25,SKU0012,WH05,10.803252
2026-01-25,SKU0013,WH01,7.7526855
2026-01-25,SKU0013,WH02,7.5694633
2026-01-25,SKU0013,WH03,5.7812796
2026-01-25,SKU0013,WH04,8.513903
2026-01-25,SKU0013,WH05,6.4345593
2026-01-25,SKU0014,WH01,3.3947563
2026-01-25,SKU0014,WH02,3.3093066
2026-01-25,SKU0014,WH03,3.3819287
2026-01-25,SKU0014,WH04,2.8417559
2026-01-25,SKU0014,WH05,2.940944
2026-01-25,SKU0015,WH01,2.433628
2026-01-25,SKU0015,WH02,2.42057
2026-01-25,SKU0015,WH03,2.3014727
2026-01-25,SKU0015,WH04,2.3014727
2026-01-25,SKU0015,WH05,2.4023595
2026-01-25,SKU0016,WH01,63.37053
2026-01-25,SKU0016,WH02,64.51813
2026-01-25,SKU0016,WH03,63.756218
2026-01-25,SKU0016,WH04,67.54639
2026-01-25,SKU0016,WH05,68.25718
2026-01-25,SKU0017,WH01,8.383127
2026-01-25,SKU0017,WH02,9.7333145
2026-01-25,SKU0017,WH03,8.646593
2026-01-25,SKU0017,WH04,9.621689
2026-01-25,SKU0017,WH05,10.687764
2026-01-25,SKU0018,WH01,22.156242
2026-01-25,SKU0018,WH02,19.809547
2026-01-25,SKU0018,WH03,22.341383
2026-01-25,SKU0018,WH04,22.388494
2026-01-25,SKU0018,WH05,21.240953
2026-01-25,SKU0019,WH01,24.891016
2026-01-25,SKU0019,WH02,28.295208
2026-01-25,SKU0019,WH03,23.27119
2026-01-25,SKU0019,WH04,25.769337
2026-01-25,SKU0019,WH05,27.420383
2026-01-25,SKU0020,WH01,15.753368
2026-01-25,SKU0020,WH02,14.243603
2026-01-25,SKU0020,WH03,16.45552
2026-01-25,SKU0020,WH04,14.129037
2026-01-25,SKU0020,WH05,16.512653
2026-01-25,SKU0021,WH01,5.173409
2026-01-25,SKU0021,WH02,2.8954575
2026-01-25,SKU0021,WH03,3.9793544
2026-01-25,SKU0021,WH04,3.6104522
2026-01-25,SKU0021,WH05,4.331674
2026-01-25,SKU0022,WH01,5.173409
2026-01-25,SKU0022,WH02,5.3963504
2026-01-25,SKU0022,WH03,4.873088
2026-01-25,SKU0022,WH04,5.261207
2026-01-25,SKU0022,WH05,4.73083
2026-01-25,SKU0023,WH01,9.870661
2026-01-25,SKU0023,WH02,10.158267
2026-01-25,SKU0023,WH03,9.5647745
2026-01-25,SKU0023,WH04,10.698423
2026-01-25,SKU0023,WH05,9.42949
2026-01-25,SKU0024,WH01,25.93242
2026-01-25,SKU0024,WH02,28.44066
2026-01-25,SKU0024,WH03,22.981087
2026-01-25,SKU0024,WH04,27.158762
2026-01-25,SKU0024,WH05,27.90615
2026-01-25,SKU0025,WH01,21.136852
2026-01-25,SKU0025,WH02,19.964598
2026-01-25,SKU0025,WH03,22.13947
2026-01-25,SKU0025,WH04,24.961739
2026-01-25,SKU0025,WH05,23.381289
2026-01-25,SKU0026,WH01,51.09669
2026-01-25,SKU0026,WH02,46.27587
2026-01-25,SKU0026,WH03,46.21197
2026-01-25,SKU0026,WH04,46.04078
2026-01-25,SKU0026,WH05,48.78284
2026-01-25,SKU0027,WH01,16.452967
2026-01-25,SKU0027,WH02,17.34043
2026-01-25,SKU0027,WH03,17.739527
2026-01-25,SKU0027,WH04,17.359766
2026-01-25,SKU0027,WH05,15.720123
2026-01-25,SKU0028,WH01,7.585109
2026-01-25,SKU0028,WH02,8.269479
2026-01-25,SKU0028,WH03,8.499608
2026-01-25,SKU0028,WH04,8.448704
2026-01-25,SKU0028,WH05,7.828703
2026-01-25,SKU0029,WH01,10.295886
2026-01-25,SKU0029,WH02,9.749225
2026-01-25,SKU0029,WH03,9.835667
2026-01-25,SKU0029,WH04,10.495373
2026-01-25,SKU0029,WH05,9.856903
2026-01-25,SKU0030,WH01,18.985786
2026-01-25,SKU0030,WH02,18.053297
2026-01-25,SKU0030,WH03,19.133757
2026-01-25,SKU0030,WH04,17.95835
2026-01-25,SKU0030,WH05,17.77424
2026-01-25,SKU0031,WH01,7.549614
2026-01-25,SKU0031,WH02,10.436782
2026-01-25,SKU0031,WH03,9.047522
2026-01-25,SKU0031,WH04,9.850811
2026-01-25,SKU0031,WH05,8.510462
2026-01-25,SKU0032,WH01,10.527653
2026-01-25,SKU0032,WH02,10.017396
2026-01-25,SKU0032,WH03,10.18381
2026-01-25,SKU0032,WH04,10.2847805
2026-01-25,SKU0032,WH05,10.306023
2026-01-25,SKU0033,WH01,3.286351
2026-01-25,SKU0033,WH02,4.239715
2026-01-25,SKU0033,WH03,4.338726
2026-01-25,SKU0033,WH04,4.1784434
2026-01-25,SKU0033,WH05,4.3518243
2026-01-25,SKU0034,WH01,5.2442274
2026-01-25,SKU0034,WH02,5.2442274
2026-01-25,SKU0034,WH03,4.8577733
2026-01-25,SKU0034,WH04,4.765998
2026-01-25,SKU0034,WH05,5.0880995
2026-01-25,SKU0035,WH01,3.9810448
2026-01-25,SKU0035,WH02,4.203468
2026-01-25,SKU0035,WH03,4.168572
2026-01-25,SKU0035,WH04,4.018004
2026-01-25,SKU0035,WH05,4.0129156
2026-01-25,SKU0036,WH01,4.1998806
2026-01-25,SKU0036,WH02,3.885327
2026-01-25,SKU0036,WH03,4.0594196
2026-01-25,SKU0036,WH04,3.9984765
2026-01-25,SKU0036,WH05,4.1917777
2026-01-25,SKU0037,WH01,0.34746835
2026-01-25,SKU0037,WH02,0.34746835
2026-01-25,SKU0037,WH03,0.34746835
2026-01-25,SKU0037,WH04,0.34746835
2026-01-25,SKU0037,WH05,0.34746835
2026-01-25,SKU0038,WH01,16.314396
2026-01-25,SKU0038,WH02,18.016165
2026-01-25,SKU0038,WH03,16.332193
2026-01-25,SKU0038,WH04,16.764479
2026-01-25,SKU0038,WH05,17.090504
2026-01-25,SKU0039,WH01,8.27
2026-01-25,SKU0039,WH02,7.1002054
2026-01-25,SKU0039,WH03,6.954725
2026-01-25,SKU0039,WH04,6.9689975
2026-01-25,SKU0039,WH05,6.7950706
2026-01-25,SKU0040,WH01,4.485763
2026-01-25,SKU0040,WH02,5.139884
2026-01-25,SKU0040,WH03,5.2131724
2026-01-25,SKU0040,WH04,5.572799
2026-01-25,SKU0040,WH05,5.2640767
2026-01-25,SKU0041,WH01,0.49853286
2026-01-25,SKU0041,WH02,0.35418954
2026-01-25,SKU0041,WH03,0.35418954
2026-01-25,SKU0041,WH04,0.35418954
2026-01-25,SKU0041,WH05,0.50898355
2026-01-25,SKU0042,WH01,22.14113
2026-01-25,SKU0042,WH02,24.6722
2026-01-25,SKU0042,WH03,20.70288
2026-01-25,SKU0042,WH04,24.656698
2026-01-25,SKU0042,WH05,19.751598
2026-01-25,SKU0043,WH01,2.4442797
2026-01-25,SKU0043,WH02,1.7337197
2026-01-25,SKU0043,WH03,2.5661087
2026-01-25,SKU0043,WH04,2.5827835
2026-01-25,SKU0043,WH05,1.569662
2026-01-25,SKU0044,WH01,2.3014727
2026-01-25,SKU0044,WH02,2.3215594
2026-01-25,SKU0044,WH03,2.3215594
2026-01-25,SKU0044,WH04,2.3215594
2026-01-25,SKU0044,WH05,2.3014727
2026-01-25,SKU0045,WH01,54.269127
2026-01-25,SKU0045,WH02,50.8591
2026-01-25,SKU0045,WH03,50.225655
2026-01-25,SKU0045,WH04,49.567326
2026-01-25,SKU0045,WH05,54.031044
2026-01-25,SKU0046,WH01,46.926853
2026-01-25,SKU0046,WH02,46.681477
2026-01-25,SKU0046,WH03,46.745815
2026-01-25,SKU0046,WH04,48.077793
2026-01-25,SKU0046,WH05,48.620407
2026-01-25,SKU0047,WH01,2.372274
2026-01-25,SKU0047,WH02,2.3215594
2026-01-25,SKU0047,WH03,2.3215594
2026-01-25,SKU0047,WH04,2.4023595
2026-01-25,SKU0047,WH05,2.3215594
2026-01-25,SKU0048,WH01,0.34746835
2026-01-25,SKU0048,WH02,0.34746835
2026-01-25,SKU0048,WH03,0.3406362
2026-01-25,SKU0048,WH04,0.34746835
2026-01-25,SKU0048,WH05,0.34746835
2026-01-25,SKU0049,WH01,8.25761
2026-01-25,SKU0049,WH02,9.723273
2026-01-25,SKU0049,WH03,8.934102
2026-01-25,SKU0049,WH04,9.956814
2026-01-25,SKU0049,WH05,10.50005
2026-01-25,SKU0050,WH01,17.823935
2026-01-25,SKU0050,WH02,17.947653
2026-01-25,SKU0050,WH03,16.588009
2026-01-25,SKU0050,WH04,15.758607
2026-01-25,SKU0050,WH05,16.720776
2026-01-25,SKU0051,WH01,0.3406362
2026-01-25,SKU0051,WH02,0.4918116
2026-01-25,SKU0051,WH03,0.3406362
2026-01-25,SKU0051,WH04,0.34746835
2026-01-25,SKU0051,WH05,0.34746835
2026-01-25,SKU0052,WH01,27.434374
2026-01-25,SKU0052,WH02,25.262049
2026-01-25,SKU0052,WH03,24.759895
2026-01-25,SKU0052,WH04,27.441454
2026-01-25,SKU0052,WH05,27.017588
2026-01-25,SKU0053,WH01,2.3014727
2026-01-25,SKU0053,WH02,2.3215594
2026-01-25,SKU0053,WH03,2.3215594
2026-01-25,SKU0053,WH04,2.526836
2026-01-25,SKU0053,WH05,2.3215594
2026-01-25,SKU0054,WH01,15.768896
2026-01-25,SKU0054,WH02,12.779532
2026-01-25,SKU0054,WH03,16.212141
2026-01-25,SKU0054,WH04,14.8517475
2026-01-25,SKU0054,WH05,11.334337
2026-01-25,SKU0055,WH01,19.996908
2026-01-25,SKU0055,WH02,19.375814
2026-01-25,SKU0055,WH03,19.546335
2026-01-25,SKU0055,WH04,18.472603
2026-01-25,SKU0055,WH05,23.119692
2026-01-25,SKU0056,WH01,0.35418954
2026-01-25,SKU0056,WH02,0.49853286
2026-01-25,SKU0056,WH03,0.50898355
2026-01-25,SKU0056,WH04,0.35418954
2026-01-25,SKU0056,WH05,0.50898355
2026-01-25,SKU0057,WH01,5.252269
2026-01-25,SKU0057,WH02,5.189373
2026-01-25,SKU0057,WH03,4.6331472
2026-01-25,SKU0057,WH04,5.0651803
2026-01-25,SKU0057,WH05,4.98438
2026-01-25,SKU0058,WH01,28.308123
2026-01-25,SKU0058,WH02,27.191284
2026-01-25,SKU0058,WH03,29.156878
2026-01-25,SKU0058,WH04,30.53029
2026-01-25,SKU0058,WH05,30.590002
2026-01-25,SKU0059,WH01,23.880802
2026-01-25,SKU0059,WH02,25.387423
2026-01-25,SKU0059,WH03,22.368118
2026-01-25,SKU0059,WH04,24.583214
2026-01-25,SKU0059,WH05,25.172981
2026-01-25,SKU0060,WH01,10.561023
2026-01-25,SKU0060,WH02,9.856903
2026-01-25,SKU0060,WH03,10.174526
2026-01-25,SKU0060,WH04,9.784219
2026-01-25,SKU0060,WH05,10.180419
2026-01-25,SKU0061,WH01,15.433437
2026-01-25,SKU0061,WH02,18.26646
2026-01-25,SKU0061,WH03,18.041994
2026-01-25,SKU0061,WH04,18.56358
2026-01-25,SKU0061,WH05,18.823704
2026-01-25,SKU0062,WH01,32.02852
2026-01-25,SKU0062,WH02,40.96879
2026-01-25,SKU0062,WH03,36.11138
2026-01-25,SKU0062,WH04,35.58387
2026-01-25,SKU0062,WH05,36.048855
2026-01-25,SKU0063,WH01,10.497537
2026-01-25,SKU0063,WH02,11.849413
2026-01-25,SKU0063,WH03,11.025761
2026-01-25,SKU0063,WH04,11.448177
2026-01-25,SKU0063,WH05,11.111638
2026-01-25,SKU0064,WH01,8.479407
2026-01-25,SKU0064,WH02,9.6079855
2026-01-25,SKU0064,WH03,8.63388
2026-01-25,SKU0064,WH04,10.23483
2026-01-25,SKU0064,WH05,9.306011
2026-01-25,SKU0065,WH01,48.156487
2026-01-25,SKU0065,WH02,46.32844
2026-01-25,SKU0065,WH03,46.592007
2026-01-25,SKU0065,WH04,45.38189
2026-01-25,SKU0065,WH05,46.675327
2026-01-25,SKU0066,WH01,8.737618
2026-01-25,SKU0066,WH02,8.738056
2026-01-25,SKU0066,WH03,8.459558
2026-01-25,SKU0066,WH04,9.726217
2026-01-25,SKU0066,WH05,10.579425
2026-01-25,SKU0067,WH01,41.21911
2026-01-25,SKU0067,WH02,41.330437
2026-01-25,SKU0067,WH03,44.401077
2026-01-25,SKU0067,WH04,45.34148
2026-01-25,SKU0067,WH05,44.34687
2026-01-25,SKU0068,WH01,0.5022623
2026-01-25,SKU0068,WH02,0.63492084
2026-01-25,SKU0068,WH03,0.64837945
2026-01-25,SKU0068,WH04,1.3698229
2026-01-25,SKU0068,WH05,1.4610307
2026-01-25,SKU0069,WH01,18.876345
2026-01-25,SKU0069,WH02,16.778715
2026-01-25,SKU0069,WH03,18.742102
2026-01-25,SKU0069,WH04,18.37541
2026-01-25,SKU0069,WH05,19.169523
2026-01-25,SKU0070,WH01,16.7187
2026-01-25,SKU0070,WH02,16.95467
2026-01-25,SKU0070,WH03,16.452747
2026-01-25,SKU0070,WH04,16.93592
2026-01-25,SKU0070,WH05,17.197128
2026-01-25,SKU0071,WH01,11.721003
2026-01-25,SKU0071,WH02,10.785677
2026-01-25,SKU0071,WH03,11.017155
2026-01-25,SKU0071,WH04,10.54071
2026-01-25,SKU0071,WH05,10.097587
2026-01-25,SKU0072,WH01,9.638604
2026-01-25,SKU0072,WH02,7.5463424
2026-01-25,SKU0072,WH03,7.1986275
2026-01-25,SKU0072,WH04,6.091484
2026-01-25,SKU0072,WH05,7.9158025
2026-01-25,SKU0073,WH01,28.086395
2026-01-25,SKU0073,WH02,25.817917
2026-01-25,SKU0073,WH03,30.068048
2026-01-25,SKU0073,WH04,25.223745
2026-01-25,SKU0073,WH05,26.228174
2026-01-25,SKU0074,WH01,19.857601
2026-01-25,SKU0074,WH02,18.101955
2026-01-25,SKU0074,WH03,20.212927
2026-01-25,SKU0074,WH04,21.93978
2026-01-25,SKU0074,WH05,19.312208
2026-01-25,SKU0075,WH01,3.348724
2026-01-25,SKU0075,WH02,4.430685
2026-01-25,SKU0075,WH03,4.031231
2026-01-25,SKU0075,WH04,4.8142624
2026-01-25,SKU0075,WH05,4.183251
2026-01-25,SKU0076,WH01,16.77616
2026-01-25,SKU0076,WH02,16.71079
2026-01-25,SKU0076,WH03,11.827024
2026-01-25,SKU0076,WH04,11.101987
2026-01-25,SKU0076,WH05,18.180483
2026-01-25,SKU0077,WH01,9.863166
2026-01-25,SKU0077,WH02,10.719085
2026-01-25,SKU0077,WH03,11.18004
2026-01-25,SKU0077,WH04,10.040171
2026-01-25,SKU0077,WH05,11.039544
2026-01-25,SKU0078,WH01,9.749225
2026-01-25,SKU0078,WH02,10.724469
2026-01-25,SKU0078,WH03,9.147756
2026-01-25,SKU0078,WH04,9.774818
2026-01-25,SKU0078,WH05,10.10288
2026-01-25,SKU0079,WH01,0.48424065
2026-01-25,SKU0079,WH02,0.48424065
2026-01-25,SKU0079,WH03,0.6284385
2026-01-25,SKU0079,WH04,0.95571554
2026-01-25,SKU0079,WH05,0.47378993
2026-01-25,SKU0080,WH01,16.273823
2026-01-25,SKU0080,WH02,15.102933
2026-01-25,SKU0080,WH03,16.55992
2026-01-25,SKU0080,WH04,17.599789
2026-01-25,SKU0080,WH05,16.501902
2026-01-26,SKU0001,WH01,19.054523
2026-01-26,SKU0001,WH02,17.830359
2026-01-26,SKU0001,WH03,16.337173
2026-01-26,SKU0001,WH04,16.696041
2026-01-26,SKU0001,WH05,17.814142
2026-01-26,SKU0002,WH01,3.5236719
2026-01-26,SKU0002,WH02,3.343668
2026-01-26,SKU0002,WH03,4.537377
2026-01-26,SKU0002,WH04,4.2789154
2026-01-26,SKU0002,WH05,4.2789154
2026-01-26,SKU0003,WH01,47.558662
2026-01-26,SKU0003,WH02,46.61407
2026-01-26,SKU0003,WH03,46.330193
2026-01-26,SKU0003,WH04,45.23288
2026-01-26,SKU0003,WH05,44.92309
2026-01-26,SKU0004,WH01,71.281975
2026-01-26,SKU0004,WH02,74.57395
2026-01-26,SKU0004,WH03,86.23564
2026-01-26,SKU0004,WH04,72.47382
2026-01-26,SKU0004,WH05,89.33382
2026-01-26,SKU0005,WH01,17.564524
2026-01-26,SKU0005,WH02,17.406046
2026-01-26,SKU0005,WH03,18.136448
2026-01-26,SKU0005,WH04,19.312618
2026-01-26,SKU0005,WH05,15.716901
2026-01-26,SKU0006,WH01,0.68236905
2026-01-26,SKU0006,WH02,0.68236905
2026-01-26,SKU0006,WH03,0.68236905
2026-01-26,SKU0006,WH04,0.68236905
2026-01-26,SKU0006,WH05,0.68236905
2026-01-26,SKU0007,WH01,14.714502
2026-01-26,SKU0007,WH02,15.189009
2026-01-26,SKU0007,WH03,14.513832
2026-01-26,SKU0007,WH04,17.3825
2026-01-26,SKU0007,WH05,13.294852
2026-01-26,SKU0008,WH01,29.67315
2026-01-26,SKU0008,WH02,28.98775
2026-01-26,SKU0008,WH03,28.149296
2026-01-26,SKU0008,WH04,28.150469
2026-01-26,SKU0008,WH05,29.145348
2026-01-26,SKU0009,WH01,33.65121
2026-01-26,SKU0009,WH02,38.8593
2026-01-26,SKU0009,WH03,39.63487
2026-01-26,SKU0009,WH04,35.33547
2026-01-26,SKU0009,WH05,32.998398
2026-01-26,SKU0010,WH01,5.980704
2026-01-26,SKU0010,WH02,7.4494443
2026-01-26,SKU0010,WH03,4.9791007
2026-01-26,SKU0010,WH04,8.021343
2026-01-26,SKU0010,WH05,7.0887084
2026-01-26,SKU0011,WH01,23.350632
2026-01-26,SKU0011,WH02,20.082973
2026-01-26,SKU0011,WH03,23.477196
2026-01-26,SKU0011,WH04,20.472347
2026-01-26,SKU0011,WH05,23.204346
2026-01-26,SKU0012,WH01,10.036645
2026-01-26,SKU0012,WH02,9.180179
2026-01-26,SKU0012,WH03,9.583991
2026-01-26,SKU0012,WH04,10.464481
2026-01-26,SKU0012,WH05,10.180242
2026-01-26,SKU0013,WH01,7.5693603
2026-01-26,SKU0013,WH02,7.1107574
2026-01-26,SKU0013,WH03,5.4709024
2026-01-26,SKU0013,WH04,8.049302
2026-01-26,SKU0013,WH05,6.187203
2026-01-26,SKU0014,WH01,3.343668
2026-01-26,SKU0014,WH02,3.4013147
2026-01-26,SKU0014,WH03,3.330514
2026-01-26,SKU0014,WH04,2.9991379
2026-01-26,SKU0014,WH05,2.9680429
2026-01-26,SKU0015,WH01,2.455441
2026-01-26,SKU0015,WH02,2.3153
2026-01-26,SKU0015,WH03,2.3153
2026-01-26,SKU0015,WH04,2.3153
2026-01-26,SKU0015,WH05,2.490892
2026-01-26,SKU0016,WH01,55.88864
2026-01-26,SKU0016,WH02,55.538776
2026-01-26,SKU0016,WH03,56.043423
2026-01-26,SKU0016,WH04,61.614243
2026-01-26,SKU0016,WH05,61.60012
2026-01-26,SKU0017,WH01,8.086975
2026-01-26,SKU0017,WH02,9.537962
2026-01-26,SKU0017,WH03,8.5231285
2026-01-26,SKU0017,WH04,8.895212
2026-01-26,SKU0017,WH05,9.726713
2026-01-26,SKU0018,WH01,20.766436
2026-01-26,SKU0018,WH02,18.532146
2026-01-26,SKU0018,WH03,20.803068
2026-01-26,SKU0018,WH04,21.007076
2026-01-26,SKU0018,WH05,20.268364
2026-01-26,SKU0019,WH01,23.803986
2026-01-26,SKU0019,WH02,26.787628
2026-01-26,SKU0019,WH03,21.690311
2026-01-26,SKU0019,WH04,23.565617
2026-01-26,SKU0019,WH05,26.383606
2026-01-26,SKU0020,WH01,14.672923
2026-01-26,SKU0020,WH02,12.699218
2026-01-26,SKU0020,WH03,15.426504
2026-01-26,SKU0020,WH04,13.103911
2026-01-26,SKU0020,WH05,15.374693
2026-01-26,SKU0021,WH01,5.0332747
2026-01-26,SKU0021,WH02,2.8757527
2026-01-26,SKU0021,WH03,4.136737
2026-01-26,SKU0021,WH04,3.4932315
2026-01-26,SKU0021,WH05,4.427007
2026-01-26,SKU0022,WH01,5.171679
2026-01-26,SKU0022,WH02,5.4125857
2026-01-26,SKU0022,WH03,4.9369435
2026-01-26,SKU0022,WH04,5.4185405
2026-01-26,SKU0022,WH05,4.9289255
2026-01-26,SKU0023,WH01,9.166421
2026-01-26,SKU0023,WH02,9.27575
2026-01-26,SKU0023,WH03,9.180534
2026-01-26,SKU0023,WH04,10.214738
2026-01-26,SKU0023,WH05,9.111464
2026-01-26,SKU0024,WH01,24.006777
2026-01-26,SKU0024,WH02,26.409655
2026-01-26,SKU0024,WH03,21.144562
2026-01-26,SKU0024,WH04,25.103159
2026-01-26,SKU0024,WH05,25.216455
2026-01-26,SKU0025,WH01,20.275537
2026-01-26,SKU0025,WH02,18.04785
2026-01-26,SKU0025,WH03,20.263706
2026-01-26,SKU0025,WH04,23.363195
2026-01-26,SKU0025,WH05,22.257925
2026-01-26,SKU0026,WH01,47.00434
2026-01-26,SKU0026,WH02,44.64008
2026-01-26,SKU0026,WH03,43.832664
2026-01-26,SKU0026,WH04,45.339058
2026-01-26,SKU0026,WH05,46.106186
2026-01-26,SKU0027,WH01,15.41935
2026-01-26,SKU0027,WH02,16.201357
2026-01-26,SKU0027,WH03,16.752056
2026-01-26,SKU0027,WH04,16.300495
2026-01-26,SKU0027,WH05,14.714502
2026-01-26,SKU0028,WH01,7.265265
2026-01-26,SKU0028,WH02,7.505409
2026-01-26,SKU0028,WH03,7.930232
2026-01-26,SKU0028,WH04,8.065914
2026-01-26,SKU0028,WH05,7.2562494
2026-01-26,SKU0029,WH01,9.699838
2026-01-26,SKU0029,WH02,9.308198
2026-01-26,SKU0029,WH03,9.298079
2026-01-26,SKU0029,WH04,10.015005
2026-01-26,SKU0029,WH05,9.319315
2026-01-26,SKU0030,WH01,17.960001
2026-01-26,SKU0030,WH02,17.399256
2026-01-26,SKU0030,WH03,17.946096
2026-01-26,SKU0030,WH04,17.047222
2026-01-26,SKU0030,WH05,17.385008
2026-01-26,SKU0031,WH01,7.274629
2026-01-26,SKU0031,WH02,9.769336
2026-01-26,SKU0031,WH03,8.724229
2026-01-26,SKU0031,WH04,9.2155285
2026-01-26,SKU0031,WH05,8.065711
2026-01-26,SKU0032,WH01,9.583991
2026-01-26,SKU0032,WH02,9.721942
2026-01-26,SKU0032,WH03,9.480352
2026-01-26,SKU0032,WH04,9.53218
2026-01-26,SKU0032,WH05,9.508303
2026-01-26,SKU0033,WH01,3.2349362
2026-01-26,SKU0033,WH02,4.245232
2026-01-26,SKU0033,WH03,4.245232
2026-01-26,SKU0033,WH04,4.385983
2026-01-26,SKU0033,WH05,4.1419806
2026-01-26,SKU0034,WH01,4.999015
2026-01-26,SKU0034,WH02,5.1397657
2026-01-26,SKU0034,WH03,4.7642794
2026-01-26,SKU0034,WH04,4.7180758
2026-01-26,SKU0034,WH05,4.912438
2026-01-26,SKU0035,WH01,3.8493695
2026-01-26,SKU0035,WH02,3.942721
2026-01-26,SKU0035,WH03,4.2340393
2026-01-26,SKU0035,WH04,4.1352983
2026-01-26,SKU0035,WH05,3.8826623
2026-01-26,SKU0036,WH01,4.132109
2026-01-26,SKU0036,WH02,4.084792
2026-01-26,SKU0036,WH03,3.856945
2026-01-26,SKU0036,WH04,4.084792
2026-01-26,SKU0036,WH05,4.2067766
2026-01-26,SKU0037,WH01,0.68236905
2026-01-26,SKU0037,WH02,0.68236905
2026-01-26,SKU0037,WH03,0.68236905
2026-01-26,SKU0037,WH04,0.67553693
2026-01-26,SKU0037,WH05,0.68236905
2026-01-26,SKU0038,WH01,15.191438
2026-01-26,SKU0038,WH02,17.063032
2026-01-26,SKU0038,WH03,15.519683
2026-01-26,SKU0038,WH04,15.512862
2026-01-26,SKU0038,WH05,16.163816
2026-01-26,SKU0039,WH01,8.013484
2026-01-26,SKU0039,WH02,6.9555464
2026-01-26,SKU0039,WH03,6.7669687
2026-01-26,SKU0039,WH04,6.7059135
2026-01-26,SKU0039,WH05,6.7988663
2026-01-26,SKU0040,WH01,4.337191
2026-01-26,SKU0040,WH02,5.088831
2026-01-26,SKU0040,WH03,5.1397657
2026-01-26,SKU0040,WH04,5.2232847
2026-01-26,SKU0040,WH05,5.0798154
2026-01-26,SKU0041,WH01,0.6890903
2026-01-26,SKU0041,WH02,0.6890903
2026-01-26,SKU0041,WH03,0.6890903
2026-01-26,SKU0041,WH04,0.6890903
2026-01-26,SKU0041,WH05,0.7853171
2026-01-26,SKU0042,WH01,20.612984
2026-01-26,SKU0042,WH02,22.85992
2026-01-26,SKU0042,WH03,18.678677
2026-01-26,SKU0042,WH04,23.292923
2026-01-26,SKU0042,WH05,19.741402
2026-01-26,SKU0043,WH01,2.5237963
2026-01-26,SKU0043,WH02,1.7576377
2026-01-26,SKU0043,WH03,2.579936
2026-01-26,SKU0043,WH04,2.5237963
2026-01-26,SKU0043,WH05,1.5734932
2026-01-26,SKU0044,WH01,2.3153
2026-01-26,SKU0044,WH02,2.4010763
2026-01-26,SKU0044,WH03,2.3153
2026-01-26,SKU0044,WH04,2.490892
2026-01-26,SKU0044,WH05,2.3153
2026-01-26,SKU0045,WH01,50.266056
2026-01-26,SKU0045,WH02,48.16634
2026-01-26,SKU0045,WH03,46.757282
2026-01-26,SKU0045,WH04,47.444572
2026-01-26,SKU0045,WH05,49.214012
2026-01-26,SKU0046,WH01,44.97748
2026-01-26,SKU0046,WH02,45.402668
2026-01-26,SKU0046,WH03,44.97748
2026-01-26,SKU0046,WH04,46.290073
2026-01-26,SKU0046,WH05,47.24356
2026-01-26,SKU0047,WH01,2.3153
2026-01-26,SKU0047,WH02,2.490892
2026-01-26,SKU0047,WH03,2.4818764
2026-01-26,SKU0047,WH04,2.4010763
2026-01-26,SKU0047,WH05,2.4010763
2026-01-26,SKU0048,WH01,0.68236905
2026-01-26,SKU0048,WH02,0.68236905
2026-01-26,SKU0048,WH03,0.67553693
2026-01-26,SKU0048,WH04,0.68236905
2026-01-26,SKU0048,WH05,0.68236905
2026-01-26,SKU0049,WH01,7.603557
2026-01-26,SKU0049,WH02,9.192653
2026-01-26,SKU0049,WH03,8.448988
2026-01-26,SKU0049,WH04,9.681669
2026-01-26,SKU0049,WH05,9.452484
2026-01-26,SKU0050,WH01,16.501657
2026-01-26,SKU0050,WH02,16.937065
2026-01-26,SKU0050,WH03,15.512862
2026-01-26,SKU0050,WH04,14.806288
2026-01-26,SKU0050,WH05,15.512862
2026-01-26,SKU0051,WH01,0.67553693
2026-01-26,SKU0051,WH02,0.68236905
2026-01-26,SKU0051,WH03,0.67553693
2026-01-26,SKU0051,WH04,0.68236905
2026-01-26,SKU0051,WH05,0.68236905
2026-01-26,SKU0052,WH01,25.451368
2026-01-26,SKU0052,WH02,23.767467
2026-01-26,SKU0052,WH03,22.927124
2026-01-26,SKU0052,WH04,26.193813
2026-01-26,SKU0052,WH05,25.749987
2026-01-26,SKU0053,WH01,2.3153
2026-01-26,SKU0053,WH02,2.4010763
2026-01-26,SKU0053,WH03,2.3861012
2026-01-26,SKU0053,WH04,2.374641
2026-01-26,SKU0053,WH05,2.4010763
2026-01-26,SKU0054,WH01,14.757939
2026-01-26,SKU0054,WH02,11.943006
2026-01-26,SKU0054,WH03,15.426504
2026-01-26,SKU0054,WH04,13.760915
2026-01-26,SKU0054,WH05,10.891616
2026-01-26,SKU0055,WH01,19.426876
2026-01-26,SKU0055,WH02,17.875965
2026-01-26,SKU0055,WH03,18.436398
2026-01-26,SKU0055,WH04,16.919188
2026-01-26,SKU0055,WH05,21.502924
2026-01-26,SKU0056,WH01,0.6890903
2026-01-26,SKU0056,WH02,0.7748664
2026-01-26,SKU0056,WH03,0.7853171
2026-01-26,SKU0056,WH04,0.6890903
2026-01-26,SKU0056,WH05,0.69954103
2026-01-26,SKU0057,WH01,4.924311
2026-01-26,SKU0057,WH02,4.924311
2026-01-26,SKU0057,WH03,5.133286
2026-01-26,SKU0057,WH04,5.1168895
2026-01-26,SKU0057,WH05,5.127959
2026-01-26,SKU0058,WH01,27.009163
2026-01-26,SKU0058,WH02,26.352776
2026-01-26,SKU0058,WH03,27.814627
2026-01-26,SKU0058,WH04,29.224792
2026-01-26,SKU0058,WH05,29.524807
2026-01-26,SKU0059,WH01,22.123926
2026-01-26,SKU0059,WH02,23.563875
2026-01-26,SKU0059,WH03,21.005198
2026-01-26,SKU0059,WH04,22.873966
2026-01-26,SKU0059,WH05,23.801764
2026-01-26,SKU0060,WH01,10.134092
2026-01-26,SKU0060,WH02,9.166777
2026-01-26,SKU0060,WH03,9.560114
2026-01-26,SKU0060,WH04,9.267356
2026-01-26,SKU0060,WH05,9.6745825
2026-01-26,SKU0061,WH01,14.966795
2026-01-26,SKU0061,WH02,17.1537
2026-01-26,SKU0061,WH03,17.087276
2026-01-26,SKU0061,WH04,17.328299
2026-01-26,SKU0061,WH05,17.480103
2026-01-26,SKU0062,WH01,30.697084
2026-01-26,SKU0062,WH02,39.13033
2026-01-26,SKU0062,WH03,33.652355
2026-01-26,SKU0062,WH04,33.669
2026-01-26,SKU0062,WH05,33.649082
2026-01-26,SKU0063,WH01,9.830934
2026-01-26,SKU0063,WH02,11.384465
2026-01-26,SKU0063,WH03,10.284553
2026-01-26,SKU0063,WH04,10.529532
2026-01-26,SKU0063,WH05,10.289691
2026-01-26,SKU0064,WH01,7.9405437
2026-01-26,SKU0064,WH02,9.735298
2026-01-26,SKU0064,WH03,8.234681
2026-01-26,SKU0064,WH04,9.726713
2026-01-26,SKU0064,WH05,8.941536
2026-01-26,SKU0065,WH01,45.963844
2026-01-26,SKU0065,WH02,44.2936
2026-01-26,SKU0065,WH03,45.164825
2026-01-26,SKU0065,WH04,43.607
2026-01-26,SKU0065,WH05,44.994343
2026-01-26,SKU0066,WH01,8.021343
2026-01-26,SKU0066,WH02,8.169924
2026-01-26,SKU0066,WH03,8.148445
2026-01-26,SKU0066,WH04,9.103987
2026-01-26,SKU0066,WH05,9.769336
2026-01-26,SKU0067,WH01,40.055122
2026-01-26,SKU0067,WH02,39.739395
2026-01-26,SKU0067,WH03,42.080425
2026-01-26,SKU0067,WH04,43.068943
2026-01-26,SKU0067,WH05,41.29726
2026-01-26,SKU0068,WH01,0.77859586
2026-01-26,SKU0068,WH02,0.924713
2026-01-26,SKU0068,WH03,1.1258154
2026-01-26,SKU0068,WH04,1.3813453
2026-01-26,SKU0068,WH05,1.5446354
2026-01-26,SKU0069,WH01,17.604235
2026-01-26,SKU0069,WH02,15.775339
2026-01-26,SKU0069,WH03,17.261496
2026-01-26,SKU0069,WH04,16.853071
2026-01-26,SKU0069,WH05,17.505615
2026-01-26,SKU0070,WH01,15.686323
2026-01-26,SKU0070,WH02,16.045645
2026-01-26,SKU0070,WH03,16.010403
2026-01-26,SKU0070,WH04,16.010403
2026-01-26,SKU0070,WH05,16.13372
2026-01-26,SKU0071,WH01,10.696885
2026-01-26,SKU0071,WH02,9.861802
2026-01-26,SKU0071,WH03,10.588678
2026-01-26,SKU0071,WH04,10.077522
2026-01-26,SKU0071,WH05,9.824027
2026-01-26,SKU0072,WH01,9.111464
2026-01-26,SKU0072,WH02,7.3033357
2026-01-26,SKU0072,WH03,7.028758
2026-01-26,SKU0072,WH04,5.975013
2026-01-26,SKU0072,WH05,7.48226
2026-01-26,SKU0073,WH01,26.173847
2026-01-26,SKU0073,WH02,24.20479
2026-01-26,SKU0073,WH03,28.51122
2026-01-26,SKU0073,WH04,23.609077
2026-01-26,SKU0073,WH05,24.481852
2026-01-26,SKU0074,WH01,19.010195
2026-01-26,SKU0074,WH02,17.010777
2026-01-26,SKU0074,WH03,18.282404
2026-01-26,SKU0074,WH04,20.877306
2026-01-26,SKU0074,WH05,17.89384
2026-01-26,SKU0075,WH01,3.5932825
2026-01-26,SKU0075,WH02,4.5297694
2026-01-26,SKU0075,WH03,4.126564
2026-01-26,SKU0075,WH04,4.931557
2026-01-26,SKU0075,WH05,4.148164
2026-01-26,SKU0076,WH01,15.93255
2026-01-26,SKU0076,WH02,15.695245
2026-01-26,SKU0076,WH03,11.535242
2026-01-26,SKU0076,WH04,10.951553
2026-01-26,SKU0076,WH05,17.530785
2026-01-26,SKU0077,WH01,9.29125
2026-01-26,SKU0077,WH02,10.15002
2026-01-26,SKU0077,WH03,10.51587
2026-01-26,SKU0077,WH04,9.568303
2026-01-26,SKU0077,WH05,10.235765
2026-01-26,SKU0078,WH01,9.253598
2026-01-26,SKU0078,WH02,10.036645
2026-01-26,SKU0078,WH03,9.002522
2026-01-26,SKU0078,WH04,9.510028
2026-01-26,SKU0078,WH05,9.53218
2026-01-26,SKU0079,WH01,0.76270103
2026-01-26,SKU0079,WH02,0.76270103
2026-01-26,SKU0079,WH03,0.89168406
2026-01-26,SKU0079,WH04,0.90881824
2026-01-26,SKU0079,WH05,0.7522503
2026-01-26,SKU0080,WH01,15.294997
2026-01-26,SKU0080,WH02,13.84484
2026-01-26,SKU0080,WH03,15.294997
2026-01-26,SKU0080,WH04,16.881914
2026-01-26,SKU0080,WH05,15.346808
2026-01-27,SKU0001,WH01,19.711258
2026-01-27,SKU0001,WH02,17.565664
2026-01-27,SKU0001,WH03,16.595806
2026-01-27,SKU0001,WH04,16.967524
2026-01-27,SKU0001,WH05,17.716848
2026-01-27,SKU0002,WH01,3.580602
2026-01-27,SKU0002,WH02,3.2816172
2026-01-27,SKU0002,WH03,4.729955
2026-01-27,SKU0002,WH04,4.259569
2026-01-27,SKU0002,WH05,4.259569
2026-01-27,SKU0003,WH01,46.409588
2026-01-27,SKU0003,WH02,46.87509
2026-01-27,SKU0003,WH03,46.15243
2026-01-27,SKU0003,WH04,45.10723
2026-01-27,SKU0003,WH05,45.39597
2026-01-27,SKU0004,WH01,73.27216
2026-01-27,SKU0004,WH02,73.251465
2026-01-27,SKU0004,WH03,84.66052
2026-01-27,SKU0004,WH04,73.262665
2026-01-27,SKU0004,WH05,88.71477
2026-01-27,SKU0005,WH01,17.53408
2026-01-27,SKU0005,WH02,17.64836
2026-01-27,SKU0005,WH03,17.699732
2026-01-27,SKU0005,WH04,19.575142
2026-01-27,SKU0005,WH05,15.663706
2026-01-27,SKU0006,WH01,0.45043182
2026-01-27,SKU0006,WH02,0.45726392
2026-01-27,SKU0006,WH03,0.45726392
2026-01-27,SKU0006,WH04,0.45726392
2026-01-27,SKU0006,WH05,0.45726392
2026-01-27,SKU0007,WH01,14.841758
2026-01-27,SKU0007,WH02,15.473475
2026-01-27,SKU0007,WH03,14.580523
2026-01-27,SKU0007,WH04,17.418747
2026-01-27,SKU0007,WH05,13.761792
2026-01-27,SKU0008,WH01,29.588684
2026-01-27,SKU0008,WH02,28.591892
2026-01-27,SKU0008,WH03,28.165512
2026-01-27,SKU0008,WH04,28.146158
2026-01-27,SKU0008,WH05,29.165264
2026-01-27,SKU0009,WH01,33.522667
2026-01-27,SKU0009,WH02,38.981186
2026-01-27,SKU0009,WH03,40.06176
2026-01-27,SKU0009,WH04,35.60252
2026-01-27,SKU0009,WH05,32.998398
2026-01-27,SKU0010,WH01,5.8972073
2026-01-27,SKU0010,WH02,7.3711047
2026-01-27,SKU0010,WH03,5.275353
2026-01-27,SKU0010,WH04,8.183255
2026-01-27,SKU0010,WH05,7.0887084
2026-01-27,SKU0011,WH01,23.44516
2026-01-27,SKU0011,WH02,19.947918
2026-01-27,SKU0011,WH03,23.415188
2026-01-27,SKU0011,WH04,20.828262
2026-01-27,SKU0011,WH05,23.203325
2026-01-27,SKU0012,WH01,9.949468
2026-01-27,SKU0012,WH02,9.499908
2026-01-27,SKU0012,WH03,9.413835
2026-01-27,SKU0012,WH04,10.013652
2026-01-27,SKU0012,WH05,9.949468
2026-01-27,SKU0013,WH01,7.414109
2026-01-27,SKU0013,WH02,7.2949777
2026-01-27,SKU0013,WH03,5.7008853
2026-01-27,SKU0013,WH04,8.10113
2026-01-27,SKU0013,WH05,5.8841586
2026-01-27,SKU0014,WH01,3.4582448
2026-01-27,SKU0014,WH02,3.314822
2026-01-27,SKU0014,WH03,3.4582448
2026-01-27,SKU0014,WH04,2.8085902
2026-01-27,SKU0014,WH05,2.9716814
2026-01-27,SKU0015,WH01,2.3125901
2026-01-27,SKU0015,WH02,2.3189387
2026-01-27,SKU0015,WH03,2.3189387
2026-01-27,SKU0015,WH04,2.3189387
2026-01-27,SKU0015,WH05,2.3189387
2026-01-27,SKU0016,WH01,55.304474
2026-01-27,SKU0016,WH02,55.72818
2026-01-27,SKU0016,WH03,55.459255
2026-01-27,SKU0016,WH04,61.9929
2026-01-27,SKU0016,WH05,60.665848
2026-01-27,SKU0017,WH01,7.8396673
2026-01-27,SKU0017,WH02,9.268549
2026-01-27,SKU0017,WH03,8.39992
2026-01-27,SKU0017,WH04,9.155814
2026-01-27,SKU0017,WH05,9.848158
2026-01-27,SKU0018,WH01,20.80473
2026-01-27,SKU0018,WH02,18.439587
2026-01-27,SKU0018,WH03,20.813236
2026-01-27,SKU0018,WH04,20.676165
2026-01-27,SKU0018,WH05,20.133308
2026-01-27,SKU0019,WH01,23.676086
2026-01-27,SKU0019,WH02,26.701878
2026-01-27,SKU0019,WH03,21.529692
2026-01-27,SKU0019,WH04,23.742384
2026-01-27,SKU0019,WH05,26.303753
2026-01-27,SKU0020,WH01,14.621112
2026-01-27,SKU0020,WH02,12.685989
2026-01-27,SKU0020,WH03,15.374693
2026-01-27,SKU0020,WH04,12.791003
2026-01-27,SKU0020,WH05,15.481209
2026-01-27,SKU0021,WH01,4.892524
2026-01-27,SKU0021,WH02,2.793826
2026-01-27,SKU0021,WH03,3.9848697
2026-01-27,SKU0021,WH04,3.5501616
2026-01-27,SKU0021,WH05,4.5297694
2026-01-27,SKU0022,WH01,5.0055456
2026-01-27,SKU0022,WH02,5.2778783
2026-01-27,SKU0022,WH03,4.5870028
2026-01-27,SKU0022,WH04,5.174749
2026-01-27,SKU0022,WH05,4.8218355
2026-01-27,SKU0023,WH01,9.4260645
2026-01-27,SKU0023,WH02,9.253598
2026-01-27,SKU0023,WH03,9.2155285
2026-01-27,SKU0023,WH04,10.013652
2026-01-27,SKU0023,WH05,9.229599
2026-01-27,SKU0024,WH01,23.583553
2026-01-27,SKU0024,WH02,26.329802
2026-01-27,SKU0024,WH03,20.85219
2026-01-27,SKU0024,WH04,25.071083
2026-01-27,SKU0024,WH05,25.814507
2026-01-27,SKU0025,WH01,20.088226
2026-01-27,SKU0025,WH02,19.312618
2026-01-27,SKU0025,WH03,20.709755
2026-01-27,SKU0025,WH04,23.267372
2026-01-27,SKU0025,WH05,22.247757
2026-01-27,SKU0026,WH01,46.532536
2026-01-27,SKU0026,WH02,44.492996
2026-01-27,SKU0026,WH03,43.962414
2026-01-27,SKU0026,WH04,45.698517
2026-01-27,SKU0026,WH05,45.482815
2026-01-27,SKU0027,WH01,15.429398
2026-01-27,SKU0027,WH02,16.283371
2026-01-27,SKU0027,WH03,16.910534
2026-01-27,SKU0027,WH04,16.288446
2026-01-27,SKU0027,WH05,14.872978
2026-01-27,SKU0028,WH01,7.4946566
2026-01-27,SKU0028,WH02,7.4946566
2026-01-27,SKU0028,WH03,8.247777
2026-01-27,SKU0028,WH04,8.066098
2026-01-27,SKU0028,WH05,7.3539944
2026-01-27,SKU0029,WH01,9.574047
2026-01-27,SKU0029,WH02,9.131427
2026-01-27,SKU0029,WH03,9.155814
2026-01-27,SKU0029,WH04,9.883804
2026-01-27,SKU0029,WH05,9.122411
2026-01-27,SKU0030,WH01,17.434963
2026-01-27,SKU0030,WH02,16.937065
2026-01-27,SKU0030,WH03,17.968584
2026-01-27,SKU0030,WH04,16.913643
2026-01-27,SKU0030,WH05,16.980532
2026-01-27,SKU0031,WH01,7.133878
2026-01-27,SKU0031,WH02,9.643545
2026-01-27,SKU0031,WH03,8.732484
2026-01-27,SKU0031,WH04,9.346125
2026-01-27,SKU0031,WH05,8.030363
2026-01-27,SKU0032,WH01,9.510028
2026-01-27,SKU0032,WH02,9.232362
2026-01-27,SKU0032,WH03,9.561839
2026-01-27,SKU0032,WH04,9.510028
2026-01-27,SKU0032,WH05,9.620827
2026-01-27,SKU0033,WH01,3.2918663
2026-01-27,SKU0033,WH02,4.4378104
2026-01-27,SKU0033,WH03,4.358254
2026-01-27,SKU0033,WH04,4.278437
2026-01-27,SKU0033,WH05,4.3072586
2026-01-27,SKU0034,WH01,5.1994343
2026-01-27,SKU0034,WH02,5.1397657
2026-01-27,SKU0034,WH03,4.928236
2026-01-27,SKU0034,WH04,4.629257
2026-01-27,SKU0034,WH05,5.0107436
2026-01-27,SKU0035,WH01,3.977366
2026-01-27,SKU0035,WH02,4.1447425
2026-01-27,SKU0035,WH03,4.0513086
2026-01-27,SKU0035,WH04,3.8124664
2026-01-27,SKU0035,WH05,3.8736467
2026-01-27,SKU0036,WH01,4.0513086
2026-01-27,SKU0036,WH02,4.19657
2026-01-27,SKU0036,WH03,4.046726
2026-01-27,SKU0036,WH04,4.19657
2026-01-27,SKU0036,WH05,4.1972947
2026-01-27,SKU0037,WH01,0.45726392
2026-01-27,SKU0037,WH02,0.45726392
2026-01-27,SKU0037,WH03,0.45726392
2026-01-27,SKU0037,WH04,0.45726392
2026-01-27,SKU0037,WH05,0.45726392
2026-01-27,SKU0038,WH01,15.340718
2026-01-27,SKU0038,WH02,16.980333
2026-01-27,SKU0038,WH03,15.374693
2026-01-27,SKU0038,WH04,15.604648
2026-01-27,SKU0038,WH05,16.143436
2026-01-27,SKU0039,WH01,8.079201
2026-01-27,SKU0039,WH02,6.8821735
2026-01-27,SKU0039,WH03,6.8411093
2026-01-27,SKU0039,WH04,6.7059135
2026-01-27,SKU0039,WH05,6.484498
2026-01-27,SKU0040,WH01,4.477942
2026-01-27,SKU0040,WH02,5.1397657
2026-01-27,SKU0040,WH03,4.999015
2026-01-27,SKU0040,WH04,5.1205225
2026-01-27,SKU0040,WH05,5.191593
2026-01-27,SKU0041,WH01,0.46398512
2026-01-27,SKU0041,WH02,0.46398512
2026-01-27,SKU0041,WH03,0.46398512
2026-01-27,SKU0041,WH04,0.46398512
2026-01-27,SKU0041,WH05,0.46398512
2026-01-27,SKU0042,WH01,20.581764
2026-01-27,SKU0042,WH02,22.782484
2026-01-27,SKU0042,WH03,18.463528
2026-01-27,SKU0042,WH04,22.912558
2026-01-27,SKU0042,WH05,18.995712
2026-01-27,SKU0043,WH01,2.4617455
2026-01-27,SKU0043,WH02,1.7612765
2026-01-27,SKU0043,WH03,2.5835745
2026-01-27,SKU0043,WH04,2.4617455
2026-01-27,SKU0043,WH05,1.5771319
2026-01-27,SKU0044,WH01,2.3189387
2026-01-27,SKU0044,WH02,2.4641914
2026-01-27,SKU0044,WH03,2.3189387
2026-01-27,SKU0044,WH04,2.3897395
2026-01-27,SKU0044,WH05,2.3189387
2026-01-27,SKU0045,WH01,52.670784
2026-01-27,SKU0045,WH02,47.613506
2026-01-27,SKU0045,WH03,46.84519
2026-01-27,SKU0045,WH04,47.834934
2026-01-27,SKU0045,WH05,49.82561
2026-01-27,SKU0046,WH01,45.8129
2026-01-27,SKU0046,WH02,45.359997
2026-01-27,SKU0046,WH03,45.100727
2026-01-27,SKU0046,WH04,45.593258
2026-01-27,SKU0046,WH05,47.08951
2026-01-27,SKU0047,WH01,2.3189387
2026-01-27,SKU0047,WH02,2.3189387
2026-01-27,SKU0047,WH03,2.3390255
2026-01-27,SKU0047,WH04,2.3390255
2026-01-27,SKU0047,WH05,2.3390255
2026-01-27,SKU0048,WH01,0.45726392
2026-01-27,SKU0048,WH02,0.45726392
2026-01-27,SKU0048,WH03,0.45726392
2026-01-27,SKU0048,WH04,0.45726392
2026-01-27,SKU0048,WH05,0.45726392
2026-01-27,SKU0049,WH01,7.70211
2026-01-27,SKU0049,WH02,9.192653
2026-01-27,SKU0049,WH03,8.64666
2026-01-27,SKU0049,WH04,9.681669
2026-01-27,SKU0049,WH05,9.430332
2026-01-27,SKU0050,WH01,16.705523
2026-01-27,SKU0050,WH02,17.047222
2026-01-27,SKU0050,WH03,15.671338
2026-01-27,SKU0050,WH04,14.662691
2026-01-27,SKU0050,WH05,15.671338
2026-01-27,SKU0051,WH01,0.45043182
2026-01-27,SKU0051,WH02,0.45726392
2026-01-27,SKU0051,WH03,0.45043182
2026-01-27,SKU0051,WH04,0.45726392
2026-01-27,SKU0051,WH05,0.45726392
2026-01-27,SKU0052,WH01,25.691006
2026-01-27,SKU0052,WH02,24.331116
2026-01-27,SKU0052,WH03,23.377459
2026-01-27,SKU0052,WH04,26.301798
2026-01-27,SKU0052,WH05,26.30634
2026-01-27,SKU0053,WH01,2.3189387
2026-01-27,SKU0053,WH02,2.4641914
2026-01-27,SKU0053,WH03,2.3189387
2026-01-27,SKU0053,WH04,2.4895825
2026-01-27,SKU0053,WH05,2.3189387
2026-01-27,SKU0054,WH01,14.806288
2026-01-27,SKU0054,WH02,12.034791
2026-01-27,SKU0054,WH03,15.426504
2026-01-27,SKU0054,WH04,13.911492
2026-01-27,SKU0054,WH05,10.577683
2026-01-27,SKU0055,WH01,19.443092
2026-01-27,SKU0055,WH02,18.220575
2026-01-27,SKU0055,WH03,18.156847
2026-01-27,SKU0055,WH04,17.17474
2026-01-27,SKU0055,WH05,21.277096
2026-01-27,SKU0056,WH01,0.46398512
2026-01-27,SKU0056,WH02,0.6187791
2026-01-27,SKU0056,WH03,0.6187791
2026-01-27,SKU0056,WH04,0.46398512
2026-01-27,SKU0056,WH05,0.4744359
2026-01-27,SKU0057,WH01,5.179786
2026-01-27,SKU0057,WH02,5.127959
2026-01-27,SKU0057,WH03,4.7850924
2026-01-27,SKU0057,WH04,5.1168895
2026-01-27,SKU0057,WH05,5.2057242
2026-01-27,SKU0058,WH01,26.587414
2026-01-27,SKU0058,WH02,26.399988
2026-01-27,SKU0058,WH03,27.96743
2026-01-27,SKU0058,WH04,29.231844
2026-01-27,SKU0058,WH05,29.45338
2026-01-27,SKU0059,WH01,22.082802
2026-01-27,SKU0059,WH02,23.550032
2026-01-27,SKU0059,WH03,20.790981
2026-01-27,SKU0059,WH04,22.917158
2026-01-27,SKU0059,WH05,23.757933
2026-01-27,SKU0060,WH01,10.287577
2026-01-27,SKU0060,WH02,9.253598
2026-01-27,SKU0060,WH03,9.510028
2026-01-27,SKU0060,WH04,9.267356
2026-01-27,SKU0060,WH05,9.131427
2026-01-27,SKU0061,WH01,14.618794
2026-01-27,SKU0061,WH02,17.368813
2026-01-27,SKU0061,WH03,17.370703
2026-01-27,SKU0061,WH04,17.361853
2026-01-27,SKU0061,WH05,17.882425
2026-01-27,SKU0062,WH01,30.018326
2026-01-27,SKU0062,WH02,39.74044
2026-01-27,SKU0062,WH03,33.669
2026-01-27,SKU0062,WH04,34.415306
2026-01-27,SKU0062,WH05,33.72559
2026-01-27,SKU0063,WH01,9.962666
2026-01-27,SKU0063,WH02,11.13256
2026-01-27,SKU0063,WH03,10.33638
2026-01-27,SKU0063,WH04,10.673129
2026-01-27,SKU0063,WH05,10.341502
2026-01-27,SKU0064,WH01,8.263046
2026-01-27,SKU0064,WH02,9.850841
2026-01-27,SKU0064,WH03,8.569469
2026-01-27,SKU0064,WH04,9.870841
2026-01-27,SKU0064,WH05,9.2442665
2026-01-27,SKU0065,WH01,46.50404
2026-01-27,SKU0065,WH02,45.031624
2026-01-27,SKU0065,WH03,45.008446
2026-01-27,SKU0065,WH04,43.566463
2026-01-27,SKU0065,WH05,45.0189
2026-01-27,SKU0066,WH01,8.446261
2026-01-27,SKU0066,WH02,8.5231285
2026-01-27,SKU0066,WH03,8.148445
2026-01-27,SKU0066,WH04,9.41788
2026-01-27,SKU0066,WH05,9.681026
2026-01-27,SKU0067,WH01,40.160313
2026-01-27,SKU0067,WH02,39.700893
2026-01-27,SKU0067,WH03,42.080425
2026-01-27,SKU0067,WH04,42.589684
2026-01-27,SKU0067,WH05,41.327503
2026-01-27,SKU0068,WH01,0.61205786
2026-01-27,SKU0068,WH02,0.7447165
2026-01-27,SKU0068,WH03,0.95927644
2026-01-27,SKU0068,WH04,1.4474995
2026-01-27,SKU0068,WH05,1.4685006
2026-01-27,SKU0069,WH01,17.629278
2026-01-27,SKU0069,WH02,15.912635
2026-01-27,SKU0069,WH03,17.410828
2026-01-27,SKU0069,WH04,17.22294
2026-01-27,SKU0069,WH05,17.942102
2026-01-27,SKU0070,WH01,15.470979
2026-01-27,SKU0070,WH02,15.546697
2026-01-27,SKU0070,WH03,15.546697
2026-01-27,SKU0070,WH04,15.494885
2026-01-27,SKU0070,WH05,15.638482
2026-01-27,SKU0071,WH01,10.7655325
2026-01-27,SKU0071,WH02,10.235825
2026-01-27,SKU0071,WH03,10.423337
2026-01-27,SKU0071,WH04,9.608756
2026-01-27,SKU0071,WH05,9.381972
2026-01-27,SKU0072,WH01,9.452874
2026-01-27,SKU0072,WH02,7.3033357
2026-01-27,SKU0072,WH03,7.1637416
2026-01-27,SKU0072,WH04,5.787919
2026-01-27,SKU0072,WH05,7.3944573
2026-01-27,SKU0073,WH01,26.723763
2026-01-27,SKU0073,WH02,24.20479
2026-01-27,SKU0073,WH03,28.045704
2026-01-27,SKU0073,WH04,24.018396
2026-01-27,SKU0073,WH05,24.656096
2026-01-27,SKU0074,WH01,18.248281
2026-01-27,SKU0074,WH02,16.821856
2026-01-27,SKU0074,WH03,18.0469
2026-01-27,SKU0074,WH04,19.858065
2026-01-27,SKU0074,WH05,17.828295
2026-01-27,SKU0075,WH01,3.387444
2026-01-27,SKU0075,WH02,4.370396
2026-01-27,SKU0075,WH03,3.9848697
2026-01-27,SKU0075,WH04,4.77554
2026-01-27,SKU0075,WH05,4.3469615
2026-01-27,SKU0076,WH01,15.628554
2026-01-27,SKU0076,WH02,15.685077
2026-01-27,SKU0076,WH03,11.319327
2026-01-27,SKU0076,WH04,10.767201
2026-01-27,SKU0076,WH05,17.122484
2026-01-27,SKU0077,WH01,9.652717
2026-01-27,SKU0077,WH02,10.401729
2026-01-27,SKU0077,WH03,10.73806
2026-01-27,SKU0077,WH04,9.82044
2026-01-27,SKU0077,WH05,10.43088
2026-01-27,SKU0078,WH01,9.166421
2026-01-27,SKU0078,WH02,10.180242
2026-01-27,SKU0078,WH03,8.57437
2026-01-27,SKU0078,WH04,9.510028
2026-01-27,SKU0078,WH05,9.57679
2026-01-27,SKU0079,WH01,0.5375961
2026-01-27,SKU0079,WH02,0.5375961
2026-01-27,SKU0079,WH03,0.67811835
2026-01-27,SKU0079,WH04,0.80796975
2026-01-27,SKU0079,WH05,0.5271454
2026-01-27,SKU0080,WH01,15.346808
2026-01-27,SKU0080,WH02,13.988437
2026-01-27,SKU0080,WH03,15.462015
2026-01-27,SKU0080,WH04,16.890467
2026-01-27,SKU0080,WH05,15.294997
2026-01-28,SKU0001,WH01,19.61947
2026-01-28,SKU0001,WH02,17.889235
2026-01-28,SKU0001,WH03,16.421959
2026-01-28,SKU0001,WH04,16.742157
2026-01-28,SKU0001,WH05,17.7379
2026-01-28,SKU0002,WH01,3.6514034
2026-01-28,SKU0002,WH02,3.314822
2026-01-28,SKU0002,WH03,4.537377
2026-01-28,SKU0002,WH04,4.3469615
2026-01-28,SKU0002,WH05,4.188768
2026-01-28,SKU0003,WH01,46.409588
2026-01-28,SKU0003,WH02,45.75157
2026-01-28,SKU0003,WH03,45.31041
2026-01-28,SKU0003,WH04,46.102985
2026-01-28,SKU0003,WH05,45.272823
2026-01-28,SKU0004,WH01,76.146065
2026-01-28,SKU0004,WH02,75.0292
2026-01-28,SKU0004,WH03,88.14863
2026-01-28,SKU0004,WH04,76.35078
2026-01-28,SKU0004,WH05,88.15117
2026-01-28,SKU0005,WH01,17.375479
2026-01-28,SKU0005,WH02,17.66941
2026-01-28,SKU0005,WH03,17.807243
2026-01-28,SKU0005,WH04,18.731592
2026-01-28,SKU0005,WH05,16.057758
2026-01-28,SKU0006,WH01,0.45726392
2026-01-28,SKU0006,WH02,0.45726392
2026-01-28,SKU0006,WH03,0.45726392
2026-01-28,SKU0006,WH04,0.45726392
2026-01-28,SKU0006,WH05,0.45726392
2026-01-28,SKU0007,WH01,14.955568
2026-01-28,SKU0007,WH02,15.374693
2026-01-28,SKU0007,WH03,14.277653
2026-01-28,SKU0007,WH04,17.434963
2026-01-28,SKU0007,WH05,13.632363
2026-01-28,SKU0008,WH01,29.595736
2026-01-28,SKU0008,WH02,28.643885
2026-01-28,SKU0008,WH03,28.514172
2026-01-28,SKU0008,WH04,28.19815
2026-01-28,SKU0008,WH05,29.113272
2026-01-28,SKU0009,WH01,33.669
2026-01-28,SKU0009,WH02,38.95892
2026-01-28,SKU0009,WH03,40.304176
2026-01-28,SKU0009,WH04,35.60252
2026-01-28,SKU0009,WH05,32.97848
2026-01-28,SKU0010,WH01,6.0019946
2026-01-28,SKU0010,WH02,7.4599395
2026-01-28,SKU0010,WH03,5.171679
2026-01-28,SKU0010,WH04,8.140744
2026-01-28,SKU0010,WH05,7.2293706
2026-01-28,SKU0011,WH01,23.44516
2026-01-28,SKU0011,WH02,20.376734
2026-01-28,SKU0011,WH03,23.44516
2026-01-28,SKU0011,WH04,20.403515
2026-01-28,SKU0011,WH05,23.465076
2026-01-28,SKU0012,WH01,10.423098
2026-01-28,SKU0012,WH02,9.643505
2026-01-28,SKU0012,WH03,9.677686
2026-01-28,SKU0012,WH04,10.065479
2026-01-28,SKU0012,WH05,10.081255
2026-01-28,SKU0013,WH01,7.414109
2026-01-28,SKU0013,WH02,7.4805255
2026-01-28,SKU0013,WH03,5.581284
2026-01-28,SKU0013,WH04,8.197753
2026-01-28,SKU0013,WH05,6.023887
2026-01-28,SKU0014,WH01,3.314822
2026-01-28,SKU0014,WH02,3.385623
2026-01-28,SKU0014,WH03,3.387444
2026-01-28,SKU0014,WH04,2.8979855
2026-01-28,SKU0014,WH05,2.8979855
2026-01-28,SKU0015,WH01,2.3897395
2026-01-28,SKU0015,WH02,2.3189387
2026-01-28,SKU0015,WH03,2.3189387
2026-01-28,SKU0015,WH04,2.3189387
2026-01-28,SKU0015,WH05,2.3189387
2026-01-28,SKU0016,WH01,54.14239
2026-01-28,SKU0016,WH02,59.292477
2026-01-28,SKU0016,WH03,59.292477
2026-01-28,SKU0016,WH04,65.25327
2026-01-28,SKU0016,WH05,64.32923
2026-01-28,SKU0017,WH01,7.666904
2026-01-28,SKU0017,WH02,9.268549
2026-01-28,SKU0017,WH03,8.3574095
2026-01-28,SKU0017,WH04,9.090935
2026-01-28,SKU0017,WH05,9.561839
2026-01-28,SKU0018,WH01,20.61099
2026-01-28,SKU0018,WH02,18.439587
2026-01-28,SKU0018,WH03,20.89333
2026-01-28,SKU0018,WH04,20.425856
2026-01-28,SKU0018,WH05,20.415688
2026-01-28,SKU0019,WH01,23.70199
2026-01-28,SKU0019,WH02,25.869833
2026-01-28,SKU0019,WH03,22.082468
2026-01-28,SKU0019,WH04,23.742384
2026-01-28,SKU0019,WH05,26.303753
2026-01-28,SKU0020,WH01,15.332899
2026-01-28,SKU0020,WH02,12.542393
2026-01-28,SKU0020,WH03,15.592486
2026-01-28,SKU0020,WH04,12.25865
2026-01-28,SKU0020,WH05,15.5964155
2026-01-28,SKU0021,WH01,5.0417643
2026-01-28,SKU0021,WH02,2.793826
2026-01-28,SKU0021,WH03,4.14977
2026-01-28,SKU0021,WH04,3.6209629
2026-01-28,SKU0021,WH05,4.4411974
2026-01-28,SKU0022,WH01,5.0055456
2026-01-28,SKU0022,WH02,5.312917
2026-01-28,SKU0022,WH03,4.637275
2026-01-28,SKU0022,WH04,5.083107
2026-01-28,SKU0022,WH05,4.61219
2026-01-28,SKU0023,WH01,9.201771
2026-01-28,SKU0023,WH02,9.268549
2026-01-28,SKU0023,WH03,9.439822
2026-01-28,SKU0023,WH04,10.306523
2026-01-28,SKU0023,WH05,9.480502
2026-01-28,SKU0024,WH01,23.664646
2026-01-28,SKU0024,WH02,26.329802
2026-01-28,SKU0024,WH03,21.110767
2026-01-28,SKU0024,WH04,24.500547
2026-01-28,SKU0024,WH05,25.99742
2026-01-28,SKU0025,WH01,20.307901
2026-01-28,SKU0025,WH02,18.737503
2026-01-28,SKU0025,WH03,20.262934
2026-01-28,SKU0025,WH04,23.461687
2026-01-28,SKU0025,WH05,22.537495
2026-01-28,SKU0026,WH01,46.532536
2026-01-28,SKU0026,WH02,45.462303
2026-01-28,SKU0026,WH03,43.445663
2026-01-28,SKU0026,WH04,46.3599
2026-01-28,SKU0026,WH05,46.59708
2026-01-28,SKU0027,WH01,15.481209
2026-01-28,SKU0027,WH02,16.109573
2026-01-28,SKU0027,WH03,16.91909
2026-01-28,SKU0027,WH04,16.331715
2026-01-28,SKU0027,WH05,14.641878
2026-01-28,SKU0028,WH01,7.456862
2026-01-28,SKU0028,WH02,7.317165
2026-01-28,SKU0028,WH03,8.049632
2026-01-28,SKU0028,WH04,8.321522
2026-01-28,SKU0028,WH05,7.4946566
2026-01-28,SKU0029,WH01,9.640825
2026-01-28,SKU0029,WH02,9.171163
2026-01-28,SKU0029,WH03,9.068637
2026-01-28,SKU0029,WH04,9.781922
2026-01-28,SKU0029,WH05,9.268549
2026-01-28,SKU0030,WH01,17.371332
2026-01-28,SKU0030,WH02,16.821856
2026-01-28,SKU0030,WH03,17.682268
2026-01-28,SKU0030,WH04,17.037054
2026-01-28,SKU0030,WH05,17.047222
2026-01-28,SKU0031,WH01,7.3704824
2026-01-28,SKU0031,WH02,9.762135
2026-01-28,SKU0031,WH03,8.732484
2026-01-28,SKU0031,WH04,9.333073
2026-01-28,SKU0031,WH05,8.096618
2026-01-28,SKU0032,WH01,9.561839
2026-01-28,SKU0032,WH02,9.180534
2026-01-28,SKU0032,WH03,9.561839
2026-01-28,SKU0032,WH04,9.4582
2026-01-28,SKU0032,WH05,9.268549
2026-01-28,SKU0033,WH01,3.371683
2026-01-28,SKU0033,WH02,4.3492384
2026-01-28,SKU0033,WH03,4.4091887
2026-01-28,SKU0033,WH04,4.358254
2026-01-28,SKU0033,WH05,4.316274
2026-01-28,SKU0034,WH01,4.945643
2026-01-28,SKU0034,WH02,4.999015
2026-01-28,SKU0034,WH03,4.8682857
2026-01-28,SKU0034,WH04,4.662462
2026-01-28,SKU0034,WH05,5.016444
2026-01-28,SKU0035,WH01,3.9683504
2026-01-28,SKU0035,WH02,4.055742
2026-01-28,SKU0035,WH03,4.0845137
2026-01-28,SKU0035,WH04,3.8456714
2026-01-28,SKU0035,WH05,3.740968
2026-01-28,SKU0036,WH01,4.3327217
2026-01-28,SKU0036,WH02,3.9254882
2026-01-28,SKU0036,WH03,4.055742
2026-01-28,SKU0036,WH04,4.1679482
2026-01-28,SKU0036,WH05,4.1972947
2026-01-28,SKU0037,WH01,0.45726392
2026-01-28,SKU0037,WH02,0.45726392
2026-01-28,SKU0037,WH03,0.45043182
2026-01-28,SKU0037,WH04,0.45043182
2026-01-28,SKU0037,WH05,0.45726392
2026-01-28,SKU0038,WH01,15.376188
2026-01-28,SKU0038,WH02,16.961613
2026-01-28,SKU0038,WH03,15.639685
2026-01-28,SKU0038,WH04,15.536769
2026-01-28,SKU0038,WH05,16.07674
2026-01-28,SKU0039,WH01,7.828604
2026-01-28,SKU0039,WH02,6.8312387
2026-01-28,SKU0039,WH03,6.8411093
2026-01-28,SKU0039,WH04,6.488842
2026-01-28,SKU0039,WH05,6.433563
2026-01-28,SKU0040,WH01,4.370396
2026-01-28,SKU0040,WH02,5.191593
2026-01-28,SKU0040,WH03,5.25449
2026-01-28,SKU0040,WH04,4.999015
2026-01-28,SKU0040,WH05,5.1120367
2026-01-28,SKU0041,WH01,0.46398512
2026-01-28,SKU0041,WH02,0.46398512
2026-01-28,SKU0041,WH03,0.46398512
2026-01-28,SKU0041,WH04,0.46398512
2026-01-28,SKU0041,WH05,0.46398512
2026-01-28,SKU0042,WH01,20.766436
2026-01-28,SKU0042,WH02,22.929188
2026-01-28,SKU0042,WH03,19.822014
2026-01-28,SKU0042,WH04,22.782484
2026-01-28,SKU0042,WH05,19.738539
2026-01-28,SKU0043,WH01,2.4416587
2026-01-28,SKU0043,WH02,1.8066913
2026-01-28,SKU0043,WH03,2.6543756
2026-01-28,SKU0043,WH04,2.4617455
2026-01-28,SKU0043,WH05,1.5771319
2026-01-28,SKU0044,WH01,2.3189387
2026-01-28,SKU0044,WH02,2.3189387
2026-01-28,SKU0044,WH03,2.3897395
2026-01-28,SKU0044,WH04,2.3189387
2026-01-28,SKU0044,WH05,2.3189387
2026-01-28,SKU0045,WH01,53.08202
2026-01-28,SKU0045,WH02,47.492622
2026-01-28,SKU0045,WH03,46.893555
2026-01-28,SKU0045,WH04,47.32637
2026-01-28,SKU0045,WH05,49.714024
2026-01-28,SKU0046,WH01,45.10723
2026-01-28,SKU0046,WH02,45.17271
2026-01-28,SKU0046,WH03,46.530525
2026-01-28,SKU0046,WH04,45.64161
2026-01-28,SKU0046,WH05,47.08951
2026-01-28,SKU0047,WH01,2.3189387
2026-01-28,SKU0047,WH02,2.3189387
2026-01-28,SKU0047,WH03,2.3189387
2026-01-28,SKU0047,WH04,2.428841
2026-01-28,SKU0047,WH05,2.4641914
2026-01-28,SKU0048,WH01,0.45726392
2026-01-28,SKU0048,WH02,0.45726392
2026-01-28,SKU0048,WH03,0.45726392
2026-01-28,SKU0048,WH04,0.45726392
2026-01-28,SKU0048,WH05,0.45726392
2026-01-28,SKU0049,WH01,7.7762504
2026-01-28,SKU0049,WH02,9.27332
2026-01-28,SKU0049,WH03,8.559483
2026-01-28,SKU0049,WH04,9.773455
2026-01-28,SKU0049,WH05,9.378505
2026-01-28,SKU0050,WH01,16.578264
2026-01-28,SKU0050,WH02,16.980333
2026-01-28,SKU0050,WH03,15.604648
2026-01-28,SKU0050,WH04,15.044543
2026-01-28,SKU0050,WH05,15.628554
2026-01-28,SKU0051,WH01,0.45043182
2026-01-28,SKU0051,WH02,0.45726392
2026-01-28,SKU0051,WH03,0.45043182
2026-01-28,SKU0051,WH04,0.45726392
2026-01-28,SKU0051,WH05,0.45726392
2026-01-28,SKU0052,WH01,25.211996
2026-01-28,SKU0052,WH02,23.782324
2026-01-28,SKU0052,WH03,23.152773
2026-01-28,SKU0052,WH04,25.97361
2026-01-28,SKU0052,WH05,25.874172
2026-01-28,SKU0053,WH01,2.3897395
2026-01-28,SKU0053,WH02,2.3897395
2026-01-28,SKU0053,WH03,2.3189387
2026-01-28,SKU0053,WH04,2.2925034
2026-01-28,SKU0053,WH05,2.3897395
2026-01-28,SKU0054,WH01,14.872978
2026-01-28,SKU0054,WH02,12.114605
2026-01-28,SKU0054,WH03,15.51829
2026-01-28,SKU0054,WH04,14.121779
2026-01-28,SKU0054,WH05,10.731183
2026-01-28,SKU0055,WH01,18.693228
2026-01-28,SKU0055,WH02,17.93475
2026-01-28,SKU0055,WH03,18.198763
2026-01-28,SKU0055,WH04,16.980532
2026-01-28,SKU0055,WH05,21.110767
2026-01-28,SKU0056,WH01,0.45715302
2026-01-28,SKU0056,WH02,0.6083284
2026-01-28,SKU0056,WH03,0.4744359
2026-01-28,SKU0056,WH04,0.46398512
2026-01-28,SKU0056,WH05,0.4744359
2026-01-28,SKU0057,WH01,4.924311
2026-01-28,SKU0057,WH02,5.1168895
2026-01-28,SKU0057,WH03,4.7227807
2026-01-28,SKU0057,WH04,5.0283175
2026-01-28,SKU0057,WH05,4.9417405
2026-01-28,SKU0058,WH01,26.403576
2026-01-28,SKU0058,WH02,26.347996
2026-01-28,SKU0058,WH03,27.96743
2026-01-28,SKU0058,WH04,29.1728
2026-01-28,SKU0058,WH05,29.40604
2026-01-28,SKU0059,WH01,22.948322
2026-01-28,SKU0059,WH02,23.42543
2026-01-28,SKU0059,WH03,21.201735
2026-01-28,SKU0059,WH04,23.03362
2026-01-28,SKU0059,WH05,23.314411
2026-01-28,SKU0060,WH01,10.149043
2026-01-28,SKU0060,WH02,9.334266
2026-01-28,SKU0060,WH03,9.653625
2026-01-28,SKU0060,WH04,9.268549
2026-01-28,SKU0060,WH05,9.319315
2026-01-28,SKU0061,WH01,14.2258415
2026-01-28,SKU0061,WH02,17.121151
2026-01-28,SKU0061,WH03,16.821856
2026-01-28,SKU0061,WH04,16.970165
2026-01-28,SKU0061,WH05,17.434963
2026-01-28,SKU0062,WH01,30.070318
2026-01-28,SKU0062,WH02,40.071667
2026-01-28,SKU0062,WH03,34.398663
2026-01-28,SKU0062,WH04,33.669
2026-01-28,SKU0062,WH05,33.669
2026-01-28,SKU0063,WH01,10.081255
2026-01-28,SKU0063,WH02,11.018783
2026-01-28,SKU0063,WH03,10.479977
2026-01-28,SKU0063,WH04,10.596294
2026-01-28,SKU0063,WH05,10.25478
2026-01-28,SKU0064,WH01,8.119823
2026-01-28,SKU0064,WH02,9.4260645
2026-01-28,SKU0064,WH03,8.369014
2026-01-28,SKU0064,WH04,9.676308
2026-01-28,SKU0064,WH05,9.187428
2026-01-28,SKU0065,WH01,46.356457
2026-01-28,SKU0065,WH02,44.769722
2026-01-28,SKU0065,WH03,45.01145
2026-01-28,SKU0065,WH04,44.421535
2026-01-28,SKU0065,WH05,46.376717
2026-01-28,SKU0066,WH01,8.12612
2026-01-28,SKU0066,WH02,8.629878
2026-01-28,SKU0066,WH03,8.06127
2026-01-28,SKU0066,WH04,9.068637
2026-01-28,SKU0066,WH05,9.796873
2026-01-28,SKU0067,WH01,40.896606
2026-01-28,SKU0067,WH02,40.160313
2026-01-28,SKU0067,WH03,41.96616
2026-01-28,SKU0067,WH04,43.20193
2026-01-28,SKU0067,WH05,41.869076
2026-01-28,SKU0068,WH01,0.4677147
2026-01-28,SKU0068,WH02,0.7246299
2026-01-28,SKU0068,WH03,0.7246299
2026-01-28,SKU0068,WH04,1.3973794
2026-01-28,SKU0068,WH05,1.4685006
2026-01-28,SKU0069,WH01,17.343485
2026-01-28,SKU0069,WH02,15.536769
2026-01-28,SKU0069,WH03,16.926188
2026-01-28,SKU0069,WH04,16.913643
2026-01-28,SKU0069,WH05,17.418747
2026-01-28,SKU0070,WH01,15.671098
2026-01-28,SKU0070,WH02,15.705173
2026-01-28,SKU0070,WH03,15.705173
2026-01-28,SKU0070,WH04,15.661903
2026-01-28,SKU0070,WH05,15.746321
2026-01-28,SKU0071,WH01,10.7655325
2026-01-28,SKU0071,WH02,10.144289
2026-01-28,SKU0071,WH03,10.593271
2026-01-28,SKU0071,WH04,9.822402
2026-01-28,SKU0071,WH05,9.330145
2026-01-28,SKU0072,WH01,9.41788
2026-01-28,SKU0072,WH02,7.1363034
2026-01-28,SKU0072,WH03,7.1637416
2026-01-28,SKU0072,WH04,5.900531
2026-01-28,SKU0072,WH05,7.379498
2026-01-28,SKU0073,WH01,26.039253
2026-01-28,SKU0073,WH02,23.781567
2026-01-28,SKU0073,WH03,27.993711
2026-01-28,SKU0073,WH04,23.758913
2026-01-28,SKU0073,WH05,24.503723
2026-01-28,SKU0074,WH01,18.22889
2026-01-28,SKU0074,WH02,16.913643
2026-01-28,SKU0074,WH03,17.990906
2026-01-28,SKU0074,WH04,19.814796
2026-01-28,SKU0074,WH05,17.807243
2026-01-28,SKU0075,WH01,3.387444
2026-01-28,SKU0075,WH02,4.370396
2026-01-28,SKU0075,WH03,3.9848697
2026-01-28,SKU0075,WH04,4.8873177
2026-01-28,SKU0075,WH05,4.2671447
2026-01-28,SKU0076,WH01,15.685077
2026-01-28,SKU0076,WH02,15.651976
2026-01-28,SKU0076,WH03,11.175731
2026-01-28,SKU0076,WH04,10.690962
2026-01-28,SKU0076,WH05,17.31682
2026-01-28,SKU0077,WH01,9.180534
2026-01-28,SKU0077,WH02,10.013652
2026-01-28,SKU0077,WH03,10.413282
2026-01-28,SKU0077,WH04,9.292426
2026-01-28,SKU0077,WH05,10.132241
2026-01-28,SKU0078,WH01,9.629747
2026-01-28,SKU0078,WH02,10.180242
2026-01-28,SKU0078,WH03,8.781516
2026-01-28,SKU0078,WH04,9.653625
2026-01-28,SKU0078,WH05,9.524979
2026-01-28,SKU0079,WH01,0.5375961
2026-01-28,SKU0079,WH02,0.5375961
2026-01-28,SKU0079,WH03,0.67811835
2026-01-28,SKU0079,WH04,0.79451126
2026-01-28,SKU0079,WH05,0.5271454
2026-01-28,SKU0080,WH01,15.51672
2026-01-28,SKU0080,WH02,13.988437
2026-01-28,SKU0080,WH03,15.346808
2026-01-28,SKU0080,WH04,16.893963
2026-01-28,SKU0080,WH05,15.528769
2026-01-29,SKU0001,WH01,19.778366
2026-01-29,SKU0001,WH02,17.773531
2026-01-29,SKU0001,WH03,16.613775
2026-01-29,SKU0001,WH04,16.936304
2026-01-29,SKU0001,WH05,17.727545
2026-01-29,SKU0002,WH01,3.580602
2026-01-29,SKU0002,WH02,3.314822
2026-01-29,SKU0002,WH03,4.641383
2026-01-29,SKU0002,WH04,4.188768
2026-01-29,SKU0002,WH05,4.2671447
2026-01-29,SKU0003,WH01,46.42963
2026-01-29,SKU0003,WH02,45.825214
2026-01-29,SKU0003,WH03,46.71593
2026-01-29,SKU0003,WH04,45.097992
2026-01-29,SKU0003,WH05,45.1766
2026-01-29,SKU0004,WH01,78.92676
2026-01-29,SKU0004,WH02,77.39912
2026-01-29,SKU0004,WH03,88.86649
2026-01-29,SKU0004,WH04,79.13187
2026-01-29,SKU0004,WH05,88.20319
2026-01-29,SKU0005,WH01,17.387527
2026-01-29,SKU0005,WH02,17.64836
2026-01-29,SKU0005,WH03,17.828295
2026-01-29,SKU0005,WH04,18.366024
2026-01-29,SKU0005,WH05,16.240103
2026-01-29,SKU0006,WH01,0.45726392
2026-01-29,SKU0006,WH02,0.45726392
2026-01-29,SKU0006,WH03,0.45726392
2026-01-29,SKU0006,WH04,0.45726392
2026-01-29,SKU0006,WH05,0.45726392
2026-01-29,SKU0007,WH01,14.863783
2026-01-29,SKU0007,WH02,15.572994
2026-01-29,SKU0007,WH03,14.277653
2026-01-29,SKU0007,WH04,17.300217
2026-01-29,SKU0007,WH05,13.742016
2026-01-29,SKU0008,WH01,29.31257
2026-01-29,SKU0008,WH02,28.630308
2026-01-29,SKU0008,WH03,28.552588
2026-01-29,SKU0008,WH04,28.184574
2026-01-29,SKU0008,WH05,29.151688
2026-01-29,SKU0009,WH01,33.707413
2026-01-29,SKU0009,WH02,38.96975
2026-01-29,SKU0009,WH03,40.34259
2026-01-29,SKU0009,WH04,35.675358
2026-01-29,SKU0009,WH05,33.03681
2026-01-29,SKU0010,WH01,6.0697465
2026-01-29,SKU0010,WH02,7.210444
2026-01-29,SKU0010,WH03,5.0921226
2026-01-29,SKU0010,WH04,8.140744
2026-01-29,SKU0010,WH05,7.111914
2026-01-29,SKU0011,WH01,23.14661
2026-01-29,SKU0011,WH02,20.376734
2026-01-29,SKU0011,WH03,23.14661
2026-01-29,SKU0011,WH04,20.617731
2026-01-29,SKU0011,WH05,23.14661
2026-01-29,SKU0012,WH01,10.08043
2026-01-29,SKU0012,WH02,9.268549
2026-01-29,SKU0012,WH03,9.524979
2026-01-29,SKU0012,WH04,10.177877
2026-01-29,SKU0012,WH05,10.051596
2026-01-29,SKU0013,WH01,7.414109
2026-01-29,SKU0013,WH02,7.414109
2026-01-29,SKU0013,WH03,5.6412344
2026-01-29,SKU0013,WH04,8.072508
2026-01-29,SKU0013,WH05,6.0481153
2026-01-29,SKU0014,WH01,3.387444
2026-01-29,SKU0014,WH02,3.314822
2026-01-29,SKU0014,WH03,3.387444
2026-01-29,SKU0014,WH04,2.8085902
2026-01-29,SKU0014,WH05,2.8271844
2026-01-29,SKU0015,WH01,2.3189387
2026-01-29,SKU0015,WH02,2.3189387
2026-01-29,SKU0015,WH03,2.3189387
2026-01-29,SKU0015,WH04,2.3189387
2026-01-29,SKU0015,WH05,2.3189387
2026-01-29,SKU0016,WH01,55.235294
2026-01-29,SKU0016,WH02,56.734295
2026-01-29,SKU0016,WH03,59.551735
2026-01-29,SKU0016,WH04,67.4515
2026-01-29,SKU0016,WH05,65.766846
2026-01-29,SKU0017,WH01,8.01245
2026-01-29,SKU0017,WH02,9.268549
2026-01-29,SKU0017,WH03,8.3574095
2026-01-29,SKU0017,WH04,9.170765
2026-01-29,SKU0017,WH05,9.524979
2026-01-29,SKU0018,WH01,20.803068
2026-01-29,SKU0018,WH02,19.689146
2026-01-29,SKU0018,WH03,20.89333
2026-01-29,SKU0018,WH04,20.600822
2026-01-29,SKU0018,WH05,20.566164
2026-01-29,SKU0019,WH01,23.439466
2026-01-29,SKU0019,WH02,26.261574
2026-01-29,SKU0019,WH03,21.94165
2026-01-29,SKU0019,WH04,24.031958
2026-01-29,SKU0019,WH05,25.978231
2026-01-29,SKU0020,WH01,15.170403
2026-01-29,SKU0020,WH02,12.594204
2026-01-29,SKU0020,WH03,15.426504
2026-01-29,SKU0020,WH04,12.479638
2026-01-29,SKU0020,WH05,15.604648
2026-01-29,SKU0021,WH01,5.0055456
2026-01-29,SKU0021,WH02,2.793826
2026-01-29,SKU0021,WH03,4.0180736
2026-01-29,SKU0021,WH04,3.5501616
2026-01-29,SKU0021,WH05,4.4411974
2026-01-29,SKU0022,WH01,5.0055456
2026-01-29,SKU0022,WH02,5.123814
2026-01-29,SKU0022,WH03,4.849369
2026-01-29,SKU0022,WH04,5.0921226
2026-01-29,SKU0022,WH05,4.7332635
2026-01-29,SKU0023,WH01,9.268549
2026-01-29,SKU0023,WH02,9.268549
2026-01-29,SKU0023,WH03,9.247313
2026-01-29,SKU0023,WH04,10.08043
2026-01-29,SKU0023,WH05,9.133008
2026-01-29,SKU0024,WH01,23.739101
2026-01-29,SKU0024,WH02,26.092842
2026-01-29,SKU0024,WH03,21.110767
2026-01-29,SKU0024,WH04,24.876768
2026-01-29,SKU0024,WH05,25.861942
2026-01-29,SKU0025,WH01,20.522118
2026-01-29,SKU0025,WH02,18.737503
2026-01-29,SKU0025,WH03,20.81666
2026-01-29,SKU0025,WH04,23.195213
2026-01-29,SKU0025,WH05,22.257925
2026-01-29,SKU0026,WH01,46.32516
2026-01-29,SKU0026,WH02,45.784054
2026-01-29,SKU0026,WH03,43.827995
2026-01-29,SKU0026,WH04,45.914585
2026-01-29,SKU0026,WH05,46.07754
2026-01-29,SKU0027,WH01,15.572994
2026-01-29,SKU0027,WH02,16.216682
2026-01-29,SKU0027,WH03,16.693474
2026-01-29,SKU0027,WH04,16.377295
2026-01-29,SKU0027,WH05,14.806288
2026-01-29,SKU0028,WH01,7.30343
2026-01-29,SKU0028,WH02,7.400321
2026-01-29,SKU0028,WH03,8.049632
2026-01-29,SKU0028,WH04,8.266297
2026-01-29,SKU0028,WH05,7.3394055
2026-01-29,SKU0029,WH01,9.640825
2026-01-29,SKU0029,WH02,9.514859
2026-01-29,SKU0029,WH03,9.260365
2026-01-29,SKU0029,WH04,9.796873
2026-01-29,SKU0029,WH05,9.268549
2026-01-29,SKU0030,WH01,17.359283
2026-01-29,SKU0030,WH02,16.937065
2026-01-29,SKU0030,WH03,17.651049
2026-01-29,SKU0030,WH04,16.937065
2026-01-29,SKU0030,WH05,16.937065
2026-01-29,SKU0031,WH01,7.491433
2026-01-29,SKU0031,WH02,9.710323
2026-01-29,SKU0031,WH03,8.732484
2026-01-29,SKU0031,WH04,9.247313
2026-01-29,SKU0031,WH05,8.171651
2026-01-29,SKU0032,WH01,9.524979
2026-01-29,SKU0032,WH02,9.282307
2026-01-29,SKU0032,WH03,9.524979
2026-01-29,SKU0032,WH04,9.524979
2026-01-29,SKU0032,WH05,9.305478
2026-01-29,SKU0033,WH01,3.1696122
2026-01-29,SKU0033,WH02,4.3492384
2026-01-29,SKU0033,WH03,4.3492384
2026-01-29,SKU0033,WH04,4.3072586
2026-01-29,SKU0033,WH05,4.3072586
2026-01-29,SKU0034,WH01,5.119878
2026-01-29,SKU0034,WH02,5.119878
2026-01-29,SKU0034,WH03,4.877301
2026-01-29,SKU0034,WH04,4.869283
2026-01-29,SKU0034,WH05,5.1120367
2026-01-29,SKU0035,WH01,3.9164727
2026-01-29,SKU0035,WH02,4.046726
2026-01-29,SKU0035,WH03,4.155315
2026-01-29,SKU0035,WH04,4.046726
2026-01-29,SKU0035,WH05,3.9683504
2026-01-29,SKU0036,WH01,4.155315
2026-01-29,SKU0036,WH02,3.9683504
2026-01-29,SKU0036,WH03,4.046726
2026-01-29,SKU0036,WH04,4.046726
2026-01-29,SKU0036,WH05,4.1972947
2026-01-29,SKU0037,WH01,0.45726392
2026-01-29,SKU0037,WH02,0.45726392
2026-01-29,SKU0037,WH03,0.45043182
2026-01-29,SKU0037,WH04,0.45726392
2026-01-29,SKU0037,WH05,0.45726392
2026-01-29,SKU0038,WH01,15.340718
2026-01-29,SKU0038,WH02,16.961613
2026-01-29,SKU0038,WH03,15.572994
2026-01-29,SKU0038,WH04,15.628554
2026-01-29,SKU0038,WH05,16.201357
2026-01-29,SKU0039,WH01,7.8039665
2026-01-29,SKU0039,WH02,7.008799
2026-01-29,SKU0039,WH03,6.8411093
2026-01-29,SKU0039,WH04,6.3713856
2026-01-29,SKU0039,WH05,6.677292
2026-01-29,SKU0040,WH01,4.4411974
2026-01-29,SKU0040,WH02,5.1120367
2026-01-29,SKU0040,WH03,5.1120367
2026-01-29,SKU0040,WH04,5.1749334
2026-01-29,SKU0040,WH05,5.1120367
2026-01-29,SKU0041,WH01,0.46398512
2026-01-29,SKU0041,WH02,0.46398512
2026-01-29,SKU0041,WH03,0.46398512
2026-01-29,SKU0041,WH04,0.46398512
2026-01-29,SKU0041,WH05,0.46398512
2026-01-29,SKU0042,WH01,20.65161
2026-01-29,SKU0042,WH02,22.929188
2026-01-29,SKU0042,WH03,19.099548
2026-01-29,SKU0042,WH04,22.919283
2026-01-29,SKU0042,WH05,19.769758
2026-01-29,SKU0043,WH01,2.4416587
2026-01-29,SKU0043,WH02,1.8066913
2026-01-29,SKU0043,WH03,2.5835745
2026-01-29,SKU0043,WH04,2.4416587
2026-01-29,SKU0043,WH05,1.5771319
2026-01-29,SKU0044,WH01,2.3189387
2026-01-29,SKU0044,WH02,2.3189387
2026-01-29,SKU0044,WH03,2.3189387
2026-01-29,SKU0044,WH04,2.3189387
2026-01-29,SKU0044,WH05,2.3189387
2026-01-29,SKU0045,WH01,50.696804
2026-01-29,SKU0045,WH02,47.225372
2026-01-29,SKU0045,WH03,47.007385
2026-01-29,SKU0045,WH04,46.549187
2026-01-29,SKU0045,WH05,49.82561
2026-01-29,SKU0046,WH01,45.422478
2026-01-29,SKU0046,WH02,46.285816
2026-01-29,SKU0046,WH03,45.26866
2026-01-29,SKU0046,WH04,45.825214
2026-01-29,SKU0046,WH05,47.25725
2026-01-29,SKU0047,WH01,2.3189387
2026-01-29,SKU0047,WH02,2.3189387
2026-01-29,SKU0047,WH03,2.3189387
2026-01-29,SKU0047,WH04,2.3189387
2026-01-29,SKU0047,WH05,2.3189387
2026-01-29,SKU0048,WH01,0.45043182
2026-01-29,SKU0048,WH02,0.45726392
2026-01-29,SKU0048,WH03,0.45726392
2026-01-29,SKU0048,WH04,0.45726392
2026-01-29,SKU0048,WH05,0.45726392
2026-01-29,SKU0049,WH01,7.6490645
2026-01-29,SKU0049,WH02,9.207603
2026-01-29,SKU0049,WH03,8.669866
2026-01-29,SKU0049,WH04,9.556933
2026-01-29,SKU0049,WH05,9.445283
2026-01-29,SKU0050,WH01,16.863323
2026-01-29,SKU0050,WH02,16.949114
2026-01-29,SKU0050,WH03,15.604648
2026-01-29,SKU0050,WH04,15.021122
2026-01-29,SKU0050,WH05,15.628554
2026-01-29,SKU0051,WH01,0.45043182
2026-01-29,SKU0051,WH02,0.45726392
2026-01-29,SKU0051,WH03,0.45726392
2026-01-29,SKU0051,WH04,0.45726392
2026-01-29,SKU0051,WH05,0.45726392
2026-01-29,SKU0052,WH01,25.849436
2026-01-29,SKU0052,WH02,23.148708
2026-01-29,SKU0052,WH03,23.1228
2026-01-29,SKU0052,WH04,25.912588
2026-01-29,SKU0052,WH05,25.912588
2026-01-29,SKU0053,WH01,2.3189387
2026-01-29,SKU0053,WH02,2.3189387
2026-01-29,SKU0053,WH03,2.3189387
2026-01-29,SKU0053,WH04,2.2925034
2026-01-29,SKU0053,WH05,2.3189387
2026-01-29,SKU0054,WH01,14.693689
2026-01-29,SKU0054,WH02,11.559587
2026-01-29,SKU0054,WH03,15.572994
2026-01-29,SKU0054,WH04,13.780516
2026-01-29,SKU0054,WH05,10.797945
2026-01-29,SKU0055,WH01,19.416708
2026-01-29,SKU0055,WH02,18.1371
2026-01-29,SKU0055,WH03,18.167543
2026-01-29,SKU0055,WH04,17.016003
2026-01-29,SKU0055,WH05,21.110767
2026-01-29,SKU0056,WH01,0.46398512
2026-01-29,SKU0056,WH02,0.46398512
2026-01-29,SKU0056,WH03,0.46398512
2026-01-29,SKU0056,WH04,0.46398512
2026-01-29,SKU0056,WH05,0.4744359
2026-01-29,SKU0057,WH01,5.1002297
2026-01-29,SKU0057,WH02,5.088268
2026-01-29,SKU0057,WH03,4.846837
2026-01-29,SKU0057,WH04,5.037333
2026-01-29,SKU0057,WH05,5.062116
2026-01-29,SKU0058,WH01,26.455744
2026-01-29,SKU0058,WH02,26.400164
2026-01-29,SKU0058,WH03,28.005846
2026-01-29,SKU0058,WH04,29.211216
2026-01-29,SKU0058,WH05,29.340399
2026-01-29,SKU0059,WH01,22.179876
2026-01-29,SKU0059,WH02,23.387228
2026-01-29,SKU0059,WH03,20.678772
2026-01-29,SKU0059,WH04,23.043789
2026-01-29,SKU0059,WH05,23.495409
2026-01-29,SKU0060,WH01,10.149043
2026-01-29,SKU0060,WH02,9.268549
2026-01-29,SKU0060,WH03,9.292426
2026-01-29,SKU0060,WH04,9.268549
2026-01-29,SKU0060,WH05,9.268549
2026-01-29,SKU0061,WH01,14.422047
2026-01-29,SKU0061,WH02,16.913643
2026-01-29,SKU0061,WH03,16.937065
2026-01-29,SKU0061,WH04,16.913643
2026-01-29,SKU0061,WH05,17.300217
2026-01-29,SKU0062,WH01,30.108734
2026-01-29,SKU0062,WH02,39.099262
2026-01-29,SKU0062,WH03,33.707413
2026-01-29,SKU0062,WH04,33.707413
2026-01-29,SKU0062,WH05,33.707413
2026-01-29,SKU0063,WH01,10.051596
2026-01-29,SKU0063,WH02,11.29268
2026-01-29,SKU0063,WH03,10.279551
2026-01-29,SKU0063,WH04,10.430796
2026-01-29,SKU0063,WH05,10.177877
2026-01-29,SKU0064,WH01,8.171651
2026-01-29,SKU0064,WH02,9.233555
2026-01-29,SKU0064,WH03,8.2320595
2026-01-29,SKU0064,WH04,9.292426
2026-01-29,SKU0064,WH05,8.784931
2026-01-29,SKU0065,WH01,45.541656
2026-01-29,SKU0065,WH02,45.04686
2026-01-29,SKU0065,WH03,45.049866
2026-01-29,SKU0065,WH04,44.86632
2026-01-29,SKU0065,WH05,46.00226
2026-01-29,SKU0066,WH01,8.2320595
2026-01-29,SKU0066,WH02,8.3574095
2026-01-29,SKU0066,WH03,8.119823
2026-01-29,SKU0066,WH04,9.170765
2026-01-29,SKU0066,WH05,9.796873
2026-01-29,SKU0067,WH01,40.140423
2026-01-29,SKU0067,WH02,40.160313
2026-01-29,SKU0067,WH03,42.151672
2026-01-29,SKU0067,WH04,43.104275
2026-01-29,SKU0067,WH05,41.838833
2026-01-29,SKU0068,WH01,0.4677147
2026-01-29,SKU0068,WH02,0.7380885
2026-01-29,SKU0068,WH03,0.7246299
2026-01-29,SKU0068,WH04,1.4474995
2026-01-29,SKU0068,WH05,1.4685006
2026-01-29,SKU0069,WH01,17.276794
2026-01-29,SKU0069,WH02,15.628554
2026-01-29,SKU0069,WH03,17.233328
2026-01-29,SKU0069,WH04,16.913643
2026-01-29,SKU0069,WH05,17.387527
2026-01-29,SKU0070,WH01,15.614575
2026-01-29,SKU0070,WH02,15.726829
2026-01-29,SKU0070,WH03,15.638482
2026-01-29,SKU0070,WH04,15.638482
2026-01-29,SKU0070,WH05,15.635043
2026-01-29,SKU0071,WH01,10.7655325
2026-01-29,SKU0071,WH02,10.144289
2026-01-29,SKU0071,WH03,10.298018
2026-01-29,SKU0071,WH04,9.785542
2026-01-29,SKU0071,WH05,9.47561
2026-01-29,SKU0072,WH01,9.170765
2026-01-29,SKU0072,WH02,7.274714
2026-01-29,SKU0072,WH03,7.111914
2026-01-29,SKU0072,WH04,5.7258935
2026-01-29,SKU0072,WH05,7.4536386
2026-01-29,SKU0073,WH01,25.960505
2026-01-29,SKU0073,WH02,23.685743
2026-01-29,SKU0073,WH03,28.032127
2026-01-29,SKU0073,WH04,23.284399
2026-01-29,SKU0073,WH05,24.110506
2026-01-29,SKU0074,WH01,18.285412
2026-01-29,SKU0074,WH02,16.952017
2026-01-29,SKU0074,WH03,17.985237
2026-01-29,SKU0074,WH04,19.915314
2026-01-29,SKU0074,WH05,17.828295
2026-01-29,SKU0075,WH01,3.387444
2026-01-29,SKU0075,WH02,4.4411974
2026-01-29,SKU0075,WH03,4.141451
2026-01-29,SKU0075,WH04,4.750297
2026-01-29,SKU0075,WH05,4.2671447
2026-01-29,SKU0076,WH01,15.628554
2026-01-29,SKU0076,WH02,15.628554
2026-01-29,SKU0076,WH03,11.247544
2026-01-29,SKU0076,WH04,10.821575
2026-01-29,SKU0076,WH05,16.937065
2026-01-29,SKU0077,WH01,9.233555
2026-01-29,SKU0077,WH02,10.177877
2026-01-29,SKU0077,WH03,10.304642
2026-01-29,SKU0077,WH04,9.292426
2026-01-29,SKU0077,WH05,10.08043
2026-01-29,SKU0078,WH01,9.268549
2026-01-29,SKU0078,WH02,9.897712
2026-01-29,SKU0078,WH03,8.760978
2026-01-29,SKU0078,WH04,9.524979
2026-01-29,SKU0078,WH05,9.524979
2026-01-29,SKU0079,WH01,0.5375961
2026-01-29,SKU0079,WH02,0.5375961
2026-01-29,SKU0079,WH03,0.67811835
2026-01-29,SKU0079,WH04,0.79451126
2026-01-29,SKU0079,WH05,0.5271454
2026-01-29,SKU0080,WH01,15.493299
2026-01-29,SKU0080,WH02,13.903209
2026-01-29,SKU0080,WH03,15.493299
2026-01-29,SKU0080,WH04,16.881914
2026-01-29,SKU0080,WH05,15.493299
2026-01-30,SKU0001,WH01,19.778366
2026-01-30,SKU0001,WH02,17.773531
2026-01-30,SKU0001,WH03,16.772701
2026-01-30,SKU0001,WH04,16.941298
2026-01-30,SKU0001,WH05,17.7379
2026-01-30,SKU0002,WH01,3.580602
2026-01-30,SKU0002,WH02,3.314822
2026-01-30,SKU0002,WH03,4.641383
2026-01-30,SKU0002,WH04,4.259569
2026-01-30,SKU0002,WH05,4.337946
2026-01-30,SKU0003,WH01,47.494137
2026-01-30,SKU0003,WH02,45.326233
2026-01-30,SKU0003,WH03,45.196484
2026-01-30,SKU0003,WH04,46.32331
2026-01-30,SKU0003,WH05,45.41184
2026-01-30,SKU0004,WH01,76.73196
2026-01-30,SKU0004,WH02,79.11707
2026-01-30,SKU0004,WH03,86.24253
2026-01-30,SKU0004,WH04,76.566795
2026-01-30,SKU0004,WH05,88.84082
2026-01-30,SKU0005,WH01,17.535715
2026-01-30,SKU0005,WH02,17.64836
2026-01-30,SKU0005,WH03,17.828295
2026-01-30,SKU0005,WH04,18.366024
2026-01-30,SKU0005,WH05,16.240103
2026-01-30,SKU0006,WH01,0.45726392
2026-01-30,SKU0006,WH02,0.45043182
2026-01-30,SKU0006,WH03,0.45726392
2026-01-30,SKU0006,WH04,0.45726392
2026-01-30,SKU0006,WH05,0.45726392
2026-01-30,SKU0007,WH01,14.955568
2026-01-30,SKU0007,WH02,15.572994
2026-01-30,SKU0007,WH03,14.277653
2026-01-30,SKU0007,WH04,17.359283
2026-01-30,SKU0007,WH05,13.742016
2026-01-30,SKU0008,WH01,29.370539
2026-01-30,SKU0008,WH02,28.740566
2026-01-30,SKU0008,WH03,28.552588
2026-01-30,SKU0008,WH04,28.332016
2026-01-30,SKU0008,WH05,29.38844
2026-01-30,SKU0009,WH01,33.707413
2026-01-30,SKU0009,WH02,38.963104
2026-01-30,SKU0009,WH03,40.34259
2026-01-30,SKU0009,WH04,35.675358
2026-01-30,SKU0009,WH05,33.03681
2026-01-30,SKU0010,WH01,6.0697465
2026-01-30,SKU0010,WH02,7.210444
2026-01-30,SKU0010,WH03,5.0921226
2026-01-30,SKU0010,WH04,8.140744
2026-01-30,SKU0010,WH05,7.111914
2026-01-30,SKU0011,WH01,23.176582
2026-01-30,SKU0011,WH02,20.376734
2026-01-30,SKU0011,WH03,23.14661
2026-01-30,SKU0011,WH04,20.617731
2026-01-30,SKU0011,WH05,23.176582
2026-01-30,SKU0012,WH01,10.051596
2026-01-30,SKU0012,WH02,9.268549
2026-01-30,SKU0012,WH03,9.524979
2026-01-30,SKU0012,WH04,10.177877
2026-01-30,SKU0012,WH05,10.051596
2026-01-30,SKU0013,WH01,7.414109
2026-01-30,SKU0013,WH02,7.414109
2026-01-30,SKU0013,WH03,5.6475863
2026-01-30,SKU0013,WH04,8.072508
2026-01-30,SKU0013,WH05,6.0481153
2026-01-30,SKU0014,WH01,3.387444
2026-01-30,SKU0014,WH02,3.314822
2026-01-30,SKU0014,WH03,3.387444
2026-01-30,SKU0014,WH04,2.8085902
2026-01-30,SKU0014,WH05,2.8271844
2026-01-30,SKU0015,WH01,2.3189387
2026-01-30,SKU0015,WH02,2.3189387
2026-01-30,SKU0015,WH03,2.3189387
2026-01-30,SKU0015,WH04,2.3189387
2026-01-30,SKU0015,WH05,2.3189387
2026-01-30,SKU0016,WH01,55.47164
2026-01-30,SKU0016,WH02,56.235313
2026-01-30,SKU0016,WH03,56.235313
2026-01-30,SKU0016,WH04,67.14593
2026-01-30,SKU0016,WH05,64.99929
2026-01-30,SKU0017,WH01,8.088917
2026-01-30,SKU0017,WH02,9.268549
2026-01-30,SKU0017,WH03,8.3574095
2026-01-30,SKU0017,WH04,9.170765
2026-01-30,SKU0017,WH05,9.51579
2026-01-30,SKU0018,WH01,20.813236
2026-01-30,SKU0018,WH02,19.689146
2026-01-30,SKU0018,WH03,21.049023
2026-01-30,SKU0018,WH04,20.600822
2026-01-30,SKU0018,WH05,20.566164
2026-01-30,SKU0019,WH01,23.439466
2026-01-30,SKU0019,WH02,26.261574
2026-01-30,SKU0019,WH03,22.132082
2026-01-30,SKU0019,WH04,24.015123
2026-01-30,SKU0019,WH05,26.066793
2026-01-30,SKU0020,WH01,15.170403
2026-01-30,SKU0020,WH02,12.965156
2026-01-30,SKU0020,WH03,15.426504
2026-01-30,SKU0020,WH04,12.479638
2026-01-30,SKU0020,WH05,15.604648
2026-01-30,SKU0021,WH01,5.0055456
2026-01-30,SKU0021,WH02,2.793826
2026-01-30,SKU0021,WH03,4.0180736
2026-01-30,SKU0021,WH04,3.387444
2026-01-30,SKU0021,WH05,4.4411974
2026-01-30,SKU0022,WH01,5.0055456
2026-01-30,SKU0022,WH02,5.123814
2026-01-30,SKU0022,WH03,4.849369
2026-01-30,SKU0022,WH04,5.0921226
2026-01-30,SKU0022,WH05,4.7332635
2026-01-30,SKU0023,WH01,9.268549
2026-01-30,SKU0023,WH02,9.281601
2026-01-30,SKU0023,WH03,9.247313
2026-01-30,SKU0023,WH04,10.08043
2026-01-30,SKU0023,WH05,9.133008
2026-01-30,SKU0024,WH01,23.739101
2026-01-30,SKU0024,WH02,26.00428
2026-01-30,SKU0024,WH03,21.110767
2026-01-30,SKU0024,WH04,24.876768
2026-01-30,SKU0024,WH05,25.936398
2026-01-30,SKU0025,WH01,20.522118
2026-01-30,SKU0025,WH02,18.721424
2026-01-30,SKU0025,WH03,20.81666
2026-01-30,SKU0025,WH04,23.221184
2026-01-30,SKU0025,WH05,22.26783
2026-01-30,SKU0026,WH01,45.846363
2026-01-30,SKU0026,WH02,45.79748
2026-01-30,SKU0026,WH03,44.623928
2026-01-30,SKU0026,WH04,46.033695
2026-01-30,SKU0026,WH05,45.865364
2026-01-30,SKU0027,WH01,15.572994
2026-01-30,SKU0027,WH02,16.216682
2026-01-30,SKU0027,WH03,16.693474
2026-01-30,SKU0027,WH04,16.560469
2026-01-30,SKU0027,WH05,14.955568
2026-01-30,SKU0028,WH01,7.30343
2026-01-30,SKU0028,WH02,7.400321
2026-01-30,SKU0028,WH03,8.080539
2026-01-30,SKU0028,WH04,8.266297
2026-01-30,SKU0028,WH05,7.3394055
2026-01-30,SKU0029,WH01,9.640825
2026-01-30,SKU0029,WH02,9.514859
2026-01-30,SKU0029,WH03,9.260365
2026-01-30,SKU0029,WH04,9.87556
2026-01-30,SKU0029,WH05,9.282307
2026-01-30,SKU0030,WH01,17.371332
2026-01-30,SKU0030,WH02,16.937065
2026-01-30,SKU0030,WH03,17.651049
2026-01-30,SKU0030,WH04,17.003954
2026-01-30,SKU0030,WH05,16.949114
2026-01-30,SKU0031,WH01,7.491433
2026-01-30,SKU0031,WH02,9.710323
2026-01-30,SKU0031,WH03,8.732484
2026-01-30,SKU0031,WH04,9.268549
2026-01-30,SKU0031,WH05,8.171651
2026-01-30,SKU0032,WH01,9.524979
2026-01-30,SKU0032,WH02,9.268549
2026-01-30,SKU0032,WH03,9.524979
2026-01-30,SKU0032,WH04,9.524979
2026-01-30,SKU0032,WH05,9.292426
2026-01-30,SKU0033,WH01,3.1696122
2026-01-30,SKU0033,WH02,4.3492384
2026-01-30,SKU0033,WH03,4.3492384
2026-01-30,SKU0033,WH04,4.2364573
2026-01-30,SKU0033,WH05,4.3072586
2026-01-30,SKU0034,WH01,5.1120367
2026-01-30,SKU0034,WH02,5.1120367
2026-01-30,SKU0034,WH03,4.877301
2026-01-30,SKU0034,WH04,4.8602676
2026-01-30,SKU0034,WH05,5.02546
2026-01-30,SKU0035,WH01,3.9683504
2026-01-30,SKU0035,WH02,4.046726
2026-01-30,SKU0035,WH03,4.1643305
2026-01-30,SKU0035,WH04,4.046726
2026-01-30,SKU0035,WH05,3.8968525
2026-01-30,SKU0036,WH01,4.155315
2026-01-30,SKU0036,WH02,3.9164727
2026-01-30,SKU0036,WH03,4.046726
2026-01-30,SKU0036,WH04,4.046726
2026-01-30,SKU0036,WH05,4.1972947
2026-01-30,SKU0037,WH01,0.45726392
2026-01-30,SKU0037,WH02,0.45726392
2026-01-30,SKU0037,WH03,0.45043182
2026-01-30,SKU0037,WH04,0.45043182
2026-01-30,SKU0037,WH05,0.45043182
2026-01-30,SKU0038,WH01,15.398288
2026-01-30,SKU0038,WH02,16.961613
2026-01-30,SKU0038,WH03,15.572994
2026-01-30,SKU0038,WH04,15.628554
2026-01-30,SKU0038,WH05,16.201357
2026-01-30,SKU0039,WH01,7.8039665
2026-01-30,SKU0039,WH02,7.0357013
2026-01-30,SKU0039,WH03,6.8411093
2026-01-30,SKU0039,WH04,6.3713856
2026-01-30,SKU0039,WH05,6.677292
2026-01-30,SKU0040,WH01,4.4411974
2026-01-30,SKU0040,WH02,5.1120367
2026-01-30,SKU0040,WH03,5.1120367
2026-01-30,SKU0040,WH04,5.1120367
2026-01-30,SKU0040,WH05,5.1120367
2026-01-30,SKU0041,WH01,0.46398512
2026-01-30,SKU0041,WH02,0.46398512
2026-01-30,SKU0041,WH03,0.45715302
2026-01-30,SKU0041,WH04,0.46398512
2026-01-30,SKU0041,WH05,0.46398512
2026-01-30,SKU0042,WH01,20.805061
2026-01-30,SKU0042,WH02,22.929188
2026-01-30,SKU0042,WH03,19.75959
2026-01-30,SKU0042,WH04,22.919283
2026-01-30,SKU0042,WH05,19.769758
2026-01-30,SKU0043,WH01,2.4416587
2026-01-30,SKU0043,WH02,1.8066913
2026-01-30,SKU0043,WH03,2.5835745
2026-01-30,SKU0043,WH04,2.4416587
2026-01-30,SKU0043,WH05,1.5771319
2026-01-30,SKU0044,WH01,2.3189387
2026-01-30,SKU0044,WH02,2.3189387
2026-01-30,SKU0044,WH03,2.3189387
2026-01-30,SKU0044,WH04,2.3189387
2026-01-30,SKU0044,WH05,2.3189387
2026-01-30,SKU0045,WH01,50.76165
2026-01-30,SKU0045,WH02,46.706207
2026-01-30,SKU0045,WH03,47.687588
2026-01-30,SKU0045,WH04,47.687588
2026-01-30,SKU0045,WH05,49.910873
2026-01-30,SKU0046,WH01,45.41184
2026-01-30,SKU0046,WH02,46.169495
2026-01-30,SKU0046,WH03,46.299244
2026-01-30,SKU0046,WH04,45.326233
2026-01-30,SKU0046,WH05,47.337738
2026-01-30,SKU0047,WH01,2.3189387
2026-01-30,SKU0047,WH02,2.3189387
2026-01-30,SKU0047,WH03,2.3189387
2026-01-30,SKU0047,WH04,2.3189387
2026-01-30,SKU0047,WH05,2.3189387
2026-01-30,SKU0048,WH01,0.45043182
2026-01-30,SKU0048,WH02,0.45726392
2026-01-30,SKU0048,WH03,0.45726392
2026-01-30,SKU0048,WH04,0.45043182
2026-01-30,SKU0048,WH05,0.45043182
2026-01-30,SKU0049,WH01,7.700891
2026-01-30,SKU0049,WH02,9.207603
2026-01-30,SKU0049,WH03,8.669866
2026-01-30,SKU0049,WH04,9.566122
2026-01-30,SKU0049,WH05,9.445283
2026-01-30,SKU0050,WH01,16.961613
2026-01-30,SKU0050,WH02,16.937065
2026-01-30,SKU0050,WH03,15.628554
2026-01-30,SKU0050,WH04,15.170403
2026-01-30,SKU0050,WH05,15.628554
2026-01-30,SKU0051,WH01,0.45043182
2026-01-30,SKU0051,WH02,0.45726392
2026-01-30,SKU0051,WH03,0.45043182
2026-01-30,SKU0051,WH04,0.45726392
2026-01-30,SKU0051,WH05,0.45726392
2026-01-30,SKU0052,WH01,25.849436
2026-01-30,SKU0052,WH02,23.108765
2026-01-30,SKU0052,WH03,23.152773
2026-01-30,SKU0052,WH04,26.00115
2026-01-30,SKU0052,WH05,25.912588
2026-01-30,SKU0053,WH01,2.3189387
2026-01-30,SKU0053,WH02,2.3189387
2026-01-30,SKU0053,WH03,2.3189387
2026-01-30,SKU0053,WH04,2.3189387
2026-01-30,SKU0053,WH05,2.3189387
2026-01-30,SKU0054,WH01,14.785475
2026-01-30,SKU0054,WH02,11.559587
2026-01-30,SKU0054,WH03,15.512862
2026-01-30,SKU0054,WH04,13.780516
2026-01-30,SKU0054,WH05,10.797945
2026-01-30,SKU0055,WH01,19.426876
2026-01-30,SKU0055,WH02,18.167543
2026-01-30,SKU0055,WH03,18.167543
2026-01-30,SKU0055,WH04,17.016003
2026-01-30,SKU0055,WH05,21.110767
2026-01-30,SKU0056,WH01,0.45715302
2026-01-30,SKU0056,WH02,0.46398512
2026-01-30,SKU0056,WH03,0.46398512
2026-01-30,SKU0056,WH04,0.46398512
2026-01-30,SKU0056,WH05,0.46398512
2026-01-30,SKU0057,WH01,5.037333
2026-01-30,SKU0057,WH02,5.037333
2026-01-30,SKU0057,WH03,4.7945795
2026-01-30,SKU0057,WH04,5.037333
2026-01-30,SKU0057,WH05,4.950756
2026-01-30,SKU0058,WH01,26.455744
2026-01-30,SKU0058,WH02,26.400164
2026-01-30,SKU0058,WH03,27.952703
2026-01-30,SKU0058,WH04,29.243292
2026-01-30,SKU0058,WH05,29.360315
2026-01-30,SKU0059,WH01,22.18664
2026-01-30,SKU0059,WH02,23.409214
2026-01-30,SKU0059,WH03,20.725592
2026-01-30,SKU0059,WH04,23.149708
2026-01-30,SKU0059,WH05,23.409214
2026-01-30,SKU0060,WH01,10.149043
2026-01-30,SKU0060,WH02,9.268549
2026-01-30,SKU0060,WH03,9.292426
2026-01-30,SKU0060,WH04,9.268549
2026-01-30,SKU0060,WH05,9.268549
2026-01-30,SKU0061,WH01,14.62192
2026-01-30,SKU0061,WH02,16.913643
2026-01-30,SKU0061,WH03,16.937065
2026-01-30,SKU0061,WH04,16.937065
2026-01-30,SKU0061,WH05,17.359283
2026-01-30,SKU0062,WH01,30.108734
2026-01-30,SKU0062,WH02,39.08665
2026-01-30,SKU0062,WH03,33.707413
2026-01-30,SKU0062,WH04,33.707413
2026-01-30,SKU0062,WH05,33.707413
2026-01-30,SKU0063,WH01,10.051596
2026-01-30,SKU0063,WH02,11.272677
2026-01-30,SKU0063,WH03,10.279551
2026-01-30,SKU0063,WH04,10.376422
2026-01-30,SKU0063,WH05,10.177877
2026-01-30,SKU0064,WH01,8.088917
2026-01-30,SKU0064,WH02,9.233555
2026-01-30,SKU0064,WH03,8.149325
2026-01-30,SKU0064,WH04,9.292426
2026-01-30,SKU0064,WH05,8.793186
2026-01-30,SKU0065,WH01,45.172424
2026-01-30,SKU0065,WH02,45.03622
2026-01-30,SKU0065,WH03,45.25803
2026-01-30,SKU0065,WH04,45.083466
2026-01-30,SKU0065,WH05,46.015686
2026-01-30,SKU0066,WH01,8.2320595
2026-01-30,SKU0066,WH02,8.408059
2026-01-30,SKU0066,WH03,8.119823
2026-01-30,SKU0066,WH04,9.157713
2026-01-30,SKU0066,WH05,9.796873
2026-01-30,SKU0067,WH01,40.85736
2026-01-30,SKU0067,WH02,40.17967
2026-01-30,SKU0067,WH03,42.20822
2026-01-30,SKU0067,WH04,43.117702
2026-01-30,SKU0067,WH05,42.00755
2026-01-30,SKU0068,WH01,0.4677147
2026-01-30,SKU0068,WH02,0.7246299
2026-01-30,SKU0068,WH03,0.7246299
2026-01-30,SKU0068,WH04,1.4474995
2026-01-30,SKU0068,WH05,1.4685006
2026-01-30,SKU0069,WH01,17.300217
2026-01-30,SKU0069,WH02,15.628554
2026-01-30,SKU0069,WH03,17.233328
2026-01-30,SKU0069,WH04,16.937065
2026-01-30,SKU0069,WH05,17.398224
2026-01-30,SKU0070,WH01,15.638482
2026-01-30,SKU0070,WH02,15.726829
2026-01-30,SKU0070,WH03,15.638482
2026-01-30,SKU0070,WH04,15.638482
2026-01-30,SKU0070,WH05,15.635043
2026-01-30,SKU0071,WH01,10.7655325
2026-01-30,SKU0071,WH02,10.144289
2026-01-30,SKU0071,WH03,10.298018
2026-01-30,SKU0071,WH04,9.785542
2026-01-30,SKU0071,WH05,9.47561
2026-01-30,SKU0072,WH01,9.157713
2026-01-30,SKU0072,WH02,7.274714
2026-01-30,SKU0072,WH03,7.111914
2026-01-30,SKU0072,WH04,5.7258935
2026-01-30,SKU0072,WH05,7.4536386
2026-01-30,SKU0073,WH01,25.978231
2026-01-30,SKU0073,WH02,23.685743
2026-01-30,SKU0073,WH03,28.221836
2026-01-30,SKU0073,WH04,23.314371
2026-01-30,SKU0073,WH05,24.110506
2026-01-30,SKU0074,WH01,18.285412
2026-01-30,SKU0074,WH02,16.952017
2026-01-30,SKU0074,WH03,17.995934
2026-01-30,SKU0074,WH04,19.925482
2026-01-30,SKU0074,WH05,17.817598
2026-01-30,SKU0075,WH01,3.387444
2026-01-30,SKU0075,WH02,4.4411974
2026-01-30,SKU0075,WH03,4.089573
2026-01-30,SKU0075,WH04,4.742279
2026-01-30,SKU0075,WH05,4.2671447
2026-01-30,SKU0076,WH01,15.628554
2026-01-30,SKU0076,WH02,15.628554
2026-01-30,SKU0076,WH03,11.247544
2026-01-30,SKU0076,WH04,10.79983
2026-01-30,SKU0076,WH05,16.937065
2026-01-30,SKU0077,WH01,9.233555
2026-01-30,SKU0077,WH02,10.149043
2026-01-30,SKU0077,WH03,10.304642
2026-01-30,SKU0077,WH04,9.292426
2026-01-30,SKU0077,WH05,10.08043
2026-01-30,SKU0078,WH01,9.268549
2026-01-30,SKU0078,WH02,9.87556
2026-01-30,SKU0078,WH03,8.760978
2026-01-30,SKU0078,WH04,9.524979
2026-01-30,SKU0078,WH05,9.524979
2026-01-30,SKU0079,WH01,0.5271454
2026-01-30,SKU0079,WH02,0.5375961
2026-01-30,SKU0079,WH03,0.5375961
2026-01-30,SKU0079,WH04,0.79451126
2026-01-30,SKU0079,WH05,0.5271454
2026-01-30,SKU0080,WH01,15.498291
2026-01-30,SKU0080,WH02,13.903209
2026-01-30,SKU0080,WH03,15.493299
2026-01-30,SKU0080,WH04,16.881914
2026-01-30,SKU0080,WH05,15.493299
