as_of_date,sku_id,wh_id,region,category,brand,supplier_id,usable_units,on_hand_units,blocked_units,damaged_units,avg_usable_stock_90,add_90,std_90,total_90,lead_time_mean,lead_time_std,lead_time_demand,safety_stock,reorder_point,days_of_inventory,unit_cost,inventory_value,annual_demand_units,ordering_cost,holding_cost_rate_annual,holding_cost_per_unit_year,eoq,inventory_turnover_units
2025-12-31,SKU0001,WH01,North,Home Care,SurfStyle,SUP5,259,264,5,0,168.75824175824175,19.164835164835164,6.49660379012456,1744.0,5.381663113006397,2.051175820331668,103.13868647344127,53.97279269418089,157.11147916762215,13.514334862385322,27.978,7246.302000000001,6995.164835164835,1051.131099761935,0.3383101600673173,9.465241658363404,1246.454884534705,41.45080419352738
2025-12-31,SKU0001,WH02,South,Home Care,SurfStyle,SUP5,13,13,0,0,261.9120879120879,19.89010989010989,6.941742575736298,1810.0,5.381663113006397,2.051175820331668,107.04187070924812,56.23022745158588,163.272098160834,0.6535911602209945,27.978,363.714,7259.89010989011,1051.131099761935,0.3383101600673173,9.465241658363404,1269.821309648881,27.7188050683897
2025-12-31,SKU0001,WH03,South,Home Care,SurfStyle,SUP5,310,320,8,2,210.6043956043956,19.054945054945055,7.630876806126595,1734.0,5.381663113006397,2.051175820331668,102.54729492256145,55.00685850980463,157.5541534323661,16.26874279123414,27.978,8673.18,6955.054945054945,1051.131099761935,0.3383101600673173,9.465241658363404,1242.8761953101402,33.02426297938951
2025-12-31,SKU0001,WH04,North,Home Care,SurfStyle,SUP5,435,444,6,3,206.62637362637363,19.252747252747252,9.14888385007022,1752.0,5.381663113006397,2.051175820331668,103.61179971414514,57.475611056475785,161.08741077062092,22.59417808219178,27.978,12170.43,7027.252747252747,1051.131099761935,0.3383101600673173,9.465241658363404,1249.3104550230403,34.00946657448279
2025-12-31,SKU0001,WH05,South,Home Care,SurfStyle,SUP5,219,228,7,2,221.30769230769232,20.142857142857142,8.463741526944252,1833.0,5.381663113006397,2.051175820331668,108.4020712762717,58.64462182044602,167.04669309671772,10.872340425531915,27.978,6127.182000000001,7352.142857142857,1051.131099761935,0.3383101600673173,9.465241658363404,1277.8637665086103,33.22136153731565
2025-12-31,SKU0002,WH01,North,Personal Care,DailyEssentials,SUP13,54,55,1,0,52.23076923076923,4.230769230769231,1.9210929937403578,385.0,6.539584503088153,2.383753448119716,27.667472897680646,14.381528230013133,42.04900112769378,12.763636363636364,192.864,10414.656,1544.2307692307693,355.2129924410909,0.2003547100451908,38.641210798155676,168.49621775552225,29.565537555228275
2025-12-31,SKU0002,WH02,South,Personal Care,DailyEssentials,SUP13,50,51,1,0,56.23076923076923,4.263736263736264,2.370350020262665,388.0,6.539584503088153,2.383753448119716,27.88306359558465,15.171199027839624,43.05426262342428,11.726804123711341,192.864,9643.2,1556.2637362637363,355.2129924410909,0.2003547100451908,38.641210798155676,169.15142262966754,27.676372874731285
2025-12-31,SKU0002,WH03,South,Personal Care,DailyEssentials,SUP13,77,78,1,0,42.76923076923077,4.670329670329671,2.9327838313147114,425.0,6.539584503088153,2.383753448119716,30.542015536400715,17.20891953113404,47.750935067534755,16.48705882352941,192.864,14850.528,1704.6703296703297,355.2129924410909,0.2003547100451908,38.641210798155676,177.03301140626294,39.85739979445016
2025-12-31,SKU0002,WH04,North,Personal Care,DailyEssentials,SUP13,4,4,0,0,49.62637362637363,4.2967032967032965,2.4652901812272883,391.0,6.539584503088153,2.383753448119716,28.098654293488657,15.41866410386483,43.517318397353485,0.9309462915601023,192.864,771.456,1568.2967032967033,355.2129924410909,0.2003547100451908,38.641210798155676,169.8040993538272,31.602081488042515
2025-12-31,SKU0002,WH05,South,Personal Care,DailyEssentials,SUP13,94,97,2,1,72.65934065934066,4.428571428571429,2.4816788991991205,403.0,6.539584503088153,2.383753448119716,28.96101708510468,15.79087923519265,44.75189632029733,21.2258064516129,192.864,18129.216,1616.4285714285716,355.2129924410909,0.2003547100451908,38.641210798155676,172.39009738456707,22.246672716273444
2025-12-31,SKU0003,WH01,North,Personal Care,FreshFoods,SUP4,167,170,2,1,375.967032967033,44.72527472527472,12.739323140981787,4070.0,4.56771397616468,2.6376462500167546,204.29226245044228,199.16112078449862,403.45338323494093,3.733906633906634,52.961999999999996,8844.653999999999,16324.725274725273,934.6210919351616,0.1999076062030187,10.587506639724277,1697.6919115043993,43.420629585245365
2025-12-31,SKU0003,WH02,South,Personal Care,FreshFoods,SUP4,745,755,6,4,468.16483516483515,43.494505494505496,13.88394246472731,3958.0,4.56771397616468,2.6376462500167546,198.67046063362423,194.9299615129166,393.60042214654084,17.128600303183426,52.961999999999996,39456.689999999995,15875.494505494506,934.6210919351616,0.1999076062030187,10.587506639724277,1674.1700556231883,33.91005328263268
2025-12-31,SKU0003,WH03,South,Personal Care,FreshFoods,SUP4,1077,1082,3,2,727.6043956043956,45.51648351648352,15.271878759022439,4142.0,4.56771397616468,2.6376462500167546,207.90627790411105,204.66116678825205,412.5674446923631,23.661757605021727,52.961999999999996,57040.07399999999,16613.516483516483,934.6210919351616,0.1999076062030187,10.587506639724277,1712.6425202551648,22.833172234640248
2025-12-31,SKU0003,WH04,North,Personal Care,FreshFoods,SUP4,138,142,4,0,557.3626373626373,42.967032967032964,14.783211611261791,3910.0,4.56771397616468,2.6376462500167546,196.26111699784502,193.5400207045042,389.80113770234925,3.211764705882353,52.961999999999996,7308.755999999999,15682.967032967032,934.6210919351616,0.1999076062030187,10.587506639724277,1663.98747730054,28.13781545741325
2025-12-31,SKU0003,WH05,South,Personal Care,FreshFoods,SUP4,0,0,0,0,584.6593406593406,41.824175824175825,13.244364341605333,3806.0,4.56771397616468,2.6376462500167546,191.04087245365685,187.35070821156106,378.39158066521793,0.0,52.961999999999996,0.0,15265.824175824177,934.6210919351616,0.1999076062030187,10.587506639724277,1641.7085759840647,26.110630779640633
2025-12-31,SKU0004,WH01,North,Home Care,GlowCare,SUP12,499,514,13,2,913.8791208791209,80.08791208791209,21.846254879471957,7288.0,7.34833204034135,3.0983614826616437,588.5125704396457,419.65611182940273,1008.1686822690485,6.230653128430297,13.632,6802.3679999999995,29232.08791208791,393.0414908689041,0.1949105320248306,2.657020372562491,2940.808012243158,31.986821062251238
2025-12-31,SKU0004,WH02,South,Home Care,GlowCare,SUP12,407,412,5,0,1086.3406593406594,81.49450549450549,27.2006428136353,7416.0,7.34833204034135,3.0983614826616437,598.8486858370488,432.7094644463414,1031.5581502833902,4.994201725997843,13.632,5548.224,29745.494505494502,393.0414908689041,0.1949105320248306,2.657020372562491,2966.5204841190452,27.381369048221163
2025-12-31,SKU0004,WH03,South,Home Care,GlowCare,SUP12,827,833,3,3,1064.8461538461538,80.4065934065934,20.6881490617095,7317.0,7.34833204034135,3.0983614826616437,590.8543465843699,420.0718963777085,1010.9262429620784,10.28522618559519,13.632,11273.663999999999,29348.40659340659,393.0414908689041,0.1949105320248306,2.657020372562491,2946.653152334336,27.561170679353154
2025-12-31,SKU0004,WH04,North,Home Care,GlowCare,SUP12,1549,1591,31,11,1318.6373626373627,79.71428571428571,20.072250449195728,7254.0,7.34833204034135,3.0983614826616437,585.7670397872104,416.0306874801052,1001.7977272673156,19.43189964157706,13.632,21115.968,29095.714285714283,393.0414908689041,0.1949105320248306,2.657020372562491,2933.940259725641,22.06498549951665
2025-12-31,SKU0004,WH05,South,Home Care,GlowCare,SUP12,991,1016,20,5,1145.2307692307693,82.13186813186813,22.549801078801757,7474.0,7.34833204034135,3.0983614826616437,603.5322381264972,430.51792238265114,1034.0501605091483,12.065962001605566,13.632,13509.312,29978.131868131866,393.0414908689041,0.1949105320248306,2.657020372562491,2978.098361920666,26.176498810163505
2025-12-31,SKU0005,WH01,North,Personal Care,GlowCare,SUP7,566,582,13,3,297.8131868131868,19.384615384615383,6.380124050987012,1764.0,6.451051486584482,2.402744858664308,125.05115189379148,81.12279950818352,206.173951401975,29.1984126984127,119.19,67461.54,7075.384615384615,470.75875131780026,0.2918367584568897,34.784023240476685,437.62217384690433,23.75779491531678
2025-12-31,SKU0005,WH02,South,Personal Care,GlowCare,SUP7,521,538,15,2,336.27472527472526,20.505494505494507,7.234751975129222,1866.0,6.451051486584482,2.402744858664308,132.28200081282026,86.50165533333684,218.7836561461571,25.40782422293676,119.19,62097.99,7484.505494505495,470.75875131780026,0.2918367584568897,34.784023240476685,450.0967203321867,22.25711578053005
2025-12-31,SKU0005,WH03,South,Personal Care,GlowCare,SUP7,225,230,3,2,235.5054945054945,20.63736263736264,6.903326868685984,1878.0,6.451051486584482,2.402744858664308,133.1326889209413,86.51876892466811,219.6514578456094,10.90255591054313,119.19,26817.75,7532.637362637363,470.75875131780026,0.2918367584568897,34.784023240476685,451.54165734065293,31.98497503616257
2025-12-31,SKU0005,WH04,North,Personal Care,GlowCare,SUP7,245,250,4,1,244.4835164835165,20.505494505494507,7.415259981017563,1866.0,6.451051486584482,2.402744858664308,132.28200081282026,86.76807976549547,219.05008057831571,11.948017148981778,119.19,29201.55,7484.505494505495,470.75875131780026,0.2918367584568897,34.784023240476685,450.0967203321867,30.613538295577133
2025-12-31,SKU0005,WH05,South,Personal Care,GlowCare,SUP7,401,402,0,1,325.53846153846155,19.736263736263737,6.7409777807660385,1796.0,6.451051486584482,2.402744858664308,127.31965351544758,82.93658054185596,210.25623405730354,20.31792873051225,119.19,47795.19,7203.736263736264,470.75875131780026,0.2918367584568897,34.784023240476685,441.5736957778375,22.12867944909533
2025-12-31,SKU0006,WH01,North,Personal Care,DailyEssentials,SUP4,5,5,0,0,8.615384615384615,0.6373626373626373,0.863024185530594,58.0,4.56771397616468,2.6376462500167546,2.911290226566499,4.105356019601571,7.01664624616807,7.844827586206897,81.66600000000001,408.33000000000004,232.63736263736263,909.904697281304,0.2511634111343644,20.511511133699006,143.66595219946964,27.002551020408163
2025-12-31,SKU0006,WH02,South,Personal Care,DailyEssentials,SUP4,19,19,0,0,9.758241758241759,0.7142857142857143,0.8979694907674796,65.0,4.56771397616468,2.6376462500167546,3.262652840117629,4.424026501822814,7.686679341940443,26.599999999999998,81.66600000000001,1551.6540000000002,260.7142857142857,909.904697281304,0.2511634111343644,20.511511133699006,152.08855623535183,26.71734234234234
2025-12-31,SKU0006,WH03,South,Personal Care,DailyEssentials,SUP4,19,19,0,0,16.406593406593405,0.7032967032967034,0.9005492829318177,64.0,4.56771397616468,2.6376462500167546,3.212458181038896,4.397281803628357,7.609739984667254,27.015624999999996,81.66600000000001,1551.6540000000002,256.7032967032967,909.904697281304,0.2511634111343644,20.511511133699006,150.91410965366217,15.646349631614202
2025-12-31,SKU0006,WH04,North,Personal Care,DailyEssentials,SUP4,3,3,0,0,8.208791208791208,0.5824175824175825,0.700252876005583,53.0,4.56771397616468,2.6376462500167546,2.660316931172836,3.528033446247561,6.188350377420397,5.150943396226415,81.66600000000001,244.99800000000005,212.5824175824176,909.904697281304,0.2511634111343644,20.511511133699006,137.3339127651988,25.89692101740295
2025-12-31,SKU0006,WH05,South,Personal Care,DailyEssentials,SUP4,14,14,0,0,8.89010989010989,0.5824175824175825,0.7610801398295579,53.0,4.56771397616468,2.6376462500167546,2.660316931172836,3.6804507355373053,6.340767666710141,24.037735849056602,81.66600000000001,1143.324,212.5824175824176,909.904697281304,0.2511634111343644,20.511511133699006,137.3339127651988,23.912237330037083
2025-12-31,SKU0007,WH01,North,Home Care,SurfStyle,SUP6,226,233,6,1,200.27472527472528,13.241758241758241,5.073549402627665,1205.0,9.3661800486618,2.258231607771794,124.02469185315898,43.19561551895875,167.22030737211773,17.067219917012448,175.278,39612.828,4833.241758241758,1180.2047848986815,0.3116346407441133,54.62269656034669,457.0107068113312,24.133058984910836
2025-12-31,SKU0007,WH02,South,Home Care,SurfStyle,SUP6,74,76,1,1,170.16483516483515,15.12087912087912,7.001325532965826,1376.0,9.3661800486618,2.258231607771794,141.6248763402048,51.68060670326932,193.3054830434741,4.8938953488372094,175.278,12970.572,5519.120879120879,1180.2047848986815,0.3116346407441133,54.62269656034669,488.36223013744353,32.43396835647401
2025-12-31,SKU0007,WH03,South,Home Care,SurfStyle,SUP6,20,21,1,0,145.13186813186815,13.857142857142858,5.849162197503024,1261.0,9.3661800486618,2.258231607771794,129.7884949600278,46.217326611821136,176.00582157184894,1.443298969072165,175.278,3505.56,5057.857142857143,1180.2047848986815,0.3116346407441133,54.62269656034669,467.5094507867445,34.850079503293706
2025-12-31,SKU0007,WH04,North,Home Care,SurfStyle,SUP6,258,267,6,3,195.23076923076923,14.967032967032967,5.673428415675128,1362.0,9.3661800486618,2.258231607771794,140.1839255634876,48.713484131175655,188.89740969466325,17.237885462555067,175.278,45221.723999999995,5462.967032967033,1180.2047848986815,0.3116346407441133,54.62269656034669,485.87147757008194,27.982100641675114
2025-12-31,SKU0007,WH05,South,Home Care,SurfStyle,SUP6,29,29,0,0,211.58241758241758,14.31868131868132,5.454619084122132,1303.0,9.3661800486618,2.258231607771794,134.1113472901794,46.65170358102039,180.7630508711998,2.0253261703760552,175.278,5083.062,5226.318681318681,1180.2047848986815,0.3116346407441133,54.62269656034669,475.2313246209383,24.70110106990755
2025-12-31,SKU0008,WH01,North,Home Care,FreshFoods,SUP8,576,581,0,5,386.27472527472526,28.263736263736263,9.83399451430842,2572.0,7.679403541472507,3.624609451203826,217.04863635898116,174.38268380299365,391.4313201619748,20.379471228615863,170.886,98430.336,10316.263736263736,811.5436059770695,0.2941093402624607,50.25916872009086,577.1975721110117,26.70706381041791
2025-12-31,SKU0008,WH02,South,Home Care,FreshFoods,SUP8,284,291,7,0,326.7802197802198,28.956043956043956,9.76377896776549,2635.0,7.679403541472507,3.624609451203826,222.36514650307754,178.29480948111876,400.6599559841963,9.807969639468691,170.886,48531.623999999996,10568.956043956045,811.5436059770695,0.2941093402624607,50.25916872009086,584.2239050325663,32.342704375021015
2025-12-31,SKU0008,WH03,South,Home Care,FreshFoods,SUP8,171,177,5,1,340.65934065934067,26.86813186813187,8.660521912947267,2445.0,7.679403541472507,3.624609451203826,206.33122702088218,164.99373206966254,371.3249590905447,6.3644171779141105,170.886,29221.505999999998,9806.868131868132,811.5436059770695,0.2941093402624607,50.25916872009086,562.7667696696811,28.787903225806453
2025-12-31,SKU0008,WH04,North,Home Care,FreshFoods,SUP8,499,509,8,2,403.7912087912088,27.75824175824176,9.15950102879295,2526.0,7.679403541472507,3.624609451203826,213.16674006329177,170.69367969004887,383.86041975334064,17.976642913697546,170.886,85272.114,10131.758241758242,811.5436059770695,0.2941093402624607,50.25916872009086,572.0127202577911,25.091577085317727
2025-12-31,SKU0008,WH05,South,Home Care,FreshFoods,SUP8,821,839,14,4,362.010989010989,28.13186813186813,9.087486868349114,2560.0,7.679403541472507,3.624609451203826,216.03596776010568,172.77559560437842,388.8115633644841,29.183984375,170.886,140297.406,10268.131868131868,811.5436059770695,0.2941093402624607,50.25916872009086,575.849502760721,28.364144127735784
2025-12-31,SKU0009,WH01,North,Personal Care,SurfStyle,SUP12,339,348,7,2,357.56043956043953,34.42857142857143,10.500944779868203,3133.0,7.34833204034135,3.0983614826616437,252.9925745317522,181.61611340217127,434.6086879339235,9.846473029045642,70.698,23966.622,12566.428571428572,254.5003149912956,0.2367184189158004,16.735518780509256,618.2234917198974,35.14490749277768
2025-12-31,SKU0009,WH02,South,Personal Care,SurfStyle,SUP12,745,750,4,1,473.24175824175825,36.967032967032964,11.049837152596464,3364.0,7.34833204034135,3.0983614826616437,271.6460327880033,194.7502193572105,466.3962521452138,20.153091557669445,70.698,52670.009999999995,13492.967032967032,254.5003149912956,0.2367184189158004,16.735518780509256,640.6093893848021,28.51178451178451
2025-12-31,SKU0009,WH03,South,Personal Care,SurfStyle,SUP12,1425,1431,2,4,522.4065934065934,36.8021978021978,11.196447631299831,3349.0,7.34833204034135,3.0983614826616437,270.4347692648701,194.10467184970182,464.5394411145719,38.72051358614512,70.698,100744.65,13432.802197802199,254.5003149912956,0.2367184189158004,16.735518780509256,639.1795623151368,25.71330907255096
2025-12-31,SKU0009,WH04,North,Personal Care,SurfStyle,SUP12,308,309,1,0,436.4945054945055,37.46153846153846,11.9250508429456,3409.0,7.34833204034135,3.0983614826616437,275.27982335740285,198.20090125055287,473.4807246079557,8.2217659137577,70.698,21774.983999999997,13673.461538461537,254.5003149912956,0.2367184189158004,16.735518780509256,644.8798496059296,31.325621207925273
2025-12-31,SKU0009,WH05,South,Personal Care,SurfStyle,SUP12,0,0,0,0,314.989010989011,36.15384615384615,12.300788662089994,3290.0,7.34833204034135,3.0983614826616437,265.6704660738796,192.2598515174437,457.9303175913233,0.0,70.698,0.0,13196.153846153846,254.5003149912956,0.2367184189158004,16.735518780509256,633.5242671969348,41.894013396595035
2025-12-31,SKU0010,WH01,North,Home Care,SurfStyle,SUP10,51,52,1,0,89.62637362637362,7.1098901098901095,3.0090624211632195,647.0,8.59527559055118,2.8817345555300067,61.11146491303971,28.59800166516912,89.70946657820883,7.173106646058733,200.394,10220.094000000001,2595.10989010989,816.3089699275328,0.332722313051461,66.67555520163448,252.07909920969712,28.954757233938203
2025-12-31,SKU0010,WH02,South,Home Care,SurfStyle,SUP10,107,109,2,0,88.35164835164835,7.0,3.101970699768491,637.0,8.59527559055118,2.8817345555300067,60.16692913385826,28.36730158025889,88.53423071411714,15.285714285714286,200.394,21442.158,2555.0,816.3089699275328,0.332722313051461,66.67555520163448,250.12345214226906,28.91853233830846
2025-12-31,SKU0010,WH03,South,Home Care,SurfStyle,SUP10,88,90,1,1,71.01098901098901,7.032967032967033,3.085631753972486,640.0,8.59527559055118,2.8817345555300067,60.450289867612696,28.453290651116035,88.90358051872873,12.512500000000001,200.394,17634.672,2567.032967032967,816.3089699275328,0.332722313051461,66.67555520163448,250.7117480207257,36.14979882389353
2025-12-31,SKU0010,WH04,North,Home Care,SurfStyle,SUP10,179,180,0,1,118.18681318681318,7.263736263736264,3.258613082057951,661.0,8.59527559055118,2.8817345555300067,62.43381500389374,29.497835403034948,91.9316504069287,24.642965204236006,200.394,35870.526,2651.263736263736,816.3089699275328,0.332722313051461,66.67555520163448,254.79178869010133,22.432821943282192
2025-12-31,SKU0010,WH05,South,Home Care,SurfStyle,SUP10,122,126,3,1,111.16483516483517,7.054945054945055,3.1424075602514185,642.0,8.59527559055118,2.8817345555300067,60.639197023448986,28.614870641219895,89.25406766466888,17.292834890965732,200.394,24448.068,2575.054945054945,816.3089699275328,0.332722313051461,66.67555520163448,251.1031795596566,23.16429418742586
2025-12-31,SKU0011,WH01,North,Home Care,FreshFoods,SUP14,0,0,0,0,261.53846153846155,21.34065934065934,7.324570188709265,1942.0,10.797878280290341,3.4278543492868296,230.43384198158068,144.85669212078955,375.2905341023702,0.0,65.34599999999999,0.0,7789.340659340659,242.3505515801671,0.3096304650020108,20.233112366021395,431.9724068508943,29.782773109243696
2025-12-31,SKU0011,WH02,South,Home Care,FreshFoods,SUP14,0,0,0,0,351.8901098901099,20.47252747252747,7.11233772998358,1863.0,10.797878280290341,3.4278543492868296,221.0598597382517,139.1304843566363,360.190344094888,0.0,65.34599999999999,0.0,7472.472527472527,242.3505515801671,0.3096304650020108,20.233112366021395,423.0949297366168,21.235244519392914
2025-12-31,SKU0011,WH03,South,Home Care,FreshFoods,SUP14,334,345,8,3,320.1098901098901,21.32967032967033,7.07429610955503,1941.0,10.797878280290341,3.4278543492868296,230.31518397850056,144.31316768263937,374.62835166113996,15.65893869139619,65.34599999999999,21825.563999999995,7785.32967032967,242.3505515801671,0.3096304650020108,20.233112366021395,431.861174093327,24.320803295571576
2025-12-31,SKU0011,WH04,North,Home Care,FreshFoods,SUP14,0,0,0,0,262.64835164835165,21.01098901098901,6.414384019087286,1912.0,10.797878280290341,3.4278543492868296,226.87410188917727,141.15683418790852,368.0309360770858,0.0,65.34599999999999,0.0,7669.010989010989,242.3505515801671,0.3096304650020108,20.233112366021395,428.62286749767094,29.19877829379524
2025-12-31,SKU0011,WH05,South,Home Care,FreshFoods,SUP14,355,362,5,2,246.0879120879121,22.208791208791208,6.9849305786997755,2021.0,10.797878280290341,3.4278543492868296,239.80782422490967,149.56456826027642,389.3723924851861,15.984661058881743,65.34599999999999,23197.829999999994,8106.208791208791,242.3505515801671,0.3096304650020108,20.233112366021395,440.67108027674834,32.94029650799321
2025-12-31,SKU0012,WH01,North,Home Care,DailyEssentials,SUP14,142,146,3,1,143.52747252747253,9.593406593406593,3.7057853328066543,873.0,10.797878280290341,3.4278543492868296,103.5884366889392,44.95591600796118,148.54435269690038,14.801832760595648,111.072,15772.224,3501.5934065934066,1084.145711366817,0.2259909399547298,25.10126568265175,549.9761716529432,24.39667713038818
2025-12-31,SKU0012,WH02,South,Home Care,DailyEssentials,SUP14,325,329,2,2,113.83516483516483,9.54945054945055,4.919945203542495,869.0,10.797878280290341,3.4278543492868296,103.11380467661876,46.80432443932071,149.91812911593945,34.03337169159954,111.072,36098.4,3485.5494505494503,1084.145711366817,0.2259909399547298,25.10126568265175,548.714756754382,30.619268269137947
2025-12-31,SKU0012,WH03,South,Home Care,DailyEssentials,SUP14,53,54,1,0,103.61538461538461,9.098901098901099,4.312913284686002,828.0,10.797878280290341,3.4278543492868296,98.24882655033409,43.919523572861,142.1683501231951,5.82487922705314,111.072,5886.816,3321.098901098901,1084.145711366817,0.2259909399547298,25.10126568265175,535.6139999509431,32.0521794463888
2025-12-31,SKU0012,WH04,North,Home Care,DailyEssentials,SUP14,157,159,1,1,113.47252747252747,9.527472527472527,4.3213697914245754,867.0,10.797878280290341,3.4278543492868296,102.87648867045853,45.65501662767287,148.5315052981314,16.478662053056517,111.072,17438.304,3477.5274725274726,1084.145711366817,0.2259909399547298,25.10126568265175,548.0829606245911,30.646426496223125
2025-12-31,SKU0012,WH05,South,Home Care,DailyEssentials,SUP14,354,363,7,2,130.30769230769232,9.87912087912088,4.3174971268990365,899.0,10.797878280290341,3.4278543492868296,106.67354476902217,47.06990198290105,153.74344675192322,35.83314794215795,111.072,39319.488,3605.879120879121,1084.145711366817,0.2259909399547298,25.10126568265175,558.1058793589915,27.672035756451336
2025-12-31,SKU0013,WH01,North,Personal Care,FreshFoods,SUP12,21,21,0,0,76.32967032967034,6.956043956043956,2.8476582500639895,633.0,7.34833204034135,3.0983614826616437,51.1153206762206,43.06184124713819,94.1771619233588,3.0189573459715637,58.217999999999996,1222.578,2538.956043956044,909.5782851006207,0.2419126430212491,14.083670251411078,572.6703612726548,33.26302908148575
2025-12-31,SKU0013,WH02,South,Personal Care,FreshFoods,SUP12,92,94,1,1,83.15384615384616,6.8791208791208796,3.3427705236995813,626.0,7.34833204034135,3.0983614826616437,50.550064365425115,43.56445691075373,94.11452127617883,13.373801916932907,58.217999999999996,5356.056,2510.879120879121,909.5782851006207,0.2419126430212491,14.083670251411078,569.4951347982592,30.19558609752874
2025-12-31,SKU0013,WH03,South,Personal Care,FreshFoods,SUP12,81,82,1,0,57.20879120879121,6.989010989010989,3.314930887479675,636.0,7.34833204034135,3.0983614826616437,51.357573380847235,44.099952424774735,95.45752580562197,11.589622641509434,58.217999999999996,4715.657999999999,2550.989010989011,909.5782851006207,0.2419126430212491,14.083670251411078,574.0257959764609,44.590856703803304
2025-12-31,SKU0013,WH04,North,Personal Care,FreshFoods,SUP12,158,165,5,2,83.89010989010988,7.2967032967032965,3.6832790508654876,664.0,7.34833204034135,3.0983614826616437,53.61859862402919,46.48792464836206,100.10652327239126,21.653614457831324,58.217999999999996,9198.444,2663.296703296703,909.5782851006207,0.2419126430212491,14.083670251411078,586.5254904362398,31.747445637935552
2025-12-31,SKU0013,WH05,South,Personal Care,FreshFoods,SUP12,213,217,3,1,117.76923076923077,7.076923076923077,3.4616334269974303,644.0,7.34833204034135,3.0983614826616437,52.003580593184935,44.86261182501504,96.86619241819997,30.097826086956523,58.217999999999996,12400.434,2583.076923076923,909.5782851006207,0.2419126430212491,14.083670251411078,577.6247390446736,21.933376877857608
2025-12-31,SKU0014,WH01,North,Personal Care,DailyEssentials,SUP10,27,27,0,0,36.31868131868132,3.4725274725274726,2.3727183629315194,316.0,8.59527559055118,2.8817345555300067,29.84733062213377,15.623983536575272,45.47131415870904,7.775316455696203,196.95,5317.65,1267.4725274725274,373.1278464225032,0.2334547966347246,45.97892219720901,143.4279240771751,34.89863842662632
2025-12-31,SKU0014,WH02,South,Personal Care,DailyEssentials,SUP10,68,69,1,0,54.20879120879121,3.7252747252747254,2.2314217394394493,339.0,8.59527559055118,2.8817345555300067,32.0197629142511,16.116714412287106,48.13647732653821,18.253687315634217,196.95,13392.599999999999,1359.7252747252749,373.1278464225032,0.2334547966347246,45.97892219720901,148.55593955895216,25.083113723900265
2025-12-31,SKU0014,WH03,South,Personal Care,DailyEssentials,SUP10,42,42,0,0,52.94505494505494,3.8351648351648353,2.3393433849111323,349.0,8.59527559055118,2.8817345555300067,32.96429869343255,16.675019531592014,49.63931822502457,10.951289398280801,196.95,8271.9,1399.835164835165,373.1278464225032,0.2334547966347246,45.97892219720901,150.7311056486007,26.439393939393945
2025-12-31,SKU0014,WH04,North,Personal Care,DailyEssentials,SUP10,47,48,1,0,54.08791208791209,4.1098901098901095,2.335477821443966,374.0,8.59527559055118,2.8817345555300067,35.325638141386165,17.53829001734585,52.863928158732016,11.43582887700535,196.95,9256.65,1500.1098901098899,373.1278464225032,0.2334547966347246,45.97892219720901,156.03641815155225,27.734660707029658
2025-12-31,SKU0014,WH05,South,Personal Care,DailyEssentials,SUP10,73,74,0,1,62.34065934065934,3.5494505494505493,2.2073802283538444,323.0,8.59527559055118,2.8817345555300067,30.508505667560783,15.517202632208475,46.025708299769256,20.566563467492262,196.95,14377.349999999999,1295.5494505494505,373.1278464225032,0.2334547966347246,45.97892219720901,145.00782298673585,20.7817733121805
2025-12-31,SKU0015,WH01,North,Personal Care,FreshFoods,SUP5,8,8,0,0,40.76923076923077,3.21978021978022,1.6653474632586958,293.0,5.381663113006397,2.051175820331668,17.327772440778837,14.392127511143899,31.719899951922734,2.484641638225256,39.582,316.656,1175.2197802197802,291.7210058241981,0.2067939802662499,8.185319326898703,289.4280254832235,28.82614555256065
2025-12-31,SKU0015,WH02,South,Personal Care,FreshFoods,SUP5,58,59,1,0,32.40659340659341,2.758241758241758,1.7596758498255005,251.0,5.381663113006397,2.051175820331668,14.843927927083577,13.122988501936751,27.96691642902033,21.02788844621514,39.582,2295.756,1006.7582417582418,291.7210058241981,0.2067939802662499,8.185319326898703,267.88206147313,31.06646320786707
2025-12-31,SKU0015,WH03,South,Personal Care,FreshFoods,SUP5,54,57,2,1,30.967032967032967,2.8241758241758244,1.9182944194918254,257.0,5.381663113006397,2.051175820331668,15.198762857611474,13.740470536235302,28.939233393846777,19.120622568093385,39.582,2137.428,1030.8241758241759,291.7210058241981,0.2067939802662499,8.185319326898703,271.0649303052368,33.28779276082328
2025-12-31,SKU0015,WH04,North,Personal Care,FreshFoods,SUP5,31,31,0,0,39.032967032967036,2.7472527472527473,1.5605797113281443,250.0,5.381663113006397,2.051175820331668,14.784788771995595,12.5986123779552,27.383401149950796,11.284,39.582,1227.042,1002.7472527472528,291.7210058241981,0.2067939802662499,8.185319326898703,267.3478993035958,25.68975225225225
2025-12-31,SKU0015,WH05,South,Personal Care,FreshFoods,SUP5,4,4,0,0,22.78021978021978,3.087912087912088,1.767913721175025,281.0,5.381663113006397,2.051175820331668,16.61810257972305,14.193532118070666,30.811634697793714,1.295373665480427,39.582,158.328,1127.0879120879122,291.7210058241981,0.2067939802662499,8.185319326898703,283.4392117730701,49.47660395561988
2025-12-31,SKU0016,WH01,North,Personal Care,DailyEssentials,SUP7,835,858,23,0,866.9010989010989,56.637362637362635,15.432661240597255,5154.0,6.451051486584482,2.402744858664308,365.37054243798264,266.38301296787995,631.7535554058626,14.74291812184711,15.161999999999999,12660.269999999999,20672.63736263736,383.533228880319,0.2051231733321725,3.1100775540623995,2258.0254364657617,23.846592637663523
2025-12-31,SKU0016,WH02,South,Personal Care,DailyEssentials,SUP7,277,282,5,0,477.2197802197802,58.48351648351648,17.34574083960455,5322.0,6.451051486584482,2.402744858664308,377.28017595167705,277.0062359723256,654.2864119240027,4.736377301766254,15.161999999999999,4199.874,21346.483516483517,383.533228880319,0.2051231733321725,3.1100775540623995,2294.5316781231686,44.73092776383356
2025-12-31,SKU0016,WH03,South,Personal Care,DailyEssentials,SUP7,844,860,15,1,686.1098901098901,59.38461538461539,16.908097488592876,5404.0,6.451051486584482,2.402744858664308,383.0932113571708,280.28520949130046,663.3784208484713,14.21243523316062,15.161999999999999,12796.728,21675.384615384617,383.533228880319,0.2051231733321725,3.1100775540623995,2312.1408833076325,31.591709910948815
2025-12-31,SKU0016,WH04,North,Personal Care,DailyEssentials,SUP7,852,866,8,6,529.5274725274726,57.16483516483517,16.84983596112947,5202.0,6.451051486584482,2.402744858664308,368.77329487046677,270.61096599852425,639.3842608689911,14.904267589388695,15.161999999999999,12918.024,20865.164835164836,383.533228880319,0.2051231733321725,3.1100775540623995,2268.5157388683347,39.40336605308485
2025-12-31,SKU0016,WH05,South,Personal Care,DailyEssentials,SUP7,855,867,4,8,442.1758241758242,55.32967032967033,16.00350999350868,5035.0,6.451051486584482,2.402744858664308,356.93455203244906,261.4932116922403,618.4277637246894,15.452830188679245,15.161999999999999,12963.509999999998,20195.32967032967,383.533228880319,0.2051231733321725,3.1100775540623995,2231.8055859951514,45.67262289378199
2025-12-31,SKU0017,WH01,North,Personal Care,FreshFoods,SUP2,9,9,0,0,83.5934065934066,8.714285714285714,3.8014199519118717,793.0,7.377030162412993,1.776235300700949,64.28554855817036,34.9983126619505,99.28386122012085,1.0327868852459017,94.758,852.822,3180.7142857142853,1180.0271795541926,0.3391416687738764,32.13638624967498,483.3089232666823,38.049822531878526
2025-12-31,SKU0017,WH02,South,Personal Care,FreshFoods,SUP2,52,52,0,0,99.92307692307692,9.956043956043956,3.841041779726166,906.0,7.377030162412993,1.776235300700949,73.44603656204585,38.621076135500246,112.0671126975461,5.222958057395143,94.758,4927.416,3633.956043956044,1180.0271795541926,0.3391416687738764,32.13638624967498,516.5975220964924,36.36753546684263
2025-12-31,SKU0017,WH03,South,Personal Care,FreshFoods,SUP2,257,262,5,0,166.96703296703296,9.197802197802197,4.187865487120776,837.0,7.377030162412993,1.776235300700949,67.85246424109532,37.44525312833536,105.29771736943067,27.941457586618878,94.758,24352.806,3357.197802197802,1180.0271795541926,0.3391416687738764,32.13638624967498,496.5362372959759,20.10695011188627
2025-12-31,SKU0017,WH04,North,Personal Care,FreshFoods,SUP2,94,97,3,0,127.25274725274726,9.010989010989011,4.015233507792557,820.0,7.377030162412993,1.776235300700949,66.47433772723795,36.43092652257428,102.90526424981223,10.43170731707317,94.758,8907.252,3289.010989010989,1180.0271795541926,0.3391416687738764,32.13638624967498,491.46788723017465,25.846286701208978
2025-12-31,SKU0017,WH05,South,Personal Care,FreshFoods,SUP2,60,62,1,1,104.47252747252747,9.461538461538462,4.198697396700532,861.0,7.377030162412993,1.776235300700949,69.79805461359986,38.20278152121803,108.00083613481789,6.341463414634147,94.758,5685.48,3453.4615384615386,1180.0271795541926,0.3391416687738764,32.13638624967498,503.60472434977834,33.056169138529505
2025-12-31,SKU0018,WH01,North,Personal Care,SurfStyle,SUP6,29,29,0,0,256.1208791208791,19.252747252747252,6.376333684620909,1752.0,9.3661800486618,2.258231607771794,180.3246972006096,89.64046250337013,269.96515970397974,1.5062785388127855,208.446,6044.934,7027.252747252747,658.5606424584898,0.254443686323788,53.03776863944831,417.7467201168094,27.4372506114043
2025-12-31,SKU0018,WH02,South,Personal Care,SurfStyle,SUP6,503,508,4,1,255.28571428571428,20.439560439560438,6.9653248966398476,1860.0,9.3661800486618,2.258231607771794,191.44060319242797,95.63363694380122,287.0742401362292,24.609139784946237,208.446,104848.338,7460.4395604395595,658.5606424584898,0.254443686323788,53.03776863944831,430.42993746850453,29.223881881968058
2025-12-31,SKU0018,WH03,South,Personal Care,SurfStyle,SUP6,335,346,8,3,237.94505494505495,19.021978021978022,5.806084972735302,1731.0,9.3661800486618,2.258231607771794,178.1632710355338,87.44041388165583,265.60368491718964,17.611207394569615,208.446,69829.41,6943.021978021978,658.5606424584898,0.254443686323788,53.03776863944831,415.23555348992863,29.179097584630302
2025-12-31,SKU0018,WH04,North,Personal Care,SurfStyle,SUP6,242,246,2,2,263.61538461538464,19.75824175824176,6.467595567890159,1798.0,9.3661800486618,2.258231607771794,185.05924975268042,91.81539451140779,276.8746442640882,12.248053392658509,208.446,50443.932,7211.758241758242,658.5606424584898,0.254443686323788,53.03776863944831,423.1953056216117,27.357122014256532
2025-12-31,SKU0018,WH05,South,Personal Care,SurfStyle,SUP6,499,503,2,2,222.96703296703296,19.703296703296704,5.451797879791595,1793.0,9.3661800486618,2.258231607771794,184.5446244752814,89.38516409973333,273.92978857501475,25.325711098717232,208.446,104014.554,7191.703296703297,658.5606424584898,0.254443686323788,53.03776863944831,422.6064709053315,32.254558896007886
2025-12-31,SKU0019,WH01,North,Home Care,DailyEssentials,SUP14,154,158,4,0,298.6263736263736,24.164835164835164,8.08464076885401,2199.0,10.797878280290341,3.4278543492868296,260.9289487731699,143.0975958971784,404.0265446703483,6.372896771259664,187.90200000000002,28936.908000000003,8820.164835164835,984.080948341408,0.2451643698721596,46.066875427718536,613.8671342654806,29.535786568537258
2025-12-31,SKU0019,WH02,South,Home Care,DailyEssentials,SUP14,585,597,10,2,423.53846153846155,25.21978021978022,8.322395752562544,2295.0,10.797878280290341,3.4278543492868296,272.3201170688608,149.15571556775373,421.47583263661454,23.19607843137255,187.90200000000002,109922.67000000001,9205.21978021978,984.080948341408,0.2451643698721596,46.066875427718536,627.1235539716637,21.73408229982876
2025-12-31,SKU0019,WH03,South,Home Care,DailyEssentials,SUP14,243,244,0,1,339.0769230769231,23.054945054945055,8.463467423596597,2098.0,10.797878280290341,3.4278543492868296,248.94449046207842,137.8175943601727,386.76208482225115,10.54003813155386,187.90200000000002,45660.186,8415.054945054944,984.080948341408,0.2451643698721596,46.066875427718536,599.6039837547439,24.81753953850142
2025-12-31,SKU0019,WH04,North,Home Care,DailyEssentials,SUP14,1093,1111,9,9,373.15384615384613,24.296703296703296,9.135394542953986,2211.0,10.797878280290341,3.4278543492868296,262.3528448101312,145.63245601091384,407.98530082104503,44.98552691090005,187.90200000000002,205376.88600000003,8868.296703296703,984.080948341408,0.2451643698721596,46.066875427718536,615.5397998571299,23.765792031098155
2025-12-31,SKU0019,WH05,South,Home Care,DailyEssentials,SUP14,520,531,6,5,245.5934065934066,24.35164835164835,7.800817088789304,2216.0,10.797878280290341,3.4278543492868296,262.94613482553183,143.64319682152947,406.5893316470613,21.353790613718413,187.90200000000002,97709.04000000001,8888.351648351649,984.080948341408,0.2451643698721596,46.066875427718536,616.2354038759645,36.19132847107253
2025-12-31,SKU0020,WH01,North,Home Care,GlowCare,SUP7,153,157,2,2,133.82417582417582,14.527472527472527,4.969553208937308,1322.0,6.451051486584482,2.402744858664308,93.71747324466686,61.058839031138376,154.77631227580525,10.531770045385779,158.718,24283.854,5302.527472527472,836.4083421077769,0.3040465704751542,48.257663572675526,428.7286373587704,39.62309081951059
2025-12-31,SKU0020,WH02,South,Home Care,GlowCare,SUP7,162,168,5,1,203.35164835164835,14.274725274725276,5.660910672843165,1299.0,6.451051486584482,2.402744858664308,92.08698770410156,61.1780448860765,153.26503259017807,11.348729792147806,158.718,25712.316,5210.274725274726,836.4083421077769,0.3040465704751542,48.257663572675526,424.98278829121284,25.621994055660636
2025-12-31,SKU0020,WH03,South,Home Care,GlowCare,SUP7,7,7,0,0,147.30769230769232,14.692307692307692,5.42564344917788,1337.0,6.451051486584482,2.402744858664308,94.78083337981815,62.3393214985632,157.12015487838136,0.47643979057591623,158.718,1111.0259999999998,5362.692307692308,836.4083421077769,0.3040465704751542,48.257663572675526,431.15404971756504,36.40469973890339
2025-12-31,SKU0020,WH04,North,Home Care,GlowCare,SUP7,154,158,4,0,137.30769230769232,14.472527472527473,5.576419917515099,1317.0,6.451051486584482,2.402744858664308,93.36301986628311,61.765782981586526,155.12880284786962,10.640850417615793,158.718,24442.572,5282.472527472528,836.4083421077769,0.3040465704751542,48.257663572675526,427.9171116692951,38.47178871548619
2025-12-31,SKU0020,WH05,South,Home Care,GlowCare,SUP7,190,190,0,0,146.71428571428572,15.142857142857142,5.472296752372969,1378.0,6.451051486584482,2.402744858664308,97.687351082565,64.0707875308461,161.75813861341112,12.547169811320755,158.718,30156.42,5527.142857142857,836.4083421077769,0.3040465704751542,48.257663572675526,437.7149447428188,37.6728334956183
2025-12-31,SKU0021,WH01,North,Personal Care,FreshFoods,SUP2,87,88,0,1,68.51648351648352,4.43956043956044,2.468507381704315,404.0,7.377030162412993,1.776235300700949,32.75077127049285,17.026860307574196,49.777631578067044,19.596534653465344,187.722,16331.814,1620.4395604395604,772.4131499586373,0.2740088210929929,51.43748391321881,220.60552626118212,23.65036086607859
2025-12-31,SKU0021,WH02,South,Personal Care,FreshFoods,SUP2,25,25,0,0,61.043956043956044,4.164835164835165,2.9373598737783273,379.0,7.377030162412993,1.776235300700949,30.724114632467302,17.897720734718607,48.62183536718591,6.00263852242744,187.722,4693.05,1520.1648351648353,772.4131499586373,0.2740088210929929,51.43748391321881,213.67086586937478,24.902790279027904
2025-12-31,SKU0021,WH03,South,Personal Care,FreshFoods,SUP2,51,52,1,0,39.79120879120879,4.021978021978022,2.3616285434609265,366.0,7.377030162412993,1.776235300700949,29.670253180694015,15.793736817959756,45.46398999865377,12.680327868852459,187.722,9573.822,1468.021978021978,772.4131499586373,0.2740088210929929,51.43748391321881,209.97435102329493,36.893123446561724
2025-12-31,SKU0021,WH04,North,Personal Care,FreshFoods,SUP2,59,60,1,0,63.84615384615385,4.1208791208791204,2.3182137032885417,375.0,7.377030162412993,1.776235300700949,30.39984957038321,15.882753738242268,46.28260330862548,14.317333333333336,187.722,11075.598,1504.120879120879,772.4131499586373,0.2740088210929929,51.43748391321881,212.54032425417907,23.55851979345955
2025-12-31,SKU0021,WH05,South,Personal Care,FreshFoods,SUP2,0,0,0,0,35.64835164835165,4.087912087912088,2.501769825314123,372.0,7.377030162412993,1.776235300700949,30.156650773820143,16.3588798428748,46.515530616694946,0.0,187.722,0.0,1492.087912087912,772.4131499586373,0.2740088210929929,51.43748391321881,211.68845579907992,41.8557336621455
2025-12-31,SKU0022,WH01,North,Personal Care,GlowCare,SUP10,23,23,0,0,64.58241758241758,5.472527472527473,2.2917274384216486,498.0,8.59527559055118,2.8817345555300067,47.03788180323613,21.97600538494186,69.01388718817799,4.2028112449799195,188.26199999999997,4330.025999999999,1997.4725274725274,345.13025466504973,0.3391437977625385,63.847889654371016,146.95137282318638,30.929045431342523
2025-12-31,SKU0022,WH02,South,Personal Care,GlowCare,SUP10,111,113,1,1,58.120879120879124,5.34065934065934,2.5915237054665576,486.0,8.59527559055118,2.8817345555300067,45.90443886821839,22.003732361764754,67.90817122998314,20.783950617283953,188.26199999999997,20897.082,1949.3406593406592,345.13025466504973,0.3391437977625385,63.847889654371016,145.17007823165528,33.53942144072603
2025-12-31,SKU0022,WH03,South,Personal Care,GlowCare,SUP10,9,9,0,0,39.51648351648352,5.362637362637362,2.5320895346486876,488.0,8.59527559055118,2.8817345555300067,46.093346024054675,21.978923656682298,68.07226968073698,1.6782786885245904,188.26199999999997,1694.3579999999997,1957.3626373626373,345.13025466504973,0.3391437977625385,63.847889654371016,145.4684754185271,49.53281423804226
2025-12-31,SKU0022,WH04,North,Personal Care,GlowCare,SUP10,40,41,1,0,67.82417582417582,5.417582417582418,2.408623092446222,493.0,8.59527559055118,2.8817345555300067,46.56561391364541,21.966792695006042,68.53240660865146,7.383367139959431,188.26199999999997,7530.479999999999,1977.4175824175825,345.13025466504973,0.3391437977625385,63.847889654371016,146.21180409804424,29.1550550874919
2025-12-31,SKU0022,WH05,South,Personal Care,GlowCare,SUP10,63,63,0,0,69.34065934065934,5.142857142857143,2.2586693652651557,468.0,8.59527559055118,2.8817345555300067,44.20427446569179,20.80999554990604,65.01427001559783,12.249999999999998,188.26199999999997,11860.505999999998,1877.1428571428573,345.13025466504973,0.3391437977625385,63.847889654371016,142.45637954312062,27.071315372424724
2025-12-31,SKU0023,WH01,North,Personal Care,SurfStyle,SUP15,101,105,3,1,128.4835164835165,9.010989010989011,3.5854474553998785,820.0,5.464167585446527,2.6573205659057524,49.23755406666101,41.7328234831255,90.97037754978652,11.208536585365854,111.84599999999999,11296.445999999998,3289.010989010989,1146.024453558095,0.3126512539645966,34.968792150924266,464.30599001069976,25.59869996578857
2025-12-31,SKU0023,WH02,South,Personal Care,SurfStyle,SUP15,0,0,0,0,92.76923076923077,9.395604395604396,4.144284205395617,855.0,5.464167585446527,2.6573205659057524,51.339156984140445,44.05423325383941,95.39339023797986,0.0,111.84599999999999,0.0,3429.3956043956046,1146.024453558095,0.3126512539645966,34.968792150924266,474.111421461812,36.96695095948827
2025-12-31,SKU0023,WH03,South,Personal Care,SurfStyle,SUP15,135,136,1,0,95.15384615384616,9.340659340659341,4.0830810268167195,850.0,5.464167585446527,2.6573205659057524,51.0389279959291,43.74538608462505,94.78431408055415,14.452941176470587,111.84599999999999,15099.21,3409.3406593406594,1146.024453558095,0.3126512539645966,34.968792150924266,472.72309806709336,35.82977249104977
2025-12-31,SKU0023,WH04,North,Personal Care,SurfStyle,SUP15,230,233,1,2,127.79120879120879,9.384615384615385,3.388769789135975,854.0,5.464167585446527,2.6573205659057524,51.27911118649818,43.04275762813448,94.32186881463267,24.508196721311474,111.84599999999999,25724.579999999998,3425.3846153846157,1146.024453558095,0.3126512539645966,34.968792150924266,473.8340822035305,26.804540373204922
2025-12-31,SKU0023,WH05,South,Personal Care,SurfStyle,SUP15,223,226,1,2,94.56043956043956,8.87912087912088,3.782518751764241,808.0,5.464167585446527,2.6573205659057524,48.517004494953774,41.44899847694806,89.96600297190184,25.115099009900987,111.84599999999999,24941.658,3240.879120879121,1146.024453558095,0.3126512539645966,34.968792150924266,460.8961079519789,34.27309703660662
2025-12-31,SKU0024,WH01,North,Personal Care,DailyEssentials,SUP14,604,612,2,6,337.2087912087912,24.35164835164835,9.189817585390214,2216.0,10.797878280290341,3.4278543492868296,262.94613482553183,146.0237793903494,408.9699142158812,24.803249097472925,70.452,42553.008,8888.351648351649,501.34263251471793,0.2614928259011718,18.422692570389355,695.5308185417252,26.358600013035264
2025-12-31,SKU0024,WH02,South,Personal Care,DailyEssentials,SUP14,497,503,2,4,356.45054945054943,24.714285714285715,9.618599706686016,2249.0,10.797878280290341,3.4278543492868296,266.8618489271756,148.74254810253285,415.6043970297084,20.109826589595375,70.452,35014.644,9020.714285714286,501.34263251471793,0.2614928259011718,18.422692570389355,700.6904974500527,25.30705675617351
2025-12-31,SKU0024,WH03,South,Personal Care,DailyEssentials,SUP14,511,514,3,0,308.1758241758242,23.736263736263737,10.037524224224446,2160.0,10.797878280290341,3.4278543492868296,256.30128665304545,144.42389139113322,400.7251780441787,21.52824074074074,70.452,36000.972,8663.736263736264,501.34263251471793,0.2614928259011718,18.422692570389355,686.6862884597956,28.11296534017972
2025-12-31,SKU0024,WH04,North,Personal Care,DailyEssentials,SUP14,0,0,0,0,365.34065934065933,25.307692307692307,8.174067813236237,2303.0,10.797878280290341,3.4278543492868296,273.2693810935017,149.3893218295665,422.6587029230682,0.0,70.452,0.0,9237.307692307691,501.34263251471793,0.2614928259011718,18.422692570389355,709.0526247647416,25.284094327137097
2025-12-31,SKU0024,WH05,South,Personal Care,DailyEssentials,SUP14,420,427,5,2,413.010989010989,25.681318681318682,8.252782858431749,2337.0,10.797878280290341,3.4278543492868296,277.3037531982256,151.52787651748974,428.83162971571534,16.354300385109113,70.452,29589.84,9373.68131868132,501.34263251471793,0.2614928259011718,18.422692570389355,714.2674450218785,22.69596104725415
2025-12-31,SKU0025,WH01,North,Personal Care,DailyEssentials,SUP5,119,121,2,0,202.2967032967033,21.21978021978022,7.469645533464383,1931.0,5.381663113006397,2.051175820331668,114.19770847489397,88.12123256323119,202.31894103812516,5.607975142413258,163.488,19455.072,7745.21978021978,778.0172158075421,0.2439811104917404,39.887983792073655,549.6742999535295,38.28643598239991
2025-12-31,SKU0025,WH02,South,Personal Care,DailyEssentials,SUP5,296,307,9,2,187.05494505494505,21.78021978021978,6.903786719060132,1982.0,5.381663113006397,2.051175820331668,117.21380538438109,89.27050992499238,206.48431530937347,13.590312815338041,163.488,48392.448,7949.78021978022,778.0172158075421,0.2439811104917404,39.887983792073655,556.8857694655009,42.49970626248385
2025-12-31,SKU0025,WH03,South,Personal Care,DailyEssentials,SUP5,278,282,2,2,330.3296703296703,21.967032967032967,7.3717939162286354,1999.0,5.381663113006397,2.051175820331668,118.21917102087679,90.65372489459952,208.8728959154763,12.655327663831915,163.488,45449.664,8017.967032967033,778.0172158075421,0.2439811104917404,39.887983792073655,559.2689290205351,24.272621423819032
2025-12-31,SKU0025,WH04,North,Personal Care,DailyEssentials,SUP5,35,36,1,0,214.92307692307693,21.703296703296704,7.104762886800351,1975.0,5.381663113006397,2.051175820331668,116.79983129876521,89.29187887026396,206.09171016902917,1.6126582278481012,163.488,5722.08,7921.703296703297,778.0172158075421,0.2439811104917404,39.887983792073655,555.9014989356825,36.85831884650782
2025-12-31,SKU0025,WH05,South,Personal Care,DailyEssentials,SUP5,292,299,5,2,263.8131868131868,22.186813186813186,8.29445877668015,2019.0,5.381663113006397,2.051175820331668,119.40195412263643,92.93971265833306,212.3416667809695,13.16097077761268,163.488,47738.496,8098.186813186813,778.0172158075421,0.2439811104917404,39.887983792073655,562.059709469087,30.69667180405715
2025-12-31,SKU0026,WH01,North,Personal Care,FreshFoods,SUP7,519,533,13,1,748.9010989010989,44.32967032967033,12.706127082855163,4034.0,6.451051486584482,2.402744858664308,285.97298568001975,183.07962814681434,469.0526138268341,11.7077342588002,140.976,73166.544,16180.32967032967,899.7759445890661,0.3477273626371347,49.0212126751327,770.6973126807117,21.60542920029347
2025-12-31,SKU0026,WH02,South,Personal Care,FreshFoods,SUP7,176,182,5,1,437.5934065934066,42.91208791208791,12.437084645570058,3905.0,6.451051486584482,2.402744858664308,276.8280885177187,177.3922381638055,454.22032668152417,4.101408450704225,140.976,24811.775999999998,15662.912087912087,899.7759445890661,0.3477273626371347,49.0212126751327,758.2744397268966,35.793300017578666
2025-12-31,SKU0026,WH03,South,Personal Care,FreshFoods,SUP7,430,435,2,3,580.8681318681319,43.62637362637363,10.686074377065957,3970.0,6.451051486584482,2.402744858664308,281.4359824367076,178.12038744449342,459.556369881201,9.856423173803526,140.976,60619.68,15923.626373626374,899.7759445890661,0.3477273626371347,49.0212126751327,764.5592572672509,27.413496282563045
2025-12-31,SKU0026,WH04,North,Personal Care,FreshFoods,SUP7,1074,1109,26,9,424.35164835164835,45.13186813186813,12.624674949574645,4107.0,6.451051486584482,2.402744858664308,291.1480050044227,186.01958471304562,477.16758971746833,23.796932067202338,140.976,151408.224,16473.131868131866,899.7759445890661,0.3477273626371347,49.0212126751327,777.639386824452,38.819530764449965
2025-12-31,SKU0026,WH05,South,Personal Care,FreshFoods,SUP7,137,139,1,1,589.7912087912088,43.94505494505494,11.032641103524112,3999.0,6.451051486584482,2.402744858664308,283.4918120313334,179.7060053702676,463.197817401601,3.1175293823455865,140.976,19313.712,16039.945054945054,899.7759445890661,0.3477273626371347,49.0212126751327,767.3466470468792,27.19597175383354
2025-12-31,SKU0027,WH01,North,Personal Care,GlowCare,SUP8,310,313,2,1,243.64835164835165,16.483516483516482,6.5817299943988665,1500.0,7.679403541472507,3.624609451203826,126.58357485943691,102.76033237397804,229.34390723341494,18.80666666666667,82.22399999999999,25489.439999999995,6016.483516483516,849.2331552453089,0.3020192401206193,24.833229999677798,641.480159663397,24.693306873534183
2025-12-31,SKU0027,WH02,South,Personal Care,GlowCare,SUP8,134,136,2,0,243.96703296703296,16.791208791208792,5.809028382166051,1528.0,7.679403541472507,3.624609451203826,128.9464682568131,103.56018057141871,232.5066488282318,7.980366492146596,82.22399999999999,11018.015999999998,6128.791208791209,849.2331552453089,0.3020192401206193,24.833229999677798,647.4396255659343,25.121390928336563
2025-12-31,SKU0027,WH03,South,Personal Care,GlowCare,SUP8,239,242,1,2,274.6923076923077,16.516483516483518,6.853000376741135,1503.0,7.679403541472507,3.624609451203826,126.83674200915581,103.31551887918883,230.15226088834464,14.470392548236859,82.22399999999999,19651.535999999996,6028.516483516484,849.2331552453089,0.3020192401206193,24.833229999677798,642.1213194033203,21.946433572028646
2025-12-31,SKU0027,WH04,North,Personal Care,GlowCare,SUP8,237,243,5,1,215.8131868131868,15.758241758241759,5.91484133222084,1434.0,7.679403541472507,3.624609451203826,121.0138975656217,97.75054827656727,218.764445842189,15.039748953974895,82.22399999999999,19487.087999999996,5751.758241758242,849.2331552453089,0.3020192401206193,24.833229999677798,627.2088458010929,26.65156067009522
2025-12-31,SKU0027,WH05,South,Personal Care,GlowCare,SUP8,240,245,4,1,240.54945054945054,15.67032967032967,6.016745050375741,1426.0,7.679403541472507,3.624609451203826,120.33878516637137,97.3766404192718,217.71542558564317,15.315568022440393,82.22399999999999,19733.76,5719.670329670329,849.2331552453089,0.3020192401206193,24.833229999677798,625.4568623626383,23.777523983554133
2025-12-31,SKU0028,WH01,North,Home Care,DailyEssentials,SUP4,83,85,2,0,68.65934065934066,7.4945054945054945,3.436321115423123,682.0,4.56771397616468,2.6376462500167546,34.232757491695736,34.6898095311195,68.92256702281523,11.074780058651026,25.272,2097.576,2735.4945054945056,1140.5944096955186,0.341703092200653,8.635520546094902,850.0691974727973,39.84154929577465
2025-12-31,SKU0028,WH02,South,Home Care,DailyEssentials,SUP4,33,33,0,0,84.96703296703296,7.714285714285714,3.283919454573603,702.0,4.56771397616468,2.6376462500167546,35.23665067327039,35.406953201074245,70.64360387434463,4.277777777777778,25.272,833.976,2815.714285714286,1140.5944096955186,0.341703092200653,8.635520546094902,862.4434901164859,33.13890325918262
2025-12-31,SKU0028,WH03,South,Home Care,DailyEssentials,SUP4,0,0,0,0,68.49450549450549,7.417582417582418,3.5529828909927814,675.0,4.56771397616468,2.6376462500167546,33.881394878144604,34.52341212933024,68.40480700747484,0.0,25.272,0.0,2707.4175824175827,1140.5944096955186,0.341703092200653,8.635520546094902,845.6954202836592,39.527514840365804
2025-12-31,SKU0028,WH04,North,Home Care,DailyEssentials,SUP4,80,81,1,0,82.13186813186813,7.637362637362638,3.465757840859256,695.0,4.56771397616468,2.6376462500167546,34.885288059719265,35.30709439244351,70.19238245216278,10.474820143884891,25.272,2021.7599999999998,2787.637362637363,1140.5944096955186,0.341703092200653,8.635520546094902,858.1327852034407,33.940995450896445
2025-12-31,SKU0028,WH05,South,Home Care,DailyEssentials,SUP4,41,41,0,0,76.27472527472527,7.2967032967032965,3.0459244372859415,664.0,4.56771397616468,2.6376462500167546,33.32925362827854,33.42188618326894,66.75113981154749,5.618975903614458,25.272,1036.152,2663.296703296703,1140.5944096955186,0.341703092200653,8.635520546094902,838.7762637646658,34.917158910819765
2025-12-31,SKU0029,WH01,North,Home Care,FreshFoods,SUP5,68,69,0,1,105.01098901098901,9.648351648351648,4.014898992429813,878.0,5.381663113006397,2.051175820331668,51.92417816724853,35.98047037563418,87.90464854288271,7.047835990888383,158.346,10767.528,3521.6483516483513,348.438989920058,0.200141358126897,31.691583493961634,278.27833429391967,33.53599832565927
2025-12-31,SKU0029,WH02,South,Home Care,FreshFoods,SUP5,94,94,0,0,152.4945054945055,10.252747252747254,3.990526021002485,933.0,5.381663113006397,2.051175820331668,55.176831697087565,37.79807615006074,92.9749078471483,9.168274383708466,158.346,14884.524000000001,3742.2527472527477,348.438989920058,0.200141358126897,31.691583493961634,286.86195841650425,24.540246450962027
2025-12-31,SKU0029,WH03,South,Home Care,FreshFoods,SUP5,82,84,1,1,111.25274725274726,9.065934065934066,3.6295154185348464,825.0,5.381663113006397,2.051175820331668,48.789802947585464,33.57974094015794,82.3695438877434,9.044848484848485,158.346,12984.372,3309.065934065934,348.438989920058,0.200141358126897,31.691583493961634,269.74854538496584,29.743678387988936
2025-12-31,SKU0029,WH04,North,Home Care,FreshFoods,SUP5,95,97,2,0,86.46153846153847,9.857142857142858,4.481000455184654,897.0,5.381663113006397,2.051175820331668,53.0478221139202,37.398254516525306,90.4460766304455,9.63768115942029,158.346,15042.87,3597.857142857143,348.438989920058,0.200141358126897,31.691583493961634,281.2732029601643,41.6122267412303
2025-12-31,SKU0029,WH05,South,Home Care,FreshFoods,SUP5,183,188,5,0,101.25274725274726,9.428571428571429,3.792222617536105,858.0,5.381663113006397,2.051175820331668,50.74139506548889,34.95057147284974,85.69196653833862,19.40909090909091,158.346,28977.318,3441.4285714285716,348.438989920058,0.200141358126897,31.691583493961634,275.09061933624196,33.98849576731062
2025-12-31,SKU0030,WH01,North,Home Care,GlowCare,SUP4,158,161,2,1,184.17582417582418,17.483516483516482,6.848134599797781,1591.0,4.56771397616468,2.6376462500167546,79.8597025942638,62.02595897088151,141.8856615651453,9.03708359522313,59.544,9407.952,6381.483516483516,708.3527384469421,0.324590725462433,19.327430156935108,683.932995203179,34.648866348448685
2025-12-31,SKU0030,WH02,South,Home Care,GlowCare,SUP4,540,557,14,3,222.2087912087912,16.791208791208792,5.382103024565116,1528.0,4.56771397616468,2.6376462500167546,76.69743907230364,58.662567045430215,135.36000611773386,32.159685863874344,59.544,32153.76,6128.791208791209,708.3527384469421,0.324590725462433,19.327430156935108,670.255124867136,27.581227436823106
2025-12-31,SKU0030,WH03,South,Home Care,GlowCare,SUP4,196,204,6,2,162.28571428571428,17.681318681318682,5.333081495885679,1609.0,4.56771397616468,2.6376462500167546,80.763206457681,61.548412077137996,142.311618534819,11.085146053449346,59.544,11670.624,6453.681318681319,708.3527384469421,0.324590725462433,19.327430156935108,687.7909994558154,39.76740249187433
2025-12-31,SKU0030,WH04,North,Home Care,GlowCare,SUP4,156,161,4,1,167.87912087912088,17.318681318681318,5.847846936891713,1576.0,4.56771397616468,2.6376462500167546,79.1067827080828,60.71480317822207,139.8215858863049,9.00761421319797,59.544,9288.864,6321.318681318681,708.3527384469421,0.324590725462433,19.327430156935108,680.7012886895105,37.6539896576553
2025-12-31,SKU0030,WH05,South,Home Care,GlowCare,SUP4,280,290,8,2,264.95604395604397,17.615384615384617,6.707821687766588,1603.0,4.56771397616468,2.6376462500167546,80.4620385032086,62.33669214710651,142.79873065031512,15.895196506550217,59.544,16672.32,6429.615384615385,708.3527384469421,0.324590725462433,19.327430156935108,686.507407047307,24.266724731450374
2025-12-31,SKU0031,WH01,North,Home Care,GlowCare,SUP15,42,42,0,0,71.50549450549451,8.945054945054945,3.4684695227550764,814.0,5.464167585446527,2.6573205659057524,48.87727928080739,41.31349930887747,90.19077858968487,4.695331695331695,197.112,8278.704,3264.945054945055,604.034390740766,0.2883025602785052,56.82789426161671,263.4529023932485,45.66005839864761
2025-12-31,SKU0031,WH02,South,Home Care,GlowCare,SUP15,26,27,1,0,105.6043956043956,9.461538461538462,3.7336538323967514,861.0,5.464167585446527,2.6573205659057524,51.69943176999406,43.780145337148184,95.47957710714223,2.747967479674797,197.112,5124.912,3453.4615384615386,604.034390740766,0.2883025602785052,56.82789426161671,270.95199979739795,32.70187304890739
2025-12-31,SKU0031,WH03,South,Home Care,GlowCare,SUP15,21,21,0,0,87.81318681318682,8.87912087912088,3.7766392021218635,808.0,5.464167585446527,2.6573205659057524,48.517004494953774,41.44107034632595,89.95807484127972,2.36509900990099,197.112,4139.352,3240.879120879121,604.034390740766,0.2883025602785052,56.82789426161671,262.4801498936209,36.90651983481416
2025-12-31,SKU0031,WH04,North,Home Care,GlowCare,SUP15,157,158,1,0,110.65934065934066,8.923076923076923,3.902223779763333,812.0,5.464167585446527,2.6573205659057524,48.75718768552285,41.792029689776484,90.54921737529934,17.594827586206897,197.112,30946.584,3256.923076923077,604.034390740766,0.2883025602785052,56.82789426161671,263.12905113082866,29.43197616683218
2025-12-31,SKU0031,WH05,South,Home Care,GlowCare,SUP15,244,249,3,2,124.0989010989011,8.43956043956044,3.3340292313881887,768.0,5.464167585446527,2.6573205659057524,46.115172589263,39.05589954921612,85.17107213847912,28.911458333333332,197.112,48095.328,3080.4395604395604,604.034390740766,0.2883025602785052,56.82789426161671,255.9006535354141,24.822456388913487
2025-12-31,SKU0032,WH01,North,Home Care,SurfStyle,SUP12,25,25,0,0,72.98901098901099,8.758241758241759,3.4200086398222873,797.0,7.34833204034135,3.0983614826616437,64.35846852914348,47.172300541186445,111.53076907032992,2.8544542032622333,55.158,1378.95,3196.758241758242,674.1687294826181,0.2007266853169691,11.071682508713382,623.9465462145906,43.79780186690756
2025-12-31,SKU0032,WH02,South,Home Care,SurfStyle,SUP12,165,172,5,2,116.8021978021978,8.912087912087912,3.427497796898073,811.0,7.34833204034135,3.0983614826616437,65.48898115073445,47.925625693440736,113.41460684417518,18.514180024660913,55.158,9101.07,3252.912087912088,674.1687294826181,0.2007266853169691,11.071682508713382,629.4027722706494,27.849750682096154
2025-12-31,SKU0032,WH03,South,Home Care,SurfStyle,SUP12,0,0,0,0,77.57142857142857,8.813186813186814,3.2758784671259913,802.0,7.34833204034135,3.0983614826616437,64.76222303685454,47.23468847374936,111.9969115106039,0.0,55.158,0.0,3216.8131868131873,674.1687294826181,0.2007266853169691,11.071682508713382,625.9006585660575,41.46904660716816
2025-12-31,SKU0032,WH04,North,Home Care,SurfStyle,SUP12,187,189,1,1,132.98901098901098,8.901098901098901,3.51522069816058,810.0,7.34833204034135,3.0983614826616437,65.40823024919224,47.998865255571296,113.40709550476353,21.00864197530864,55.158,10314.546,3248.901098901099,674.1687294826181,0.2007266853169691,11.071682508713382,629.0146114121018,24.42984630639564
2025-12-31,SKU0032,WH05,South,Home Care,SurfStyle,SUP12,106,108,2,0,83.1978021978022,8.494505494505495,3.4652998150669165,773.0,7.34833204034135,3.0983614826616437,62.42044689213037,45.96982793649781,108.39027482862818,12.478654592496765,55.158,5846.7480000000005,3100.4945054945056,674.1687294826181,0.2007266853169691,11.071682508713382,614.4803101838473,37.26654338924845
2025-12-31,SKU0033,WH01,North,Foods & Refreshment,SurfStyle,SUP13,57,57,0,0,64.20879120879121,4.0,2.3285665595430642,364.0,6.539584503088153,2.383753448119716,26.158338012352612,18.492578175757878,44.650916188110486,14.25,31.044,1769.508,1460.0,319.21752619774463,0.2800038599947675,8.692439829677562,327.46428693183566,22.73831935649495
2025-12-31,SKU0033,WH02,South,Foods & Refreshment,SurfStyle,SUP13,62,63,1,0,46.76923076923077,4.472527472527473,2.1099797752619933,407.0,6.539584503088153,2.383753448119716,29.248471348976686,19.656189965880955,48.90466131485764,13.862407862407862,31.044,1924.728,1632.4725274725274,319.21752619774463,0.2800038599947675,8.692439829677562,346.2664829290539,34.90484022556391
2025-12-31,SKU0033,WH03,South,Foods & Refreshment,SurfStyle,SUP13,171,174,2,1,37.824175824175825,4.021978021978022,2.294815518985843,366.0,6.539584503088153,2.383753448119716,26.302065144288616,18.491214647366984,44.7932797916556,42.51639344262295,31.044,5308.524,1468.021978021978,319.21752619774463,0.2800038599947675,8.692439829677562,328.3626817254485,38.81173736199884
2025-12-31,SKU0033,WH04,North,Foods & Refreshment,SurfStyle,SUP13,34,35,1,0,67.45054945054945,4.395604395604396,2.5424359311456532,400.0,6.539584503088153,2.383753448119716,28.745426387200673,20.284991766601546,49.030418153802216,7.734999999999999,31.044,1055.496,1604.3956043956046,319.21752619774463,0.2800038599947675,8.692439829677562,343.27584655859874,23.78624959270121
2025-12-31,SKU0033,WH05,South,Foods & Refreshment,SurfStyle,SUP13,136,140,3,1,45.032967032967036,4.010989010989011,2.173039374263642,365.0,6.539584503088153,2.383753448119716,26.230201578320614,18.19174315753392,44.42194473585454,33.90684931506849,31.044,4221.984,1464.010989010989,319.21752619774463,0.2800038599947675,8.692439829677562,327.91379199852497,32.50976085895559
2025-12-31,SKU0034,WH01,North,Home Care,FreshFoods,SUP13,9,9,0,0,58.7032967032967,5.593406593406593,2.633029611083957,509.0,6.539584503088153,2.383753448119716,36.578555077712856,24.57141484858667,61.149969926299526,1.6090373280943027,175.54799999999997,1579.9319999999998,2041.5934065934064,334.0946098727653,0.2966363820679263,52.07392359926032,161.85428767831303,34.778172968925496
2025-12-31,SKU0034,WH02,South,Home Care,FreshFoods,SUP13,127,132,4,1,77.2967032967033,5.769230769230769,2.840488702384868,525.0,6.539584503088153,2.383753448119716,37.728372133200885,25.5845356984969,63.312907831697785,22.013333333333332,175.54799999999997,22294.595999999998,2105.769230769231,334.0946098727653,0.2966363820679263,52.07392359926032,164.37848343727453,27.242678419107197
2025-12-31,SKU0034,WH03,South,Home Care,FreshFoods,SUP13,79,81,2,0,75.82417582417582,5.648351648351649,2.566336023610428,514.0,6.539584503088153,2.383753448119716,36.937872907552865,24.639717215565994,61.57759012311886,13.986381322957197,175.54799999999997,13868.291999999998,2061.6483516483518,334.0946098727653,0.2966363820679263,52.07392359926032,162.64730706425922,27.189855072463768
2025-12-31,SKU0034,WH04,North,Home Care,FreshFoods,SUP13,220,223,1,2,91.35164835164835,6.032967032967033,2.45153262470892,549.0,6.539584503088153,2.383753448119716,39.45309771643292,25.80706657722112,65.26016429365404,36.466302367941715,175.54799999999997,38620.56,2202.032967032967,334.0946098727653,0.2966363820679263,52.07392359926032,168.09372053430388,24.105016239624685
2025-12-31,SKU0034,WH05,South,Home Care,FreshFoods,SUP13,132,134,1,1,63.78021978021978,5.384615384615385,2.563717919867467,490.0,6.539584503088153,2.383753448119716,35.21314732432083,23.709404395152546,58.922551719473375,24.514285714285712,175.54799999999997,23172.335999999996,1965.3846153846155,334.0946098727653,0.2966363820679263,52.07392359926032,158.80470216378703,30.814955203308063
2025-12-31,SKU0035,WH01,North,Home Care,DailyEssentials,SUP15,64,65,1,0,65.53846153846153,5.065934065934066,2.2201211068177624,461.0,5.464167585446527,2.6573205659057524,27.68111271308625,23.733245194348076,51.41435790743432,12.633405639913233,37.272,2385.408,1849.065934065934,478.07554578125735,0.1820914566010624,6.786912770434798,510.39137608425017,28.213447350771297
2025-12-31,SKU0035,WH02,South,Home Care,DailyEssentials,SUP15,52,52,0,0,50.53846153846154,5.010989010989011,2.3546384742296094,456.0,5.464167585446527,2.6573205659057524,27.380883724874902,23.70203241829171,51.082916143166614,10.37719298245614,37.272,1938.144,1829.010989010989,478.07554578125735,0.1820914566010624,6.786912770434798,507.61598098166,36.19047619047619
2025-12-31,SKU0035,WH03,South,Home Care,DailyEssentials,SUP15,100,101,1,0,52.15384615384615,5.087912087912088,2.492871399492524,463.0,5.464167585446527,2.6573205659057524,27.80120430837079,24.218553319129345,52.019757627500134,19.65442764578834,37.272,3727.2,1857.087912087912,478.07554578125735,0.1820914566010624,6.786912770434798,511.4973175242027,35.6078803202697
2025-12-31,SKU0035,WH04,North,Home Care,DailyEssentials,SUP15,19,19,0,0,48.505494505494504,4.8901098901098905,2.4424511797716173,445.0,5.464167585446527,2.6573205659057524,26.72037995080994,23.34835259184613,50.068732542656065,3.885393258426966,37.272,708.168,1784.8901098901101,478.07554578125735,0.1820914566010624,6.786912770434798,501.4560442899555,36.79768917082012
2025-12-31,SKU0035,WH05,South,Home Care,DailyEssentials,SUP15,63,64,1,0,43.40659340659341,4.681318681318682,2.4983511045804274,426.0,5.464167585446527,2.6573205659057524,25.579509795606818,22.60625959995559,48.1857693955624,13.457746478873238,37.272,2348.136,1708.6813186813188,478.07554578125735,0.1820914566010624,6.786912770434798,490.63402689659046,39.36455696202532
2025-12-31,SKU0036,WH01,North,Home Care,SurfStyle,SUP2,0,0,0,0,64.49450549450549,5.087912087912088,2.787465402469306,463.0,7.377030162412993,1.776235300700949,37.53368093623314,19.393745665734833,56.92742660196797,0.0,42.57,0.0,1857.087912087912,504.7046037608313,0.2572340535130969,10.950453658052536,413.7459986529043,28.79451354574885
2025-12-31,SKU0036,WH02,South,Home Care,SurfStyle,SUP2,21,21,0,0,54.417582417582416,4.549450549450549,2.621550585536635,414.0,7.377030162412993,1.776235300700949,33.561433925703064,17.717169384661364,51.27860331036443,4.615942028985508,42.57,893.97,1660.5494505494505,504.7046037608313,0.2572340535130969,10.950453658052536,391.2402085944427,30.514943457189016
2025-12-31,SKU0036,WH03,South,Home Care,SurfStyle,SUP2,75,77,2,0,69.32967032967034,4.747252747252747,2.3409086867824382,432.0,7.377030162412993,1.776235300700949,35.02062670508146,17.37229667835536,52.39292338343682,15.79861111111111,42.57,3192.75,1732.7472527472528,504.7046037608313,0.2572340535130969,10.950453658052536,399.65493919372136,24.99286733238231
2025-12-31,SKU0036,WH04,North,Home Care,SurfStyle,SUP2,20,21,1,0,86.94505494505495,4.758241758241758,2.672246908671341,433.0,7.377030162412993,1.776235300700949,35.101692970602485,18.32613110939043,53.42782407999292,4.203233256351039,42.57,851.4,1736.7582417582416,504.7046037608313,0.2572340535130969,10.950453658052536,400.11723540286584,19.97535389282103
2025-12-31,SKU0036,WH05,South,Home Care,SurfStyle,SUP2,34,35,1,0,36.97802197802198,4.989010989010989,2.1421407023738634,454.0,7.377030162412993,1.776235300700949,36.80408454654394,17.438586227058103,54.24267077360204,6.814977973568282,42.57,1447.38,1820.989010989011,504.7046037608313,0.2572340535130969,10.950453658052536,409.7049750745432,49.245170876671615
2025-12-31,SKU0037,WH01,North,Home Care,DailyEssentials,SUP14,8,8,0,0,9.67032967032967,0.6813186813186813,0.8416798134830776,62.0,10.797878280290341,3.4278543492868296,7.356796190967046,5.954778435076454,13.3115746260435,11.741935483870968,128.274,1026.192,248.6813186813187,627.90321368135,0.3203179169033746,41.088460472863474,87.18123100349935,25.715909090909093
2025-12-31,SKU0037,WH02,South,Home Care,DailyEssentials,SUP14,6,6,0,0,10.835164835164836,0.46153846153846156,0.7196865414530953,42.0,10.797878280290341,3.4278543492868296,4.983636129364773,4.680522316840183,9.664158446204956,13.0,128.274,769.644,168.46153846153848,627.90321368135,0.3203179169033746,41.088460472863474,71.7549386464873,15.54766734279919
2025-12-31,SKU0037,WH03,South,Home Care,DailyEssentials,SUP14,16,16,0,0,12.516483516483516,0.5604395604395604,0.763162880660205,51.0,10.797878280290341,3.4278543492868296,6.051558157085796,5.19661704361855,11.248175200704345,28.549019607843135,128.274,2052.384,204.56043956043956,627.90321368135,0.3203179169033746,41.088460472863474,79.07009130364729,16.34328358208955
2025-12-31,SKU0037,WH04,North,Home Care,DailyEssentials,SUP14,28,28,0,0,14.417582417582418,0.5274725274725275,0.6555855625259221,48.0,10.797878280290341,3.4278543492868296,5.695584147845455,4.626536787388847,10.322120935234302,53.08333333333333,128.274,3591.672,192.52747252747253,627.90321368135,0.3203179169033746,41.088460472863474,76.70925606404005,13.353658536585366
2025-12-31,SKU0037,WH05,South,Home Care,DailyEssentials,SUP14,8,8,0,0,13.10989010989011,0.6373626373626373,0.8630241855305938,58.0,10.797878280290341,3.4278543492868296,6.88216417864659,5.8889315668185835,12.771095745465175,12.551724137931036,128.274,1026.192,232.63736263736263,627.90321368135,0.3203179169033746,41.088460472863474,84.32204857248574,17.74518021793797
2025-12-31,SKU0038,WH01,North,Personal Care,DailyEssentials,SUP1,512,526,9,5,200.56043956043956,15.31868131868132,6.3208282173200505,1394.0,9.504683840749415,2.7192771228925445,145.59922279126027,75.65104505494223,221.25026784620252,33.423242467718794,184.41,94417.92,5591.318681318681,810.9875470366283,0.2302110343084952,42.453216836829604,462.19358306176986,27.87847241247055
2025-12-31,SKU0038,WH02,South,Personal Care,DailyEssentials,SUP1,174,179,5,0,237.82417582417582,15.868131868131869,5.953913355859678,1444.0,9.504683840749415,2.7192771228925445,150.8215765499138,77.13702522529847,227.9586017752123,10.965373961218836,184.41,32087.34,5791.868131868132,810.9875470366283,0.2302110343084952,42.453216836829604,470.4095406362346,24.353571758617502
2025-12-31,SKU0038,WH03,South,Personal Care,DailyEssentials,SUP1,266,274,6,2,261.4175824175824,16.76923076923077,6.5592630396967335,1526.0,9.504683840749415,2.7192771228925445,159.3862367141056,82.05740482846457,241.44364154257016,15.862385321100916,184.41,49053.06,6120.769230769231,810.9875470366283,0.2302110343084952,42.453216836829604,483.5816263533011,23.413762663415866
2025-12-31,SKU0038,WH04,North,Personal Care,DailyEssentials,SUP1,485,490,4,1,229.45054945054946,16.483516483516482,5.093269278311518,1500.0,9.504683840749415,2.7192771228925445,156.67061275960572,78.1277749282973,234.79838768790302,29.423333333333336,184.41,89438.84999999999,6016.483516483516,810.9875470366283,0.2302110343084952,42.453216836829604,479.4442938897941,26.221264367816087
2025-12-31,SKU0038,WH05,South,Personal Care,DailyEssentials,SUP1,266,271,3,2,266.7142857142857,16.483516483516482,5.7491306344962325,1500.0,9.504683840749415,2.7192771228925445,156.67061275960572,79.28963594246002,235.96024870206574,16.137333333333334,184.41,49053.06,6016.483516483516,810.9875470366283,0.2302110343084952,42.453216836829604,479.4442938897941,22.557785010918376
2025-12-31,SKU0039,WH01,North,Personal Care,GlowCare,SUP8,31,32,1,0,96.18681318681318,7.912087912087912,3.536000099448062,720.0,7.679403541472507,3.624609451203826,60.76011593252972,49.85350629733874,110.61362222986847,3.918055555555555,46.074000000000005,1428.294,2887.912087912088,834.629117418263,0.2579531739057537,11.884934534533697,636.876685985118,30.02399177424883
2025-12-31,SKU0039,WH02,South,Personal Care,GlowCare,SUP8,133,134,0,1,87.48351648351648,8.054945054945055,3.5413827725045395,733.0,7.679403541472507,3.624609451203826,61.85717358131151,50.66809829279575,112.52527187410726,16.511596180081856,46.074000000000005,6127.842000000001,2940.054945054945,834.629117418263,0.2579531739057537,11.884934534533697,642.6005458940156,33.606958924758196
2025-12-31,SKU0039,WH03,South,Personal Care,GlowCare,SUP8,0,0,0,0,85.9010989010989,7.428571428571429,3.1238966306089835,676.0,7.679403541472507,3.624609451203826,57.046997736652905,46.525676163445,103.5726739000979,0.0,46.074000000000005,0.0,2711.4285714285716,834.629117418263,0.2579531739057537,11.884934534533697,617.109810697255,31.564538825636433
2025-12-31,SKU0039,WH04,North,Personal Care,GlowCare,SUP8,0,0,0,0,88.82417582417582,7.813186813186813,3.502101235645976,711.0,7.679403541472507,3.624609451203826,60.0006144833731,49.245540637340326,109.24615512071342,0.0,46.074000000000005,0.0,2851.813186813187,834.629117418263,0.2579531739057537,11.884934534533697,632.8836893434641,32.1062724236051
2025-12-31,SKU0039,WH05,South,Personal Care,GlowCare,SUP8,81,82,1,0,126.96703296703296,7.78021978021978,3.108419383267171,708.0,7.679403541472507,3.624609451203826,59.74744733365423,48.50533032353157,108.25277765718579,10.411016949152543,46.074000000000005,3731.9940000000006,2839.78021978022,834.629117418263,0.2579531739057537,11.884934534533697,631.5470802710306,22.3662800761641
2025-12-31,SKU0040,WH01,North,Personal Care,FreshFoods,SUP9,0,0,0,0,78.61538461538461,5.604395604395604,3.061877132592288,510.0,7.3863414634146345,3.543674048525784,41.39597963012597,40.50371044008412,81.89969007021008,0.0,69.306,0.0,2045.6043956043954,611.8108965855702,0.2551934016015418,17.686433891396454,376.19609938519244,26.020408163265305
2025-12-31,SKU0040,WH02,South,Personal Care,FreshFoods,SUP9,94,98,3,1,95.26373626373626,5.164835164835165,2.8877662888804103,470.0,7.3863414634146345,3.543674048525784,38.14923612972394,37.45870463639645,75.60794076612038,18.2,69.306,6514.764,1885.1648351648353,611.8108965855702,0.2551934016015418,17.686433891396454,361.1421083623828,19.78890298765717
2025-12-31,SKU0040,WH03,South,Personal Care,FreshFoods,SUP9,196,199,2,1,98.82417582417582,5.747252747252747,2.4476447027631667,523.0,7.3863414634146345,3.543674048525784,42.451171267756635,40.30088782990346,82.7520590976601,34.103250478011475,69.306,13583.975999999999,2097.747252747253,611.8108965855702,0.2551934016015418,17.686433891396454,380.9605846930897,21.2270654953853
2025-12-31,SKU0040,WH04,North,Personal Care,FreshFoods,SUP9,15,15,0,0,78.20879120879121,5.9010989010989015,2.7570311933710507,537.0,7.3863414634146345,3.543674048525784,43.58753149289735,41.78356956558546,85.37110105848281,2.541899441340782,69.306,1039.59,2153.901098901099,611.8108965855702,0.2551934016015418,17.686433891396454,386.0258100901714,27.540396234368412
2025-12-31,SKU0040,WH05,South,Personal Care,FreshFoods,SUP9,122,126,3,1,96.25274725274726,6.010989010989011,2.869357285736865,547.0,7.3863414634146345,3.543674048525784,44.399217367997856,42.66783481117975,87.06705217917761,20.29616087751371,69.306,8455.332,2194.010989010989,611.8108965855702,0.2551934016015418,17.686433891396454,389.6035122349703,22.794268752140653
2025-12-31,SKU0041,WH01,North,Personal Care,SurfStyle,SUP6,0,0,0,0,11.296703296703297,0.7912087912087912,0.9946130852020746,72.0,9.3661800486618,2.258231607771794,7.4106039945456,6.639145571396051,14.049749565941651,0.0,164.59199999999998,0.0,288.79120879120876,608.7831094286971,0.2313276565452235,38.07468164609142,96.09928114095253,25.564202334630345
2025-12-31,SKU0041,WH02,South,Personal Care,SurfStyle,SUP6,8,8,0,0,11.065934065934066,0.8461538461538461,0.8809474309335241,77.0,9.3661800486618,2.258231607771794,7.9252292719446,6.215843036860085,14.141072308804684,9.454545454545455,164.59199999999998,1316.7359999999999,308.84615384615387,608.7831094286971,0.2313276565452235,38.07468164609142,99.38005971446206,27.90963257199603
2025-12-31,SKU0041,WH03,South,Personal Care,SurfStyle,SUP6,23,23,0,0,15.582417582417582,0.989010989010989,0.9128040497342427,90.0,9.3661800486618,2.258231607771794,9.263254993182,6.727607041740157,15.990862034922158,23.255555555555553,164.59199999999998,3785.6159999999995,360.989010989011,608.7831094286971,0.2313276565452235,38.07468164609142,107.4422626100167,23.166431593794076
2025-12-31,SKU0041,WH04,North,Personal Care,SurfStyle,SUP6,6,6,0,0,11.054945054945055,0.8351648351648352,0.8200777234673995,76.0,9.3661800486618,2.258231607771794,7.8223042164648,5.905259496090676,13.727563712555476,7.184210526315789,164.59199999999998,987.5519999999999,304.83516483516485,608.7831094286971,0.2313276565452235,38.07468164609142,98.73262572342338,27.574552683896624
2025-12-31,SKU0041,WH05,South,Personal Care,SurfStyle,SUP6,16,16,0,0,15.241758241758241,0.8351648351648352,1.0029261218359038,76.0,9.3661800486618,2.258231607771794,7.8223042164648,6.776314684636495,14.598618901101295,19.157894736842106,164.59199999999998,2633.4719999999998,304.83516483516485,608.7831094286971,0.2313276565452235,38.07468164609142,98.73262572342338,20.000000000000004
2025-12-31,SKU0042,WH01,North,Home Care,DailyEssentials,SUP3,250,258,8,0,190.65934065934067,19.46153846153846,5.939150130574599,1771.0,5.377752682100509,2.052184099801299,104.65934065934066,69.49592014963632,174.15526080897698,12.845849802371543,204.252,51063.0,7103.461538461538,417.628526696962,0.3361351222376442,68.6562709872833,293.97133650777107,37.257348703170024
2025-12-31,SKU0042,WH02,South,Home Care,DailyEssentials,SUP3,246,249,2,1,235.41758241758242,21.164835164835164,6.370528909253815,1926.0,5.377752682100509,2.052184099801299,113.81924907390747,75.46899174958891,189.28824082349638,11.623052959501559,204.252,50245.992000000006,7725.164835164835,417.628526696962,0.3361351222376442,68.6562709872833,306.5659014040435,32.81473183027587
2025-12-31,SKU0042,WH03,South,Home Care,DailyEssentials,SUP3,126,129,2,1,184.75824175824175,19.516483516483518,7.112372064637534,1776.0,5.377752682100509,2.052184099801299,104.9548215759396,71.25250865223856,176.20733022817817,6.456081081081081,204.252,25735.752,7123.516483516484,417.628526696962,0.3361351222376442,68.6562709872833,294.3860233220578,38.55587937905193
2025-12-31,SKU0042,WH04,North,Home Care,DailyEssentials,SUP3,90,90,0,0,224.04395604395606,21.076923076923077,6.802337456477358,1918.0,5.377752682100509,2.052184099801299,113.34647960734918,75.73654170114352,189.0830213084927,4.27007299270073,204.252,18382.68,7693.076923076923,417.628526696962,0.3361351222376442,68.6562709872833,305.9285495682575,34.33735530704335
2025-12-31,SKU0042,WH05,South,Home Care,DailyEssentials,SUP3,352,362,8,2,227.6153846153846,20.98901098901099,6.306072039435054,1910.0,5.377752682100509,2.052184099801299,112.87371014079089,74.82788531042986,187.70159545122075,16.770680628272252,204.252,71896.704,7660.989010989011,417.628526696962,0.3361351222376442,68.6562709872833,305.2898671397429,33.65760633418626
2025-12-31,SKU0043,WH01,North,Personal Care,FreshFoods,SUP3,25,26,1,0,25.505494505494507,2.065934065934066,1.5333492593535083,188.0,5.377752682100509,2.052184099801299,11.110082464119733,9.102487977461523,20.212570441581256,12.101063829787233,108.14999999999999,2703.75,754.0659340659341,788.3062484090083,0.3128199860233577,33.831481488426135,187.45914633770647,29.56484274019819
2025-12-31,SKU0043,WH02,South,Personal Care,FreshFoods,SUP3,53,54,1,0,16.494505494505493,2.076923076923077,1.5862658403430734,189.0,5.377752682100509,2.052184099801299,11.16917864743952,9.261555205713634,20.430733853153153,25.518518518518515,108.14999999999999,5731.95,758.0769230769231,788.3062484090083,0.3128199860233577,33.831481488426135,187.95704667372488,45.95936042638242
2025-12-31,SKU0043,WH03,South,Personal Care,FreshFoods,SUP3,18,19,1,0,19.571428571428573,2.1648351648351647,1.7337418509861282,197.0,5.377752682100509,2.052184099801299,11.641948113997804,9.85653318860809,21.498481302605896,8.314720812182742,108.14999999999999,1946.6999999999998,790.1648351648352,788.3062484090083,0.3128199860233577,33.831481488426135,191.89374711930006,40.373385738349235
2025-12-31,SKU0043,WH04,North,Personal Care,FreshFoods,SUP3,17,17,0,0,26.615384615384617,1.901098901098901,1.5133109033208905,173.0,5.377752682100509,2.052184099801299,10.223639714322944,8.63219217686402,18.855831891186966,8.942196531791907,108.14999999999999,1838.55,693.9010989010989,788.3062484090083,0.3128199860233577,33.831481488426135,179.82528692026216,26.07142857142857
2025-12-31,SKU0043,WH05,South,Personal Care,FreshFoods,SUP3,17,17,0,0,33.64835164835165,2.230769230769231,1.7066987176477613,203.0,5.377752682100509,2.052184099801299,11.99652521391652,9.954907028075715,21.951432241992237,7.620689655172414,108.14999999999999,1838.55,814.2307692307693,788.3062484090083,0.3128199860233577,33.831481488426135,194.79406889165978,24.19823644676682
2025-12-31,SKU0044,WH01,North,Home Care,GlowCare,SUP13,78,81,2,1,41.79120879120879,2.89010989010989,1.8405950091723022,263.0,6.539584503088153,2.383753448119716,18.900117849584444,13.725385853645614,32.62550370323006,26.988593155893536,35.358,2757.924,1054.89010989011,517.0409113172379,0.1988000298693387,7.0291714561200775,393.93901433877534,25.24191427820142
2025-12-31,SKU0044,WH02,South,Home Care,GlowCare,SUP13,102,105,2,1,31.274725274725274,2.7032967032967035,1.643130518211472,246.0,6.539584503088153,2.383753448119716,17.678437228128416,12.654864652010009,30.333301880138425,37.731707317073166,35.358,3606.5159999999996,986.7032967032968,517.0409113172379,0.1988000298693387,7.0291714561200775,380.9944710160316,31.54954321855236
2025-12-31,SKU0044,WH03,South,Home Care,GlowCare,SUP13,58,59,1,0,40.84615384615385,2.791208791208791,1.5882658853568958,254.0,6.539584503088153,2.383753448119716,18.253345755872427,12.823242540585225,31.07658829645765,20.77952755905512,35.358,2050.7639999999997,1018.7912087912088,517.0409113172379,0.1988000298693387,7.0291714561200775,387.13993963641786,24.94215765402206
2025-12-31,SKU0044,WH04,North,Home Care,GlowCare,SUP13,10,10,0,0,23.318681318681318,2.7142857142857144,1.668570341378206,247.0,6.539584503088153,2.383753448119716,17.750300794096415,12.749584734549902,30.499885528646317,3.6842105263157894,35.358,353.58,990.7142857142858,517.0409113172379,0.1988000298693387,7.0291714561200775,381.7680646471083,42.48586239396796
2025-12-31,SKU0044,WH05,South,Home Care,GlowCare,SUP13,50,51,1,0,32.23076923076923,2.956043956043956,2.075851032506309,269.0,6.539584503088153,2.383753448119716,19.331299245392454,14.512683722663079,33.843982968055535,16.91449814126394,35.358,1767.8999999999999,1078.956043956044,517.0409113172379,0.1988000298693387,7.0291714561200775,398.4072746021131,33.475963177633815
2025-12-31,SKU0045,WH01,North,Home Care,SurfStyle,SUP5,759,773,8,6,606.1978021978022,45.69230769230769,14.629264664205945,4158.0,5.381663113006397,2.051175820331668,245.90060685583074,187.4947674269215,433.39537428275224,16.61111111111111,8.844,6712.596,16677.69230769231,236.0598342773637,0.3494958918323874,3.090941667365634,1596.0578215614657,27.5119643245595
2025-12-31,SKU0045,WH02,South,Home Care,SurfStyle,SUP5,179,182,2,1,369.5274725274725,45.48351648351648,13.859904310526373,4139.0,5.381663113006397,2.051175820331668,244.77696290915907,185.61667680693185,430.3936397160909,3.935491664653298,8.844,1583.0759999999998,16601.483516483517,236.0598342773637,0.3494958918323874,3.090941667365634,1592.4070494768666,44.92624973979243
2025-12-31,SKU0045,WH03,South,Home Care,SurfStyle,SUP5,795,816,17,4,417.9010989010989,44.02197802197802,13.920391135930391,4006.0,5.381663113006397,2.051175820331668,236.9114552824574,180.38347919741716,417.29493447987454,18.05916125811283,8.844,7030.98,16068.021978021978,236.0598342773637,0.3494958918323874,3.090941667365634,1566.6134499027644,38.44934129217176
2025-12-31,SKU0045,WH04,North,Home Care,SurfStyle,SUP5,494,510,12,4,526.2417582417582,44.59340659340659,13.649564927521414,4058.0,5.381663113006397,2.051175820331668,239.9866913470325,182.0709268830884,422.05761823012085,11.077870872350912,8.844,4368.936,16276.593406593405,236.0598342773637,0.3494958918323874,3.090941667365634,1576.7484025042097,30.929878048780484
2025-12-31,SKU0045,WH05,South,Home Care,SurfStyle,SUP5,694,704,3,7,499.1978021978022,46.043956043956044,14.042722186173393,4190.0,5.381663113006397,2.051175820331668,247.79305981864619,187.9209346075161,435.7139944261623,15.07255369928401,8.844,6137.736,16806.043956043955,236.0598342773637,0.3494958918323874,3.090941667365634,1602.1876869322384,33.66610165760451
2025-12-31,SKU0046,WH01,North,Home Care,DailyEssentials,SUP5,431,435,2,2,509.2197802197802,44.10989010989011,13.805353671231678,4014.0,5.381663113006397,2.051175820331668,237.38456852316128,157.88394422960363,395.2685127527649,9.771051320378675,52.848,22777.488,16100.10989010989,618.4000441568603,0.3294640041323167,17.411513690384673,1069.414109167175,31.617212283389804
2025-12-31,SKU0046,WH02,South,Home Care,DailyEssentials,SUP5,680,690,6,4,380.1758241758242,42.879120879120876,12.901193023933155,3902.0,5.381663113006397,2.051175820331668,230.76098315330725,152.82918394936104,383.59016710266826,15.858534085084573,52.848,35936.64,15650.879120879119,618.4000441568603,0.3294640041323167,17.411513690384673,1054.388979604316,41.16747600878714
2025-12-31,SKU0046,WH03,South,Home Care,DailyEssentials,SUP5,458,470,12,0,384.8131868131868,43.30769230769231,11.768783858337846,3941.0,5.381663113006397,2.051175820331668,233.06741020173857,152.87399048488606,385.94140068662466,10.575488454706928,52.848,24204.384,15807.307692307691,618.4000441568603,0.3294640041323167,17.411513690384673,1059.6451213616128,41.07787423610714
2025-12-31,SKU0046,WH04,North,Home Care,DailyEssentials,SUP5,809,825,14,2,438.7692307692308,45.065934065934066,14.795496460298843,4101.0,5.381663113006397,2.051175820331668,242.52967501581574,162.20479572888553,404.7344707447013,17.95147524993904,52.848,42754.032,16449.065934065933,618.4000441568603,0.3294640041323167,17.411513690384673,1080.9412993396202,37.48910538970146
2025-12-31,SKU0046,WH05,South,Home Care,DailyEssentials,SUP5,571,589,17,1,429.15384615384613,44.285714285714285,13.864651868278969,4030.0,5.381663113006397,2.051175820331668,238.33079500456898,158.51871463009428,396.84950963466326,12.893548387096775,52.848,30176.208,16164.285714285714,618.4000441568603,0.3294640041323167,17.411513690384673,1071.5433578838881,37.66548024479553
2025-12-31,SKU0047,WH01,North,Personal Care,GlowCare,SUP14,62,63,1,0,32.714285714285715,2.2967032967032965,1.8767259048939782,209.0,10.797878280290341,3.4278543492868296,24.79952264374375,18.811093531321628,43.610616175065374,26.995215311004788,32.891999999999996,2039.3039999999996,838.2967032967032,674.1326750901703,0.2282644344368866,7.5080737774980735,387.9915793283383,25.624790057104462
2025-12-31,SKU0047,WH02,South,Personal Care,GlowCare,SUP14,41,42,1,0,38.494505494505496,2.879120879120879,1.6454324985997169,262.0,10.797878280290341,3.4278543492868296,31.088396806989774,21.167388899907085,52.25578570689686,14.240458015267176,32.891999999999996,1348.572,1050.8791208791208,674.1326750901703,0.2282644344368866,7.5080737774980735,434.4099886668092,27.29945760776477
2025-12-31,SKU0047,WH03,South,Personal Care,GlowCare,SUP14,50,50,0,0,34.65934065934066,2.879120879120879,1.9369802662630697,262.0,10.797878280290341,3.4278543492868296,31.088396806989774,22.089838575466345,53.17823538245612,17.366412213740457,32.891999999999996,1644.6,1050.8791208791208,674.1326750901703,0.2282644344368866,7.5080737774980735,434.4099886668092,30.32022828154724
2025-12-31,SKU0047,WH04,North,Personal Care,GlowCare,SUP14,7,7,0,0,30.65934065934066,2.5934065934065935,1.7699844442381216,236.0,10.797878280290341,3.4278543492868296,28.00328872690682,19.982646526132154,47.985935253038974,2.699152542372881,32.891999999999996,230.24399999999997,946.5934065934066,674.1326750901703,0.2282644344368866,7.5080737774980735,412.292237883738,30.874551971326163
2025-12-31,SKU0047,WH05,South,Personal Care,GlowCare,SUP14,55,57,2,0,36.78021978021978,2.4175824175824174,1.6671061691574953,220.0,10.797878280290341,3.4278543492868296,26.104760677625,18.68603729018818,44.79079796781318,22.75,32.891999999999996,1809.0599999999997,882.4175824175824,674.1326750901703,0.2282644344368866,7.5080737774980735,398.0709611822049,23.99163429937257
2025-12-31,SKU0048,WH01,North,Personal Care,DailyEssentials,SUP3,6,6,0,0,9.142857142857142,0.6923076923076923,0.852347186594598,63.0,5.377752682100509,2.052184099801299,3.7230595491465057,4.00429107079813,7.727350619944636,8.666666666666666,144.24,865.44,252.69230769230768,425.59286820421096,0.3222724185423594,46.48457365054992,68.02268234014429,27.638221153846153
2025-12-31,SKU0048,WH02,South,Personal Care,DailyEssentials,SUP3,8,8,0,0,7.615384615384615,0.6263736263736264,0.9386556775913524,57.0,5.377752682100509,2.052184099801299,3.368482449227791,4.1584810071336165,7.526963456361408,12.771929824561404,144.24,1153.92,228.62637362637363,425.59286820421096,0.3222724185423594,46.48457365054992,64.70247693139633,30.021645021645025
2025-12-31,SKU0048,WH03,South,Personal Care,DailyEssentials,SUP3,9,9,0,0,6.648351648351649,0.45054945054945056,0.7190075917345496,41.0,5.377752682100509,2.052184099801299,2.4229435161112183,3.136325930361513,5.559269446472731,19.975609756097562,144.24,1298.16,164.45054945054946,425.59286820421096,0.3222724185423594,46.48457365054992,54.875110416445345,24.735537190082646
2025-12-31,SKU0048,WH04,North,Personal Care,DailyEssentials,SUP3,9,9,0,0,8.032967032967033,0.5274725274725275,0.6886485854460707,48.0,5.377752682100509,2.052184099801299,2.836616799349719,3.173644366334249,6.010261165683968,17.0625,144.24,1298.16,192.52747252747253,425.59286820421096,0.3222724185423594,46.48457365054992,59.375064913837534,23.9671682626539
2025-12-31,SKU0048,WH05,South,Personal Care,DailyEssentials,SUP3,7,7,0,0,6.065934065934066,0.5164835164835165,0.7049450311531366,47.0,5.377752682100509,2.052184099801299,2.7775206160299333,3.2049605429385286,5.982481158968461,13.553191489361701,144.24,1009.6800000000001,188.51648351648353,425.59286820421096,0.3222724185423594,46.48457365054992,58.75331935224912,31.07789855072464
2025-12-31,SKU0049,WH01,North,Home Care,FreshFoods,SUP14,132,134,1,1,121.62637362637362,8.857142857142858,3.9625228455603003,806.0,10.797878280290341,3.4278543492868296,95.6383504825716,54.34313921356787,149.98148969613948,14.903225806451612,30.852,4072.464,3232.857142857143,772.4579331221157,0.198091320418135,6.1115134175403005,904.0059498949543,26.580231297434047
2025-12-31,SKU0049,WH02,South,Home Care,FreshFoods,SUP14,112,113,1,0,165.4065934065934,9.901098901098901,3.913097508666518,901.0,10.797878280290341,3.4278543492868296,106.91086077518239,59.703122702674484,166.61398347785686,11.311875693673695,30.852,3455.424,3613.901098901099,772.4579331221157,0.198091320418135,6.1115134175403005,955.7981013238428,21.848591549295776
2025-12-31,SKU0049,WH03,South,Home Care,FreshFoods,SUP14,147,151,3,1,176.34065934065933,9.351648351648352,4.428126331565396,851.0,10.797878280290341,3.4278543492868296,100.9779606211767,57.91056269527644,158.88852331645313,15.71915393654524,30.852,4535.244,3413.3516483516487,772.4579331221157,0.198091320418135,6.1115134175403005,928.8991126711331,19.356577553436782
2025-12-31,SKU0049,WH04,North,Home Care,FreshFoods,SUP14,234,236,1,1,127.1978021978022,10.043956043956044,4.016388891950047,914.0,10.797878280290341,3.4278543492868296,108.45341481522387,60.65469365366186,169.10810846888572,23.297592997811815,30.852,7219.368,3666.043956043956,772.4579331221157,0.198091320418135,6.1115134175403005,962.6687318217283,28.821598272138225
2025-12-31,SKU0049,WH05,South,Home Care,FreshFoods,SUP14,148,153,3,2,152.41758241758242,9.758241758241759,4.305914948173448,888.0,10.797878280290341,3.4278543492868296,105.36830673514092,59.74529586131369,165.1136025964546,15.166666666666666,30.852,4566.0960000000005,3561.758241758242,772.4579331221157,0.198091320418135,6.1115134175403005,948.8777232927706,23.36842105263158
2025-12-31,SKU0050,WH01,North,Personal Care,DailyEssentials,SUP14,457,472,11,4,207.72527472527472,16.846153846153847,6.4634409083760005,1533.0,10.797878280290341,3.4278543492868296,181.9027187218142,101.21379142390995,283.1165101457242,27.127853881278536,109.29,49945.530000000006,6148.846153846154,765.7719004319209,0.3498478041806205,38.23486651890002,496.2856698351775,29.600857006824317
2025-12-31,SKU0050,WH02,South,Personal Care,DailyEssentials,SUP14,226,230,3,1,223.69230769230768,16.89010989010989,6.42296323004084,1537.0,10.797878280290341,3.4278543492868296,182.37735073413467,101.37130540911966,283.7486561432543,13.380611581001952,109.29,24699.54,6164.89010989011,765.7719004319209,0.3498478041806205,38.23486651890002,496.93271791940185,27.559687561406957
2025-12-31,SKU0050,WH03,South,Personal Care,DailyEssentials,SUP14,309,312,1,2,212.0,16.417582417582416,7.304589020404964,1494.0,10.797878280290341,3.4278543492868296,177.27505660168976,100.64459663445248,277.91965323614227,18.82128514056225,109.29,33770.61,5992.417582417582,765.7719004319209,0.3498478041806205,38.23486651890002,489.93216933303484,28.266120671781046
2025-12-31,SKU0050,WH04,North,Personal Care,DailyEssentials,SUP14,515,522,3,4,166.27472527472528,15.131868131868131,5.481704502167573,1377.0,10.797878280290341,3.4278543492868296,163.39207024131647,90.32453166790947,253.71660190922594,34.03413217138707,109.29,56284.350000000006,5523.131868131868,765.7719004319209,0.3498478041806205,38.23486651890002,470.35701752843227,33.21690569030467
2025-12-31,SKU0050,WH05,South,Personal Care,DailyEssentials,SUP14,370,380,7,3,221.6153846153846,16.483516483516482,6.841641514144,1500.0,10.797878280290341,3.4278543492868296,177.98700462017044,100.03476576337337,278.0217703835438,22.44666666666667,109.29,40437.3,6016.483516483516,765.7719004319209,0.3498478041806205,38.23486651890002,490.91498309777944,27.1483115981554
2025-12-31,SKU0051,WH01,North,Home Care,DailyEssentials,SUP9,34,34,0,0,16.186813186813186,0.6593406593406593,0.8971532783666372,60.0,7.3863414634146345,3.543674048525784,4.870115250603056,5.555212996921266,10.425328247524321,51.56666666666667,147.63,5019.42,240.65934065934064,902.0021811103712,0.2931664051381112,43.280156390539354,100.15571651356007,14.867617107942973
2025-12-31,SKU0051,WH02,South,Home Care,DailyEssentials,SUP9,33,34,1,0,14.813186813186814,0.8241758241758241,0.9842471075610886,75.0,7.3863414634146345,3.543674048525784,6.087644063253819,6.514994930748935,12.602638994002755,40.04,147.63,4871.79,300.8241758241758,902.0021811103712,0.2931664051381112,43.280156390539354,111.97749522975928,20.307863501483677
2025-12-31,SKU0051,WH03,South,Home Care,DailyEssentials,SUP9,5,5,0,0,11.098901098901099,0.5714285714285714,0.8184383115673834,52.0,7.3863414634146345,3.543674048525784,4.220766550522648,4.948176836559141,9.16894338708179,8.75,147.63,738.15,208.57142857142856,902.0021811103712,0.2931664051381112,43.280156390539354,93.23989781006837,18.792079207920793
2025-12-31,SKU0051,WH04,North,Home Care,DailyEssentials,SUP9,16,16,0,0,11.67032967032967,0.6483516483516484,0.8866118576246236,59.0,7.3863414634146345,3.543674048525784,4.788946663093005,5.476882040167528,10.265828703260532,24.677966101694913,147.63,2362.08,236.64835164835165,902.0021811103712,0.2931664051381112,43.280156390539354,99.31757862788204,20.27777777777778
2025-12-31,SKU0051,WH05,South,Home Care,DailyEssentials,SUP9,13,13,0,0,10.098901098901099,0.46153846153846156,0.7196865414530953,42.0,7.3863414634146345,3.543674048525784,3.409080675422139,4.194183338278293,7.603264013700432,28.166666666666664,147.63,1919.19,168.46153846153848,902.0021811103712,0.2931664051381112,43.280156390539354,83.79628443577452,16.681175190424376
2025-12-31,SKU0052,WH01,North,Personal Care,SurfStyle,SUP3,84,86,2,0,278.25274725274727,25.34065934065934,8.561178242144763,2306.0,5.377752682100509,2.052184099801299,136.27579873542606,91.5681593527308,227.84395808815685,3.3148308759757157,124.548,10462.032,9249.340659340658,847.94848220121,0.2905212526449954,36.18384097442889,658.4120732910022,33.240788278504
2025-12-31,SKU0052,WH02,South,Personal Care,SurfStyle,SUP3,66,67,1,0,217.27472527472528,23.67032967032967,7.83872856052979,2154.0,5.377752682100509,2.052184099801299,127.29317887081864,85.31914482763868,212.61232369845732,2.7883008356545957,124.548,8220.168,8639.67032967033,847.94848220121,0.2905212526449954,36.18384097442889,636.3425792602188,39.76380740441028
2025-12-31,SKU0052,WH03,South,Personal Care,SurfStyle,SUP3,487,496,4,5,416.4725274725275,24.296703296703296,7.489985173541928,2211.0,5.377752682100509,2.052184099801299,130.66166132004642,86.8560206025335,217.51768192257992,20.043871551334238,124.548,60654.876000000004,8868.296703296703,847.94848220121,0.2905212526449954,36.18384097442889,644.7071782662078,21.293833610385498
2025-12-31,SKU0052,WH04,North,Personal Care,SurfStyle,SUP3,105,108,3,0,245.1098901098901,24.824175824175825,8.18344318540444,2259.0,5.377752682100509,2.052184099801299,133.49827811939613,89.42825724769489,222.92653536709102,4.229747675962815,124.548,13077.54,9060.824175824177,847.94848220121,0.2905212526449954,36.18384097442889,651.6677813969806,36.966375252185614
2025-12-31,SKU0052,WH05,South,Personal Care,SurfStyle,SUP3,55,55,0,0,313.38461538461536,24.813186813186814,8.08140813900384,2258.0,5.377752682100509,2.052184099801299,133.43918193607635,89.25831090508879,222.69749284116514,2.216563330380868,124.548,6850.14,9056.813186813188,847.94848220121,0.2905212526449954,36.18384097442889,651.5235273207479,28.899992986885483
2025-12-31,SKU0053,WH01,North,Home Care,GlowCare,SUP3,15,15,0,0,30.87912087912088,2.78021978021978,1.6041764782536159,253.0,5.377752682100509,2.052184099801299,14.95133437990581,11.204370646233206,26.155705026139017,5.395256916996048,46.752,701.2800000000001,1014.7802197802198,852.4330565210315,0.1953749235873025,9.134168427553567,435.20775773742326,32.862989323843415
2025-12-31,SKU0053,WH02,South,Home Care,GlowCare,SUP3,1,1,0,0,23.934065934065934,2.6923076923076925,1.7492367077754403,245.0,5.377752682100509,2.052184099801299,14.478564913347524,11.275374789847552,25.753939703195076,0.3714285714285714,46.752,46.752,982.6923076923077,852.4330565210315,0.1953749235873025,9.134168427553567,428.27173199941836,41.058310376492194
2025-12-31,SKU0053,WH03,South,Home Care,GlowCare,SUP3,20,20,0,0,29.164835164835164,2.78021978021978,2.091263296044325,253.0,5.377752682100509,2.052184099801299,14.95133437990581,12.317959300996987,27.2692936809028,7.1936758893280635,46.752,935.0400000000001,1014.7802197802198,852.4330565210315,0.1953749235873025,9.134168427553567,435.20775773742326,34.794649585531275
2025-12-31,SKU0053,WH04,North,Home Care,GlowCare,SUP3,39,39,0,0,47.956043956043956,2.8131868131868134,1.8909849750392456,256.0,5.377752682100509,2.052184099801299,15.128622929865168,11.925906653685523,27.05452958355069,13.863281249999998,46.752,1823.3280000000002,1026.8131868131868,852.4330565210315,0.1953749235873025,9.134168427553567,437.7804368421812,21.4115490375802
2025-12-31,SKU0053,WH05,South,Home Care,GlowCare,SUP3,9,9,0,0,27.813186813186814,2.5824175824175826,1.8322174426144828,235.0,5.377752682100509,2.052184099801299,13.887603080149665,11.17377052224626,25.061373602395925,3.485106382978723,46.752,420.76800000000003,942.5824175824176,852.4330565210315,0.1953749235873025,9.134168427553567,419.4404385290765,33.88976689055709
2025-12-31,SKU0054,WH01,North,Home Care,GlowCare,SUP5,119,121,1,1,112.85714285714286,13.725274725274724,4.597259894197688,1249.0,5.381663113006397,2.051175820331668,73.86480470488999,56.628068170627685,130.49287287551766,8.67013610888711,170.04,20234.76,5009.725274725274,516.214151824043,0.3324956778124263,56.53756505522496,302.4602843041647,44.38997078870496
2025-12-31,SKU0054,WH02,South,Home Care,GlowCare,SUP5,47,48,1,0,117.49450549450549,13.56043956043956,4.754433699678628,1234.0,5.381663113006397,2.051175820331668,72.97771737857026,56.28297131946118,129.26068869803146,3.465964343598055,170.04,7991.879999999999,4949.56043956044,516.214151824043,0.3324956778124263,56.53756505522496,300.6385836280624,42.12588851477741
2025-12-31,SKU0054,WH03,South,Home Care,GlowCare,SUP5,232,239,5,2,131.75824175824175,13.395604395604396,5.240608787534179,1219.0,5.381663113006397,2.051175820331668,72.09063005225053,56.51687052630512,128.60750057855566,17.319114027891715,170.04,39449.28,4889.395604395604,516.214151824043,0.3324956778124263,56.53756505522496,298.8057769696209,37.10884070058382
2025-12-31,SKU0054,WH04,North,Home Care,GlowCare,SUP5,314,320,4,2,159.65934065934067,14.164835164835164,4.686300925187835,1289.0,5.381663113006397,2.051175820331668,76.23037090840928,58.35214996716512,134.5825208755744,22.167571761055083,170.04,53392.56,5170.164835164835,516.214151824043,0.3324956778124263,56.53756505522496,307.26535528096747,32.38247642645742
2025-12-31,SKU0054,WH05,South,Home Care,GlowCare,SUP5,163,169,5,1,141.24175824175825,13.68131868131868,5.403453876671271,1245.0,5.381663113006397,2.051175820331668,73.62824808453806,57.812843087198026,131.44109117173608,11.9140562248996,170.04,27716.52,4993.681318681319,516.214151824043,0.3324956778124263,56.53756505522496,301.9755719986268,35.35555901345989
2025-12-31,SKU0055,WH01,North,Home Care,GlowCare,SUP9,353,361,6,2,209.69230769230768,20.36263736263736,6.302585859993384,1853.0,7.3863414634146345,3.543674048525784,150.40539265612435,95.07791942986393,245.48331208598827,17.335671883432273,151.944,53636.231999999996,7432.362637362637,987.432221985954,0.1849299155447598,28.09899108753298,722.7477158379886,35.444135834818155
2025-12-31,SKU0055,WH02,South,Home Care,GlowCare,SUP9,579,595,12,4,336.0989010989011,18.87912087912088,6.580839468293397,1718.0,7.3863414634146345,3.543674048525784,139.4476333422675,88.77965895604225,228.22729229830975,30.66880093131548,151.944,87975.57599999999,6890.879120879121,987.432221985954,0.1849299155447598,28.09899108753298,695.9220511891147,20.502533921857122
2025-12-31,SKU0055,WH03,South,Home Care,GlowCare,SUP9,0,0,0,0,243.8131868131868,18.516483516483518,6.143402309908732,1685.0,7.3863414634146345,3.543674048525784,136.76906995443582,86.80077692614597,223.5698468805818,0.0,151.944,0.0,6758.516483516484,987.432221985954,0.1849299155447598,28.09899108753298,689.205874842948,27.720061297155997
2025-12-31,SKU0055,WH04,North,Home Care,GlowCare,SUP9,337,350,10,3,272.15384615384613,19.78021978021978,7.4711328871749165,1800.0,7.3863414634146345,3.543674048525784,146.1034575180917,93.55569860140116,239.65915611949285,17.037222222222223,151.944,51205.128,7219.78021978022,987.432221985954,0.1849299155447598,28.09899108753298,712.3366190948891,26.528304934183964
2025-12-31,SKU0055,WH05,South,Home Care,GlowCare,SUP9,138,140,2,0,217.47252747252747,19.604395604395606,6.262550280799031,1784.0,7.3863414634146345,3.543674048525784,144.80476011793087,91.69652682905665,236.50128694698753,7.039237668161435,151.944,20968.271999999997,7155.604395604396,987.432221985954,0.1849299155447598,28.09899108753298,709.1636116988292,32.90348660939869
2025-12-31,SKU0056,WH01,North,Personal Care,SurfStyle,SUP3,9,9,0,0,7.362637362637362,0.6153846153846154,0.8662720995318677,56.0,5.377752682100509,2.052184099801299,3.3093862659080053,3.903361765545613,7.212748031453618,14.625,156.75,1410.75,224.61538461538464,749.1443835996795,0.2209407698669949,34.63246567665145,98.57704721640796,30.50746268656717
2025-12-31,SKU0056,WH02,South,Personal Care,SurfStyle,SUP3,4,4,0,0,10.659340659340659,0.7032967032967034,0.8755253089114938,64.0,5.377752682100509,2.052184099801299,3.782155732466292,4.097795564195514,7.879951296661806,5.6875,156.75,627.0,256.7032967032967,749.1443835996795,0.2209407698669949,34.63246567665145,105.38329625246753,24.082474226804123
2025-12-31,SKU0056,WH03,South,Personal Care,SurfStyle,SUP3,0,0,0,0,8.208791208791208,0.7802197802197802,0.9638141568464994,71.0,5.377752682100509,2.052184099801299,4.195829015704793,4.522790864481289,8.718619880186083,0.0,156.75,0.0,284.7802197802198,749.1443835996795,0.2209407698669949,34.63246567665145,110.99692972678831,34.69210174029452
2025-12-31,SKU0056,WH04,North,Personal Care,SurfStyle,SUP3,12,12,0,0,8.54945054945055,0.8131868131868132,0.9417724178034134,74.0,5.377752682100509,2.052184099801299,4.37311756566415,4.521399209848195,8.894516775512345,14.756756756756756,156.75,1881.0,296.8131868131868,749.1443835996795,0.2209407698669949,34.63246567665145,113.31767400960501,34.717223650385606
2025-12-31,SKU0056,WH05,South,Personal Care,SurfStyle,SUP3,5,5,0,0,11.12087912087912,0.7362637362637363,0.8671173806887691,67.0,5.377752682100509,2.052184099801299,3.9594442824256495,4.13757830320981,8.09702258563546,6.791044776119403,156.75,783.75,268.73626373626377,749.1443835996795,0.2209407698669949,34.63246567665145,107.82493201114886,24.165019762845855
2025-12-31,SKU0057,WH01,North,Home Care,FreshFoods,SUP7,107,111,3,1,88.81318681318682,5.912087912087912,2.8348950662467267,538.0,6.451051486584482,2.402744858664308,38.13918351409287,20.416972956717498,58.556156470810365,18.098513011152416,32.736,3502.7519999999995,2157.912087912088,631.4181951798901,0.2043137187783279,6.688413897927342,638.3058837655858,24.297203662459786
2025-12-31,SKU0057,WH02,South,Home Care,FreshFoods,SUP7,40,40,0,0,96.15384615384616,5.626373626373627,2.916041272564005,512.0,6.451051486584482,2.402744858664308,36.29602594649731,19.76158585820483,56.057611804702134,7.109374999999999,32.736,1309.4399999999998,2053.6263736263736,631.4181951798901,0.2043137187783279,6.688413897927342,622.6911456728811,21.357714285714284
2025-12-31,SKU0057,WH03,South,Home Care,FreshFoods,SUP7,52,53,1,0,77.36263736263736,6.043956043956044,2.653769176565822,550.0,6.451051486584482,2.402744858664308,38.9898716222139,20.52491223585429,59.514783858068185,8.603636363636364,32.736,1702.272,2206.043956043956,631.4181951798901,0.2043137187783279,6.688413897927342,645.3852782729634,28.515625
2025-12-31,SKU0057,WH04,North,Home Care,FreshFoods,SUP7,150,155,4,1,64.26373626373626,5.8791208791208796,2.5640036610962116,535.0,6.451051486584482,2.402744858664308,37.92651148706261,19.941369059872027,57.86788054693464,25.514018691588785,32.736,4910.4,2145.879120879121,631.4181951798901,0.2043137187783279,6.688413897927342,636.5237326363718,33.39175786593707
2025-12-31,SKU0057,WH05,South,Home Care,FreshFoods,SUP7,113,117,3,1,60.92307692307692,5.736263736263736,2.8473580925918163,522.0,6.451051486584482,2.402744858664308,37.00493270326483,19.954219429077813,56.95915213234264,19.699233716475096,32.736,3699.1679999999997,2093.736263736264,631.4181951798901,0.2043137187783279,6.688413897927342,628.7427081359745,34.36688311688312
2025-12-31,SKU0058,WH01,North,Home Care,SurfStyle,SUP2,513,515,1,1,447.3296703296703,27.912087912087912,8.331530940613966,2540.0,7.377030162412993,1.776235300700949,205.90831442339564,89.65013785518933,295.558452278585,18.379133858267718,31.247999999999998,16030.223999999998,10187.912087912087,826.0124809410571,0.3120505499176771,9.750955583827574,1313.79410198499,22.774952710835976
2025-12-31,SKU0058,WH02,South,Home Care,SurfStyle,SUP2,295,305,7,3,299.13186813186815,27.978021978021978,8.31728858326374,2546.0,7.377030162412993,1.776235300700949,206.39471201652177,89.7990819940465,296.19379401056824,10.543990573448546,31.247999999999998,9218.16,10211.978021978022,826.0124809410571,0.3120505499176771,9.750955583827574,1315.3449120098117,34.13871643216634
2025-12-31,SKU0058,WH03,South,Home Care,SurfStyle,SUP2,759,764,0,5,276.967032967033,27.45054945054945,7.437538027934508,2498.0,7.377030162412993,1.776235300700949,202.50353127151268,86.81922043831689,289.32275170982956,27.649719775820657,31.247999999999998,23717.231999999996,10019.450549450548,826.0124809410571,0.3120505499176771,9.750955583827574,1302.8867473551486,36.175607046500545
2025-12-31,SKU0058,WH04,North,Home Care,SurfStyle,SUP2,57,59,2,0,321.0769230769231,29.494505494505493,9.640624260992448,2684.0,7.377030162412993,1.776235300700949,217.58185665842277,96.34504816597513,313.92690482439787,1.9325633383010434,31.247999999999998,1781.136,10765.494505494506,826.0124809410571,0.3120505499176771,9.750955583827574,1350.5221307923116,33.52933123417071
2025-12-31,SKU0058,WH05,South,Home Care,SurfStyle,SUP2,325,330,4,1,294.8791208791209,29.197802197802197,8.352271520995924,2657.0,7.377030162412993,1.776235300700949,215.3930674893552,93.11788701475345,308.51095450410867,11.130974783590515,31.247999999999998,10155.599999999999,10657.197802197801,826.0124809410571,0.3120505499176771,9.750955583827574,1343.7120962586514,36.140903331594245
2025-12-31,SKU0059,WH01,North,Home Care,FreshFoods,SUP9,493,504,11,0,360.68131868131866,21.956043956043956,7.506903619575914,1998.0,7.3863414634146345,3.543674048525784,162.17483784508175,103.11835197870232,265.2931898237841,22.453953953953953,195.222,96244.44600000001,8013.956043956044,560.6573344502542,0.2136947186261926,41.71791035964257,464.1153757920805,22.218938516848457
2025-12-31,SKU0059,WH02,South,Home Care,FreshFoods,SUP9,650,662,10,2,306.2087912087912,21.978021978021978,7.868330363591928,2000.0,7.3863414634146345,3.543674048525784,162.33717502010185,103.54121469621062,265.8783897163125,29.575,195.222,126894.3,8021.978021978022,560.6573344502542,0.2136947186261926,41.71791035964257,464.34760766840554,26.197739099228425
2025-12-31,SKU0059,WH03,South,Home Care,FreshFoods,SUP9,531,547,12,4,270.2967032967033,21.604395604395606,8.52822649386419,1966.0,7.3863414634146345,3.543674048525784,159.57744304476014,102.54785298559015,262.1252960303503,24.578331637843334,195.222,103662.882,7885.604395604396,560.6573344502542,0.2136947186261926,41.71791035964257,460.38373432894673,29.173882993861042
2025-12-31,SKU0059,WH04,North,Home Care,FreshFoods,SUP9,274,284,8,2,273.1868131868132,22.065934065934066,6.395835794227014,2008.0,7.3863414634146345,3.543674048525784,162.98652372018228,102.6923399591767,265.678863679359,12.417330677290837,195.222,53490.828,8054.065934065934,560.6573344502542,0.2136947186261926,41.71791035964257,465.27537604128696,29.48189863234111
2025-12-31,SKU0059,WH05,South,Home Care,FreshFoods,SUP9,346,356,7,3,349.4835164835165,22.604395604395606,6.844103903489357,2057.0,7.3863414634146345,3.543674048525784,166.96378450817477,105.42388360921724,272.387668117392,15.306757413709285,195.222,67546.812,8250.604395604396,560.6573344502542,0.2136947186261926,41.71791035964257,470.9180753790107,23.60799295663931
2025-12-31,SKU0060,WH01,North,Foods & Refreshment,FreshFoods,SUP1,208,212,3,1,136.4835164835165,10.31868131868132,4.271037138887725,939.0,9.504683840749415,2.7192771228925445,98.0758035875132,58.30218576863453,156.37798935614774,20.157614483493077,87.108,18118.464,3766.3186813186817,712.7392446067582,0.3348084986122505,29.164498697115917,429.0536573373852,27.595410628019323
2025-12-31,SKU0060,WH02,South,Foods & Refreshment,FreshFoods,SUP1,236,242,5,1,108.67032967032966,9.758241758241759,3.606600921583952,888.0,9.504683840749415,2.7192771228925445,92.74900275368661,54.11785615599979,146.8668589096864,24.184684684684683,87.108,20557.488,3561.758241758242,712.7392446067582,0.3348084986122505,29.164498697115917,417.2393835573316,32.775811507735874
2025-12-31,SKU0060,WH03,South,Foods & Refreshment,FreshFoods,SUP1,132,137,4,1,142.7032967032967,9.494505494505495,3.563311900071575,864.0,9.504683840749415,2.7192771228925445,90.2422729495329,52.77744812828031,143.01972107781322,13.902777777777779,87.108,11498.256000000001,3465.4945054945056,712.7392446067582,0.3348084986122505,29.164498697115917,411.56239272442116,24.284614199907594
2025-12-31,SKU0060,WH04,North,Foods & Refreshment,FreshFoods,SUP1,83,85,2,0,161.25274725274724,10.307692307692308,4.1997150900515665,938.0,9.504683840749415,2.7192771228925445,97.97135651234014,58.07665315579382,156.04800966813394,8.052238805970148,87.108,7229.964,3762.3076923076924,712.7392446067582,0.3348084986122505,29.164498697115917,428.82513340248516,23.331743219299444
2025-12-31,SKU0060,WH05,South,Foods & Refreshment,FreshFoods,SUP1,169,171,1,1,119.53846153846153,9.802197802197803,3.807068806020307,892.0,9.504683840749415,2.7192771228925445,93.16679105437889,54.783362397319905,147.95015345169878,17.241031390134527,87.108,14721.252,3577.802197802198,712.7392446067582,0.3348084986122505,29.164498697115917,418.1780560228031,29.930134215848504
2025-12-31,SKU0061,WH01,North,Foods & Refreshment,DailyEssentials,SUP11,191,193,1,1,239.42857142857142,14.68131868131868,5.328913003353854,1336.0,4.598752598752599,2.2774068090883044,67.51575243882935,45.298592545507745,112.8143449843371,13.009730538922156,67.392,12871.872,5358.681318681319,936.7056884822202,0.2915657366856733,19.649198126720893,714.7812076413438,22.38112722599596
2025-12-31,SKU0061,WH02,South,Foods & Refreshment,DailyEssentials,SUP11,136,139,2,1,145.67032967032966,15.406593406593407,5.378926001800446,1402.0,4.598752598752599,2.2774068090883044,70.85111146649608,47.35004530783676,118.20115677433284,8.827389443651926,67.392,9165.312,5623.406593406594,936.7056884822202,0.2915657366856733,19.649198126720893,732.223905716734,38.60365117682559
2025-12-31,SKU0061,WH03,South,Foods & Refreshment,DailyEssentials,SUP11,152,158,5,1,138.46153846153845,15.54945054945055,5.927832161861041,1415.0,4.598752598752599,2.2774068090883044,71.50807612346074,48.23517586551206,119.7432519889728,9.775265017667845,67.392,10243.583999999999,5675.549450549451,936.7056884822202,0.2915657366856733,19.649198126720893,735.6108338691974,40.99007936507937
2025-12-31,SKU0061,WH04,North,Foods & Refreshment,DailyEssentials,SUP11,37,37,0,0,151.02197802197801,15.626373626373626,5.632541071800446,1422.0,4.598752598752599,2.2774068090883044,71.86182632336478,48.17959615755601,120.0414224809208,2.3677918424753868,67.392,2493.504,5703.626373626374,936.7056884822202,0.2915657366856733,19.649198126720893,737.4281212113668,37.76686313032089
2025-12-31,SKU0061,WH05,South,Foods & Refreshment,DailyEssentials,SUP11,141,145,3,1,182.3956043956044,15.219780219780219,6.468388426806853,1385.0,4.598752598752599,2.2774068090883044,69.99200383815769,47.862413745657804,117.85441758381549,9.264259927797834,67.392,9502.271999999999,5555.21978021978,936.7056884822202,0.2915657366856733,19.649198126720893,727.7710629932668,30.45698276900831
2025-12-31,SKU0062,WH01,North,Personal Care,FreshFoods,SUP1,584,600,13,3,395.02197802197804,35.40659340659341,11.095522642517688,3222.0,9.504683840749415,2.7192771228925445,336.52847620763316,192.19394273262623,528.7224189402593,16.494103041589074,105.672,61712.448,12923.406593406595,1086.4028867237078,0.1861476607840983,19.670595610377237,1194.7862124113697,32.71566472862826
2025-12-31,SKU0062,WH02,South,Personal Care,FreshFoods,SUP1,857,866,7,2,522.8461538461538,36.16483516483517,11.636402399619085,3291.0,9.504683840749415,2.7192771228925445,343.735324394575,196.9055736551148,540.6408980496898,23.697052567608626,105.672,90560.904,13200.164835164836,1086.4028867237078,0.1861476607840983,19.670595610377237,1207.5117776374593,25.246747514659834
2025-12-31,SKU0062,WH03,South,Personal Care,FreshFoods,SUP1,798,801,2,1,574.967032967033,35.934065934065934,10.78867945559624,3270.0,9.504683840749415,2.7192771228925445,341.5419358159405,194.15767992849368,535.6996157444341,22.207339449541283,105.672,84326.256,13115.934065934067,1086.4028867237078,0.1861476607840983,19.670595610377237,1203.6530220759487,22.811627995871717
2025-12-31,SKU0062,WH04,North,Personal Care,FreshFoods,SUP1,1292,1321,27,2,589.9560439560439,36.417582417582416,13.84121537218618,3314.0,9.504683840749415,2.7192771228925445,346.1376071235556,202.8320053576096,548.9696124811652,35.47736873868437,105.672,136528.224,13292.417582417582,1086.4028867237078,0.1861476607840983,19.670595610377237,1211.7239343409867,22.531199940394146
2025-12-31,SKU0062,WH05,South,Personal Care,FreshFoods,SUP1,667,689,16,6,580.6263736263736,34.62637362637363,11.80079879749046,3151.0,9.504683840749415,2.7192771228925445,329.11273387034515,189.87363358660497,518.9863674569501,19.26277372262774,105.672,70483.224,12638.626373626374,1086.4028867237078,0.1861476607840983,19.670595610377237,1181.5487248786758,21.767227511024473
2025-12-31,SKU0063,WH01,North,Home Care,GlowCare,SUP3,231,236,5,0,158.42857142857142,11.164835164835164,4.3416938227269375,1016.0,5.377752682100509,2.052184099801299,60.04172225290238,47.0755958594049,107.11731811230729,20.68996062992126,141.222,32622.282000000003,4075.164835164835,1121.0571972951916,0.180923071801879,25.550318046004957,598.0029387387037,25.722411042519248
2025-12-31,SKU0063,WH02,South,Home Care,GlowCare,SUP3,42,43,1,0,153.7912087912088,11.736263736263735,4.276122763114487,1068.0,5.377752682100509,2.052184099801299,63.11472378553124,48.993438505776005,112.10816229130725,3.578651685393259,141.222,5931.3240000000005,4283.736263736263,1121.0571972951916,0.180923071801879,25.550318046004957,613.1152106721329,27.854233654876737
2025-12-31,SKU0063,WH03,South,Home Care,GlowCare,SUP3,142,142,0,0,107.4065934065934,11.527472527472527,4.4455737271049465,1049.0,5.377752682100509,2.052184099801299,61.99189630245532,48.53967780325307,110.53157410570839,12.318398474737846,141.222,20053.524,4207.527472527472,1121.0571972951916,0.180923071801879,25.550318046004957,607.6369964470344,39.17382852465725
2025-12-31,SKU0063,WH04,North,Home Care,GlowCare,SUP3,105,107,2,0,106.3076923076923,11.736263736263735,6.089764025413948,1068.0,5.377752682100509,2.052184099801299,63.11472378553124,52.517342725992705,115.63206651152394,8.946629213483147,141.222,14828.310000000001,4283.736263736263,1121.0571972951916,0.180923071801879,25.550318046004957,613.1152106721329,40.29563779201984
2025-12-31,SKU0063,WH05,South,Home Care,GlowCare,SUP3,125,128,2,1,97.5934065934066,11.098901098901099,4.386988197575353,1010.0,5.377752682100509,2.052184099801299,59.68714515298367,46.92292501087206,106.61007016385574,11.262376237623762,141.222,17652.75,4051.098901098901,1121.0571972951916,0.180923071801879,25.550318046004957,596.2345673794142,41.50996509402094
2025-12-31,SKU0064,WH01,North,Foods & Refreshment,DailyEssentials,SUP3,132,135,3,0,60.967032967032964,7.9010989010989015,4.139390575260365,719.0,5.377752682100509,2.052184099801299,42.490155806926,30.99660693083964,73.48676273776564,16.70653685674548,200.946,26524.872,2883.901098901099,703.6329251830991,0.1887818458924478,37.934956804703816,327.083366278647,47.30263157894737
2025-12-31,SKU0064,WH02,South,Foods & Refreshment,DailyEssentials,SUP3,72,74,2,0,71.65934065934066,8.571428571428571,4.232527107330291,780.0,5.377752682100509,2.052184099801299,46.09502298943293,33.13570481789219,79.23072780732511,8.4,200.946,14468.112,3128.5714285714284,703.6329251830991,0.1887818458924478,37.934956804703816,340.6758239229525,43.65894801410826
2025-12-31,SKU0064,WH03,South,Foods & Refreshment,DailyEssentials,SUP3,24,25,1,0,86.4065934065934,8.417582417582418,3.94423893254716,766.0,5.377752682100509,2.052184099801299,45.26767642295593,32.15407826072177,77.4217546836777,2.8511749347258486,200.946,4822.704,3072.4175824175827,703.6329251830991,0.1887818458924478,37.934956804703816,337.60463340307683,35.55767518758744
2025-12-31,SKU0064,WH04,North,Foods & Refreshment,DailyEssentials,SUP3,74,75,1,0,95.89010989010988,8.483516483516484,4.129467647591279,772.0,5.377752682100509,2.052184099801299,45.622253522874644,32.685579114891695,78.30783263776634,8.72279792746114,200.946,14870.003999999999,3096.4835164835167,703.6329251830991,0.1887818458924478,37.934956804703816,338.9242656653656,32.29200091680037
2025-12-31,SKU0064,WH05,South,Foods & Refreshment,DailyEssentials,SUP3,94,97,2,1,79.96703296703296,8.076923076923077,3.7005428107261635,735.0,5.377752682100509,2.052184099801299,43.43569474004257,30.70403428407144,74.13972902411402,11.638095238095238,200.946,18888.924,2948.076923076923,703.6329251830991,0.1887818458924478,37.934956804703816,330.70265616369335,36.86615363473959
2025-12-31,SKU0065,WH01,North,Personal Care,GlowCare,SUP13,646,651,3,2,507.1758241758242,41.9010989010989,10.923018452439422,3813.0,6.539584503088153,2.383753448119716,274.01577703599037,170.6099346864342,444.62571172242457,15.417256753212694,64.434,41624.364,15293.901098901099,720.275114740569,0.2830072802001137,18.235291092414123,1099.1753781173213,30.155027842177105
2025-12-31,SKU0065,WH02,South,Personal Care,GlowCare,SUP13,455,462,5,2,451.94505494505495,42.120879120879124,12.16446113784391,3833.0,6.539584503088153,2.383753448119716,275.45304835535046,172.91299218507393,448.36604054042436,10.8022436733629,64.434,29317.469999999998,15374.120879120881,720.275114740569,0.2830072802001137,18.235291092414123,1102.0543127971578,34.017676951880766
2025-12-31,SKU0065,WH03,South,Personal Care,GlowCare,SUP13,499,518,14,5,386.8241758241758,40.010989010989015,11.942914687512895,3641.0,6.539584503088153,2.383753448119716,261.65524368949417,164.74169368430844,426.39693737380264,12.471573743477066,64.434,32152.566,14604.01098901099,720.275114740569,0.2830072802001137,18.235291092414123,1074.098050458339,37.75361495412063
2025-12-31,SKU0065,WH04,North,Personal Care,GlowCare,SUP13,566,573,6,1,528.945054945055,41.02197802197802,10.766179578226565,3733.0,6.539584503088153,2.383753448119716,268.2666917585503,167.11260352363465,435.3792952821849,13.797481918028396,64.434,36469.644,14973.021978021978,720.275114740569,0.2830072802001137,18.235291092414123,1087.5834339845003,28.307329538372045
2025-12-31,SKU0065,WH05,South,Personal Care,GlowCare,SUP13,956,994,28,10,444.56043956043953,41.65934065934066,11.000221997981859,3791.0,6.539584503088153,2.383753448119716,272.43477858469436,169.78538403943136,442.2201626241257,22.94803481930889,64.434,61598.903999999995,15205.65934065934,720.275114740569,0.2830072802001137,18.235291092414123,1095.9998155631006,34.20380669880114
2025-12-31,SKU0066,WH01,North,Personal Care,GlowCare,SUP1,227,229,1,1,104.47252747252747,8.725274725274724,3.6394930479270946,794.0,9.504683840749415,2.7192771228925445,82.93097768741796,43.17434471342225,126.10532240084021,26.016372795969776,194.658,44187.365999999995,3184.7252747252746,999.8704107638364,0.3162519078461006,61.56096387750624,321.6400624759944,30.483854002314082
2025-12-31,SKU0066,WH02,South,Personal Care,GlowCare,SUP1,116,118,2,0,130.83516483516485,9.0,3.9693268390944523,819.0,9.504683840749415,2.7192771228925445,85.54215456674473,45.01122478057721,130.55337934732194,12.88888888888889,194.658,22580.327999999998,3285.0,999.8704107638364,0.3162519078461006,61.56096387750624,326.66442254897936,25.107928775407355
2025-12-31,SKU0066,WH03,South,Personal Care,GlowCare,SUP1,367,370,1,2,164.6153846153846,8.56043956043956,3.63075991803611,779.0,9.504683840749415,2.7192771228925445,81.36427155982192,42.48973714435313,123.85400870417504,42.87163029525032,194.658,71439.48599999999,3124.5604395604396,999.8704107638364,0.3162519078461006,61.56096387750624,318.58741451561406,18.980974632843793
2025-12-31,SKU0066,WH04,North,Personal Care,GlowCare,SUP1,172,177,4,1,112.7032967032967,8.615384615384615,3.7793862840097048,784.0,9.504683840749415,2.7192771228925445,81.88650693568727,43.041698581405555,124.92820551709282,19.964285714285715,194.658,33481.176,3144.6153846153843,999.8704107638364,0.3162519078461006,61.56096387750624,319.60820346430876,27.901716068642745
2025-12-31,SKU0066,WH05,South,Personal Care,GlowCare,SUP1,158,161,3,0,131.46153846153845,8.571428571428571,3.518657752744984,780.0,9.504683840749415,2.7192771228925445,81.46871863499499,42.291029829543746,123.75974846453873,18.433333333333334,194.658,30755.963999999996,3128.5714285714284,999.8704107638364,0.3162519078461006,61.56096387750624,318.7918337952394,23.798378333194016
2025-12-31,SKU0067,WH01,North,Home Care,DailyEssentials,SUP7,379,385,3,3,443.16483516483515,38.46153846153846,12.299329423733,3500.0,6.451051486584482,2.402744858664308,248.1173648686339,183.49234047941925,431.6097053480531,9.854000000000001,11.069999999999999,4195.53,14038.461538461537,514.4506917442013,0.220553979506656,2.4415325531386816,2432.290111972889,31.677742511406464
2025-12-31,SKU0067,WH02,South,Home Care,DailyEssentials,SUP7,606,628,16,6,504.7692307692308,38.43956043956044,14.223774144570452,3498.0,6.451051486584482,2.402744858664308,247.9755835172804,186.54744074031126,434.52302425759166,15.76500857632933,11.069999999999999,6708.419999999999,14030.43956043956,514.4506917442013,0.220553979506656,2.4415325531386816,2431.595072635374,27.79575042452214
2025-12-31,SKU0067,WH03,South,Home Care,DailyEssentials,SUP7,326,337,8,3,376.8791208791209,38.1978021978022,13.570572558313064,3476.0,6.451051486584482,2.402744858664308,246.41598865239183,184.41014016737572,430.8261288197675,8.53452243958573,11.069999999999999,3608.8199999999997,13942.197802197801,514.4506917442013,0.220553979506656,2.4415325531386816,2423.9364864541308,36.993818521110335
2025-12-31,SKU0067,WH04,North,Home Care,DailyEssentials,SUP7,367,375,4,4,438.57142857142856,39.032967032967036,12.509952082198444,3552.0,6.451051486584482,2.402744858664308,251.80368000382506,186.26122455677773,438.0649045606028,9.402308558558557,11.069999999999999,4062.6899999999996,14247.032967032968,514.4506917442013,0.220553979506656,2.4415325531386816,2450.291935412797,32.485091455775496
2025-12-31,SKU0067,WH05,South,Home Care,DailyEssentials,SUP7,853,859,4,2,580.3736263736264,36.46153846153846,13.43900433837409,3318.0,6.451051486584482,2.402744858664308,235.21526189546495,176.85627829493765,412.07154019040263,23.394514767932492,11.069999999999999,9442.71,13308.461538461537,514.4506917442013,0.220553979506656,2.4415325531386816,2368.2063590370312,22.9308516681183
2025-12-31,SKU0068,WH01,North,Home Care,GlowCare,SUP9,25,25,0,0,17.78021978021978,1.3186813186813187,1.246141786824177,120.0,7.3863414634146345,3.543674048525784,9.740230501206112,9.493621964267597,19.23385246547371,18.958333333333332,119.262,2981.55,481.3186813186813,1037.3823623450685,0.3243995032969223,38.68853356219755,160.66069912559544,27.070457354758958
2025-12-31,SKU0068,WH02,South,Home Care,GlowCare,SUP9,18,18,0,0,20.593406593406595,1.3956043956043955,1.2281795098538766,127.0,7.3863414634146345,3.543674048525784,10.308410613776468,9.81506521804673,20.1234758318232,12.89763779527559,119.262,2146.716,509.3956043956044,1037.3823623450685,0.3243995032969223,38.68853356219755,165.28022292780244,24.735859124866593
2025-12-31,SKU0068,WH03,South,Home Care,GlowCare,SUP9,44,44,0,0,33.15384615384615,1.6813186813186813,1.3323256265236265,153.0,7.3863414634146345,3.543674048525784,12.418793889037792,11.469052454053772,23.887846343091564,26.169934640522875,119.262,5247.528,613.6813186813187,1037.3823623450685,0.3243995032969223,38.68853356219755,181.41147100030503,18.510109380178985
2025-12-31,SKU0068,WH04,North,Home Care,GlowCare,SUP9,33,33,0,0,21.406593406593405,1.3516483516483517,1.2144832131279026,123.0,7.3863414634146345,3.543674048525784,9.983736263736265,9.568870914153697,19.55260717788996,24.414634146341463,119.262,3935.646,493.3516483516484,1037.3823623450685,0.3243995032969223,38.68853356219755,162.6565607333846,23.046714579055447
2025-12-31,SKU0068,WH05,South,Home Care,GlowCare,SUP9,25,26,1,0,21.23076923076923,1.5274725274725274,1.4857894223510302,139.0,7.3863414634146345,3.543674048525784,11.282433663897079,11.108924112934115,22.391357776831192,16.366906474820144,119.262,2981.55,557.5274725274725,1037.3823623450685,0.3243995032969223,38.68853356219755,172.91251578592158,26.260351966873703
2025-12-31,SKU0069,WH01,North,Home Care,SurfStyle,SUP8,0,0,0,0,157.94505494505495,16.021978021978022,5.798425115644231,1458.0,7.679403541472507,3.624609451203826,123.03923476337269,99.120172941596,222.1594077049687,0.0,135.33,0.0,5848.021978021978,694.1416465174234,0.1897294298260542,25.676083738359917,562.314334923928,37.02567313713212
2025-12-31,SKU0069,WH02,South,Home Care,SurfStyle,SUP8,251,259,6,2,180.78021978021977,15.032967032967033,5.677343959303015,1368.0,7.679403541472507,3.624609451203826,115.44422027180647,93.29536848743325,208.73958875923972,16.696637426900583,135.33,33967.83,5487.032967032967,694.1416465174234,0.1897294298260542,25.676083738359917,544.682524541708,30.3519542884931
2025-12-31,SKU0069,WH03,South,Home Care,SurfStyle,SUP8,244,250,5,1,267.0879120879121,15.703296703296703,6.56166392429797,1429.0,7.679403541472507,3.624609451203826,120.59195231609023,98.29250014010807,218.8844524561983,15.538138558432472,135.33,33020.520000000004,5731.7032967032965,694.1416465174234,0.1897294298260542,25.676083738359917,556.6939575207471,21.459987656860726
2025-12-31,SKU0069,WH04,North,Home Care,SurfStyle,SUP8,273,283,7,3,228.14285714285714,15.923076923076923,5.920267954203818,1449.0,7.679403541472507,3.624609451203826,122.27973331421607,98.70237900885182,220.9821123230679,17.144927536231883,135.33,36945.090000000004,5811.923076923077,694.1416465174234,0.1897294298260542,25.676083738359917,560.5761102552965,25.47492895332595
2025-12-31,SKU0069,WH05,South,Home Care,SurfStyle,SUP8,272,274,1,1,257.2197802197802,16.24175824175824,6.823717884198158,1478.0,7.679403541472507,3.624609451203826,124.7270157614985,101.71445530547193,226.44147106697045,16.746955345060893,135.33,36809.76,5928.241758241758,694.1416465174234,0.1897294298260542,25.676083738359917,566.1579499660729,23.04737898919127
2025-12-31,SKU0070,WH01,North,Foods & Refreshment,GlowCare,SUP11,106,106,0,0,133.27472527472528,13.637362637362637,5.040979806692088,1241.0,4.598752598752599,2.2774068090883044,62.71485686870302,42.159080944870794,104.87393781357382,7.77276390008058,27.605999999999998,2926.236,4977.6373626373625,315.8567243352684,0.3161638551190849,8.728019384417458,600.2246639579112,37.34869722955145
2025-12-31,SKU0070,WH02,South,Foods & Refreshment,GlowCare,SUP11,162,165,2,1,118.63736263736264,14.10989010989011,5.089096294913381,1284.0,4.598752598752599,2.2774068090883044,64.88789381097074,43.50674372142009,108.39463753239082,11.481308411214954,27.605999999999998,4472.172,5150.10989010989,315.8567243352684,0.3161638551190849,8.728019384417458,610.5348489650934,43.41052241570952
2025-12-31,SKU0070,WH03,South,Foods & Refreshment,GlowCare,SUP11,119,122,3,0,151.86813186813185,13.846153846153847,4.973089978235255,1260.0,4.598752598752599,2.2774068090883044,63.675035982728296,42.67510555536176,106.35014153809006,8.594444444444443,27.605999999999998,3285.1139999999996,5053.846153846154,315.8567243352684,0.3161638551190849,8.728019384417458,604.8020004192234,33.277858176555725
2025-12-31,SKU0070,WH04,North,Foods & Refreshment,GlowCare,SUP11,166,169,3,0,123.49450549450549,13.362637362637363,5.165088970980468,1216.0,4.598752598752599,2.2774068090883044,61.451463297617146,41.51785505620655,102.9693183538237,12.422697368421051,27.605999999999998,4582.596,4877.3626373626375,315.8567243352684,0.3161638551190849,8.728019384417458,594.148129016028,39.494571987898205
2025-12-31,SKU0070,WH05,South,Foods & Refreshment,GlowCare,SUP11,45,46,1,0,123.93406593406593,13.505494505494505,5.095474302148758,1229.0,4.598752598752599,2.2774068090883044,62.1084279545818,41.845577462193575,103.95400541677537,3.3319772172497966,27.605999999999998,1242.27,4929.505494505494,315.8567243352684,0.3161638551190849,8.728019384417458,597.3156420005421,39.77522610391914
2025-12-31,SKU0071,WH01,North,Personal Care,DailyEssentials,SUP13,54,56,1,1,110.43956043956044,12.31868131868132,5.6801391236465735,1121.0,6.539584503088153,2.383753448119716,80.55905745012988,53.891730945606284,134.45078839573617,4.383586083853702,34.632,1870.128,4496.318681318681,272.0591470729437,0.3377252231292876,11.696099927413487,457.356305739962,40.712935323383086
2025-12-31,SKU0071,WH02,South,Personal Care,DailyEssentials,SUP13,346,350,1,3,138.34065934065933,12.76923076923077,4.973433696656941,1162.0,6.539584503088153,2.383753448119716,83.50546365481796,54.26683293338227,137.77229658820022,27.096385542168672,34.632,11982.671999999999,4660.769230769231,272.0591470729437,0.3377252231292876,11.696099927413487,465.6449839372734,33.69052347287315
2025-12-31,SKU0071,WH03,South,Personal Care,DailyEssentials,SUP13,338,345,4,3,148.32967032967034,11.857142857142858,5.203783727189774,1079.0,6.539584503088153,2.383753448119716,77.54078767947382,51.390654317730906,128.93144199720473,28.50602409638554,34.632,11705.616,4327.857142857143,272.0591470729437,0.3377252231292876,11.696099927413487,448.7067339952253,29.1772855237813
2025-12-31,SKU0071,WH04,North,Personal Care,DailyEssentials,SUP13,182,185,2,1,146.92307692307693,11.923076923076923,4.80793503660764,1085.0,6.539584503088153,2.383753448119716,77.97196907528182,50.94090524120779,128.9128743164896,15.264516129032257,34.632,6303.023999999999,4351.923076923077,272.0591470729437,0.3377252231292876,11.696099927413487,449.9525672138083,29.62041884816754
2025-12-31,SKU0071,WH05,South,Personal Care,DailyEssentials,SUP13,138,139,1,0,102.07692307692308,11.648351648351648,4.799012922521154,1060.0,6.539584503088153,2.383753448119716,76.17537992608177,49.93882856664141,126.11420849272318,11.847169811320756,34.632,4779.215999999999,4251.648351648351,272.0591470729437,0.3377252231292876,11.696099927413487,444.73857231203993,41.65141565292281
2025-12-31,SKU0072,WH01,North,Home Care,SurfStyle,SUP6,15,15,0,0,111.16483516483517,7.6923076923076925,3.526699141918238,700.0,9.3661800486618,2.258231607771794,72.04753883586,26.218230101957236,98.26576893781723,1.95,91.5,1372.5,2807.6923076923076,1041.993211039463,0.3112584278477447,28.48014614806864,453.26385883821877,25.257018584420717
2025-12-31,SKU0072,WH02,South,Home Care,SurfStyle,SUP6,132,135,3,0,119.49450549450549,7.43956043956044,2.93336663317762,677.0,9.3661800486618,2.258231607771794,69.6802625598246,24.420031337094297,94.1002938969189,17.74298375184638,91.5,12078.0,2715.4395604395604,1041.993211039463,0.3112584278477447,28.48014614806864,445.75518764463703,22.7243884495126
2025-12-31,SKU0072,WH03,South,Home Care,SurfStyle,SUP6,124,126,1,1,97.49450549450549,7.758241758241758,2.933866085486897,706.0,9.3661800486618,2.258231607771794,72.6650891687388,25.238382881693507,97.90347205043231,15.98300283286119,91.5,11346.0,2831.7582417582416,1041.993211039463,0.3112584278477447,28.48014614806864,455.20227335079505,29.04531109107304
2025-12-31,SKU0072,WH04,North,Home Care,SurfStyle,SUP6,109,111,2,0,163.86813186813185,7.1208791208791204,3.1896888208906486,648.0,9.3661800486618,2.258231607771794,66.6954359509104,24.116532857471768,90.81196880838216,15.3070987654321,91.5,9973.5,2599.120879120879,1041.993211039463,0.3112584278477447,28.48014614806864,436.1035025776326,15.861051502145925
2025-12-31,SKU0072,WH05,South,Home Care,SurfStyle,SUP6,125,128,3,0,123.25274725274726,7.8791208791208796,2.9696059029034845,717.0,9.3661800486618,2.258231607771794,73.7972647790166,25.613794879706255,99.41105965872285,15.864714086471407,91.5,11437.5,2875.879120879121,1041.993211039463,0.3112584278477447,28.48014614806864,458.7347601947127,23.333184736091297
2025-12-31,SKU0073,WH01,North,Home Care,GlowCare,SUP13,349,355,6,0,315.9120879120879,25.274725274725274,8.151436048078256,2300.0,6.539584503088153,2.383753448119716,165.28620172640387,104.87357034947192,270.1597720758758,13.808260869565219,203.112,70886.088,9225.274725274725,255.56791690687788,0.2986805332763683,60.665600474829716,278.7960190464198,29.20203144566579
2025-12-31,SKU0073,WH02,South,Home Care,GlowCare,SUP13,341,343,0,2,331.05494505494505,25.53846153846154,7.827739410168447,2324.0,6.539584503088153,2.383753448119716,167.01092730963592,105.41819946436188,272.4291267739978,13.352409638554215,203.112,69261.192,9321.538461538463,255.56791690687788,0.2986805332763683,60.665600474829716,280.24683206429637,28.157073624112066
2025-12-31,SKU0073,WH03,South,Home Care,GlowCare,SUP13,0,0,0,0,195.16483516483515,25.714285714285715,7.579630179025466,2340.0,6.539584503088153,2.383753448119716,168.16074436512395,105.7540210134323,273.91476537855624,0.0,203.112,0.0,9385.714285714286,255.56791690687788,0.2986805332763683,60.665600474829716,281.2098824354662,48.091216216216225
2025-12-31,SKU0073,WH04,North,Home Care,GlowCare,SUP13,128,133,4,1,253.32967032967034,24.945054945054945,8.087524875266759,2270.0,6.539584503088153,2.383753448119716,163.13029474736382,103.56412762297565,266.69442237033945,5.131277533039648,203.112,25998.336,9104.945054945056,255.56791690687788,0.2986805332763683,60.665600474829716,276.9718161270274,35.94109226564873
2025-12-31,SKU0073,WH05,South,Home Care,GlowCare,SUP13,223,223,0,0,256.57142857142856,25.208791208791208,7.8436336300587435,2294.0,6.539584503088153,2.383753448119716,164.85502033059586,104.21208991507785,269.0671102456737,8.846120313862249,203.112,45293.976,9201.208791208792,255.56791690687788,0.2986805332763683,60.665600474829716,278.43213459413425,35.862172348809324
2025-12-31,SKU0074,WH01,North,Personal Care,SurfStyle,SUP5,196,203,5,2,155.24175824175825,19.725274725274726,6.616588469841764,1795.0,5.381663113006397,2.051175820331668,106.15478338292839,71.18531550562645,177.34009888855485,9.936490250696378,127.59,25007.64,7199.725274725275,480.6114361336559,0.3224566371714151,41.14224233670085,410.13424366032774,46.37750407022015
2025-12-31,SKU0074,WH02,South,Personal Care,SurfStyle,SUP5,196,201,4,1,185.3186813186813,17.86813186813187,5.748833294598501,1626.0,5.381663113006397,2.051175820331668,96.16026617305936,64.15777082019746,160.3180369932568,10.969249692496925,127.59,25007.64,6521.868131868132,480.6114361336559,0.3224566371714151,41.14224233670085,390.34990307420213,35.19271821631879
2025-12-31,SKU0074,WH03,South,Personal Care,SurfStyle,SUP5,284,286,1,1,245.4945054945055,18.78021978021978,6.52993482663103,1709.0,5.381663113006397,2.051175820331668,101.0688160453619,68.09153291954577,169.16034896490766,15.12229373902867,127.59,36235.56,6854.78021978022,480.6114361336559,0.3224566371714151,41.14224233670085,400.1887139651466,27.922336615935546
2025-12-31,SKU0074,WH04,North,Personal Care,SurfStyle,SUP5,403,406,1,2,214.75824175824175,19.208791208791208,6.814227735679197,1748.0,5.381663113006397,2.051175820331668,103.3752430937932,69.83598390582652,173.21122699961973,20.979977116704806,127.59,51418.770000000004,7011.208791208791,480.6114361336559,0.3224566371714151,41.14224233670085,404.7291821210044,32.64698357468147
2025-12-31,SKU0074,WH05,South,Personal Care,SurfStyle,SUP5,94,97,3,0,169.95604395604394,18.208791208791208,5.747495074699903,1657.0,5.381663113006397,2.051175820331668,97.9935799807868,65.23739688878304,163.23097686956984,5.162341581170791,127.59,11993.460000000001,6646.208791208791,480.6114361336559,0.3224566371714151,41.14224233670085,394.0533821934099,39.10545713177292
2025-12-31,SKU0075,WH01,North,Home Care,FreshFoods,SUP15,95,97,2,0,80.34065934065934,4.615384615384615,2.341743086626003,420.0,5.464167585446527,2.6573205659057524,25.2192350097532,22.093491088943964,47.31272609869716,20.583333333333336,196.338,18652.11,1684.6153846153845,534.1300405015459,0.1868257209230013,36.680988394580226,221.49726419756516,20.96840377513336
2025-12-31,SKU0075,WH02,South,Home Care,FreshFoods,SUP15,46,46,0,0,60.505494505494504,4.274725274725275,2.1708469113634687,389.0,5.464167585446527,2.6573205659057524,23.357815282842843,20.465833191233436,43.82364847407628,10.760925449871465,196.338,9031.547999999999,1560.2747252747251,534.1300405015459,0.1868257209230013,36.680988394580226,213.16628765157856,25.787322920450418
2025-12-31,SKU0075,WH03,South,Home Care,FreshFoods,SUP15,50,51,1,0,56.934065934065934,4.5054945054945055,2.1048812390548384,410.0,5.464167585446527,2.6573205659057524,24.618777033330506,21.29312058181603,45.911897615146536,11.097560975609756,196.338,9816.9,1644.5054945054944,534.1300405015459,0.1868257209230013,36.680988394580226,218.844506655995,28.884385253812003
2025-12-31,SKU0075,WH04,North,Home Care,FreshFoods,SUP15,8,8,0,0,41.956043956043956,4.483516483516484,2.3063325257147373,408.0,5.464167585446527,2.6573205659057524,24.498685438045964,21.511894636218393,46.010580074264354,1.784313725490196,196.338,1570.704,1636.4835164835165,534.1300405015459,0.1868257209230013,36.680988394580226,218.3100870386108,39.004714510214775
2025-12-31,SKU0075,WH05,South,Home Care,FreshFoods,SUP15,36,37,1,0,54.31868131868132,4.373626373626373,2.249189244784053,398.0,5.464167585446527,2.6573205659057524,23.898227461623268,20.983666666794292,44.88189412841756,8.231155778894474,196.338,7068.168,1596.3736263736262,534.1300405015459,0.1868257209230013,36.680988394580226,215.6181211060556,29.389034998988464
2025-12-31,SKU0076,WH01,North,Foods & Refreshment,GlowCare,SUP8,176,180,3,1,243.5164835164835,14.692307692307692,5.5890613556845885,1337.0,7.679403541472507,3.624609451203826,112.82815972471144,91.23244209119629,204.06060181590772,11.979057591623038,170.088,29935.487999999998,5362.692307692308,372.9944451915938,0.2143029588222394,36.45036166015706,331.28875800665617,22.021886281588447
2025-12-31,SKU0076,WH02,South,Foods & Refreshment,GlowCare,SUP8,180,184,3,1,183.07692307692307,13.67032967032967,4.645320094352894,1244.0,7.679403541472507,3.624609451203826,104.97997808342635,84.21496015478169,189.19493823820804,13.167202572347268,170.088,30615.84,4989.670329670329,372.9944451915938,0.2143029588222394,36.45036166015706,319.5590970025951,27.254501800720288
2025-12-31,SKU0076,WH03,South,Foods & Refreshment,GlowCare,SUP8,423,429,4,2,174.64835164835165,14.340659340659341,5.209435414535565,1305.0,7.679403541472507,3.624609451203826,110.12771012771013,88.7424039253189,198.87011405302903,29.49655172413793,170.088,71947.224,5234.34065934066,372.9944451915938,0.2143029588222394,36.45036166015706,327.3001851141405,29.97074183602844
2025-12-31,SKU0076,WH04,North,Foods & Refreshment,GlowCare,SUP8,283,286,2,1,212.85714285714286,13.89010989010989,4.913587848339088,1264.0,7.679403541472507,3.624609451203826,106.66775908155218,85.79504908308529,192.46280816463747,20.37420886075949,170.088,48134.903999999995,5069.89010989011,372.9944451915938,0.2143029588222394,36.45036166015706,322.1176574339962,23.818275684047496
2025-12-31,SKU0076,WH05,South,Foods & Refreshment,GlowCare,SUP8,0,0,0,0,173.53846153846155,13.901098901098901,4.880926471833317,1265.0,7.679403541472507,3.624609451203826,106.75214813145847,85.81957776453767,192.57172589599614,0.0,170.088,0.0,5073.901098901099,372.9944451915938,0.2143029588222394,36.45036166015706,322.2450522016559,29.237905268490376
2025-12-31,SKU0077,WH01,North,Personal Care,GlowCare,SUP12,225,231,5,1,160.01098901098902,10.131868131868131,5.410296338585018,922.0,7.34833204034135,3.0983614826616437,74.45233122192005,56.99788200209944,131.45021322401948,22.20715835140998,101.34599999999999,22802.85,3698.131868131868,513.8933698019893,0.2012370254819593,20.394567584494645,431.7033818941937,23.111736831261588
2025-12-31,SKU0077,WH02,South,Personal Care,GlowCare,SUP12,120,123,2,1,131.1868131868132,10.23076923076923,5.103543263866179,931.0,7.34833204034135,3.0983614826616437,75.17908933579996,56.89413610237717,132.07322543817713,11.729323308270677,101.34599999999999,12161.519999999999,3734.230769230769,513.8933698019893,0.2012370254819593,20.394567584494645,433.80527716450285,28.46498575975875
2025-12-31,SKU0077,WH03,South,Personal Care,GlowCare,SUP12,0,0,0,0,112.75824175824175,10.56043956043956,5.461397442675458,961.0,7.34833204034135,3.0983614826616437,77.60161638206634,59.07771840141685,136.6793347834832,0.0,101.34599999999999,0.0,3854.5604395604396,513.8933698019893,0.2012370254819593,20.394567584494645,440.73920522087474,34.184290030211486
2025-12-31,SKU0077,WH04,North,Personal Care,GlowCare,SUP12,375,381,6,0,176.98901098901098,10.010989010989011,3.7932527978987625,911.0,7.34833204034135,3.0983614826616437,73.56407130495572,53.75473498685854,127.31880629181425,37.45883644346872,101.34599999999999,38004.74999999999,3654.010989010989,513.8933698019893,0.2012370254819593,20.394567584494645,429.1204176146827,20.645411647833107
2025-12-31,SKU0077,WH05,South,Personal Care,GlowCare,SUP12,29,30,1,0,140.3956043956044,9.835164835164836,4.833364910847966,895.0,7.34833204034135,3.0983614826616437,72.27205688028032,54.56504498066652,126.83710186094683,2.948603351955307,101.34599999999999,2939.0339999999997,3589.835164835165,513.8933698019893,0.2012370254819593,20.394567584494645,425.33537857580404,25.569427050720098
2025-12-31,SKU0078,WH01,North,Personal Care,SurfStyle,SUP14,119,121,1,1,108.14285714285714,9.032967032967033,3.478347466671652,822.0,10.797878280290341,3.4278543492868296,97.5368785318534,54.29479160096781,151.83167013282122,13.173965936739659,166.09199999999998,19764.947999999997,3297.032967032967,942.6925667250856,0.2657702683328077,44.14231540793269,375.2616028118332,30.487755309419775
2025-12-31,SKU0078,WH02,South,Personal Care,SurfStyle,SUP14,185,189,2,2,159.0989010989011,9.703296703296703,4.161982715257252,883.0,10.797878280290341,3.4278543492868296,104.77501671974034,59.15984697979221,163.93486369953254,19.065685164212912,166.09199999999998,30727.019999999997,3541.7032967032965,942.6925667250856,0.2657702683328077,44.14231540793269,388.936384022486,22.261016715015884
2025-12-31,SKU0078,WH03,South,Personal Care,SurfStyle,SUP14,353,362,9,0,141.26373626373626,8.626373626373626,4.040484986424145,785.0,10.797878280290341,3.4278543492868296,93.1465324178892,53.32091968081522,146.46745209870443,40.921019108280255,166.09199999999998,58630.475999999995,3148.6263736263736,942.6925667250856,0.2657702683328077,44.14231540793269,366.7186935734834,22.288992609879426
2025-12-31,SKU0078,WH04,North,Personal Care,SurfStyle,SUP14,398,407,5,4,126.25274725274726,8.923076923076923,3.9727705676147447,812.0,10.797878280290341,3.4278543492868296,96.35029850105228,54.706748756256346,151.05704725730862,44.603448275862064,166.09199999999998,66104.616,3256.923076923077,942.6925667250856,0.2657702683328077,44.14231540793269,372.9720048502622,25.796849160066152
2025-12-31,SKU0078,WH05,South,Personal Care,SurfStyle,SUP14,0,0,0,0,132.69230769230768,8.846153846153847,3.750327621016232,805.0,10.797878280290341,3.4278543492868296,95.51969247949148,53.84393970263353,149.363632182125,0.0,166.09199999999998,0.0,3228.8461538461543,942.6925667250856,0.2657702683328077,44.14231540793269,371.3608871461917,24.33333333333334
2025-12-31,SKU0079,WH01,North,Home Care,FreshFoods,SUP12,15,15,0,0,13.153846153846153,1.2087912087912087,1.0595227805896965,110.0,7.34833204034135,3.0983614826616437,8.88259916964339,7.76401949306752,16.64661866271091,12.40909090909091,9.636,144.54,441.2087912087912,214.6828435600708,0.3066819818159035,2.9551875767780458,253.18805925202022,33.5421888053467
2025-12-31,SKU0079,WH02,South,Home Care,FreshFoods,SUP12,12,12,0,0,16.24175824175824,1.1538461538461537,1.1824933819225367,105.0,7.34833204034135,3.0983614826616437,8.478844661932326,7.8987344826262404,16.377579144558567,10.4,9.636,115.63199999999999,421.15384615384613,214.6828435600708,0.3066819818159035,2.9551875767780458,247.36686596520917,25.930311231393777
2025-12-31,SKU0079,WH03,South,Home Care,FreshFoods,SUP12,4,4,0,0,13.659340659340659,1.1538461538461537,0.9652066781907034,105.0,7.34833204034135,3.0983614826616437,8.478844661932326,7.287691472335071,15.766536134267398,3.466666666666667,9.636,38.544,421.15384615384613,214.6828435600708,0.3066819818159035,2.9551875767780458,247.36686596520917,30.83266291230893
2025-12-31,SKU0079,WH04,North,Home Care,FreshFoods,SUP12,20,20,0,0,18.087912087912088,1.1318681318681318,1.0771236513025604,103.0,7.34833204034135,3.0983614826616437,8.317342858847901,7.5067002951933315,15.824043154041233,17.66990291262136,9.636,192.71999999999997,413.13186813186815,214.6828435600708,0.3066819818159035,2.9551875767780458,244.99966446774548,22.840218712029163
2025-12-31,SKU0079,WH05,South,Home Care,FreshFoods,SUP12,17,17,0,0,11.274725274725276,0.9230769230769231,0.8972893653265959,84.0,7.34833204034135,3.0983614826616437,6.783075729545862,6.176114768385621,12.959190497931484,18.416666666666664,9.636,163.81199999999998,336.92307692307696,214.6828435600708,0.3066819818159035,2.9551875767780458,221.25165107171475,29.883040935672515
2025-12-31,SKU0080,WH01,North,Personal Care,FreshFoods,SUP13,171,175,4,0,190.5054945054945,14.538461538461538,5.051529344460816,1323.0,6.539584503088153,2.383753448119716,95.07549777566622,60.841044783929874,155.9165425595961,11.761904761904763,28.266,4833.486,5306.538461538462,1027.1734245206865,0.2871020135779877,8.1152255157954,1159.0235136371066,27.85504153207199
2025-12-31,SKU0080,WH02,South,Personal Care,FreshFoods,SUP13,105,107,2,0,166.63736263736263,14.241758241758241,6.288155813981037,1296.0,6.539584503088153,2.383753448119716,93.13518149453017,61.79389105343807,154.92907254796825,7.372685185185186,28.266,2967.93,5198.241758241758,1027.1734245206865,0.2871020135779877,8.1152255157954,1147.1357787351244,31.19493537325244
2025-12-31,SKU0080,WH03,South,Personal Care,FreshFoods,SUP13,34,34,0,0,171.4945054945055,14.362637362637363,4.651204105788052,1307.0,6.539584503088153,2.383753448119716,93.9256807201782,59.62181354079926,153.54749426097746,2.3672532517214995,28.266,961.044,5242.3626373626375,1027.1734245206865,0.2871020135779877,8.1152255157954,1151.9937383199904,30.568691528899144
2025-12-31,SKU0080,WH04,North,Personal Care,FreshFoods,SUP13,197,199,2,0,193.57142857142858,15.10989010989011,6.2404603630938595,1375.0,6.539584503088153,2.383753448119716,98.81240320600232,64.8052301029133,163.61763330891563,13.037818181818182,28.266,5568.402,5515.10989010989,1027.1734245206865,0.2871020135779877,8.1152255157954,1181.5814759373245,28.49134260573375
2025-12-31,SKU0080,WH05,South,Personal Care,FreshFoods,SUP13,143,147,3,1,154.76923076923077,14.285714285714286,5.469685577568451,1300.0,6.539584503088153,2.383753448119716,93.4226357584022,60.55961638167913,153.98225214008133,10.01,28.266,4042.0379999999996,5214.285714285715,1027.1734245206865,0.2871020135779877,8.1152255157954,1148.904686152446,33.690712865663166
